Date,Day,Meal_Time,Food_Item,Category,Students_Count,Quantity_Prepared,Quantity_Sold,Food_Waste,Price,Weather,Special_Event,Rating
2025-11-24,Monday,Breakfast,Veg Sandwich,Snacks,529,144,115,29,40,Cloudy,Yes,3.2
2025-10-07,Tuesday,Breakfast,Idli,Breakfast,366,112,53,59,35,Sunny,Yes,4.0
2025-01-14,Tuesday,Evening,Masala Dosa,Meals,516,142,108,34,60,Rainy,No,3.6
2025-01-04,Saturday,Breakfast,Tea,Drinks,324,107,56,51,15,Cloudy,Yes,3.7
2025-02-17,Monday,Lunch,Samosa,Snacks,333,132,93,39,20,Cloudy,No,3.9
2025-03-05,Wednesday,Lunch,Samosa,Snacks,432,149,124,25,20,Cloudy,No,3.1
2025-12-05,Friday,Breakfast,Veg Thali,Meals,190,86,26,60,90,Sunny,Yes,4.3
2025-07-06,Sunday,Breakfast,Pav Bhaji,Meals,331,121,73,48,70,Sunny,No,4.3
2025-11-08,Saturday,Evening,Vada Pav,Snacks,423,123,73,50,25,Rainy,Yes,3.5
2025-11-24,Monday,Evening,Cold Drink,Drinks,262,109,58,51,30,Rainy,No,3.1
2025-01-17,Friday,Lunch,Tea,Drinks,287,123,76,47,15,Sunny,Yes,4.8
2025-06-11,Wednesday,Breakfast,Coffee,Drinks,352,110,50,60,25,Rainy,No,3.5
2025-10-15,Wednesday,Evening,Veg Thali,Meals,532,172,169,3,90,Rainy,No,3.7
2025-03-12,Wednesday,Evening,Coffee,Drinks,196,84,19,65,25,Sunny,Yes,4.6
2025-08-05,Tuesday,Evening,Samosa,Snacks,347,120,70,50,20,Cloudy,No,4.7
2025-01-06,Monday,Evening,Samosa,Snacks,499,159,139,20,20,Rainy,No,3.2
2025-08-11,Monday,Breakfast,Coffee,Drinks,151,85,31,54,25,Rainy,No,3.4
2025-02-24,Monday,Evening,Veg Thali,Meals,580,150,128,22,90,Rainy,Yes,3.3
2025-09-29,Monday,Breakfast,Idli,Breakfast,315,103,44,59,35,Cloudy,Yes,4.8
2025-06-07,Saturday,Breakfast,Veg Sandwich,Snacks,273,96,37,59,40,Rainy,Yes,4.6
2025-09-30,Tuesday,Breakfast,Vada Pav,Snacks,487,138,106,32,25,Cloudy,Yes,4.2
2025-04-19,Saturday,Evening,Masala Dosa,Meals,515,172,172,0,60,Cloudy,No,3.7
2025-09-22,Monday,Lunch,Samosa,Snacks,276,108,54,54,20,Sunny,Yes,4.1
2025-10-29,Wednesday,Breakfast,Veg Sandwich,Snacks,186,83,17,66,40,Rainy,Yes,4.7
2025-02-06,Thursday,Evening,Masala Dosa,Meals,292,102,39,63,60,Rainy,No,4.4
2025-10-20,Monday,Evening,Coffee,Drinks,274,98,33,65,25,Cloudy,No,4.3
2025-07-01,Tuesday,Lunch,Tea,Drinks,389,142,110,32,15,Rainy,Yes,3.2
2025-07-26,Saturday,Evening,Pav Bhaji,Meals,559,148,120,28,70,Sunny,Yes,3.9
2025-08-05,Tuesday,Breakfast,Veg Thali,Meals,386,125,83,42,90,Sunny,Yes,4.7
2025-02-20,Thursday,Breakfast,Cold Drink,Drinks,578,184,184,0,30,Sunny,Yes,3.5
2025-07-28,Monday,Lunch,Coffee,Drinks,259,101,36,65,25,Cloudy,Yes,5.0
2025-05-16,Friday,Lunch,Veg Thali,Meals,366,122,70,52,90,Rainy,No,3.4
2025-01-30,Thursday,Evening,Cold Drink,Drinks,181,80,23,57,30,Rainy,No,4.0
2025-09-29,Monday,Breakfast,Veg Sandwich,Snacks,410,118,60,58,40,Sunny,Yes,4.4
2025-05-01,Thursday,Lunch,Samosa,Snacks,441,153,127,26,20,Sunny,Yes,4.3
2025-10-17,Friday,Evening,Pav Bhaji,Meals,283,101,42,59,70,Sunny,No,3.3
2025-11-27,Thursday,Lunch,Coffee,Drinks,311,119,69,50,25,Sunny,Yes,5.0
2025-02-07,Friday,Evening,Masala Dosa,Meals,409,145,106,39,60,Cloudy,Yes,4.8
2025-07-09,Wednesday,Lunch,Vada Pav,Snacks,374,137,102,35,25,Rainy,No,4.3
2025-01-05,Sunday,Evening,Cold Drink,Drinks,303,120,64,56,30,Rainy,Yes,3.5
2025-02-24,Monday,Evening,Cold Drink,Drinks,229,97,42,55,30,Cloudy,No,3.7
2025-12-18,Thursday,Evening,Veg Thali,Meals,408,144,116,28,90,Cloudy,No,3.1
2025-11-21,Friday,Lunch,Veg Thali,Meals,172,92,36,56,90,Sunny,No,5.0
2025-03-24,Monday,Evening,Coffee,Drinks,432,138,93,45,25,Rainy,No,3.2
2025-12-20,Saturday,Breakfast,Cold Drink,Drinks,168,82,16,66,30,Cloudy,Yes,3.6
2025-01-21,Tuesday,Lunch,Masala Dosa,Meals,499,156,136,20,60,Sunny,Yes,4.8
2025-07-28,Monday,Evening,Vada Pav,Snacks,271,111,50,61,25,Sunny,Yes,3.4
2025-06-20,Friday,Lunch,Masala Dosa,Meals,286,111,49,62,60,Sunny,Yes,4.7
2025-04-24,Thursday,Breakfast,Coffee,Drinks,329,108,55,53,25,Cloudy,Yes,3.4
2025-06-18,Wednesday,Lunch,Samosa,Snacks,545,178,175,3,20,Cloudy,No,4.4
2025-10-02,Thursday,Lunch,Veg Sandwich,Snacks,209,98,36,62,40,Cloudy,Yes,3.1
2025-11-02,Sunday,Lunch,Pav Bhaji,Meals,523,171,169,2,70,Cloudy,No,3.2
2025-10-23,Thursday,Breakfast,Veg Thali,Meals,172,77,24,53,90,Rainy,No,4.1
2025-12-10,Wednesday,Breakfast,Pav Bhaji,Meals,370,127,83,44,70,Sunny,No,4.7
2025-06-03,Tuesday,Evening,Veg Thali,Meals,491,144,107,37,90,Cloudy,No,4.1
2025-04-09,Wednesday,Lunch,Tea,Drinks,496,165,151,14,15,Rainy,Yes,3.8
2025-01-01,Wednesday,Lunch,Veg Thali,Meals,257,107,50,57,90,Cloudy,No,4.4
2025-09-19,Friday,Lunch,Vada Pav,Snacks,487,160,145,15,25,Sunny,No,4.2
2025-02-17,Monday,Breakfast,Veg Thali,Meals,265,93,30,63,90,Sunny,Yes,5.0
2025-11-09,Sunday,Breakfast,Coffee,Drinks,362,128,81,47,25,Rainy,Yes,4.0
2025-05-05,Monday,Breakfast,Veg Sandwich,Snacks,534,145,117,28,40,Sunny,No,4.9
2025-09-23,Tuesday,Lunch,Veg Sandwich,Snacks,435,146,119,27,40,Sunny,Yes,3.9
2025-09-29,Monday,Evening,Idli,Breakfast,312,120,70,50,35,Cloudy,No,3.9
2025-03-23,Sunday,Evening,Coffee,Drinks,380,135,91,44,25,Cloudy,Yes,4.5
2025-09-24,Wednesday,Lunch,Masala Dosa,Meals,290,119,64,55,60,Cloudy,Yes,3.5
2025-06-13,Friday,Evening,Samosa,Snacks,220,92,27,65,20,Sunny,Yes,4.4
2025-02-02,Sunday,Lunch,Tea,Drinks,319,119,64,55,15,Rainy,No,4.7
2025-07-19,Saturday,Evening,Veg Sandwich,Snacks,588,166,154,12,40,Rainy,No,3.6
2025-07-19,Saturday,Lunch,Cold Drink,Drinks,532,169,160,9,30,Rainy,Yes,3.9
2025-01-15,Wednesday,Lunch,Pav Bhaji,Meals,492,168,167,1,70,Rainy,No,3.9
2025-03-07,Friday,Evening,Cold Drink,Drinks,163,77,17,60,30,Cloudy,Yes,3.3
2025-08-25,Monday,Breakfast,Veg Sandwich,Snacks,283,100,40,60,40,Cloudy,No,3.7
2025-07-14,Monday,Lunch,Tea,Drinks,279,102,46,56,15,Sunny,No,3.1
2025-06-29,Sunday,Breakfast,Samosa,Snacks,549,170,161,9,20,Rainy,Yes,3.4
2025-01-11,Saturday,Evening,Vada Pav,Snacks,272,107,53,54,25,Sunny,No,4.9
2025-08-27,Wednesday,Evening,Veg Thali,Meals,542,162,152,10,90,Cloudy,Yes,4.4
2025-03-25,Tuesday,Lunch,Samosa,Snacks,446,152,126,26,20,Sunny,No,3.8
2025-04-12,Saturday,Breakfast,Idli,Breakfast,503,135,99,36,35,Rainy,Yes,3.6
2025-12-17,Wednesday,Evening,Samosa,Snacks,557,155,131,24,20,Rainy,Yes,4.3
2025-02-05,Wednesday,Evening,Pav Bhaji,Meals,156,76,16,60,70,Cloudy,No,4.3
2025-08-24,Sunday,Evening,Vada Pav,Snacks,372,127,81,46,25,Sunny,No,4.5
2025-08-27,Wednesday,Lunch,Idli,Breakfast,287,121,65,56,35,Cloudy,Yes,3.6
2025-08-19,Tuesday,Breakfast,Coffee,Drinks,441,132,89,43,25,Rainy,No,4.7
2025-04-04,Friday,Lunch,Masala Dosa,Meals,331,119,69,50,60,Cloudy,No,4.4
2025-05-22,Thursday,Evening,Veg Sandwich,Snacks,414,124,75,49,40,Sunny,Yes,4.0
2025-05-04,Sunday,Evening,Coffee,Drinks,480,144,103,41,25,Rainy,No,3.2
2025-04-24,Thursday,Lunch,Masala Dosa,Meals,306,118,67,51,60,Rainy,No,3.7
2025-10-09,Thursday,Lunch,Pav Bhaji,Meals,509,157,132,25,70,Cloudy,No,3.2
2025-04-09,Wednesday,Lunch,Samosa,Snacks,530,156,139,17,20,Rainy,Yes,4.0
2025-10-29,Wednesday,Evening,Idli,Breakfast,294,104,45,59,35,Sunny,Yes,3.4
2025-01-08,Wednesday,Evening,Cold Drink,Drinks,214,100,43,57,30,Cloudy,Yes,3.6
2025-03-06,Thursday,Evening,Coffee,Drinks,202,89,30,59,25,Sunny,No,3.7
2025-01-27,Monday,Lunch,Coffee,Drinks,208,96,39,57,25,Sunny,No,4.3
2025-01-28,Tuesday,Breakfast,Vada Pav,Snacks,565,145,108,37,25,Rainy,No,3.2
2025-08-02,Saturday,Evening,Idli,Breakfast,554,172,169,3,35,Rainy,Yes,3.9
2025-08-15,Friday,Lunch,Idli,Breakfast,369,136,99,37,35,Cloudy,Yes,3.2
2025-04-17,Thursday,Evening,Masala Dosa,Meals,285,99,36,63,60,Rainy,Yes,4.1
2025-03-22,Saturday,Breakfast,Tea,Drinks,380,120,65,55,15,Rainy,No,3.6
2025-05-25,Sunday,Evening,Coffee,Drinks,186,93,39,54,25,Rainy,Yes,4.6
2025-10-29,Wednesday,Evening,Masala Dosa,Meals,367,127,77,50,60,Sunny,Yes,4.7
2025-02-06,Thursday,Breakfast,Vada Pav,Snacks,555,158,139,19,25,Cloudy,No,4.4
2025-12-25,Thursday,Lunch,Veg Thali,Meals,406,139,103,36,90,Rainy,No,3.1
2025-08-10,Sunday,Evening,Pav Bhaji,Meals,459,127,83,44,70,Cloudy,Yes,4.7
2025-10-22,Wednesday,Evening,Veg Sandwich,Snacks,541,161,150,11,40,Rainy,No,4.5
2025-08-29,Friday,Evening,Coffee,Drinks,292,111,56,55,25,Sunny,No,4.9
2025-08-29,Friday,Lunch,Tea,Drinks,320,130,83,47,15,Cloudy,Yes,3.8
2025-09-11,Thursday,Lunch,Tea,Drinks,566,175,171,4,15,Rainy,Yes,3.5
2025-03-01,Saturday,Lunch,Cold Drink,Drinks,572,174,168,6,30,Sunny,No,4.0
2025-11-15,Saturday,Lunch,Coffee,Drinks,539,161,141,20,25,Sunny,Yes,4.9
2025-08-13,Wednesday,Evening,Coffee,Drinks,212,95,33,62,25,Sunny,Yes,4.1
2025-10-10,Friday,Lunch,Samosa,Snacks,265,118,69,49,20,Sunny,No,4.7
2025-09-13,Saturday,Evening,Veg Thali,Meals,410,129,83,46,90,Rainy,No,5.0
2025-05-05,Monday,Lunch,Cold Drink,Drinks,224,107,52,55,30,Cloudy,Yes,4.5
2025-03-11,Tuesday,Breakfast,Veg Thali,Meals,545,176,175,1,90,Cloudy,No,3.5
2025-01-02,Thursday,Lunch,Veg Thali,Meals,578,195,193,2,90,Rainy,No,4.1
2025-06-26,Thursday,Lunch,Cold Drink,Drinks,540,169,161,8,30,Rainy,No,4.7
2025-12-24,Wednesday,Breakfast,Idli,Breakfast,346,107,55,52,35,Sunny,No,3.9
2025-07-15,Tuesday,Lunch,Vada Pav,Snacks,403,140,105,35,25,Sunny,Yes,3.7
2025-02-21,Friday,Lunch,Samosa,Snacks,419,151,123,28,20,Cloudy,Yes,4.7
2025-03-21,Friday,Breakfast,Coffee,Drinks,550,165,152,13,25,Cloudy,No,4.3
2025-06-18,Wednesday,Evening,Cold Drink,Drinks,344,128,75,53,30,Cloudy,No,4.2
2025-05-01,Thursday,Evening,Veg Thali,Meals,266,101,37,64,90,Rainy,Yes,4.5
2025-12-27,Saturday,Breakfast,Coffee,Drinks,235,104,40,64,25,Rainy,No,3.6
2025-01-29,Wednesday,Lunch,Pav Bhaji,Meals,341,120,68,52,70,Cloudy,Yes,4.1
2025-04-03,Thursday,Breakfast,Vada Pav,Snacks,190,89,26,63,25,Rainy,No,4.0
2025-10-26,Sunday,Breakfast,Masala Dosa,Meals,386,126,81,45,60,Rainy,No,3.0
2025-08-27,Wednesday,Lunch,Cold Drink,Drinks,230,109,55,54,30,Sunny,No,3.6
2025-08-06,Wednesday,Evening,Veg Thali,Meals,383,140,109,31,90,Cloudy,Yes,4.0
2025-05-02,Friday,Lunch,Idli,Breakfast,333,137,94,43,35,Rainy,No,3.0
2025-12-04,Thursday,Lunch,Veg Thali,Meals,154,89,34,55,90,Rainy,Yes,4.0
2025-05-27,Tuesday,Breakfast,Idli,Breakfast,560,167,161,6,35,Cloudy,Yes,3.5
2025-12-04,Thursday,Evening,Vada Pav,Snacks,471,137,97,40,25,Sunny,Yes,3.1
2025-07-06,Sunday,Evening,Vada Pav,Snacks,196,92,28,64,25,Cloudy,No,3.4
2025-10-04,Saturday,Lunch,Cold Drink,Drinks,406,133,97,36,30,Cloudy,Yes,4.9
2025-06-01,Sunday,Evening,Pav Bhaji,Meals,561,181,174,7,70,Sunny,No,4.5
2025-04-26,Saturday,Evening,Tea,Drinks,583,148,117,31,15,Rainy,No,3.0
2025-10-02,Thursday,Breakfast,Coffee,Drinks,338,119,74,45,25,Rainy,No,4.3
2025-07-10,Thursday,Breakfast,Masala Dosa,Meals,391,140,99,41,60,Sunny,No,4.3
2025-11-22,Saturday,Lunch,Veg Thali,Meals,482,145,105,40,90,Cloudy,Yes,3.6
2025-09-10,Wednesday,Breakfast,Samosa,Snacks,270,101,41,60,20,Rainy,Yes,4.3
2025-12-23,Tuesday,Evening,Tea,Drinks,450,153,131,22,15,Rainy,Yes,3.2
2025-09-08,Monday,Evening,Tea,Drinks,293,102,44,58,15,Sunny,No,4.9
2025-07-05,Saturday,Breakfast,Pav Bhaji,Meals,428,121,68,53,70,Rainy,No,3.4
2025-03-04,Tuesday,Lunch,Samosa,Snacks,489,143,107,36,20,Sunny,Yes,3.5
2025-03-06,Thursday,Evening,Masala Dosa,Meals,185,88,34,54,60,Rainy,Yes,4.7
2025-06-18,Wednesday,Breakfast,Idli,Breakfast,151,85,27,58,35,Cloudy,Yes,3.5
2025-03-31,Monday,Breakfast,Veg Sandwich,Snacks,217,98,35,63,40,Sunny,No,4.2
2025-01-09,Thursday,Breakfast,Veg Thali,Meals,176,85,30,55,90,Sunny,No,3.1
2025-08-18,Monday,Lunch,Cold Drink,Drinks,453,152,128,24,30,Sunny,No,3.1
2025-12-04,Thursday,Evening,Veg Thali,Meals,384,114,60,54,90,Rainy,Yes,4.7
2025-08-07,Thursday,Evening,Samosa,Snacks,401,117,59,58,20,Rainy,No,3.6
2025-03-17,Monday,Breakfast,Vada Pav,Snacks,290,105,50,55,25,Rainy,No,4.1
2025-08-21,Thursday,Evening,Idli,Breakfast,370,133,94,39,35,Sunny,Yes,4.8
2025-10-10,Friday,Evening,Masala Dosa,Meals,370,121,77,44,60,Cloudy,Yes,3.9
2025-08-01,Friday,Evening,Samosa,Snacks,310,115,60,55,20,Cloudy,No,4.9
2025-12-18,Thursday,Lunch,Samosa,Snacks,196,93,38,55,20,Sunny,Yes,4.5
2025-03-08,Saturday,Evening,Veg Sandwich,Snacks,450,145,112,33,40,Rainy,No,3.7
2025-12-07,Sunday,Lunch,Veg Sandwich,Snacks,297,113,61,52,40,Rainy,No,4.0
2025-03-21,Friday,Evening,Coffee,Drinks,264,109,52,57,25,Sunny,No,3.2
2025-05-23,Friday,Evening,Masala Dosa,Meals,563,167,161,6,60,Cloudy,Yes,4.7
2025-05-17,Saturday,Breakfast,Vada Pav,Snacks,289,116,62,54,25,Rainy,No,3.0
2025-03-15,Saturday,Evening,Tea,Drinks,185,81,23,58,15,Sunny,Yes,3.4
2025-08-03,Sunday,Lunch,Pav Bhaji,Meals,230,105,53,52,70,Cloudy,No,4.9
2025-11-02,Sunday,Breakfast,Veg Sandwich,Snacks,229,98,37,61,40,Sunny,Yes,3.9
2025-08-06,Wednesday,Lunch,Idli,Breakfast,376,126,80,46,35,Cloudy,No,3.2
2025-08-09,Saturday,Breakfast,Veg Thali,Meals,497,150,119,31,90,Rainy,No,3.1
2025-07-22,Tuesday,Evening,Veg Sandwich,Snacks,153,85,31,54,40,Sunny,No,3.3
2025-05-11,Sunday,Lunch,Pav Bhaji,Meals,211,101,38,63,70,Sunny,No,3.3
2025-09-30,Tuesday,Evening,Masala Dosa,Meals,406,118,72,46,60,Rainy,No,4.5
2025-08-12,Tuesday,Breakfast,Coffee,Drinks,189,88,33,55,25,Cloudy,No,4.3
2025-05-29,Thursday,Breakfast,Tea,Drinks,160,85,28,57,15,Cloudy,Yes,3.9
2025-12-20,Saturday,Lunch,Samosa,Snacks,373,132,87,45,20,Sunny,Yes,4.0
2025-07-22,Tuesday,Lunch,Pav Bhaji,Meals,263,100,45,55,70,Cloudy,Yes,3.2
2025-09-19,Friday,Breakfast,Pav Bhaji,Meals,329,109,48,61,70,Rainy,Yes,3.5
2025-03-30,Sunday,Evening,Vada Pav,Snacks,539,144,116,28,25,Rainy,Yes,4.3
2025-08-26,Tuesday,Evening,Idli,Breakfast,379,136,98,38,35,Rainy,No,3.6
2025-08-14,Thursday,Breakfast,Coffee,Drinks,376,133,92,41,25,Rainy,No,3.1
2025-09-17,Wednesday,Breakfast,Veg Thali,Meals,386,114,66,48,90,Cloudy,Yes,3.6
2025-11-27,Thursday,Breakfast,Idli,Breakfast,454,139,102,37,35,Rainy,No,4.9
2025-01-22,Wednesday,Lunch,Idli,Breakfast,483,162,148,14,35,Sunny,No,3.3
2025-02-01,Saturday,Lunch,Samosa,Snacks,565,177,170,7,20,Cloudy,Yes,3.1
2025-12-29,Monday,Lunch,Coffee,Drinks,418,139,98,41,25,Rainy,Yes,3.8
2025-06-23,Monday,Evening,Idli,Breakfast,176,79,14,65,35,Rainy,No,4.1
2025-07-17,Thursday,Lunch,Veg Thali,Meals,520,160,145,15,90,Rainy,Yes,4.3
2025-06-29,Sunday,Lunch,Tea,Drinks,216,95,35,60,15,Rainy,Yes,4.3
2025-06-18,Wednesday,Breakfast,Cold Drink,Drinks,197,89,23,66,30,Rainy,No,3.7
2025-04-03,Thursday,Breakfast,Pav Bhaji,Meals,542,147,111,36,70,Cloudy,Yes,3.3
2025-06-01,Sunday,Breakfast,Cold Drink,Drinks,544,165,159,6,30,Rainy,Yes,4.2
2025-11-02,Sunday,Lunch,Vada Pav,Snacks,233,106,42,64,25,Sunny,Yes,3.8
2025-12-13,Saturday,Evening,Masala Dosa,Meals,377,132,94,38,60,Rainy,No,3.9
2025-10-01,Wednesday,Breakfast,Veg Thali,Meals,564,157,138,19,90,Cloudy,Yes,5.0
2025-08-25,Monday,Lunch,Tea,Drinks,407,155,139,16,15,Rainy,No,3.4
2025-11-06,Thursday,Breakfast,Veg Thali,Meals,176,90,31,59,90,Rainy,No,4.9
2025-12-31,Wednesday,Evening,Samosa,Snacks,295,103,47,56,20,Sunny,Yes,3.3
2025-08-12,Tuesday,Breakfast,Masala Dosa,Meals,568,181,178,3,60,Cloudy,No,3.1
2025-09-15,Monday,Lunch,Masala Dosa,Meals,347,120,68,52,60,Sunny,No,4.9
2025-11-29,Saturday,Lunch,Vada Pav,Snacks,220,106,49,57,25,Sunny,No,4.4
2025-03-13,Thursday,Evening,Coffee,Drinks,379,137,90,47,25,Rainy,Yes,3.5
2025-03-18,Tuesday,Evening,Idli,Breakfast,420,142,103,39,35,Cloudy,Yes,3.6
2025-01-25,Saturday,Breakfast,Tea,Drinks,477,129,90,39,15,Rainy,No,4.8
2025-11-02,Sunday,Evening,Veg Sandwich,Snacks,473,152,123,29,40,Rainy,Yes,3.9
2025-11-11,Tuesday,Lunch,Masala Dosa,Meals,442,154,125,29,60,Cloudy,Yes,4.0
2025-07-04,Friday,Breakfast,Cold Drink,Drinks,428,132,88,44,30,Rainy,Yes,3.1
2025-07-18,Friday,Lunch,Veg Thali,Meals,532,181,177,4,90,Sunny,No,3.5
2025-12-03,Wednesday,Evening,Samosa,Snacks,545,144,108,36,20,Rainy,No,4.1
2025-11-26,Wednesday,Breakfast,Coffee,Drinks,506,163,143,20,25,Cloudy,Yes,4.4
2025-08-23,Saturday,Breakfast,Veg Thali,Meals,253,107,49,58,90,Sunny,Yes,4.9
2025-09-21,Sunday,Lunch,Cold Drink,Drinks,392,145,108,37,30,Cloudy,Yes,3.6
2025-01-25,Saturday,Evening,Pav Bhaji,Meals,289,106,48,58,70,Sunny,No,4.5
2025-07-17,Thursday,Lunch,Vada Pav,Snacks,404,136,101,35,25,Rainy,No,4.0
2025-02-12,Wednesday,Evening,Tea,Drinks,190,88,27,61,15,Cloudy,Yes,3.2
2025-06-17,Tuesday,Evening,Veg Thali,Meals,306,103,46,57,90,Cloudy,No,3.7
2025-01-22,Wednesday,Evening,Pav Bhaji,Meals,464,147,121,26,70,Cloudy,No,4.9
2025-02-08,Saturday,Evening,Tea,Drinks,336,128,77,51,15,Rainy,Yes,4.7
2025-12-14,Sunday,Lunch,Veg Sandwich,Snacks,214,102,42,60,40,Sunny,Yes,3.7
2025-10-18,Saturday,Breakfast,Idli,Breakfast,228,103,43,60,35,Rainy,No,3.9
2025-02-09,Sunday,Evening,Vada Pav,Snacks,421,128,79,49,25,Cloudy,No,3.5
2025-02-28,Friday,Breakfast,Vada Pav,Snacks,405,143,103,40,25,Rainy,No,3.5
2025-05-14,Wednesday,Evening,Coffee,Drinks,259,105,48,57,25,Rainy,No,3.4
2025-03-11,Tuesday,Breakfast,Coffee,Drinks,238,106,54,52,25,Rainy,No,4.4
2025-06-13,Friday,Evening,Pav Bhaji,Meals,513,167,165,2,70,Sunny,No,3.3
2025-12-30,Tuesday,Evening,Vada Pav,Snacks,556,145,108,37,25,Cloudy,Yes,4.6
2025-05-02,Friday,Lunch,Veg Sandwich,Snacks,334,124,76,48,40,Rainy,No,3.3
2025-02-14,Friday,Breakfast,Veg Thali,Meals,353,121,75,46,90,Rainy,No,3.8
2025-10-22,Wednesday,Breakfast,Vada Pav,Snacks,312,111,59,52,25,Rainy,Yes,4.0
2025-03-07,Friday,Evening,Idli,Breakfast,243,98,46,52,35,Sunny,No,3.1
2025-03-05,Wednesday,Evening,Vada Pav,Snacks,305,106,54,52,25,Sunny,Yes,3.5
2025-09-23,Tuesday,Lunch,Samosa,Snacks,278,104,44,60,20,Sunny,No,4.2
2025-02-17,Monday,Evening,Vada Pav,Snacks,453,129,85,44,25,Rainy,Yes,4.4
2025-11-06,Thursday,Lunch,Idli,Breakfast,171,82,26,56,35,Sunny,Yes,4.5
2025-05-16,Friday,Evening,Masala Dosa,Meals,542,163,142,21,60,Rainy,No,4.0
2025-11-18,Tuesday,Evening,Veg Thali,Meals,478,136,101,35,90,Cloudy,No,4.4
2025-06-02,Monday,Lunch,Samosa,Snacks,502,160,143,17,20,Sunny,Yes,3.9
2025-06-24,Tuesday,Evening,Vada Pav,Snacks,310,117,71,46,25,Rainy,No,3.7
2025-07-24,Thursday,Breakfast,Pav Bhaji,Meals,413,126,79,47,70,Rainy,Yes,3.2
2025-08-19,Tuesday,Breakfast,Vada Pav,Snacks,199,96,43,53,25,Sunny,No,4.2
2025-05-08,Thursday,Breakfast,Pav Bhaji,Meals,445,128,77,51,70,Rainy,No,4.0
2025-09-21,Sunday,Lunch,Coffee,Drinks,600,163,149,14,25,Cloudy,No,4.0
2025-05-04,Sunday,Breakfast,Idli,Breakfast,330,110,57,53,35,Sunny,Yes,4.8
2025-12-01,Monday,Evening,Coffee,Drinks,296,116,63,53,25,Rainy,Yes,3.3
2025-05-16,Friday,Evening,Pav Bhaji,Meals,541,139,94,45,70,Cloudy,No,4.1
2025-04-10,Thursday,Lunch,Cold Drink,Drinks,297,116,69,47,30,Sunny,No,4.1
2025-11-16,Sunday,Evening,Idli,Breakfast,210,90,36,54,35,Sunny,Yes,5.0
2025-10-13,Monday,Lunch,Vada Pav,Snacks,251,106,42,64,25,Rainy,No,3.1
2025-06-20,Friday,Lunch,Cold Drink,Drinks,383,131,89,42,30,Sunny,Yes,3.6
2025-07-21,Monday,Evening,Veg Thali,Meals,453,147,113,34,90,Cloudy,No,3.9
2025-01-09,Thursday,Lunch,Pav Bhaji,Meals,494,164,156,8,70,Sunny,No,4.8
2025-12-19,Friday,Evening,Veg Sandwich,Snacks,455,156,140,16,40,Cloudy,No,4.9
2025-10-24,Friday,Evening,Masala Dosa,Meals,519,140,106,34,60,Sunny,No,4.4
2025-07-14,Monday,Breakfast,Masala Dosa,Meals,166,79,20,59,60,Rainy,Yes,3.6
2025-03-19,Wednesday,Lunch,Masala Dosa,Meals,360,141,108,33,60,Rainy,No,4.5
2025-12-28,Sunday,Breakfast,Cold Drink,Drinks,256,110,55,55,30,Rainy,No,4.1
2025-06-10,Tuesday,Breakfast,Coffee,Drinks,422,139,108,31,25,Cloudy,No,4.4
2025-11-26,Wednesday,Evening,Veg Thali,Meals,462,158,135,23,90,Cloudy,Yes,4.1
2025-04-26,Saturday,Lunch,Veg Thali,Meals,510,157,135,22,90,Sunny,No,4.1
2025-05-21,Wednesday,Lunch,Samosa,Snacks,443,162,147,15,20,Rainy,No,4.6
2025-03-16,Sunday,Lunch,Veg Sandwich,Snacks,297,113,59,54,40,Rainy,Yes,4.3
2025-09-03,Wednesday,Breakfast,Masala Dosa,Meals,573,183,183,0,60,Rainy,No,3.5
2025-02-25,Tuesday,Evening,Idli,Breakfast,272,107,52,55,35,Sunny,Yes,3.5
2025-04-30,Wednesday,Breakfast,Samosa,Snacks,361,111,61,50,20,Cloudy,No,3.3
2025-10-09,Thursday,Breakfast,Tea,Drinks,484,152,131,21,15,Cloudy,No,4.9
2025-06-14,Saturday,Lunch,Veg Sandwich,Snacks,543,173,173,0,40,Sunny,Yes,4.7
2025-01-20,Monday,Breakfast,Tea,Drinks,578,187,184,3,15,Sunny,Yes,4.6
2025-04-06,Sunday,Evening,Veg Thali,Meals,598,160,145,15,90,Sunny,Yes,3.2
2025-06-21,Saturday,Lunch,Coffee,Drinks,478,171,163,8,25,Rainy,No,4.7
2025-08-28,Thursday,Lunch,Masala Dosa,Meals,564,162,147,15,60,Sunny,No,4.3
2025-04-06,Sunday,Breakfast,Pav Bhaji,Meals,554,147,122,25,70,Cloudy,Yes,4.3
2025-07-27,Sunday,Lunch,Cold Drink,Drinks,317,125,72,53,30,Sunny,No,5.0
2025-09-02,Tuesday,Lunch,Masala Dosa,Meals,153,81,27,54,60,Cloudy,No,3.5
2025-06-18,Wednesday,Lunch,Idli,Breakfast,520,157,135,22,35,Rainy,Yes,4.4
2025-02-01,Saturday,Evening,Samosa,Snacks,388,124,77,47,20,Cloudy,Yes,4.8
2025-12-27,Saturday,Lunch,Samosa,Snacks,477,161,141,20,20,Cloudy,No,4.9
2025-09-02,Tuesday,Breakfast,Coffee,Drinks,532,153,129,24,25,Rainy,No,4.8
2025-10-03,Friday,Evening,Masala Dosa,Meals,540,159,141,18,60,Sunny,Yes,4.4
2025-02-09,Sunday,Evening,Samosa,Snacks,181,87,22,65,20,Rainy,Yes,3.3
2025-09-24,Wednesday,Lunch,Samosa,Snacks,498,146,116,30,20,Sunny,No,3.9
2025-01-29,Wednesday,Lunch,Vada Pav,Snacks,412,144,112,32,25,Cloudy,No,3.9
2025-06-07,Saturday,Evening,Veg Sandwich,Snacks,352,126,81,45,40,Cloudy,Yes,3.1
2025-08-05,Tuesday,Lunch,Samosa,Snacks,427,161,145,16,20,Sunny,Yes,3.1
2025-07-29,Tuesday,Breakfast,Vada Pav,Snacks,542,153,127,26,25,Rainy,No,3.9
2025-07-13,Sunday,Lunch,Samosa,Snacks,499,168,158,10,20,Rainy,Yes,3.2
2025-10-03,Friday,Lunch,Cold Drink,Drinks,215,103,51,52,30,Rainy,Yes,3.0
2025-06-02,Monday,Lunch,Cold Drink,Drinks,367,141,101,40,30,Rainy,No,3.9
2025-03-21,Friday,Lunch,Masala Dosa,Meals,598,163,153,10,60,Rainy,Yes,3.8
2025-01-09,Thursday,Breakfast,Masala Dosa,Meals,184,86,29,57,60,Sunny,Yes,4.4
2025-01-25,Saturday,Breakfast,Veg Sandwich,Snacks,355,122,77,45,40,Cloudy,Yes,4.7
2025-01-29,Wednesday,Breakfast,Cold Drink,Drinks,298,111,61,50,30,Sunny,No,4.3
2025-06-14,Saturday,Breakfast,Veg Thali,Meals,598,165,151,14,90,Sunny,Yes,3.1
2025-10-30,Thursday,Evening,Vada Pav,Snacks,470,145,106,39,25,Rainy,No,4.9
2025-11-26,Wednesday,Evening,Tea,Drinks,552,168,160,8,15,Rainy,No,3.3
2025-07-12,Saturday,Breakfast,Cold Drink,Drinks,392,122,76,46,30,Sunny,Yes,3.3
2025-08-26,Tuesday,Breakfast,Cold Drink,Drinks,361,119,64,55,30,Cloudy,Yes,3.4
2025-11-28,Friday,Breakfast,Coffee,Drinks,583,168,166,2,25,Cloudy,Yes,3.4
2025-05-18,Sunday,Lunch,Idli,Breakfast,458,142,111,31,35,Sunny,Yes,4.2
2025-12-10,Wednesday,Evening,Masala Dosa,Meals,395,123,66,57,60,Sunny,No,3.4
2025-04-08,Tuesday,Evening,Samosa,Snacks,532,164,155,9,20,Cloudy,Yes,3.4
2025-05-03,Saturday,Evening,Pav Bhaji,Meals,547,158,141,17,70,Cloudy,No,3.7
2025-05-14,Wednesday,Lunch,Cold Drink,Drinks,404,150,126,24,30,Cloudy,Yes,3.9
2025-06-13,Friday,Breakfast,Pav Bhaji,Meals,310,113,55,58,70,Cloudy,Yes,4.5
2025-01-09,Thursday,Lunch,Cold Drink,Drinks,449,144,106,38,30,Rainy,No,3.7
2025-07-14,Monday,Evening,Masala Dosa,Meals,405,123,80,43,60,Rainy,No,4.0
2025-11-25,Tuesday,Evening,Coffee,Drinks,385,117,69,48,25,Sunny,No,4.1
2025-04-05,Saturday,Evening,Veg Sandwich,Snacks,418,147,119,28,40,Sunny,Yes,3.1
2025-01-04,Saturday,Lunch,Vada Pav,Snacks,581,161,141,20,25,Rainy,Yes,3.0
2025-09-16,Tuesday,Lunch,Pav Bhaji,Meals,180,92,26,66,70,Rainy,No,3.0
2025-10-10,Friday,Lunch,Veg Sandwich,Snacks,158,85,23,62,40,Rainy,No,3.0
2025-12-24,Wednesday,Evening,Tea,Drinks,562,180,179,1,15,Sunny,Yes,3.3
2025-04-09,Wednesday,Evening,Cold Drink,Drinks,279,111,51,60,30,Cloudy,No,3.7
2025-07-27,Sunday,Lunch,Idli,Breakfast,274,107,57,50,35,Rainy,Yes,4.7
2025-12-01,Monday,Evening,Veg Sandwich,Snacks,197,87,28,59,40,Cloudy,No,3.1
2025-01-05,Sunday,Evening,Vada Pav,Snacks,192,90,29,61,25,Cloudy,No,4.1
2025-02-18,Tuesday,Evening,Veg Sandwich,Snacks,267,98,34,64,40,Sunny,No,4.4
2025-05-24,Saturday,Evening,Idli,Breakfast,486,162,146,16,35,Sunny,Yes,3.0
2025-04-17,Thursday,Evening,Vada Pav,Snacks,535,174,169,5,25,Rainy,No,3.3
2025-05-04,Sunday,Evening,Tea,Drinks,496,144,115,29,15,Rainy,No,3.3
2025-12-19,Friday,Evening,Samosa,Snacks,406,117,64,53,20,Rainy,No,3.5
2025-02-08,Saturday,Lunch,Idli,Breakfast,543,191,187,4,35,Rainy,No,3.1
2025-05-20,Tuesday,Lunch,Coffee,Drinks,266,108,55,53,25,Cloudy,No,4.2
2025-07-14,Monday,Breakfast,Idli,Breakfast,301,100,37,63,35,Sunny,Yes,3.8
2025-11-21,Friday,Breakfast,Tea,Drinks,312,102,42,60,15,Cloudy,Yes,3.9
2025-05-19,Monday,Breakfast,Vada Pav,Snacks,194,88,29,59,25,Sunny,No,4.0
2025-02-22,Saturday,Breakfast,Samosa,Snacks,331,118,71,47,20,Rainy,Yes,3.6
2025-07-17,Thursday,Breakfast,Veg Thali,Meals,361,128,83,45,90,Cloudy,Yes,4.8
2025-05-05,Monday,Evening,Cold Drink,Drinks,236,91,29,62,30,Rainy,No,3.6
2025-09-10,Wednesday,Breakfast,Samosa,Snacks,235,95,36,59,20,Cloudy,No,4.6
2025-07-04,Friday,Lunch,Masala Dosa,Meals,519,170,161,9,60,Rainy,No,3.9
2025-03-11,Tuesday,Lunch,Veg Sandwich,Snacks,352,137,95,42,40,Cloudy,No,3.9
2025-08-09,Saturday,Evening,Idli,Breakfast,219,95,40,55,35,Cloudy,No,3.4
2025-06-10,Tuesday,Breakfast,Tea,Drinks,313,123,79,44,15,Cloudy,No,3.5
2025-07-12,Saturday,Lunch,Tea,Drinks,336,127,82,45,15,Sunny,Yes,3.4
2025-10-09,Thursday,Breakfast,Coffee,Drinks,512,163,156,7,25,Sunny,No,4.4
2025-07-29,Tuesday,Evening,Coffee,Drinks,221,89,33,56,25,Rainy,No,3.3
2025-08-05,Tuesday,Lunch,Samosa,Snacks,379,137,99,38,20,Rainy,No,4.0
2025-12-21,Sunday,Lunch,Cold Drink,Drinks,168,82,19,63,30,Cloudy,Yes,4.3
2025-07-01,Tuesday,Breakfast,Idli,Breakfast,172,90,29,61,35,Rainy,No,4.9
2025-08-09,Saturday,Breakfast,Veg Sandwich,Snacks,200,90,31,59,40,Cloudy,Yes,4.1
2025-12-19,Friday,Evening,Masala Dosa,Meals,378,124,78,46,60,Cloudy,No,4.2
2025-09-14,Sunday,Breakfast,Pav Bhaji,Meals,162,79,14,65,70,Cloudy,Yes,3.2
2025-03-14,Friday,Lunch,Veg Thali,Meals,325,123,72,51,90,Cloudy,Yes,4.0
2025-08-13,Wednesday,Evening,Coffee,Drinks,313,101,47,54,25,Sunny,No,3.2
2025-06-25,Wednesday,Evening,Samosa,Snacks,496,149,121,28,20,Sunny,Yes,3.3
2025-10-14,Tuesday,Lunch,Coffee,Drinks,268,103,49,54,25,Cloudy,Yes,3.9
2025-01-15,Wednesday,Evening,Idli,Breakfast,251,98,43,55,35,Cloudy,No,3.4
2025-05-23,Friday,Evening,Samosa,Snacks,445,134,88,46,20,Sunny,Yes,3.9
2025-05-15,Thursday,Evening,Coffee,Drinks,420,137,99,38,25,Rainy,No,3.8
2025-02-28,Friday,Lunch,Pav Bhaji,Meals,582,194,194,0,70,Cloudy,Yes,4.6
2025-11-11,Tuesday,Evening,Samosa,Snacks,494,134,89,45,20,Sunny,No,3.2
2025-07-11,Friday,Evening,Vada Pav,Snacks,411,135,95,40,25,Cloudy,No,3.8
2025-04-06,Sunday,Lunch,Cold Drink,Drinks,505,165,154,11,30,Rainy,Yes,3.6
2025-04-06,Sunday,Lunch,Coffee,Drinks,467,170,166,4,25,Sunny,No,3.3
2025-07-16,Wednesday,Evening,Cold Drink,Drinks,484,153,127,26,30,Cloudy,No,4.4
2025-08-16,Saturday,Lunch,Vada Pav,Snacks,192,97,34,63,25,Rainy,Yes,3.6
2025-05-21,Wednesday,Breakfast,Cold Drink,Drinks,297,110,60,50,30,Sunny,No,4.5
2025-10-09,Thursday,Evening,Samosa,Snacks,443,147,122,25,20,Sunny,No,5.0
2025-10-05,Sunday,Breakfast,Coffee,Drinks,429,123,79,44,25,Sunny,No,4.3
2025-05-07,Wednesday,Lunch,Veg Sandwich,Snacks,380,145,107,38,40,Cloudy,No,3.9
2025-03-02,Sunday,Breakfast,Masala Dosa,Meals,565,178,178,0,60,Rainy,No,4.3
2025-03-26,Wednesday,Evening,Vada Pav,Snacks,551,172,172,0,25,Sunny,Yes,3.7
2025-05-24,Saturday,Evening,Cold Drink,Drinks,236,93,31,62,30,Cloudy,No,4.9
2025-09-21,Sunday,Evening,Samosa,Snacks,219,101,49,52,20,Cloudy,Yes,4.3
2025-12-26,Friday,Breakfast,Masala Dosa,Meals,224,100,47,53,60,Rainy,No,4.7
2025-07-21,Monday,Lunch,Vada Pav,Snacks,445,154,129,25,25,Rainy,No,3.9
2025-11-21,Friday,Breakfast,Tea,Drinks,413,138,97,41,15,Rainy,No,3.9
2025-09-07,Sunday,Lunch,Idli,Breakfast,151,86,27,59,35,Rainy,Yes,4.3
2025-12-24,Wednesday,Lunch,Samosa,Snacks,557,163,149,14,20,Rainy,No,4.6
2025-09-11,Thursday,Lunch,Pav Bhaji,Meals,574,181,174,7,70,Cloudy,No,4.1
2025-09-06,Saturday,Lunch,Veg Sandwich,Snacks,173,82,29,53,40,Sunny,No,3.3
2025-08-22,Friday,Breakfast,Tea,Drinks,253,107,48,59,15,Rainy,Yes,3.3
2025-05-21,Wednesday,Breakfast,Pav Bhaji,Meals,278,109,56,53,70,Sunny,No,3.3
2025-07-22,Tuesday,Evening,Veg Thali,Meals,521,151,118,33,90,Rainy,Yes,4.4
2025-01-01,Wednesday,Breakfast,Coffee,Drinks,189,88,28,60,25,Sunny,Yes,3.0
2025-12-23,Tuesday,Lunch,Samosa,Snacks,590,181,175,6,20,Cloudy,Yes,3.8
2025-02-22,Saturday,Breakfast,Pav Bhaji,Meals,338,114,66,48,70,Cloudy,Yes,4.5
2025-03-10,Monday,Evening,Vada Pav,Snacks,185,88,24,64,25,Rainy,Yes,3.9
2025-04-20,Sunday,Evening,Vada Pav,Snacks,360,131,81,50,25,Rainy,No,4.8
2025-03-13,Thursday,Breakfast,Idli,Breakfast,523,172,168,4,35,Cloudy,No,4.6
2025-05-07,Wednesday,Lunch,Samosa,Snacks,277,118,70,48,20,Rainy,No,3.1
2025-12-04,Thursday,Lunch,Masala Dosa,Meals,415,151,121,30,60,Rainy,Yes,4.3
2025-05-03,Saturday,Lunch,Tea,Drinks,207,98,34,64,15,Sunny,No,4.1
2025-01-07,Tuesday,Lunch,Pav Bhaji,Meals,217,96,40,56,70,Cloudy,No,3.3
2025-08-30,Saturday,Breakfast,Veg Sandwich,Snacks,450,131,80,51,40,Sunny,Yes,4.8
2025-07-23,Wednesday,Evening,Veg Thali,Meals,471,141,104,37,90,Rainy,No,3.2
2025-10-02,Thursday,Evening,Idli,Breakfast,228,92,34,58,35,Cloudy,Yes,4.8
2025-03-21,Friday,Evening,Pav Bhaji,Meals,350,115,60,55,70,Rainy,Yes,4.5
2025-05-03,Saturday,Breakfast,Masala Dosa,Meals,194,88,30,58,60,Cloudy,Yes,3.1
2025-12-08,Monday,Evening,Vada Pav,Snacks,211,95,31,64,25,Sunny,Yes,4.0
2025-06-27,Friday,Evening,Cold Drink,Drinks,550,146,109,37,30,Rainy,No,4.5
2025-05-18,Sunday,Evening,Samosa,Snacks,544,171,164,7,20,Sunny,No,4.0
2025-05-15,Thursday,Evening,Idli,Breakfast,471,142,105,37,35,Sunny,No,3.1
2025-10-18,Saturday,Breakfast,Pav Bhaji,Meals,230,102,48,54,70,Cloudy,Yes,4.4
2025-04-27,Sunday,Evening,Cold Drink,Drinks,151,77,18,59,30,Sunny,Yes,3.7
2025-03-18,Tuesday,Breakfast,Veg Sandwich,Snacks,433,127,76,51,40,Rainy,No,3.8
2025-06-13,Friday,Lunch,Samosa,Snacks,442,149,113,36,20,Cloudy,Yes,3.4
2025-09-22,Monday,Breakfast,Tea,Drinks,185,90,28,62,15,Cloudy,No,3.7
2025-10-11,Saturday,Lunch,Veg Sandwich,Snacks,338,127,77,50,40,Sunny,No,4.5
2025-05-05,Monday,Lunch,Pav Bhaji,Meals,452,159,142,17,70,Cloudy,Yes,4.5
2025-05-06,Tuesday,Breakfast,Veg Sandwich,Snacks,359,122,76,46,40,Sunny,Yes,4.7
2025-01-05,Sunday,Lunch,Veg Sandwich,Snacks,538,185,185,0,40,Rainy,No,3.6
2025-04-16,Wednesday,Evening,Masala Dosa,Meals,364,135,89,46,60,Cloudy,Yes,4.4
2025-02-17,Monday,Breakfast,Masala Dosa,Meals,582,175,171,4,60,Rainy,No,3.9
2025-02-13,Thursday,Evening,Samosa,Snacks,408,118,68,50,20,Sunny,No,3.1
2025-12-06,Saturday,Breakfast,Masala Dosa,Meals,299,119,67,52,60,Cloudy,No,4.4
2025-06-17,Tuesday,Lunch,Coffee,Drinks,289,124,71,53,25,Sunny,Yes,4.6
2025-10-27,Monday,Breakfast,Vada Pav,Snacks,204,90,30,60,25,Sunny,No,3.2
2025-07-03,Thursday,Breakfast,Coffee,Drinks,307,119,62,57,25,Cloudy,No,3.3
2025-12-18,Thursday,Lunch,Idli,Breakfast,170,83,28,55,35,Sunny,No,3.5
2025-07-02,Wednesday,Lunch,Cold Drink,Drinks,175,86,21,65,30,Rainy,No,3.1
2025-07-27,Sunday,Lunch,Cold Drink,Drinks,533,153,122,31,30,Rainy,Yes,4.6
2025-03-13,Thursday,Breakfast,Veg Sandwich,Snacks,181,82,22,60,40,Sunny,Yes,3.7
2025-11-19,Wednesday,Evening,Samosa,Snacks,448,153,122,31,20,Rainy,No,3.0
2025-02-03,Monday,Breakfast,Coffee,Drinks,564,179,179,0,25,Sunny,Yes,4.6
2025-03-04,Tuesday,Breakfast,Coffee,Drinks,175,89,28,61,25,Sunny,No,4.0
2025-07-15,Tuesday,Evening,Tea,Drinks,238,104,44,60,15,Cloudy,Yes,3.6
2025-03-18,Tuesday,Breakfast,Idli,Breakfast,467,148,118,30,35,Rainy,Yes,3.8
2025-10-09,Thursday,Lunch,Veg Sandwich,Snacks,194,88,25,63,40,Cloudy,No,4.3
2025-09-27,Saturday,Breakfast,Cold Drink,Drinks,556,172,168,4,30,Sunny,No,4.0
2025-09-06,Saturday,Lunch,Idli,Breakfast,407,134,85,49,35,Cloudy,No,3.6
2025-04-23,Wednesday,Breakfast,Veg Thali,Meals,179,89,26,63,90,Cloudy,No,4.9
2025-02-21,Friday,Breakfast,Masala Dosa,Meals,286,112,54,58,60,Rainy,Yes,4.2
2025-07-18,Friday,Lunch,Vada Pav,Snacks,240,109,57,52,25,Sunny,No,3.7
2025-10-30,Thursday,Breakfast,Pav Bhaji,Meals,440,140,98,42,70,Rainy,Yes,4.7
2025-09-10,Wednesday,Evening,Veg Thali,Meals,239,90,27,63,90,Cloudy,Yes,4.2
2025-01-11,Saturday,Evening,Coffee,Drinks,150,83,22,61,25,Cloudy,Yes,4.4
2025-06-15,Sunday,Breakfast,Veg Sandwich,Snacks,225,99,47,52,40,Rainy,Yes,4.1
2025-07-06,Sunday,Breakfast,Pav Bhaji,Meals,510,155,130,25,70,Rainy,No,3.6
2025-03-11,Tuesday,Breakfast,Tea,Drinks,555,167,153,14,15,Rainy,No,4.4
2025-10-15,Wednesday,Evening,Idli,Breakfast,552,167,164,3,35,Cloudy,Yes,3.4
2025-06-07,Saturday,Evening,Veg Thali,Meals,215,100,44,56,90,Sunny,Yes,3.8
2025-10-18,Saturday,Breakfast,Vada Pav,Snacks,458,146,108,38,25,Cloudy,Yes,4.9
2025-03-14,Friday,Lunch,Samosa,Snacks,271,104,41,63,20,Cloudy,No,4.6
2025-12-10,Wednesday,Evening,Pav Bhaji,Meals,378,117,69,48,70,Sunny,No,3.1
2025-05-12,Monday,Breakfast,Veg Sandwich,Snacks,174,87,23,64,40,Cloudy,No,4.8
2025-09-10,Wednesday,Lunch,Pav Bhaji,Meals,429,157,141,16,70,Cloudy,Yes,4.7
2025-11-30,Sunday,Evening,Masala Dosa,Meals,233,101,36,65,60,Cloudy,Yes,3.6
2025-06-13,Friday,Lunch,Samosa,Snacks,187,97,33,64,20,Cloudy,Yes,4.5
2025-10-08,Wednesday,Breakfast,Pav Bhaji,Meals,454,147,115,32,70,Rainy,No,4.9
2025-03-26,Wednesday,Evening,Tea,Drinks,230,93,30,63,15,Sunny,Yes,3.8
2025-10-11,Saturday,Evening,Cold Drink,Drinks,285,102,38,64,30,Rainy,No,3.1
2025-10-20,Monday,Evening,Coffee,Drinks,228,87,21,66,25,Sunny,No,3.6
2025-12-05,Friday,Evening,Idli,Breakfast,395,114,56,58,35,Sunny,Yes,4.3
2025-02-11,Tuesday,Lunch,Samosa,Snacks,307,118,69,49,20,Cloudy,No,3.5
2025-11-25,Tuesday,Evening,Tea,Drinks,244,96,37,59,15,Cloudy,No,3.1
2025-08-14,Thursday,Lunch,Veg Thali,Meals,265,102,48,54,90,Cloudy,Yes,4.3
2025-02-13,Thursday,Evening,Pav Bhaji,Meals,563,182,182,0,70,Rainy,No,3.5
2025-02-01,Saturday,Lunch,Cold Drink,Drinks,364,133,87,46,30,Rainy,No,4.0
2025-02-10,Monday,Lunch,Veg Sandwich,Snacks,407,129,89,40,40,Rainy,Yes,3.9
2025-03-27,Thursday,Breakfast,Masala Dosa,Meals,214,86,29,57,60,Sunny,No,3.9
2025-11-18,Tuesday,Breakfast,Idli,Breakfast,282,97,39,58,35,Cloudy,Yes,3.8
2025-06-16,Monday,Lunch,Cold Drink,Drinks,384,125,72,53,30,Sunny,No,3.3
2025-10-29,Wednesday,Evening,Samosa,Snacks,204,95,42,53,20,Rainy,Yes,4.1
2025-06-26,Thursday,Lunch,Veg Thali,Meals,346,129,84,45,90,Rainy,No,3.1
2025-05-22,Thursday,Lunch,Vada Pav,Snacks,466,138,97,41,25,Rainy,No,4.4
2025-01-26,Sunday,Evening,Coffee,Drinks,287,103,51,52,25,Cloudy,Yes,3.6
2025-05-24,Saturday,Lunch,Samosa,Snacks,594,174,174,0,20,Sunny,Yes,3.9
2025-06-14,Saturday,Lunch,Tea,Drinks,459,142,103,39,15,Rainy,Yes,4.8
2025-07-28,Monday,Evening,Coffee,Drinks,538,170,166,4,25,Rainy,No,4.6
2025-02-03,Monday,Lunch,Cold Drink,Drinks,356,121,77,44,30,Sunny,Yes,3.4
2025-01-30,Thursday,Breakfast,Veg Sandwich,Snacks,383,132,86,46,40,Sunny,No,3.7
2025-08-26,Tuesday,Evening,Tea,Drinks,475,135,94,41,15,Sunny,Yes,4.2
2025-04-01,Tuesday,Lunch,Idli,Breakfast,432,136,92,44,35,Cloudy,No,4.5
2025-12-19,Friday,Breakfast,Veg Thali,Meals,164,78,21,57,90,Cloudy,Yes,4.6
2025-04-20,Sunday,Breakfast,Masala Dosa,Meals,496,154,132,22,60,Sunny,No,3.0
2025-12-16,Tuesday,Breakfast,Coffee,Drinks,217,95,29,66,25,Rainy,Yes,3.4
2025-11-08,Saturday,Lunch,Veg Thali,Meals,366,131,83,48,90,Cloudy,No,3.9
2025-12-13,Saturday,Evening,Idli,Breakfast,353,107,54,53,35,Rainy,Yes,4.9
2025-07-11,Friday,Evening,Idli,Breakfast,461,148,118,30,35,Cloudy,No,3.1
2025-05-22,Thursday,Evening,Pav Bhaji,Meals,591,175,175,0,70,Cloudy,No,3.6
2025-03-18,Tuesday,Evening,Masala Dosa,Meals,179,87,31,56,60,Rainy,No,3.3
2025-01-14,Tuesday,Evening,Coffee,Drinks,301,108,56,52,25,Cloudy,No,3.1
2025-12-29,Monday,Evening,Masala Dosa,Meals,325,119,71,48,60,Rainy,Yes,4.6
2025-12-10,Wednesday,Lunch,Cold Drink,Drinks,303,113,59,54,30,Sunny,Yes,3.3
2025-05-13,Tuesday,Evening,Cold Drink,Drinks,540,164,147,17,30,Sunny,No,3.7
2025-06-07,Saturday,Lunch,Pav Bhaji,Meals,340,125,71,54,70,Cloudy,No,3.9
2025-11-21,Friday,Evening,Idli,Breakfast,467,157,137,20,35,Sunny,No,3.2
2025-12-15,Monday,Lunch,Cold Drink,Drinks,302,126,73,53,30,Cloudy,Yes,3.3
2025-04-13,Sunday,Lunch,Tea,Drinks,441,143,112,31,15,Cloudy,Yes,3.4
2025-02-11,Tuesday,Lunch,Pav Bhaji,Meals,473,161,138,23,70,Sunny,No,3.9
2025-04-18,Friday,Breakfast,Idli,Breakfast,541,169,168,1,35,Sunny,No,3.2
2025-11-11,Tuesday,Lunch,Tea,Drinks,356,126,72,54,15,Cloudy,No,4.1
2025-07-11,Friday,Breakfast,Pav Bhaji,Meals,537,137,91,46,70,Rainy,Yes,4.3
2025-05-08,Thursday,Breakfast,Pav Bhaji,Meals,309,109,55,54,70,Sunny,Yes,3.6
2025-02-03,Monday,Breakfast,Veg Thali,Meals,298,108,55,53,90,Cloudy,No,5.0
2025-06-25,Wednesday,Lunch,Pav Bhaji,Meals,534,188,188,0,70,Sunny,Yes,3.8
2025-04-27,Sunday,Breakfast,Vada Pav,Snacks,258,103,40,63,25,Rainy,Yes,3.2
2025-12-31,Wednesday,Evening,Veg Sandwich,Snacks,342,125,79,46,40,Rainy,No,3.1
2025-01-25,Saturday,Evening,Samosa,Snacks,484,153,127,26,20,Sunny,Yes,3.9
2025-03-05,Wednesday,Evening,Veg Thali,Meals,392,119,71,48,90,Rainy,Yes,4.3
2025-06-04,Wednesday,Lunch,Samosa,Snacks,489,164,156,8,20,Rainy,No,3.3
2025-02-23,Sunday,Evening,Idli,Breakfast,210,96,37,59,35,Cloudy,Yes,3.4
2025-04-13,Sunday,Lunch,Cold Drink,Drinks,253,103,38,65,30,Cloudy,No,4.1
2025-04-17,Thursday,Evening,Coffee,Drinks,319,102,38,64,25,Sunny,Yes,4.8
2025-10-21,Tuesday,Evening,Coffee,Drinks,226,98,34,64,25,Sunny,Yes,4.8
2025-11-26,Wednesday,Breakfast,Coffee,Drinks,301,100,48,52,25,Cloudy,No,3.3
2025-01-21,Tuesday,Lunch,Pav Bhaji,Meals,560,172,164,8,70,Rainy,No,3.2
2025-01-24,Friday,Breakfast,Vada Pav,Snacks,489,141,105,36,25,Rainy,Yes,4.9
2025-05-18,Sunday,Evening,Samosa,Snacks,340,108,51,57,20,Cloudy,Yes,4.9
2025-05-20,Tuesday,Lunch,Coffee,Drinks,559,159,145,14,25,Cloudy,Yes,4.5
2025-03-23,Sunday,Breakfast,Tea,Drinks,452,129,83,46,15,Cloudy,No,4.6
2025-11-10,Monday,Breakfast,Vada Pav,Snacks,397,140,103,37,25,Cloudy,Yes,3.1
2025-05-14,Wednesday,Evening,Pav Bhaji,Meals,156,86,30,56,70,Rainy,Yes,4.7
2025-09-23,Tuesday,Evening,Idli,Breakfast,198,89,33,56,35,Cloudy,Yes,4.4
2025-07-17,Thursday,Breakfast,Cold Drink,Drinks,463,147,111,36,30,Sunny,Yes,4.0
2025-08-29,Friday,Lunch,Vada Pav,Snacks,188,88,26,62,25,Cloudy,No,3.1
2025-04-25,Friday,Evening,Tea,Drinks,356,120,74,46,15,Sunny,Yes,4.1
2025-02-15,Saturday,Lunch,Coffee,Drinks,311,125,70,55,25,Sunny,No,3.2
2025-07-31,Thursday,Breakfast,Cold Drink,Drinks,431,145,114,31,30,Sunny,Yes,4.3
2025-09-18,Thursday,Evening,Masala Dosa,Meals,485,163,147,16,60,Rainy,No,4.7
2025-04-25,Friday,Lunch,Pav Bhaji,Meals,436,155,130,25,70,Rainy,No,4.4
2025-02-28,Friday,Breakfast,Masala Dosa,Meals,151,83,29,54,60,Cloudy,No,3.6
2025-09-25,Thursday,Lunch,Samosa,Snacks,173,84,29,55,20,Sunny,No,4.5
2025-07-29,Tuesday,Breakfast,Veg Thali,Meals,462,129,89,40,90,Sunny,Yes,3.8
2025-08-23,Saturday,Breakfast,Pav Bhaji,Meals,205,97,44,53,70,Cloudy,Yes,4.3
2025-03-05,Wednesday,Lunch,Coffee,Drinks,487,176,167,9,25,Rainy,Yes,4.1
2025-01-25,Saturday,Evening,Tea,Drinks,579,184,184,0,15,Rainy,No,4.8
2025-04-01,Tuesday,Evening,Idli,Breakfast,238,90,34,56,35,Rainy,Yes,4.2
2025-06-14,Saturday,Evening,Tea,Drinks,364,116,61,55,15,Rainy,Yes,4.9
2025-08-20,Wednesday,Breakfast,Vada Pav,Snacks,361,131,88,43,25,Rainy,No,4.7
2025-12-31,Wednesday,Evening,Cold Drink,Drinks,473,134,96,38,30,Sunny,Yes,3.6
2025-06-26,Thursday,Evening,Vada Pav,Snacks,513,152,130,22,25,Rainy,Yes,4.3
2025-12-30,Tuesday,Breakfast,Pav Bhaji,Meals,437,143,114,29,70,Cloudy,No,4.1
2025-08-05,Tuesday,Breakfast,Cold Drink,Drinks,204,85,29,56,30,Sunny,No,3.1
2025-05-17,Saturday,Breakfast,Veg Thali,Meals,499,162,151,11,90,Cloudy,Yes,4.6
2025-04-15,Tuesday,Evening,Veg Sandwich,Snacks,333,119,71,48,40,Cloudy,Yes,4.5
2025-04-25,Friday,Evening,Cold Drink,Drinks,349,124,69,55,30,Sunny,No,4.9
2025-07-18,Friday,Lunch,Pav Bhaji,Meals,432,155,128,27,70,Sunny,Yes,4.2
2025-08-15,Friday,Breakfast,Pav Bhaji,Meals,536,168,156,12,70,Rainy,Yes,3.6
2025-04-01,Tuesday,Evening,Samosa,Snacks,245,96,36,60,20,Sunny,Yes,3.6
2025-05-16,Friday,Breakfast,Vada Pav,Snacks,449,134,96,38,25,Cloudy,Yes,4.9
2025-01-21,Tuesday,Breakfast,Pav Bhaji,Meals,455,140,105,35,70,Sunny,No,4.1
2025-02-07,Friday,Evening,Pav Bhaji,Meals,419,134,97,37,70,Sunny,Yes,4.0
2025-08-01,Friday,Evening,Cold Drink,Drinks,356,113,55,58,30,Sunny,No,4.3
2025-06-19,Thursday,Lunch,Veg Thali,Meals,261,118,72,46,90,Rainy,No,4.5
2025-11-29,Saturday,Breakfast,Samosa,Snacks,492,138,103,35,20,Cloudy,No,4.2
2025-11-15,Saturday,Breakfast,Veg Sandwich,Snacks,499,165,148,17,40,Cloudy,No,3.8
2025-10-04,Saturday,Evening,Veg Thali,Meals,162,82,24,58,90,Rainy,No,3.9
2025-01-23,Thursday,Lunch,Masala Dosa,Meals,314,131,82,49,60,Rainy,Yes,4.9
2025-10-03,Friday,Evening,Veg Sandwich,Snacks,470,150,127,23,40,Sunny,Yes,3.4
2025-12-17,Wednesday,Lunch,Samosa,Snacks,255,110,48,62,20,Rainy,No,4.5
2025-03-20,Thursday,Breakfast,Coffee,Drinks,517,137,90,47,25,Cloudy,Yes,3.4
2025-05-09,Friday,Evening,Samosa,Snacks,444,135,94,41,20,Sunny,No,4.3
2025-08-10,Sunday,Lunch,Veg Sandwich,Snacks,349,129,86,43,40,Rainy,Yes,4.4
2025-02-02,Sunday,Evening,Idli,Breakfast,173,82,24,58,35,Rainy,Yes,3.2
2025-12-18,Thursday,Lunch,Idli,Breakfast,194,91,38,53,35,Cloudy,No,4.3
2025-08-31,Sunday,Breakfast,Cold Drink,Drinks,262,108,58,50,30,Sunny,No,4.1
2025-11-21,Friday,Breakfast,Veg Thali,Meals,496,166,149,17,90,Rainy,No,4.1
2025-10-12,Sunday,Breakfast,Samosa,Snacks,171,84,19,65,20,Sunny,No,3.6
2025-06-26,Thursday,Breakfast,Tea,Drinks,480,133,87,46,15,Rainy,Yes,4.2
2025-05-10,Saturday,Breakfast,Samosa,Snacks,242,104,48,56,20,Rainy,Yes,3.9
2025-10-09,Thursday,Breakfast,Veg Thali,Meals,493,133,95,38,90,Sunny,No,4.2
2025-06-19,Thursday,Lunch,Vada Pav,Snacks,493,146,116,30,25,Rainy,Yes,3.1
2025-04-10,Thursday,Lunch,Coffee,Drinks,380,141,99,42,25,Cloudy,No,4.1
2025-07-06,Sunday,Lunch,Tea,Drinks,236,98,36,62,15,Sunny,No,4.4
2025-11-25,Tuesday,Lunch,Veg Thali,Meals,580,188,184,4,90,Cloudy,Yes,4.8
2025-08-25,Monday,Lunch,Pav Bhaji,Meals,546,174,167,7,70,Cloudy,No,4.3
2025-02-11,Tuesday,Lunch,Vada Pav,Snacks,425,153,131,22,25,Sunny,No,3.2
2025-02-08,Saturday,Breakfast,Cold Drink,Drinks,473,154,126,28,30,Sunny,No,4.8
2025-10-10,Friday,Lunch,Cold Drink,Drinks,426,141,101,40,30,Cloudy,Yes,4.8
2025-10-29,Wednesday,Evening,Veg Thali,Meals,218,91,33,58,90,Cloudy,Yes,3.0
2025-05-03,Saturday,Evening,Vada Pav,Snacks,537,155,127,28,25,Rainy,Yes,4.1
2025-10-17,Friday,Evening,Vada Pav,Snacks,526,172,163,9,25,Rainy,No,3.4
2025-09-07,Sunday,Breakfast,Samosa,Snacks,285,97,34,63,20,Cloudy,Yes,4.0
2025-07-04,Friday,Lunch,Coffee,Drinks,382,149,118,31,25,Sunny,Yes,3.2
2025-09-24,Wednesday,Evening,Veg Thali,Meals,577,168,163,5,90,Rainy,No,3.3
2025-12-01,Monday,Lunch,Pav Bhaji,Meals,450,151,123,28,70,Rainy,Yes,4.9
2025-04-25,Friday,Evening,Tea,Drinks,330,123,76,47,15,Cloudy,No,3.0
2025-03-13,Thursday,Lunch,Vada Pav,Snacks,267,104,42,62,25,Sunny,No,3.3
2025-11-05,Wednesday,Evening,Samosa,Snacks,488,158,143,15,20,Sunny,No,3.2
2025-12-12,Friday,Lunch,Coffee,Drinks,257,110,54,56,25,Rainy,Yes,3.0
2025-01-23,Thursday,Breakfast,Idli,Breakfast,453,145,105,40,35,Sunny,Yes,4.8
2025-03-17,Monday,Breakfast,Vada Pav,Snacks,282,108,54,54,25,Sunny,No,4.3
2025-12-05,Friday,Lunch,Samosa,Snacks,260,115,57,58,20,Cloudy,No,3.4
2025-07-30,Wednesday,Evening,Vada Pav,Snacks,556,166,157,9,25,Rainy,Yes,3.5
2025-12-18,Thursday,Lunch,Coffee,Drinks,455,143,107,36,25,Rainy,Yes,3.3
2025-01-09,Thursday,Breakfast,Cold Drink,Drinks,590,182,182,0,30,Rainy,No,3.2
2025-09-01,Monday,Evening,Idli,Breakfast,169,78,22,56,35,Rainy,Yes,3.3
2025-11-05,Wednesday,Evening,Veg Sandwich,Snacks,546,160,140,20,40,Rainy,No,4.7
2025-12-24,Wednesday,Evening,Tea,Drinks,267,100,47,53,15,Cloudy,No,4.5
2025-12-23,Tuesday,Evening,Samosa,Snacks,367,122,69,53,20,Sunny,No,4.8
2025-02-12,Wednesday,Lunch,Idli,Breakfast,598,173,164,9,35,Rainy,No,4.4
2025-01-04,Saturday,Evening,Cold Drink,Drinks,210,90,26,64,30,Rainy,Yes,4.4
2025-06-11,Wednesday,Lunch,Pav Bhaji,Meals,204,98,36,62,70,Sunny,No,3.5
2025-10-02,Thursday,Lunch,Idli,Breakfast,337,138,98,40,35,Rainy,No,4.5
2025-07-31,Thursday,Evening,Cold Drink,Drinks,397,131,87,44,30,Sunny,No,3.5
2025-06-07,Saturday,Evening,Pav Bhaji,Meals,546,168,167,1,70,Rainy,No,4.7
2025-03-02,Sunday,Evening,Masala Dosa,Meals,378,114,61,53,60,Rainy,Yes,3.8
2025-06-23,Monday,Evening,Idli,Breakfast,506,138,102,36,35,Rainy,Yes,3.0
2025-02-16,Sunday,Breakfast,Coffee,Drinks,457,126,75,51,25,Cloudy,Yes,3.7
2025-11-08,Saturday,Breakfast,Tea,Drinks,355,126,81,45,15,Rainy,No,3.1
2025-03-31,Monday,Evening,Coffee,Drinks,374,134,97,37,25,Sunny,Yes,4.0
2025-04-10,Thursday,Breakfast,Idli,Breakfast,411,135,97,38,35,Rainy,Yes,3.1
2025-05-03,Saturday,Evening,Veg Sandwich,Snacks,230,100,40,60,40,Sunny,No,4.3
2025-07-27,Sunday,Evening,Masala Dosa,Meals,415,146,115,31,60,Sunny,Yes,3.6
2025-10-14,Tuesday,Evening,Pav Bhaji,Meals,327,118,62,56,70,Cloudy,Yes,3.9
2025-07-26,Saturday,Evening,Veg Sandwich,Snacks,283,106,51,55,40,Sunny,No,3.1
2025-05-31,Saturday,Lunch,Samosa,Snacks,561,192,192,0,20,Rainy,No,4.6
2025-05-09,Friday,Evening,Coffee,Drinks,343,125,82,43,25,Rainy,No,3.7
2025-08-23,Saturday,Evening,Coffee,Drinks,450,127,74,53,25,Sunny,No,3.8
2025-04-23,Wednesday,Evening,Masala Dosa,Meals,559,180,179,1,60,Cloudy,No,4.1
2025-12-25,Thursday,Lunch,Masala Dosa,Meals,297,120,75,45,60,Sunny,No,3.7
2025-10-11,Saturday,Breakfast,Coffee,Drinks,310,121,67,54,25,Cloudy,Yes,3.4
2025-12-16,Tuesday,Breakfast,Coffee,Drinks,527,164,158,6,25,Sunny,Yes,3.5
2025-04-28,Monday,Breakfast,Masala Dosa,Meals,578,150,116,34,60,Rainy,No,3.2
2025-02-10,Monday,Evening,Coffee,Drinks,464,154,129,25,25,Sunny,Yes,4.2
2025-09-10,Wednesday,Evening,Veg Thali,Meals,401,127,85,42,90,Sunny,No,4.2
2025-01-28,Tuesday,Evening,Tea,Drinks,394,128,81,47,15,Rainy,Yes,4.7
2025-03-31,Monday,Lunch,Samosa,Snacks,507,157,129,28,20,Rainy,No,3.0
2025-04-18,Friday,Lunch,Idli,Breakfast,201,96,35,61,35,Cloudy,No,3.4
2025-05-15,Thursday,Breakfast,Veg Thali,Meals,391,124,75,49,90,Rainy,No,3.8
2025-08-03,Sunday,Evening,Pav Bhaji,Meals,336,115,64,51,70,Cloudy,No,3.3
2025-10-22,Wednesday,Evening,Masala Dosa,Meals,566,176,175,1,60,Sunny,No,3.9
2025-07-15,Tuesday,Breakfast,Vada Pav,Snacks,559,160,136,24,25,Rainy,Yes,3.4
2025-09-13,Saturday,Breakfast,Cold Drink,Drinks,423,143,106,37,30,Rainy,No,3.5
2025-10-18,Saturday,Breakfast,Tea,Drinks,200,83,30,53,15,Rainy,Yes,3.5
2025-11-19,Wednesday,Breakfast,Coffee,Drinks,531,150,123,27,25,Cloudy,No,4.1
2025-05-12,Monday,Lunch,Veg Sandwich,Snacks,360,140,105,35,40,Sunny,No,3.4
2025-10-22,Wednesday,Evening,Cold Drink,Drinks,239,94,36,58,30,Cloudy,No,4.0
2025-08-17,Sunday,Breakfast,Tea,Drinks,464,147,111,36,15,Cloudy,No,4.7
2025-11-24,Monday,Lunch,Tea,Drinks,473,168,155,13,15,Rainy,No,3.2
2025-06-25,Wednesday,Breakfast,Pav Bhaji,Meals,312,117,67,50,70,Rainy,No,4.3
2025-05-19,Monday,Lunch,Pav Bhaji,Meals,532,166,151,15,70,Rainy,No,4.7
2025-03-06,Thursday,Evening,Masala Dosa,Meals,488,137,96,41,60,Cloudy,Yes,3.2
2025-02-02,Sunday,Lunch,Cold Drink,Drinks,177,90,24,66,30,Sunny,No,3.2
2025-11-13,Thursday,Breakfast,Samosa,Snacks,485,137,101,36,20,Cloudy,No,3.6
2025-11-17,Monday,Breakfast,Vada Pav,Snacks,419,119,65,54,25,Sunny,Yes,4.7
2025-06-16,Monday,Lunch,Coffee,Drinks,595,186,179,7,25,Rainy,No,4.9
2025-12-24,Wednesday,Evening,Vada Pav,Snacks,452,144,114,30,25,Rainy,No,4.8
2025-08-11,Monday,Evening,Cold Drink,Drinks,308,112,63,49,30,Cloudy,No,3.2
2025-06-07,Saturday,Lunch,Tea,Drinks,283,103,46,57,15,Sunny,No,4.6
2025-03-11,Tuesday,Lunch,Veg Thali,Meals,390,143,108,35,90,Rainy,Yes,4.9
2025-09-02,Tuesday,Lunch,Veg Sandwich,Snacks,542,175,175,0,40,Cloudy,No,3.0
2025-07-11,Friday,Breakfast,Tea,Drinks,437,129,87,42,15,Cloudy,No,4.5
2025-07-19,Saturday,Lunch,Masala Dosa,Meals,284,116,64,52,60,Sunny,No,4.5
2025-11-10,Monday,Evening,Veg Thali,Meals,295,107,56,51,90,Rainy,No,3.1
2025-03-11,Tuesday,Lunch,Samosa,Snacks,476,148,121,27,20,Cloudy,No,4.0
2025-06-14,Saturday,Breakfast,Vada Pav,Snacks,175,80,15,65,25,Rainy,Yes,3.6
2025-03-06,Thursday,Evening,Coffee,Drinks,522,138,92,46,25,Sunny,Yes,4.0
2025-06-25,Wednesday,Lunch,Veg Thali,Meals,552,172,172,0,90,Cloudy,No,3.1
2025-02-11,Tuesday,Breakfast,Veg Sandwich,Snacks,286,108,47,61,40,Cloudy,Yes,3.4
2025-05-09,Friday,Lunch,Veg Sandwich,Snacks,212,95,36,59,40,Rainy,Yes,3.5
2025-01-18,Saturday,Breakfast,Coffee,Drinks,526,154,133,21,25,Sunny,Yes,4.9
2025-06-15,Sunday,Breakfast,Veg Sandwich,Snacks,531,146,117,29,40,Rainy,Yes,3.6
2025-07-04,Friday,Breakfast,Masala Dosa,Meals,207,88,24,64,60,Sunny,No,4.6
2025-10-27,Monday,Breakfast,Tea,Drinks,554,180,180,0,15,Sunny,Yes,4.6
2025-09-01,Monday,Evening,Idli,Breakfast,229,91,32,59,35,Cloudy,Yes,3.2
2025-11-13,Thursday,Lunch,Veg Sandwich,Snacks,180,93,39,54,40,Cloudy,Yes,3.2
2025-09-07,Sunday,Breakfast,Pav Bhaji,Meals,435,146,115,31,70,Rainy,No,4.5
2025-01-11,Saturday,Evening,Tea,Drinks,333,110,48,62,15,Rainy,Yes,4.0
2025-08-13,Wednesday,Evening,Veg Thali,Meals,427,125,72,53,90,Rainy,No,4.1
2025-06-15,Sunday,Evening,Coffee,Drinks,290,98,35,63,25,Rainy,Yes,3.9
2025-05-15,Thursday,Evening,Pav Bhaji,Meals,382,133,83,50,70,Sunny,No,4.2
2025-07-06,Sunday,Evening,Masala Dosa,Meals,314,116,64,52,60,Rainy,Yes,4.6
2025-04-08,Tuesday,Evening,Coffee,Drinks,542,162,146,16,25,Rainy,Yes,3.8
2025-06-14,Saturday,Breakfast,Samosa,Snacks,417,119,62,57,20,Rainy,Yes,3.4
2025-01-17,Friday,Breakfast,Samosa,Snacks,398,115,65,50,20,Sunny,Yes,4.7
2025-12-03,Wednesday,Lunch,Cold Drink,Drinks,469,139,97,42,30,Rainy,No,4.2
2025-02-06,Thursday,Breakfast,Masala Dosa,Meals,485,145,116,29,60,Cloudy,Yes,3.1
2025-10-13,Monday,Evening,Tea,Drinks,570,177,172,5,15,Cloudy,Yes,4.1
2025-02-06,Thursday,Lunch,Samosa,Snacks,260,100,38,62,20,Rainy,Yes,4.1
2025-04-08,Tuesday,Breakfast,Cold Drink,Drinks,486,149,121,28,30,Sunny,Yes,3.8
2025-02-24,Monday,Evening,Idli,Breakfast,333,121,70,51,35,Rainy,No,4.8
2025-03-27,Thursday,Breakfast,Cold Drink,Drinks,355,125,78,47,30,Rainy,No,5.0
2025-08-15,Friday,Lunch,Pav Bhaji,Meals,431,144,113,31,70,Cloudy,No,3.9
2025-06-15,Sunday,Evening,Masala Dosa,Meals,438,133,91,42,60,Rainy,Yes,4.9
2025-05-11,Sunday,Lunch,Coffee,Drinks,379,141,102,39,25,Cloudy,Yes,4.2
2025-09-23,Tuesday,Breakfast,Veg Thali,Meals,153,77,16,61,90,Cloudy,Yes,3.0
2025-12-20,Saturday,Lunch,Cold Drink,Drinks,411,129,84,45,30,Rainy,Yes,3.7
2025-03-12,Wednesday,Lunch,Pav Bhaji,Meals,448,142,104,38,70,Sunny,Yes,3.2
2025-07-24,Thursday,Evening,Masala Dosa,Meals,525,166,151,15,60,Sunny,No,4.0
2025-12-20,Saturday,Evening,Idli,Breakfast,569,144,115,29,35,Sunny,No,4.2
2025-02-10,Monday,Breakfast,Pav Bhaji,Meals,328,126,72,54,70,Cloudy,No,4.7
2025-04-27,Sunday,Evening,Idli,Breakfast,155,75,18,57,35,Rainy,No,3.1
2025-10-04,Saturday,Evening,Vada Pav,Snacks,317,105,51,54,25,Rainy,Yes,4.5
2025-07-21,Monday,Lunch,Idli,Breakfast,444,140,100,40,35,Rainy,Yes,4.6
2025-03-17,Monday,Breakfast,Pav Bhaji,Meals,192,89,26,63,70,Cloudy,Yes,3.2
2025-09-14,Sunday,Lunch,Vada Pav,Snacks,540,173,171,2,25,Sunny,No,3.8
2025-10-20,Monday,Breakfast,Cold Drink,Drinks,465,134,89,45,30,Rainy,Yes,4.6
2025-06-15,Sunday,Evening,Idli,Breakfast,195,87,26,61,35,Sunny,No,3.4
2025-06-26,Thursday,Evening,Veg Sandwich,Snacks,544,178,178,0,40,Cloudy,Yes,4.6
2025-08-15,Friday,Evening,Vada Pav,Snacks,375,116,61,55,25,Sunny,Yes,3.3
2025-02-13,Thursday,Breakfast,Veg Sandwich,Snacks,274,112,63,49,40,Rainy,Yes,3.6
2025-06-25,Wednesday,Evening,Samosa,Snacks,306,100,38,62,20,Cloudy,No,4.5
2025-04-19,Saturday,Breakfast,Cold Drink,Drinks,417,137,92,45,30,Cloudy,No,4.4
2025-12-09,Tuesday,Breakfast,Tea,Drinks,448,131,80,51,15,Rainy,Yes,3.6
2025-12-23,Tuesday,Evening,Veg Thali,Meals,177,79,23,56,90,Cloudy,Yes,3.5
2025-12-04,Thursday,Lunch,Samosa,Snacks,159,82,22,60,20,Cloudy,No,4.0
2025-12-30,Tuesday,Breakfast,Pav Bhaji,Meals,398,120,70,50,70,Rainy,Yes,4.9
2025-10-15,Wednesday,Evening,Veg Sandwich,Snacks,170,81,21,60,40,Sunny,No,4.5
2025-01-10,Friday,Lunch,Pav Bhaji,Meals,331,117,66,51,70,Rainy,No,3.6
2025-02-01,Saturday,Evening,Veg Thali,Meals,599,189,184,5,90,Cloudy,Yes,3.5
2025-06-24,Tuesday,Lunch,Vada Pav,Snacks,194,93,37,56,25,Rainy,No,4.2
2025-11-17,Monday,Evening,Masala Dosa,Meals,363,120,66,54,60,Sunny,Yes,4.8
2025-06-18,Wednesday,Lunch,Cold Drink,Drinks,217,100,45,55,30,Sunny,Yes,4.6
2025-03-12,Wednesday,Lunch,Cold Drink,Drinks,219,101,45,56,30,Cloudy,Yes,4.8
2025-06-12,Thursday,Breakfast,Cold Drink,Drinks,422,124,81,43,30,Rainy,Yes,4.8
2025-01-16,Thursday,Lunch,Tea,Drinks,360,137,104,33,15,Cloudy,No,4.8
2025-05-21,Wednesday,Breakfast,Masala Dosa,Meals,204,83,26,57,60,Sunny,Yes,4.2
2025-11-07,Friday,Evening,Idli,Breakfast,268,98,32,66,35,Rainy,Yes,3.7
2025-12-19,Friday,Lunch,Vada Pav,Snacks,407,148,116,32,25,Rainy,No,3.4
2025-07-18,Friday,Lunch,Coffee,Drinks,220,94,34,60,25,Sunny,Yes,4.5
2025-01-08,Wednesday,Lunch,Tea,Drinks,263,114,54,60,15,Rainy,Yes,3.4
2025-08-13,Wednesday,Evening,Coffee,Drinks,502,164,151,13,25,Cloudy,No,3.8
2025-01-22,Wednesday,Evening,Tea,Drinks,518,157,141,16,15,Cloudy,No,4.1
2025-10-02,Thursday,Evening,Veg Sandwich,Snacks,416,131,80,51,40,Sunny,No,4.8
2025-05-06,Tuesday,Evening,Cold Drink,Drinks,352,121,72,49,30,Rainy,Yes,4.5
2025-01-26,Sunday,Breakfast,Veg Thali,Meals,375,132,86,46,90,Cloudy,No,3.9
2025-08-05,Tuesday,Lunch,Idli,Breakfast,177,89,33,56,35,Rainy,Yes,3.9
2025-09-14,Sunday,Breakfast,Vada Pav,Snacks,548,155,130,25,25,Rainy,Yes,3.9
2025-04-02,Wednesday,Lunch,Idli,Breakfast,514,149,119,30,35,Sunny,No,4.4
2025-12-31,Wednesday,Breakfast,Samosa,Snacks,196,91,25,66,20,Sunny,No,4.0
2025-07-16,Wednesday,Evening,Cold Drink,Drinks,463,144,103,41,30,Sunny,No,4.5
2025-06-21,Saturday,Evening,Vada Pav,Snacks,233,101,36,65,25,Sunny,Yes,3.8
2025-06-08,Sunday,Evening,Coffee,Drinks,297,100,37,63,25,Rainy,Yes,4.9
2025-01-02,Thursday,Evening,Veg Thali,Meals,156,85,27,58,90,Cloudy,No,4.6
2025-11-08,Saturday,Lunch,Masala Dosa,Meals,261,107,51,56,60,Rainy,No,3.2
2025-11-04,Tuesday,Breakfast,Masala Dosa,Meals,430,121,66,55,60,Cloudy,Yes,3.1
2025-06-28,Saturday,Breakfast,Vada Pav,Snacks,587,159,135,24,25,Sunny,No,3.1
2025-08-02,Saturday,Breakfast,Vada Pav,Snacks,494,166,160,6,25,Cloudy,Yes,4.2
2025-01-19,Sunday,Breakfast,Veg Thali,Meals,315,120,74,46,90,Cloudy,No,3.9
2025-10-09,Thursday,Breakfast,Veg Thali,Meals,391,133,88,45,90,Sunny,Yes,3.7
2025-07-31,Thursday,Evening,Masala Dosa,Meals,506,136,99,37,60,Sunny,Yes,5.0
2025-09-28,Sunday,Breakfast,Coffee,Drinks,520,151,130,21,25,Rainy,No,3.6
2025-09-27,Saturday,Evening,Idli,Breakfast,331,116,66,50,35,Sunny,No,4.0
2025-04-03,Thursday,Evening,Masala Dosa,Meals,512,133,83,50,60,Cloudy,Yes,3.9
2025-03-02,Sunday,Evening,Masala Dosa,Meals,559,158,136,22,60,Rainy,No,3.7
2025-11-23,Sunday,Breakfast,Veg Sandwich,Snacks,477,136,90,46,40,Sunny,No,3.6
2025-09-17,Wednesday,Evening,Pav Bhaji,Meals,542,165,153,12,70,Sunny,Yes,3.8
2025-10-19,Sunday,Evening,Veg Sandwich,Snacks,576,157,135,22,40,Sunny,Yes,4.8
2025-09-03,Wednesday,Lunch,Veg Sandwich,Snacks,480,145,112,33,40,Sunny,No,4.8
2025-10-02,Thursday,Lunch,Coffee,Drinks,551,187,182,5,25,Cloudy,Yes,4.1
2025-12-14,Sunday,Lunch,Cold Drink,Drinks,424,147,115,32,30,Sunny,Yes,4.6
2025-07-01,Tuesday,Breakfast,Vada Pav,Snacks,293,119,70,49,25,Sunny,No,4.1
2025-03-26,Wednesday,Evening,Idli,Breakfast,349,129,88,41,35,Sunny,Yes,3.6
2025-06-11,Wednesday,Evening,Veg Sandwich,Snacks,289,107,47,60,40,Cloudy,Yes,3.7
2025-06-04,Wednesday,Breakfast,Cold Drink,Drinks,304,107,44,63,30,Sunny,Yes,4.6
2025-02-17,Monday,Lunch,Cold Drink,Drinks,162,82,23,59,30,Cloudy,Yes,4.5
2025-09-26,Friday,Lunch,Pav Bhaji,Meals,223,95,29,66,70,Sunny,Yes,3.9
2025-09-25,Thursday,Breakfast,Veg Sandwich,Snacks,309,107,44,63,40,Sunny,Yes,3.2
2025-12-04,Thursday,Evening,Veg Thali,Meals,161,83,20,63,90,Rainy,No,3.6
2025-04-09,Wednesday,Lunch,Veg Thali,Meals,422,150,119,31,90,Cloudy,No,3.3
2025-05-21,Wednesday,Breakfast,Veg Sandwich,Snacks,468,133,88,45,40,Rainy,Yes,4.1
2025-05-19,Monday,Breakfast,Veg Thali,Meals,443,124,77,47,90,Sunny,Yes,4.8
2025-10-04,Saturday,Lunch,Veg Sandwich,Snacks,216,105,41,64,40,Sunny,No,3.2
2025-01-28,Tuesday,Breakfast,Tea,Drinks,350,123,70,53,15,Sunny,No,3.7
2025-04-12,Saturday,Evening,Cold Drink,Drinks,190,82,28,54,30,Cloudy,Yes,4.8
2025-08-28,Thursday,Breakfast,Coffee,Drinks,308,110,51,59,25,Rainy,No,3.3
2025-11-12,Wednesday,Lunch,Pav Bhaji,Meals,350,136,93,43,70,Sunny,No,3.9
2025-01-16,Thursday,Breakfast,Coffee,Drinks,207,90,26,64,25,Cloudy,No,3.6
2025-06-28,Saturday,Evening,Idli,Breakfast,215,91,36,55,35,Rainy,Yes,4.6
2025-06-16,Monday,Evening,Samosa,Snacks,555,156,134,22,20,Cloudy,No,3.5
2025-05-05,Monday,Evening,Vada Pav,Snacks,396,124,81,43,25,Cloudy,Yes,4.4
2025-08-09,Saturday,Lunch,Idli,Breakfast,553,160,146,14,35,Cloudy,Yes,3.2
2025-12-31,Wednesday,Evening,Coffee,Drinks,208,88,23,65,25,Rainy,No,4.6
2025-04-01,Tuesday,Lunch,Tea,Drinks,185,94,37,57,15,Rainy,Yes,4.5
2025-07-14,Monday,Lunch,Coffee,Drinks,480,143,114,29,25,Rainy,Yes,3.3
2025-10-25,Saturday,Evening,Veg Sandwich,Snacks,537,155,129,26,40,Sunny,Yes,3.8
2025-10-23,Thursday,Lunch,Masala Dosa,Meals,255,103,51,52,60,Rainy,No,4.8
2025-06-05,Thursday,Lunch,Pav Bhaji,Meals,195,95,37,58,70,Rainy,Yes,3.8
2025-03-07,Friday,Lunch,Veg Sandwich,Snacks,339,113,60,53,40,Rainy,Yes,4.6
2025-07-03,Thursday,Breakfast,Veg Thali,Meals,593,165,156,9,90,Sunny,Yes,3.8
2025-06-12,Thursday,Evening,Tea,Drinks,357,122,75,47,15,Cloudy,No,3.3
2025-03-13,Thursday,Breakfast,Cold Drink,Drinks,346,110,61,49,30,Cloudy,No,4.3
2025-03-10,Monday,Breakfast,Samosa,Snacks,481,154,130,24,20,Sunny,Yes,4.3
2025-03-11,Tuesday,Breakfast,Vada Pav,Snacks,478,159,145,14,25,Cloudy,No,4.2
2025-08-06,Wednesday,Evening,Vada Pav,Snacks,382,127,81,46,25,Rainy,No,3.8
2025-04-26,Saturday,Breakfast,Tea,Drinks,459,153,124,29,15,Sunny,No,4.4
2025-05-18,Sunday,Lunch,Cold Drink,Drinks,445,166,158,8,30,Cloudy,Yes,4.0
2025-07-08,Tuesday,Breakfast,Idli,Breakfast,396,118,70,48,35,Rainy,Yes,4.1
2025-05-24,Saturday,Lunch,Cold Drink,Drinks,190,89,32,57,30,Rainy,Yes,4.5
2025-12-09,Tuesday,Breakfast,Cold Drink,Drinks,558,166,154,12,30,Rainy,No,4.1
2025-01-06,Monday,Lunch,Coffee,Drinks,412,140,108,32,25,Cloudy,No,3.6
2025-03-27,Thursday,Breakfast,Idli,Breakfast,533,139,101,38,35,Cloudy,No,4.2
2025-10-21,Tuesday,Breakfast,Veg Thali,Meals,564,153,123,30,90,Rainy,Yes,3.3
2025-02-09,Sunday,Lunch,Veg Thali,Meals,217,95,33,62,90,Rainy,No,3.0
2025-02-27,Thursday,Evening,Vada Pav,Snacks,452,145,111,34,25,Rainy,Yes,4.6
2025-05-14,Wednesday,Evening,Masala Dosa,Meals,398,124,70,54,60,Sunny,Yes,4.9
2025-11-01,Saturday,Breakfast,Coffee,Drinks,535,146,114,32,25,Cloudy,No,4.5
2025-03-27,Thursday,Breakfast,Idli,Breakfast,525,160,148,12,35,Cloudy,Yes,4.6
2025-01-27,Monday,Breakfast,Coffee,Drinks,354,120,74,46,25,Cloudy,No,4.8
2025-04-30,Wednesday,Lunch,Tea,Drinks,392,139,100,39,15,Cloudy,Yes,3.0
2025-08-18,Monday,Lunch,Pav Bhaji,Meals,421,132,89,43,70,Rainy,Yes,4.3
2025-08-10,Sunday,Evening,Veg Thali,Meals,321,121,68,53,90,Cloudy,No,4.3
2025-07-20,Sunday,Lunch,Masala Dosa,Meals,525,168,164,4,60,Rainy,Yes,4.4
2025-04-03,Thursday,Lunch,Cold Drink,Drinks,155,88,22,66,30,Rainy,Yes,3.8
2025-09-26,Friday,Breakfast,Coffee,Drinks,329,109,47,62,25,Sunny,No,3.0
2025-02-17,Monday,Breakfast,Idli,Breakfast,486,154,125,29,35,Sunny,Yes,3.2
2025-11-06,Thursday,Breakfast,Tea,Drinks,486,161,149,12,15,Rainy,Yes,3.4
2025-05-31,Saturday,Lunch,Samosa,Snacks,477,166,161,5,20,Cloudy,No,4.8
2025-06-15,Sunday,Lunch,Vada Pav,Snacks,549,184,181,3,25,Sunny,No,3.8
2025-01-31,Friday,Lunch,Veg Thali,Meals,241,104,42,62,90,Cloudy,Yes,4.2
2025-04-02,Wednesday,Evening,Coffee,Drinks,205,86,30,56,25,Sunny,No,3.2
2025-08-15,Friday,Evening,Veg Thali,Meals,202,83,28,55,90,Sunny,Yes,3.5
2025-08-17,Sunday,Breakfast,Coffee,Drinks,226,102,47,55,25,Rainy,Yes,3.8
2025-03-19,Wednesday,Evening,Pav Bhaji,Meals,350,120,74,46,70,Rainy,Yes,4.0
2025-08-12,Tuesday,Lunch,Samosa,Snacks,426,142,110,32,20,Sunny,Yes,4.6
2025-09-04,Thursday,Breakfast,Idli,Breakfast,424,140,102,38,35,Cloudy,No,3.1
2025-11-28,Friday,Breakfast,Pav Bhaji,Meals,423,145,117,28,70,Cloudy,Yes,4.5
2025-11-28,Friday,Breakfast,Vada Pav,Snacks,433,141,102,39,25,Sunny,No,4.4
2025-02-24,Monday,Evening,Pav Bhaji,Meals,399,136,91,45,70,Sunny,No,3.1
2025-01-13,Monday,Evening,Idli,Breakfast,272,95,37,58,35,Cloudy,No,4.3
2025-09-13,Saturday,Evening,Coffee,Drinks,158,76,23,53,25,Sunny,No,4.4
2025-07-27,Sunday,Breakfast,Masala Dosa,Meals,563,181,181,0,60,Rainy,No,4.7
2025-03-18,Tuesday,Evening,Idli,Breakfast,269,108,52,56,35,Sunny,Yes,4.3
2025-08-30,Saturday,Evening,Veg Sandwich,Snacks,274,94,38,56,40,Rainy,Yes,3.1
2025-06-07,Saturday,Breakfast,Coffee,Drinks,462,153,122,31,25,Sunny,Yes,3.2
2025-11-01,Saturday,Evening,Masala Dosa,Meals,182,84,30,54,60,Sunny,No,5.0
2025-12-14,Sunday,Lunch,Pav Bhaji,Meals,211,94,40,54,70,Rainy,Yes,3.4
2025-01-24,Friday,Evening,Vada Pav,Snacks,321,108,57,51,25,Sunny,Yes,3.8
2025-12-23,Tuesday,Lunch,Cold Drink,Drinks,234,110,47,63,30,Cloudy,Yes,3.3
2025-11-20,Thursday,Evening,Tea,Drinks,548,175,167,8,15,Sunny,Yes,3.0
2025-04-02,Wednesday,Breakfast,Idli,Breakfast,295,113,55,58,35,Cloudy,No,3.3
2025-05-19,Monday,Evening,Coffee,Drinks,360,124,69,55,25,Sunny,Yes,4.2
2025-09-13,Saturday,Evening,Samosa,Snacks,471,141,106,35,20,Cloudy,No,3.5
2025-03-02,Sunday,Evening,Samosa,Snacks,466,141,108,33,20,Cloudy,Yes,4.3
2025-05-22,Thursday,Breakfast,Masala Dosa,Meals,207,91,27,64,60,Sunny,No,4.3
2025-01-23,Thursday,Breakfast,Pav Bhaji,Meals,295,103,48,55,70,Sunny,No,4.6
2025-08-21,Thursday,Breakfast,Samosa,Snacks,529,142,99,43,20,Sunny,Yes,4.0
2025-03-01,Saturday,Breakfast,Masala Dosa,Meals,519,150,126,24,60,Cloudy,No,4.4
2025-06-16,Monday,Breakfast,Samosa,Snacks,316,106,49,57,20,Sunny,Yes,4.7
2025-07-12,Saturday,Breakfast,Samosa,Snacks,391,115,60,55,20,Rainy,No,3.3
2025-11-09,Sunday,Lunch,Vada Pav,Snacks,348,127,76,51,25,Cloudy,Yes,4.3
2025-05-19,Monday,Breakfast,Pav Bhaji,Meals,215,89,24,65,70,Sunny,Yes,4.7
2025-08-23,Saturday,Lunch,Vada Pav,Snacks,539,186,186,0,25,Cloudy,Yes,3.3
2025-11-23,Sunday,Evening,Vada Pav,Snacks,445,125,83,42,25,Rainy,Yes,4.0
2025-04-21,Monday,Evening,Coffee,Drinks,578,144,109,35,25,Cloudy,No,4.5
2025-05-07,Wednesday,Breakfast,Pav Bhaji,Meals,372,135,96,39,70,Rainy,Yes,4.9
2025-10-21,Tuesday,Breakfast,Tea,Drinks,172,87,29,58,15,Sunny,No,3.1
2025-09-29,Monday,Lunch,Coffee,Drinks,564,174,168,6,25,Rainy,Yes,3.2
2025-01-07,Tuesday,Evening,Tea,Drinks,261,98,42,56,15,Sunny,No,5.0
2025-01-09,Thursday,Lunch,Veg Thali,Meals,232,108,56,52,90,Rainy,No,4.2
2025-08-21,Thursday,Lunch,Vada Pav,Snacks,597,170,170,0,25,Rainy,No,3.7
2025-08-26,Tuesday,Evening,Veg Sandwich,Snacks,590,162,152,10,40,Rainy,Yes,3.7
2025-01-17,Friday,Lunch,Tea,Drinks,535,181,173,8,15,Cloudy,Yes,4.2
2025-06-21,Saturday,Evening,Veg Sandwich,Snacks,413,144,104,40,40,Rainy,No,3.8
2025-08-27,Wednesday,Evening,Veg Sandwich,Snacks,337,121,74,47,40,Cloudy,Yes,3.1
2025-12-30,Tuesday,Breakfast,Vada Pav,Snacks,321,117,69,48,25,Sunny,Yes,4.9
2025-10-25,Saturday,Evening,Masala Dosa,Meals,535,149,117,32,60,Rainy,Yes,4.0
2025-08-05,Tuesday,Lunch,Veg Sandwich,Snacks,182,90,32,58,40,Cloudy,No,4.1
2025-03-04,Tuesday,Lunch,Cold Drink,Drinks,497,160,140,20,30,Rainy,No,4.6
2025-12-21,Sunday,Breakfast,Masala Dosa,Meals,384,123,69,54,60,Sunny,Yes,3.6
2025-02-09,Sunday,Breakfast,Vada Pav,Snacks,291,108,58,50,25,Sunny,Yes,3.4
2025-11-18,Tuesday,Breakfast,Veg Thali,Meals,363,121,70,51,90,Rainy,Yes,3.9
2025-11-27,Thursday,Breakfast,Veg Thali,Meals,246,106,45,61,90,Sunny,Yes,4.7
2025-09-24,Wednesday,Evening,Pav Bhaji,Meals,360,126,83,43,70,Rainy,No,3.7
2025-10-31,Friday,Evening,Cold Drink,Drinks,581,164,154,10,30,Rainy,No,3.3
2025-06-06,Friday,Breakfast,Veg Thali,Meals,266,112,63,49,90,Cloudy,No,4.7
2025-03-17,Monday,Lunch,Veg Thali,Meals,383,142,103,39,90,Sunny,Yes,3.4
2025-03-31,Monday,Evening,Vada Pav,Snacks,232,88,27,61,25,Sunny,Yes,4.1
2025-08-14,Thursday,Lunch,Pav Bhaji,Meals,244,107,49,58,70,Sunny,Yes,3.3
2025-08-18,Monday,Evening,Vada Pav,Snacks,423,147,116,31,25,Cloudy,Yes,4.9
2025-03-16,Sunday,Lunch,Pav Bhaji,Meals,229,104,43,61,70,Sunny,No,3.9
2025-05-29,Thursday,Evening,Vada Pav,Snacks,559,155,126,29,25,Rainy,No,4.5
2025-01-21,Tuesday,Breakfast,Cold Drink,Drinks,209,90,36,54,30,Cloudy,Yes,3.4
2025-07-02,Wednesday,Breakfast,Pav Bhaji,Meals,178,86,23,63,70,Rainy,Yes,4.6
2025-05-23,Friday,Breakfast,Veg Sandwich,Snacks,192,90,25,65,40,Rainy,No,5.0
2025-07-21,Monday,Breakfast,Coffee,Drinks,312,121,69,52,25,Rainy,Yes,3.8
2025-08-07,Thursday,Lunch,Tea,Drinks,340,122,69,53,15,Sunny,No,5.0
2025-10-15,Wednesday,Breakfast,Masala Dosa,Meals,522,166,153,13,60,Cloudy,No,3.3
2025-08-06,Wednesday,Evening,Tea,Drinks,221,88,25,63,15,Rainy,Yes,3.9
2025-09-26,Friday,Lunch,Samosa,Snacks,452,134,96,38,20,Cloudy,Yes,4.8
2025-08-01,Friday,Breakfast,Cold Drink,Drinks,386,118,72,46,30,Rainy,Yes,3.8
2025-10-11,Saturday,Lunch,Veg Sandwich,Snacks,571,178,178,0,40,Cloudy,No,3.9
2025-01-14,Tuesday,Breakfast,Vada Pav,Snacks,284,98,43,55,25,Cloudy,No,4.8
2025-08-02,Saturday,Breakfast,Coffee,Drinks,502,132,94,38,25,Rainy,Yes,3.6
2025-02-04,Tuesday,Evening,Pav Bhaji,Meals,447,151,127,24,70,Cloudy,No,4.4
2025-12-22,Monday,Breakfast,Pav Bhaji,Meals,412,143,103,40,70,Rainy,Yes,4.2
2025-03-16,Sunday,Lunch,Coffee,Drinks,599,178,169,9,25,Rainy,Yes,3.5
2025-08-03,Sunday,Evening,Pav Bhaji,Meals,174,85,19,66,70,Cloudy,No,4.0
2025-11-18,Tuesday,Breakfast,Samosa,Snacks,456,153,135,18,20,Sunny,No,4.7
2025-06-04,Wednesday,Lunch,Pav Bhaji,Meals,199,99,34,65,70,Rainy,No,3.3
2025-05-25,Sunday,Lunch,Coffee,Drinks,360,120,64,56,25,Cloudy,Yes,4.0
2025-04-07,Monday,Evening,Idli,Breakfast,503,147,110,37,35,Rainy,Yes,3.2
2025-03-09,Sunday,Breakfast,Coffee,Drinks,328,106,50,56,25,Cloudy,No,4.8
2025-11-02,Sunday,Evening,Pav Bhaji,Meals,238,89,35,54,70,Rainy,No,3.2
2025-03-07,Friday,Evening,Vada Pav,Snacks,502,136,90,46,25,Sunny,No,5.0
2025-08-06,Wednesday,Evening,Samosa,Snacks,189,91,25,66,20,Sunny,No,3.4
2025-01-17,Friday,Evening,Cold Drink,Drinks,453,127,77,50,30,Sunny,No,3.1
2025-06-04,Wednesday,Evening,Veg Sandwich,Snacks,536,174,168,6,40,Sunny,Yes,4.2
2025-04-13,Sunday,Breakfast,Pav Bhaji,Meals,164,87,24,63,70,Sunny,Yes,4.9
2025-06-28,Saturday,Lunch,Vada Pav,Snacks,587,182,174,8,25,Rainy,Yes,3.2
2025-10-24,Friday,Breakfast,Cold Drink,Drinks,261,111,51,60,30,Rainy,Yes,4.8
2025-10-03,Friday,Breakfast,Samosa,Snacks,259,99,42,57,20,Rainy,No,3.4
2025-12-11,Thursday,Breakfast,Vada Pav,Snacks,577,162,148,14,25,Cloudy,No,3.5
2025-02-27,Thursday,Lunch,Samosa,Snacks,388,137,95,42,20,Sunny,Yes,4.4
2025-10-13,Monday,Evening,Veg Sandwich,Snacks,192,82,20,62,40,Cloudy,No,3.9
2025-06-09,Monday,Evening,Coffee,Drinks,265,98,46,52,25,Rainy,No,3.9
2025-02-05,Wednesday,Lunch,Pav Bhaji,Meals,241,107,50,57,70,Sunny,No,3.9
2025-12-04,Thursday,Evening,Samosa,Snacks,211,90,33,57,20,Sunny,No,5.0
2025-03-28,Friday,Breakfast,Pav Bhaji,Meals,251,101,43,58,70,Cloudy,Yes,3.2
2025-08-06,Wednesday,Evening,Coffee,Drinks,292,114,65,49,25,Rainy,No,4.3
2025-07-24,Thursday,Lunch,Coffee,Drinks,491,178,177,1,25,Rainy,No,3.6
2025-08-21,Thursday,Breakfast,Samosa,Snacks,278,99,36,63,20,Cloudy,No,3.1
2025-01-28,Tuesday,Breakfast,Coffee,Drinks,497,145,115,30,25,Sunny,Yes,3.7
2025-06-05,Thursday,Evening,Idli,Breakfast,199,94,31,63,35,Sunny,No,3.6
2025-09-12,Friday,Lunch,Cold Drink,Drinks,283,120,70,50,30,Rainy,No,4.1
2025-01-17,Friday,Lunch,Samosa,Snacks,346,137,97,40,20,Cloudy,No,3.9
2025-01-17,Friday,Breakfast,Cold Drink,Drinks,487,147,111,36,30,Cloudy,Yes,3.6
2025-07-19,Saturday,Lunch,Samosa,Snacks,441,154,133,21,20,Rainy,No,4.1
2025-08-29,Friday,Lunch,Cold Drink,Drinks,587,177,175,2,30,Sunny,Yes,4.2
2025-07-13,Sunday,Evening,Pav Bhaji,Meals,542,140,105,35,70,Cloudy,No,3.1
2025-07-07,Monday,Lunch,Idli,Breakfast,163,85,24,61,35,Rainy,No,3.7
2025-07-02,Wednesday,Lunch,Pav Bhaji,Meals,178,86,30,56,70,Rainy,Yes,3.6
2025-02-13,Thursday,Evening,Samosa,Snacks,594,161,138,23,20,Cloudy,Yes,4.1
2025-01-20,Monday,Lunch,Tea,Drinks,440,141,108,33,15,Rainy,No,3.9
2025-01-12,Sunday,Lunch,Tea,Drinks,442,151,130,21,15,Cloudy,No,4.0
2025-12-20,Saturday,Evening,Masala Dosa,Meals,322,106,46,60,60,Cloudy,No,3.7
2025-08-12,Tuesday,Breakfast,Coffee,Drinks,475,137,90,47,25,Sunny,Yes,3.6
2025-10-21,Tuesday,Lunch,Masala Dosa,Meals,469,163,151,12,60,Rainy,Yes,3.2
2025-06-22,Sunday,Lunch,Samosa,Snacks,440,146,112,34,20,Rainy,No,4.6
2025-11-30,Sunday,Lunch,Cold Drink,Drinks,561,183,179,4,30,Cloudy,No,3.4
2025-07-25,Friday,Lunch,Idli,Breakfast,413,154,134,20,35,Cloudy,Yes,4.4
2025-04-06,Sunday,Evening,Coffee,Drinks,259,97,41,56,25,Rainy,No,4.1
2025-11-11,Tuesday,Lunch,Idli,Breakfast,522,168,159,9,35,Rainy,Yes,3.9
2025-05-04,Sunday,Breakfast,Veg Thali,Meals,582,158,145,13,90,Cloudy,No,4.8
2025-11-21,Friday,Breakfast,Tea,Drinks,286,101,45,56,15,Cloudy,Yes,3.5
2025-05-03,Saturday,Breakfast,Vada Pav,Snacks,248,105,45,60,25,Sunny,Yes,3.9
2025-10-14,Tuesday,Lunch,Tea,Drinks,481,145,108,37,15,Sunny,Yes,3.1
2025-05-23,Friday,Evening,Cold Drink,Drinks,240,106,49,57,30,Rainy,Yes,4.6
2025-01-29,Wednesday,Breakfast,Pav Bhaji,Meals,458,155,131,24,70,Cloudy,Yes,4.8
2025-12-10,Wednesday,Evening,Samosa,Snacks,353,113,61,52,20,Rainy,Yes,4.5
2025-03-03,Monday,Evening,Idli,Breakfast,546,159,134,25,35,Rainy,No,3.5
2025-03-04,Tuesday,Lunch,Pav Bhaji,Meals,576,192,192,0,70,Rainy,No,3.5
2025-08-05,Tuesday,Breakfast,Vada Pav,Snacks,204,97,39,58,25,Sunny,Yes,3.8
2025-10-29,Wednesday,Breakfast,Coffee,Drinks,423,128,81,47,25,Cloudy,Yes,3.9
2025-05-07,Wednesday,Lunch,Vada Pav,Snacks,335,133,83,50,25,Cloudy,No,4.3
2025-11-07,Friday,Breakfast,Veg Sandwich,Snacks,503,141,103,38,40,Rainy,Yes,3.6
2025-12-25,Thursday,Lunch,Samosa,Snacks,423,141,104,37,20,Sunny,No,4.9
2025-05-11,Sunday,Lunch,Samosa,Snacks,571,166,151,15,20,Sunny,No,4.8
2025-11-20,Thursday,Lunch,Tea,Drinks,554,189,189,0,15,Sunny,No,4.6
2025-09-09,Tuesday,Lunch,Tea,Drinks,580,196,196,0,15,Cloudy,No,3.2
2025-03-24,Monday,Evening,Veg Thali,Meals,409,129,87,42,90,Sunny,No,4.6
2025-06-17,Tuesday,Lunch,Veg Sandwich,Snacks,540,176,176,0,40,Sunny,Yes,4.3
2025-01-02,Thursday,Lunch,Masala Dosa,Meals,471,158,133,25,60,Cloudy,No,3.3
2025-09-22,Monday,Evening,Vada Pav,Snacks,583,179,175,4,25,Rainy,No,3.9
2025-03-10,Monday,Lunch,Vada Pav,Snacks,501,173,167,6,25,Rainy,No,3.2
2025-07-08,Tuesday,Breakfast,Tea,Drinks,598,148,111,37,15,Cloudy,Yes,4.8
2025-11-28,Friday,Evening,Masala Dosa,Meals,195,85,32,53,60,Cloudy,Yes,3.3
2025-07-25,Friday,Evening,Tea,Drinks,457,127,78,49,15,Cloudy,Yes,3.3
2025-10-18,Saturday,Breakfast,Veg Sandwich,Snacks,517,163,150,13,40,Rainy,No,4.7
2025-09-11,Thursday,Breakfast,Masala Dosa,Meals,515,170,170,0,60,Sunny,Yes,4.6
2025-05-28,Wednesday,Evening,Coffee,Drinks,345,128,84,44,25,Sunny,No,3.4
2025-05-25,Sunday,Evening,Masala Dosa,Meals,364,130,79,51,60,Sunny,No,3.6
2025-05-15,Thursday,Breakfast,Idli,Breakfast,380,128,85,43,35,Sunny,No,3.9
2025-01-06,Monday,Lunch,Vada Pav,Snacks,596,192,192,0,25,Cloudy,No,3.8
2025-08-05,Tuesday,Evening,Idli,Breakfast,281,107,44,63,35,Sunny,Yes,3.7
2025-05-01,Thursday,Lunch,Pav Bhaji,Meals,460,136,97,39,70,Rainy,Yes,4.2
2025-06-04,Wednesday,Lunch,Pav Bhaji,Meals,217,100,39,61,70,Rainy,Yes,3.3
2025-09-10,Wednesday,Lunch,Coffee,Drinks,217,102,43,59,25,Sunny,No,3.3
2025-03-01,Saturday,Lunch,Veg Sandwich,Snacks,215,102,43,59,40,Cloudy,No,3.6
2025-05-15,Thursday,Evening,Veg Thali,Meals,414,144,109,35,90,Cloudy,No,4.5
2025-09-09,Tuesday,Breakfast,Cold Drink,Drinks,586,147,111,36,30,Rainy,No,3.1
2025-04-04,Friday,Breakfast,Coffee,Drinks,283,105,48,57,25,Sunny,No,3.1
2025-07-02,Wednesday,Evening,Cold Drink,Drinks,398,118,70,48,30,Cloudy,No,4.7
2025-03-05,Wednesday,Lunch,Samosa,Snacks,254,113,63,50,20,Cloudy,Yes,4.0
2025-05-20,Tuesday,Evening,Idli,Breakfast,258,102,46,56,35,Rainy,Yes,3.4
2025-02-09,Sunday,Breakfast,Coffee,Drinks,496,131,90,41,25,Sunny,No,5.0
2025-03-04,Tuesday,Lunch,Pav Bhaji,Meals,452,139,96,43,70,Sunny,No,3.9
2025-12-29,Monday,Evening,Coffee,Drinks,382,129,76,53,25,Rainy,No,3.7
2025-01-23,Thursday,Evening,Idli,Breakfast,381,117,58,59,35,Cloudy,Yes,4.6
2025-05-25,Sunday,Lunch,Veg Sandwich,Snacks,530,153,125,28,40,Sunny,No,3.4
2025-07-24,Thursday,Breakfast,Veg Sandwich,Snacks,586,162,146,16,40,Sunny,Yes,3.6
2025-12-01,Monday,Breakfast,Samosa,Snacks,302,115,59,56,20,Cloudy,No,4.8
2025-11-05,Wednesday,Breakfast,Pav Bhaji,Meals,490,148,118,30,70,Sunny,No,3.9
2025-07-18,Friday,Lunch,Veg Thali,Meals,438,135,92,43,90,Rainy,No,4.6
2025-11-11,Tuesday,Breakfast,Tea,Drinks,472,128,80,48,15,Cloudy,Yes,4.9
2025-12-13,Saturday,Breakfast,Vada Pav,Snacks,403,124,74,50,25,Rainy,Yes,3.2
2025-09-02,Tuesday,Lunch,Vada Pav,Snacks,215,103,47,56,25,Rainy,No,3.9
2025-10-19,Sunday,Breakfast,Cold Drink,Drinks,189,87,27,60,30,Sunny,Yes,3.2
2025-12-05,Friday,Evening,Idli,Breakfast,566,152,120,32,35,Cloudy,No,4.5
2025-01-09,Thursday,Breakfast,Coffee,Drinks,241,89,29,60,25,Sunny,No,4.8
2025-06-02,Monday,Lunch,Idli,Breakfast,520,171,165,6,35,Cloudy,No,3.7
2025-04-06,Sunday,Breakfast,Vada Pav,Snacks,190,93,28,65,25,Rainy,No,3.9
2025-01-10,Friday,Breakfast,Tea,Drinks,209,94,35,59,15,Sunny,Yes,4.4
2025-12-03,Wednesday,Evening,Idli,Breakfast,521,158,141,17,35,Cloudy,No,3.7
2025-12-11,Thursday,Evening,Tea,Drinks,561,146,107,39,15,Cloudy,Yes,3.4
2025-01-09,Thursday,Evening,Masala Dosa,Meals,589,166,152,14,60,Sunny,Yes,4.3
2025-08-12,Tuesday,Evening,Cold Drink,Drinks,247,104,42,62,30,Sunny,No,3.9
2025-01-12,Sunday,Breakfast,Vada Pav,Snacks,228,103,46,57,25,Rainy,No,3.0
2025-08-19,Tuesday,Evening,Masala Dosa,Meals,253,92,25,67,60,Cloudy,No,3.2
2025-08-10,Sunday,Lunch,Coffee,Drinks,527,150,121,29,25,Rainy,No,4.0
2025-10-30,Thursday,Evening,Idli,Breakfast,497,157,137,20,35,Cloudy,Yes,3.0
2025-10-23,Thursday,Lunch,Cold Drink,Drinks,182,96,31,65,30,Cloudy,No,4.0
2025-11-27,Thursday,Lunch,Coffee,Drinks,507,151,128,23,25,Cloudy,Yes,3.4
2025-06-26,Thursday,Lunch,Masala Dosa,Meals,409,154,137,17,60,Sunny,No,4.7
2025-12-03,Wednesday,Lunch,Vada Pav,Snacks,300,127,87,40,25,Rainy,No,4.9
2025-12-01,Monday,Evening,Pav Bhaji,Meals,557,166,153,13,70,Cloudy,Yes,4.4
2025-02-14,Friday,Evening,Coffee,Drinks,216,87,28,59,25,Sunny,Yes,3.2
2025-08-01,Friday,Lunch,Veg Thali,Meals,270,120,68,52,90,Sunny,Yes,4.8
2025-07-02,Wednesday,Evening,Vada Pav,Snacks,239,103,43,60,25,Rainy,Yes,3.9
2025-11-13,Thursday,Breakfast,Samosa,Snacks,437,129,82,47,20,Sunny,No,4.6
2025-01-24,Friday,Evening,Veg Thali,Meals,227,98,40,58,90,Rainy,Yes,4.6
2025-02-26,Wednesday,Breakfast,Idli,Breakfast,462,142,102,40,35,Sunny,Yes,4.3
2025-04-16,Wednesday,Lunch,Vada Pav,Snacks,522,177,175,2,25,Cloudy,No,4.5
2025-02-20,Thursday,Breakfast,Pav Bhaji,Meals,321,122,72,50,70,Sunny,Yes,4.9
2025-01-04,Saturday,Breakfast,Coffee,Drinks,324,104,45,59,25,Cloudy,Yes,4.4
2025-08-01,Friday,Lunch,Masala Dosa,Meals,227,105,44,61,60,Rainy,No,4.6
2025-07-31,Thursday,Lunch,Coffee,Drinks,586,201,198,3,25,Rainy,No,3.3
2025-01-06,Monday,Evening,Cold Drink,Drinks,185,84,30,54,30,Sunny,No,3.3
2025-02-01,Saturday,Lunch,Veg Sandwich,Snacks,488,174,165,9,40,Rainy,Yes,5.0
2025-12-05,Friday,Evening,Veg Thali,Meals,364,128,80,48,90,Cloudy,No,4.8
2025-01-05,Sunday,Lunch,Cold Drink,Drinks,462,152,122,30,30,Sunny,No,4.8
2025-11-16,Sunday,Evening,Coffee,Drinks,507,161,143,18,25,Cloudy,No,3.2
2025-10-03,Friday,Lunch,Tea,Drinks,521,168,161,7,15,Rainy,Yes,3.6
2025-02-17,Monday,Evening,Cold Drink,Drinks,309,117,60,57,30,Rainy,No,3.0
2025-10-04,Saturday,Evening,Veg Thali,Meals,273,114,54,60,90,Cloudy,No,4.5
2025-07-10,Thursday,Lunch,Cold Drink,Drinks,331,130,80,50,30,Sunny,Yes,3.9
2025-10-21,Tuesday,Evening,Veg Sandwich,Snacks,382,135,95,40,40,Cloudy,Yes,4.1
2025-11-18,Tuesday,Evening,Cold Drink,Drinks,582,159,138,21,30,Rainy,Yes,4.3
2025-10-21,Tuesday,Evening,Vada Pav,Snacks,515,137,99,38,25,Cloudy,Yes,4.2
2025-07-04,Friday,Lunch,Samosa,Snacks,225,106,43,63,20,Rainy,No,3.2
2025-08-06,Wednesday,Breakfast,Coffee,Drinks,259,99,42,57,25,Cloudy,Yes,3.8
2025-10-14,Tuesday,Evening,Tea,Drinks,596,175,173,2,15,Cloudy,No,4.4
2025-09-08,Monday,Evening,Tea,Drinks,571,164,152,12,15,Sunny,Yes,4.4
2025-03-08,Saturday,Evening,Cold Drink,Drinks,591,176,174,2,30,Rainy,Yes,3.9
2025-03-22,Saturday,Evening,Pav Bhaji,Meals,210,85,24,61,70,Rainy,No,4.1
2025-01-21,Tuesday,Evening,Vada Pav,Snacks,210,99,38,61,25,Cloudy,No,3.6
2025-01-15,Wednesday,Breakfast,Vada Pav,Snacks,551,141,102,39,25,Rainy,No,4.8
2025-04-21,Monday,Breakfast,Coffee,Drinks,151,75,10,65,25,Sunny,No,3.8
2025-10-21,Tuesday,Lunch,Idli,Breakfast,381,135,97,38,35,Cloudy,No,4.7
2025-03-09,Sunday,Breakfast,Cold Drink,Drinks,475,150,118,32,30,Cloudy,No,4.7
2025-06-16,Monday,Breakfast,Idli,Breakfast,490,143,108,35,35,Rainy,No,3.7
2025-01-24,Friday,Evening,Coffee,Drinks,526,169,167,2,25,Cloudy,Yes,3.0
2025-11-19,Wednesday,Evening,Veg Thali,Meals,437,142,100,42,90,Rainy,Yes,3.4
2025-11-13,Thursday,Evening,Idli,Breakfast,537,167,159,8,35,Sunny,Yes,4.8
2025-03-03,Monday,Evening,Cold Drink,Drinks,242,103,42,61,30,Sunny,No,4.7
2025-10-24,Friday,Lunch,Samosa,Snacks,563,172,163,9,20,Rainy,No,4.0
2025-01-12,Sunday,Lunch,Tea,Drinks,242,110,53,57,15,Cloudy,Yes,3.8
2025-02-16,Sunday,Breakfast,Samosa,Snacks,427,124,72,52,20,Sunny,No,4.5
2025-03-20,Thursday,Lunch,Tea,Drinks,497,166,154,12,15,Sunny,Yes,3.4
2025-01-30,Thursday,Lunch,Tea,Drinks,200,93,32,61,15,Cloudy,Yes,3.5
2025-03-03,Monday,Breakfast,Masala Dosa,Meals,272,104,52,52,60,Rainy,Yes,4.0
2025-02-28,Friday,Lunch,Veg Sandwich,Snacks,312,110,47,63,40,Cloudy,No,3.8
2025-04-30,Wednesday,Breakfast,Veg Thali,Meals,433,128,83,45,90,Rainy,Yes,4.3
2025-03-06,Thursday,Lunch,Idli,Breakfast,358,139,102,37,35,Cloudy,Yes,3.4
2025-03-14,Friday,Lunch,Cold Drink,Drinks,236,111,57,54,30,Sunny,No,3.9
2025-01-01,Wednesday,Lunch,Idli,Breakfast,298,105,48,57,35,Rainy,Yes,3.5
2025-05-09,Friday,Evening,Tea,Drinks,329,117,66,51,15,Rainy,Yes,3.6
2025-03-24,Monday,Evening,Cold Drink,Drinks,438,124,79,45,30,Sunny,No,3.2
2025-03-13,Thursday,Evening,Cold Drink,Drinks,293,111,61,50,30,Cloudy,Yes,3.6
2025-12-16,Tuesday,Lunch,Veg Thali,Meals,535,161,148,13,90,Rainy,No,5.0
2025-06-24,Tuesday,Breakfast,Coffee,Drinks,456,155,127,28,25,Cloudy,Yes,4.3
2025-01-02,Thursday,Evening,Coffee,Drinks,152,79,24,55,25,Sunny,Yes,4.4
2025-07-21,Monday,Evening,Samosa,Snacks,553,162,153,9,20,Rainy,Yes,4.6
2025-08-16,Saturday,Evening,Samosa,Snacks,330,113,65,48,20,Cloudy,No,4.5
2025-12-23,Tuesday,Breakfast,Samosa,Snacks,386,125,73,52,20,Cloudy,Yes,4.5
2025-05-24,Saturday,Evening,Pav Bhaji,Meals,248,105,44,61,70,Sunny,No,3.5
2025-09-10,Wednesday,Lunch,Veg Sandwich,Snacks,293,105,54,51,40,Cloudy,Yes,4.3
2025-02-26,Wednesday,Lunch,Idli,Breakfast,406,142,110,32,35,Cloudy,Yes,4.5
2025-12-11,Thursday,Evening,Idli,Breakfast,439,140,107,33,35,Sunny,Yes,3.1
2025-05-13,Tuesday,Evening,Masala Dosa,Meals,417,123,77,46,60,Rainy,No,3.0
2025-12-21,Sunday,Evening,Cold Drink,Drinks,464,125,76,49,30,Cloudy,No,4.3
2025-11-29,Saturday,Breakfast,Pav Bhaji,Meals,371,113,60,53,70,Cloudy,No,3.9
2025-07-05,Saturday,Evening,Veg Sandwich,Snacks,519,145,111,34,40,Sunny,Yes,4.1
2025-06-11,Wednesday,Breakfast,Tea,Drinks,249,106,55,51,15,Cloudy,Yes,3.1
2025-04-26,Saturday,Evening,Tea,Drinks,188,82,20,62,15,Sunny,Yes,3.1
2025-11-17,Monday,Breakfast,Veg Sandwich,Snacks,395,131,90,41,40,Cloudy,Yes,4.9
2025-05-09,Friday,Breakfast,Samosa,Snacks,392,138,105,33,20,Sunny,No,3.7
2025-05-02,Friday,Breakfast,Idli,Breakfast,467,147,119,28,35,Cloudy,Yes,3.2
2025-02-01,Saturday,Breakfast,Tea,Drinks,310,118,59,59,15,Rainy,Yes,4.8
2025-08-15,Friday,Breakfast,Veg Thali,Meals,462,127,83,44,90,Rainy,No,3.1
2025-01-27,Monday,Lunch,Tea,Drinks,355,122,75,47,15,Sunny,No,4.6
2025-11-16,Sunday,Breakfast,Coffee,Drinks,346,129,85,44,25,Cloudy,No,3.2
2025-11-30,Sunday,Evening,Veg Sandwich,Snacks,382,128,76,52,40,Rainy,No,3.2
2025-11-01,Saturday,Evening,Samosa,Snacks,453,145,109,36,20,Sunny,Yes,3.7
2025-09-04,Thursday,Evening,Idli,Breakfast,377,115,54,61,35,Sunny,Yes,3.1
2025-06-09,Monday,Evening,Tea,Drinks,412,126,80,46,15,Rainy,No,4.6
2025-03-17,Monday,Lunch,Veg Thali,Meals,458,148,111,37,90,Cloudy,No,4.0
2025-12-03,Wednesday,Evening,Vada Pav,Snacks,179,84,21,63,25,Sunny,Yes,5.0
2025-11-24,Monday,Breakfast,Samosa,Snacks,324,119,68,51,20,Sunny,No,4.2
2025-06-19,Thursday,Evening,Idli,Breakfast,321,112,52,60,35,Rainy,No,3.2
2025-01-22,Wednesday,Lunch,Masala Dosa,Meals,151,86,26,60,60,Rainy,Yes,4.2
2025-05-03,Saturday,Lunch,Pav Bhaji,Meals,563,164,146,18,70,Rainy,No,4.7
2025-01-04,Saturday,Lunch,Veg Sandwich,Snacks,187,92,28,64,40,Cloudy,Yes,3.6
2025-04-10,Thursday,Evening,Idli,Breakfast,541,177,171,6,35,Cloudy,Yes,3.4
2025-03-31,Monday,Breakfast,Veg Thali,Meals,518,167,154,13,90,Sunny,No,3.4
2025-01-12,Sunday,Breakfast,Veg Thali,Meals,201,88,34,54,90,Sunny,Yes,4.8
2025-06-23,Monday,Breakfast,Veg Thali,Meals,383,135,97,38,90,Sunny,No,3.3
2025-09-27,Saturday,Evening,Tea,Drinks,599,152,121,31,15,Rainy,Yes,4.6
2025-04-09,Wednesday,Evening,Tea,Drinks,505,154,134,20,15,Cloudy,No,3.5
2025-01-24,Friday,Evening,Idli,Breakfast,246,104,45,59,35,Rainy,No,3.5
2025-11-19,Wednesday,Lunch,Vada Pav,Snacks,585,168,155,13,25,Rainy,No,4.6
2025-12-06,Saturday,Evening,Samosa,Snacks,235,101,46,55,20,Rainy,No,4.5
2025-07-11,Friday,Lunch,Cold Drink,Drinks,387,143,109,34,30,Sunny,No,4.4
2025-09-11,Thursday,Lunch,Veg Thali,Meals,447,140,99,41,90,Cloudy,Yes,3.9
2025-05-01,Thursday,Lunch,Masala Dosa,Meals,306,120,75,45,60,Cloudy,No,3.7
2025-10-09,Thursday,Breakfast,Vada Pav,Snacks,534,154,128,26,25,Sunny,No,3.5
2025-01-22,Wednesday,Lunch,Cold Drink,Drinks,468,153,127,26,30,Cloudy,No,3.8
2025-09-12,Friday,Lunch,Veg Thali,Meals,345,126,75,51,90,Sunny,Yes,4.3
2025-07-03,Thursday,Breakfast,Veg Thali,Meals,581,178,172,6,90,Rainy,Yes,3.2
2025-02-06,Thursday,Lunch,Veg Sandwich,Snacks,429,136,94,42,40,Sunny,No,3.5
2025-12-16,Tuesday,Lunch,Masala Dosa,Meals,511,184,184,0,60,Rainy,Yes,4.4
2025-10-06,Monday,Lunch,Veg Sandwich,Snacks,544,185,185,0,40,Cloudy,No,5.0
2025-07-27,Sunday,Evening,Veg Sandwich,Snacks,391,138,96,42,40,Rainy,Yes,3.5
2025-04-18,Friday,Lunch,Masala Dosa,Meals,414,150,122,28,60,Rainy,No,3.7
2025-02-13,Thursday,Lunch,Masala Dosa,Meals,369,124,76,48,60,Rainy,No,4.7
2025-01-16,Thursday,Lunch,Vada Pav,Snacks,445,164,145,19,25,Sunny,No,4.0
2025-12-04,Thursday,Lunch,Pav Bhaji,Meals,265,113,58,55,70,Cloudy,No,4.5
2025-12-20,Saturday,Evening,Veg Thali,Meals,316,114,54,60,90,Rainy,Yes,4.8
2025-03-20,Thursday,Lunch,Idli,Breakfast,472,173,167,6,35,Rainy,No,4.9
2025-02-02,Sunday,Evening,Tea,Drinks,246,96,37,59,15,Cloudy,Yes,4.3
2025-06-05,Thursday,Breakfast,Vada Pav,Snacks,203,83,28,55,25,Rainy,Yes,4.2
2025-01-14,Tuesday,Breakfast,Masala Dosa,Meals,185,82,20,62,60,Cloudy,No,4.3
2025-02-05,Wednesday,Lunch,Veg Sandwich,Snacks,338,117,71,46,40,Rainy,Yes,4.8
2025-07-20,Sunday,Breakfast,Samosa,Snacks,216,92,27,65,20,Rainy,No,3.8
2025-04-16,Wednesday,Breakfast,Masala Dosa,Meals,308,103,48,55,60,Cloudy,No,4.9
2025-10-28,Tuesday,Breakfast,Cold Drink,Drinks,516,144,103,41,30,Rainy,No,5.0
2025-08-17,Sunday,Breakfast,Tea,Drinks,459,155,133,22,15,Sunny,No,3.9
2025-10-22,Wednesday,Breakfast,Samosa,Snacks,297,105,55,50,20,Rainy,No,4.4
2025-06-02,Monday,Lunch,Idli,Breakfast,571,167,161,6,35,Sunny,No,4.5
2025-08-23,Saturday,Lunch,Vada Pav,Snacks,507,160,135,25,25,Rainy,Yes,3.5
2025-03-22,Saturday,Lunch,Cold Drink,Drinks,299,121,75,46,30,Rainy,Yes,4.8
2025-09-10,Wednesday,Lunch,Cold Drink,Drinks,212,101,44,57,30,Cloudy,Yes,4.5
2025-06-16,Monday,Lunch,Coffee,Drinks,234,102,45,57,25,Cloudy,Yes,3.1
2025-11-24,Monday,Evening,Coffee,Drinks,345,128,81,47,25,Cloudy,No,3.1
2025-05-09,Friday,Breakfast,Vada Pav,Snacks,317,113,52,61,25,Rainy,No,3.2
2025-12-03,Wednesday,Breakfast,Coffee,Drinks,221,99,36,63,25,Cloudy,No,4.7
2025-11-07,Friday,Breakfast,Vada Pav,Snacks,300,102,47,55,25,Sunny,No,4.5
2025-12-13,Saturday,Lunch,Vada Pav,Snacks,375,126,72,54,25,Cloudy,Yes,4.8
2025-09-30,Tuesday,Breakfast,Coffee,Drinks,506,147,113,34,25,Sunny,Yes,3.9
2025-11-03,Monday,Breakfast,Veg Sandwich,Snacks,545,176,172,4,40,Cloudy,Yes,4.8
2025-04-13,Sunday,Breakfast,Veg Sandwich,Snacks,365,118,62,56,40,Sunny,Yes,4.4
2025-02-02,Sunday,Breakfast,Samosa,Snacks,558,170,159,11,20,Rainy,Yes,3.8
2025-02-25,Tuesday,Lunch,Pav Bhaji,Meals,437,152,127,25,70,Rainy,Yes,3.8
2025-08-08,Friday,Breakfast,Masala Dosa,Meals,259,98,32,66,60,Sunny,No,3.8
2025-06-11,Wednesday,Breakfast,Tea,Drinks,258,93,40,53,15,Cloudy,Yes,3.6
2025-11-16,Sunday,Lunch,Veg Sandwich,Snacks,184,88,31,57,40,Sunny,No,4.0
2025-02-22,Saturday,Evening,Cold Drink,Drinks,555,150,116,34,30,Rainy,Yes,4.2
2025-11-20,Thursday,Evening,Tea,Drinks,497,143,111,32,15,Rainy,Yes,4.5
2025-12-19,Friday,Lunch,Coffee,Drinks,184,92,35,57,25,Cloudy,Yes,3.9
2025-09-19,Friday,Evening,Masala Dosa,Meals,407,123,76,47,60,Rainy,Yes,4.5
2025-03-05,Wednesday,Lunch,Masala Dosa,Meals,527,173,164,9,60,Cloudy,Yes,3.3
2025-09-13,Saturday,Lunch,Masala Dosa,Meals,227,103,42,61,60,Cloudy,Yes,4.8
2025-11-03,Monday,Lunch,Pav Bhaji,Meals,218,101,48,53,70,Cloudy,No,3.1
2025-08-01,Friday,Evening,Veg Thali,Meals,534,170,164,6,90,Sunny,Yes,3.7
2025-04-16,Wednesday,Evening,Veg Sandwich,Snacks,490,151,124,27,40,Sunny,Yes,4.0
2025-04-04,Friday,Lunch,Veg Sandwich,Snacks,183,97,31,66,40,Cloudy,Yes,4.3
2025-03-14,Friday,Breakfast,Vada Pav,Snacks,196,85,20,65,25,Sunny,Yes,3.9
2025-08-28,Thursday,Lunch,Vada Pav,Snacks,519,163,152,11,25,Sunny,Yes,3.5
2025-05-27,Tuesday,Evening,Coffee,Drinks,475,157,137,20,25,Sunny,No,3.2
2025-07-04,Friday,Lunch,Tea,Drinks,235,101,45,56,15,Cloudy,No,4.5
2025-03-21,Friday,Lunch,Veg Sandwich,Snacks,540,185,185,0,40,Cloudy,No,4.8
2025-06-03,Tuesday,Evening,Cold Drink,Drinks,228,91,32,59,30,Rainy,Yes,3.6
2025-05-26,Monday,Lunch,Cold Drink,Drinks,460,147,120,27,30,Cloudy,Yes,3.9
2025-03-21,Friday,Breakfast,Veg Sandwich,Snacks,156,81,21,60,40,Rainy,No,4.9
2025-07-11,Friday,Lunch,Coffee,Drinks,307,116,57,59,25,Rainy,Yes,5.0
2025-03-05,Wednesday,Lunch,Idli,Breakfast,233,110,60,50,35,Sunny,No,4.8
2025-06-28,Saturday,Evening,Coffee,Drinks,475,151,128,23,25,Rainy,No,3.8
2025-08-06,Wednesday,Evening,Masala Dosa,Meals,274,113,57,56,60,Cloudy,Yes,4.3
2025-12-13,Saturday,Breakfast,Vada Pav,Snacks,283,116,58,58,25,Rainy,No,3.5
2025-11-05,Wednesday,Evening,Vada Pav,Snacks,156,82,22,60,25,Sunny,Yes,3.8
2025-10-28,Tuesday,Breakfast,Cold Drink,Drinks,246,105,45,60,30,Cloudy,Yes,4.4
2025-09-14,Sunday,Evening,Tea,Drinks,450,148,122,26,15,Cloudy,No,4.7
2025-02-25,Tuesday,Evening,Idli,Breakfast,547,149,117,32,35,Cloudy,Yes,4.9
2025-07-23,Wednesday,Evening,Veg Thali,Meals,153,74,10,64,90,Sunny,No,4.5
2025-08-02,Saturday,Evening,Tea,Drinks,485,135,91,44,15,Cloudy,No,3.4
2025-03-10,Monday,Breakfast,Coffee,Drinks,243,97,45,52,25,Rainy,Yes,3.4
2025-04-13,Sunday,Breakfast,Vada Pav,Snacks,564,183,183,0,25,Sunny,No,3.8
2025-11-17,Monday,Evening,Samosa,Snacks,594,150,116,34,20,Rainy,Yes,3.8
2025-05-22,Thursday,Breakfast,Pav Bhaji,Meals,165,82,26,56,70,Rainy,Yes,4.5
2025-01-05,Sunday,Breakfast,Veg Thali,Meals,534,140,104,36,90,Sunny,Yes,4.6
2025-07-12,Saturday,Evening,Cold Drink,Drinks,539,156,133,23,30,Cloudy,No,4.2
2025-06-22,Sunday,Lunch,Pav Bhaji,Meals,311,123,73,50,70,Sunny,No,4.2
2025-07-02,Wednesday,Lunch,Samosa,Snacks,151,86,22,64,20,Cloudy,No,3.1
2025-03-04,Tuesday,Evening,Veg Thali,Meals,508,149,123,26,90,Sunny,No,4.3
2025-09-01,Monday,Evening,Tea,Drinks,488,165,160,5,15,Sunny,Yes,3.6
2025-11-21,Friday,Lunch,Veg Sandwich,Snacks,563,184,178,6,40,Rainy,No,4.2
2025-07-24,Thursday,Evening,Idli,Breakfast,556,158,138,20,35,Sunny,No,5.0
2025-12-25,Thursday,Breakfast,Tea,Drinks,300,114,67,47,15,Rainy,Yes,4.0
2025-10-20,Monday,Evening,Cold Drink,Drinks,166,86,24,62,30,Sunny,No,4.7
2025-10-08,Wednesday,Lunch,Vada Pav,Snacks,378,139,97,42,25,Sunny,No,3.5
2025-03-29,Saturday,Evening,Samosa,Snacks,204,85,24,61,20,Cloudy,Yes,4.8
2025-05-24,Saturday,Breakfast,Veg Thali,Meals,490,154,131,23,90,Cloudy,Yes,4.3
2025-09-09,Tuesday,Breakfast,Pav Bhaji,Meals,596,175,172,3,70,Sunny,Yes,4.8
2025-07-15,Tuesday,Evening,Cold Drink,Drinks,588,155,126,29,30,Cloudy,Yes,3.6
2025-02-27,Thursday,Breakfast,Pav Bhaji,Meals,529,165,148,17,70,Rainy,Yes,4.1
2025-03-07,Friday,Lunch,Tea,Drinks,445,143,111,32,15,Rainy,Yes,4.1
2025-07-18,Friday,Lunch,Pav Bhaji,Meals,544,173,173,0,70,Cloudy,Yes,4.2
2025-02-24,Monday,Lunch,Veg Sandwich,Snacks,425,134,89,45,40,Cloudy,No,4.7
2025-09-13,Saturday,Evening,Coffee,Drinks,225,89,32,57,25,Rainy,No,4.7
2025-12-26,Friday,Breakfast,Idli,Breakfast,313,107,57,50,35,Cloudy,Yes,4.4
2025-09-02,Tuesday,Evening,Masala Dosa,Meals,403,117,69,48,60,Cloudy,No,3.7
2025-04-18,Friday,Evening,Masala Dosa,Meals,508,167,164,3,60,Rainy,Yes,3.4
2025-09-07,Sunday,Evening,Tea,Drinks,303,121,72,49,15,Rainy,Yes,3.8
2025-08-05,Tuesday,Evening,Coffee,Drinks,328,105,52,53,25,Cloudy,No,3.6
2025-12-23,Tuesday,Breakfast,Cold Drink,Drinks,351,115,67,48,30,Sunny,Yes,4.2
2025-01-28,Tuesday,Evening,Veg Thali,Meals,384,129,83,46,90,Rainy,Yes,4.4
2025-05-30,Friday,Breakfast,Masala Dosa,Meals,261,106,43,63,60,Rainy,Yes,3.7
2025-10-22,Wednesday,Breakfast,Vada Pav,Snacks,342,129,77,52,25,Cloudy,Yes,3.7
2025-08-31,Sunday,Breakfast,Veg Sandwich,Snacks,210,93,29,64,40,Rainy,No,4.3
2025-07-26,Saturday,Breakfast,Veg Sandwich,Snacks,210,91,36,55,40,Sunny,No,4.2
2025-03-30,Sunday,Evening,Tea,Drinks,547,170,170,0,15,Rainy,Yes,4.6
2025-07-15,Tuesday,Lunch,Coffee,Drinks,338,116,57,59,25,Sunny,Yes,4.0
2025-12-09,Tuesday,Evening,Masala Dosa,Meals,161,79,24,55,60,Rainy,No,3.2
2025-10-31,Friday,Breakfast,Tea,Drinks,397,123,69,54,15,Rainy,No,3.2
2025-02-02,Sunday,Evening,Cold Drink,Drinks,244,96,43,53,30,Cloudy,Yes,4.1
2025-09-29,Monday,Lunch,Samosa,Snacks,415,151,120,31,20,Rainy,Yes,4.9
2025-03-02,Sunday,Breakfast,Idli,Breakfast,505,153,133,20,35,Sunny,Yes,3.6
2025-01-21,Tuesday,Breakfast,Idli,Breakfast,255,93,31,62,35,Rainy,Yes,4.7
2025-01-18,Saturday,Breakfast,Samosa,Snacks,409,146,109,37,20,Cloudy,No,3.8
2025-12-03,Wednesday,Breakfast,Masala Dosa,Meals,303,114,60,54,60,Sunny,No,3.3
2025-09-09,Tuesday,Evening,Pav Bhaji,Meals,417,139,104,35,70,Cloudy,Yes,4.6
2025-05-02,Friday,Breakfast,Masala Dosa,Meals,222,102,46,56,60,Cloudy,Yes,4.1
2025-10-30,Thursday,Lunch,Veg Thali,Meals,215,91,29,62,90,Rainy,No,3.5
2025-11-29,Saturday,Breakfast,Tea,Drinks,383,131,91,40,15,Sunny,No,3.3
2025-04-15,Tuesday,Breakfast,Veg Thali,Meals,474,152,128,24,90,Rainy,Yes,4.3
2025-09-19,Friday,Evening,Vada Pav,Snacks,364,136,94,42,25,Sunny,No,3.8
2025-11-06,Thursday,Breakfast,Samosa,Snacks,288,111,55,56,20,Sunny,Yes,3.1
2025-11-24,Monday,Breakfast,Pav Bhaji,Meals,320,122,69,53,70,Cloudy,Yes,3.5
2025-02-20,Thursday,Lunch,Masala Dosa,Meals,343,118,70,48,60,Sunny,Yes,4.8
2025-10-29,Wednesday,Lunch,Samosa,Snacks,420,146,116,30,20,Cloudy,No,3.2
2025-01-25,Saturday,Breakfast,Pav Bhaji,Meals,534,150,126,24,70,Cloudy,Yes,4.4
2025-09-30,Tuesday,Evening,Idli,Breakfast,585,171,164,7,35,Cloudy,No,3.0
2025-09-20,Saturday,Evening,Vada Pav,Snacks,486,142,111,31,25,Sunny,Yes,3.5
2025-11-24,Monday,Lunch,Masala Dosa,Meals,497,169,158,11,60,Rainy,No,3.9
2025-07-01,Tuesday,Lunch,Cold Drink,Drinks,296,117,68,49,30,Cloudy,No,4.8
2025-04-28,Monday,Lunch,Samosa,Snacks,306,126,82,44,20,Cloudy,No,3.2
2025-05-03,Saturday,Breakfast,Vada Pav,Snacks,444,146,116,30,25,Sunny,Yes,4.9
2025-01-06,Monday,Lunch,Cold Drink,Drinks,524,167,162,5,30,Sunny,No,5.0
2025-09-30,Tuesday,Evening,Samosa,Snacks,357,132,93,39,20,Sunny,Yes,3.0
2025-08-06,Wednesday,Evening,Cold Drink,Drinks,533,176,176,0,30,Cloudy,Yes,4.9
2025-09-28,Sunday,Evening,Idli,Breakfast,171,90,33,57,35,Rainy,No,4.9
2025-09-26,Friday,Breakfast,Vada Pav,Snacks,188,87,21,66,25,Cloudy,Yes,3.8
2025-07-14,Monday,Breakfast,Pav Bhaji,Meals,207,96,43,53,70,Cloudy,Yes,4.5
2025-03-02,Sunday,Lunch,Veg Thali,Meals,397,130,90,40,90,Cloudy,No,4.3
2025-07-21,Monday,Breakfast,Veg Thali,Meals,479,161,147,14,90,Rainy,Yes,4.7
2025-01-30,Thursday,Lunch,Veg Sandwich,Snacks,465,147,110,37,40,Cloudy,No,3.0
2025-04-06,Sunday,Lunch,Pav Bhaji,Meals,154,84,19,65,70,Sunny,No,4.1
2025-03-20,Thursday,Lunch,Samosa,Snacks,399,147,114,33,20,Sunny,Yes,3.5
2025-07-22,Tuesday,Lunch,Veg Thali,Meals,336,126,76,50,90,Cloudy,Yes,3.2
2025-08-13,Wednesday,Evening,Coffee,Drinks,232,100,35,65,25,Sunny,No,3.7
2025-12-30,Tuesday,Breakfast,Samosa,Snacks,247,92,32,60,20,Cloudy,Yes,4.5
2025-01-17,Friday,Breakfast,Masala Dosa,Meals,395,117,65,52,60,Rainy,No,4.1
2025-12-16,Tuesday,Evening,Vada Pav,Snacks,316,104,41,63,25,Cloudy,No,4.6
2025-03-06,Thursday,Breakfast,Pav Bhaji,Meals,406,117,71,46,70,Sunny,Yes,3.7
2025-11-02,Sunday,Evening,Veg Sandwich,Snacks,372,118,60,58,40,Cloudy,No,4.5
2025-05-07,Wednesday,Evening,Vada Pav,Snacks,523,144,116,28,25,Rainy,Yes,3.2
2025-05-15,Thursday,Evening,Masala Dosa,Meals,491,147,121,26,60,Cloudy,Yes,4.6
2025-12-25,Thursday,Evening,Cold Drink,Drinks,462,159,143,16,30,Sunny,Yes,4.3
2025-03-18,Tuesday,Breakfast,Samosa,Snacks,217,89,26,63,20,Cloudy,Yes,4.9
2025-08-07,Thursday,Breakfast,Idli,Breakfast,252,98,40,58,35,Sunny,Yes,3.6
2025-11-21,Friday,Breakfast,Masala Dosa,Meals,322,103,45,58,60,Cloudy,No,4.3
2025-06-05,Thursday,Breakfast,Veg Thali,Meals,336,122,68,54,90,Cloudy,No,3.6
2025-01-25,Saturday,Breakfast,Veg Sandwich,Snacks,150,76,18,58,40,Sunny,No,3.6
2025-11-07,Friday,Breakfast,Tea,Drinks,244,96,34,62,15,Cloudy,No,3.2
2025-12-09,Tuesday,Breakfast,Cold Drink,Drinks,544,153,133,20,30,Sunny,No,3.7
2025-10-29,Wednesday,Evening,Idli,Breakfast,340,110,54,56,35,Sunny,No,3.2
2025-02-24,Monday,Breakfast,Idli,Breakfast,211,87,27,60,35,Sunny,Yes,4.9
2025-02-08,Saturday,Evening,Idli,Breakfast,325,126,75,51,35,Cloudy,No,4.1
2025-03-20,Thursday,Breakfast,Vada Pav,Snacks,248,106,55,51,25,Cloudy,No,4.7
2025-10-14,Tuesday,Lunch,Pav Bhaji,Meals,379,146,109,37,70,Rainy,Yes,4.0
2025-09-26,Friday,Evening,Veg Sandwich,Snacks,235,100,37,63,40,Rainy,No,3.6
2025-10-17,Friday,Breakfast,Masala Dosa,Meals,529,163,155,8,60,Cloudy,No,4.0
2025-02-08,Saturday,Breakfast,Coffee,Drinks,534,159,140,19,25,Rainy,No,3.8
2025-05-20,Tuesday,Breakfast,Vada Pav,Snacks,151,81,15,66,25,Sunny,Yes,4.8
2025-09-20,Saturday,Lunch,Cold Drink,Drinks,512,157,133,24,30,Rainy,No,3.6
2025-05-18,Sunday,Evening,Samosa,Snacks,237,97,36,61,20,Sunny,Yes,3.1
2025-03-17,Monday,Lunch,Vada Pav,Snacks,288,125,73,52,25,Sunny,Yes,4.1
2025-01-01,Wednesday,Evening,Pav Bhaji,Meals,473,138,103,35,70,Rainy,No,4.8
2025-05-16,Friday,Evening,Vada Pav,Snacks,359,117,57,60,25,Rainy,No,4.3
2025-01-06,Monday,Lunch,Masala Dosa,Meals,524,158,131,27,60,Cloudy,Yes,4.1
2025-10-26,Sunday,Breakfast,Tea,Drinks,484,158,134,24,15,Cloudy,Yes,3.6
2025-04-15,Tuesday,Evening,Tea,Drinks,229,99,40,59,15,Cloudy,Yes,3.7
2025-09-03,Wednesday,Breakfast,Coffee,Drinks,242,104,42,62,25,Cloudy,Yes,3.4
2025-09-09,Tuesday,Evening,Vada Pav,Snacks,481,139,96,43,25,Cloudy,Yes,4.6
2025-12-18,Thursday,Evening,Masala Dosa,Meals,185,85,26,59,60,Sunny,Yes,4.8
2025-07-26,Saturday,Breakfast,Cold Drink,Drinks,220,95,35,60,30,Rainy,Yes,3.8
2025-02-26,Wednesday,Breakfast,Veg Sandwich,Snacks,217,89,33,56,40,Sunny,Yes,4.2
2025-01-05,Sunday,Breakfast,Cold Drink,Drinks,526,143,108,35,30,Cloudy,Yes,4.5
2025-08-16,Saturday,Breakfast,Veg Thali,Meals,319,107,52,55,90,Cloudy,Yes,4.4
2025-11-18,Tuesday,Evening,Samosa,Snacks,160,82,17,65,20,Sunny,Yes,4.0
2025-08-01,Friday,Breakfast,Veg Sandwich,Snacks,264,101,38,63,40,Sunny,Yes,3.7
2025-05-27,Tuesday,Breakfast,Tea,Drinks,501,149,115,34,15,Rainy,Yes,3.4
2025-05-25,Sunday,Lunch,Samosa,Snacks,465,149,114,35,20,Cloudy,Yes,4.8
2025-11-06,Thursday,Breakfast,Vada Pav,Snacks,369,126,82,44,25,Rainy,No,3.9
2025-12-08,Monday,Evening,Veg Thali,Meals,469,157,133,24,90,Cloudy,No,4.8
2025-12-05,Friday,Lunch,Veg Thali,Meals,565,189,189,0,90,Rainy,Yes,4.9
2025-03-18,Tuesday,Evening,Vada Pav,Snacks,313,111,61,50,25,Sunny,No,4.6
2025-09-02,Tuesday,Breakfast,Samosa,Snacks,445,127,78,49,20,Cloudy,No,5.0
2025-04-04,Friday,Lunch,Pav Bhaji,Meals,313,119,67,52,70,Cloudy,No,4.2
2025-11-22,Saturday,Lunch,Vada Pav,Snacks,560,171,168,3,25,Rainy,Yes,4.0
2025-10-01,Wednesday,Lunch,Cold Drink,Drinks,424,132,92,40,30,Sunny,No,3.8
2025-10-23,Thursday,Evening,Masala Dosa,Meals,509,146,110,36,60,Sunny,Yes,5.0
2025-01-09,Thursday,Lunch,Cold Drink,Drinks,392,125,75,50,30,Sunny,Yes,3.7
2025-03-13,Thursday,Lunch,Coffee,Drinks,223,95,42,53,25,Rainy,No,3.4
2025-03-12,Wednesday,Breakfast,Vada Pav,Snacks,343,123,73,50,25,Rainy,Yes,3.7
2025-12-26,Friday,Breakfast,Idli,Breakfast,187,80,19,61,35,Cloudy,Yes,3.3
2025-05-06,Tuesday,Breakfast,Veg Sandwich,Snacks,441,146,115,31,40,Cloudy,Yes,4.5
2025-09-28,Sunday,Evening,Veg Thali,Meals,390,126,81,45,90,Cloudy,No,4.4
2025-05-27,Tuesday,Breakfast,Vada Pav,Snacks,180,87,23,64,25,Rainy,Yes,4.0
2025-01-06,Monday,Lunch,Tea,Drinks,498,177,176,1,15,Cloudy,No,3.6
2025-04-27,Sunday,Lunch,Vada Pav,Snacks,289,125,72,53,25,Sunny,No,4.5
2025-07-25,Friday,Evening,Veg Sandwich,Snacks,262,108,53,55,40,Cloudy,Yes,4.2
2025-02-09,Sunday,Evening,Coffee,Drinks,394,138,94,44,25,Cloudy,No,3.1
2025-07-10,Thursday,Evening,Tea,Drinks,249,92,31,61,15,Cloudy,Yes,4.2
2025-06-21,Saturday,Breakfast,Masala Dosa,Meals,294,99,42,57,60,Sunny,Yes,3.0
2025-06-08,Sunday,Breakfast,Cold Drink,Drinks,253,95,30,65,30,Rainy,Yes,5.0
2025-10-17,Friday,Breakfast,Idli,Breakfast,554,142,100,42,35,Cloudy,Yes,4.9
2025-01-05,Sunday,Lunch,Veg Thali,Meals,353,124,74,50,90,Rainy,Yes,4.5
2025-03-08,Saturday,Evening,Samosa,Snacks,319,113,64,49,20,Cloudy,Yes,3.3
2025-10-28,Tuesday,Lunch,Coffee,Drinks,450,139,104,35,25,Sunny,No,3.9
2025-11-17,Monday,Breakfast,Masala Dosa,Meals,260,107,45,62,60,Rainy,Yes,5.0
2025-09-14,Sunday,Evening,Idli,Breakfast,483,144,106,38,35,Rainy,No,3.7
2025-07-04,Friday,Evening,Tea,Drinks,170,80,23,57,15,Rainy,No,4.2
2025-03-20,Thursday,Evening,Coffee,Drinks,199,93,31,62,25,Sunny,Yes,4.1
2025-02-14,Friday,Lunch,Samosa,Snacks,382,148,113,35,20,Cloudy,Yes,3.1
2025-10-23,Thursday,Lunch,Pav Bhaji,Meals,195,96,38,58,70,Sunny,Yes,3.5
2025-08-31,Sunday,Lunch,Coffee,Drinks,482,175,173,2,25,Sunny,Yes,3.1
2025-05-27,Tuesday,Lunch,Tea,Drinks,588,179,178,1,15,Rainy,Yes,4.7
2025-06-10,Tuesday,Lunch,Samosa,Snacks,499,153,131,22,20,Cloudy,No,3.1
2025-11-26,Wednesday,Breakfast,Masala Dosa,Meals,508,138,93,45,60,Rainy,Yes,3.6
2025-03-23,Sunday,Evening,Tea,Drinks,587,162,147,15,15,Sunny,Yes,4.3
2025-06-28,Saturday,Lunch,Coffee,Drinks,478,143,104,39,25,Rainy,No,4.5
2025-07-23,Wednesday,Lunch,Masala Dosa,Meals,355,125,79,46,60,Cloudy,Yes,4.0
2025-12-26,Friday,Evening,Coffee,Drinks,208,84,20,64,25,Cloudy,No,4.9
2025-03-16,Sunday,Evening,Masala Dosa,Meals,313,124,80,44,60,Rainy,Yes,3.8
2025-07-05,Saturday,Lunch,Coffee,Drinks,259,115,67,48,25,Sunny,Yes,4.4
2025-05-19,Monday,Lunch,Vada Pav,Snacks,192,89,24,65,25,Sunny,Yes,3.6
2025-12-31,Wednesday,Lunch,Tea,Drinks,418,134,85,49,15,Sunny,No,3.2
2025-08-08,Friday,Lunch,Veg Thali,Meals,234,110,55,55,90,Sunny,No,4.0
2025-12-19,Friday,Breakfast,Tea,Drinks,331,124,76,48,15,Rainy,No,4.6
2025-11-02,Sunday,Breakfast,Samosa,Snacks,520,147,122,25,20,Rainy,Yes,4.9
2025-06-12,Thursday,Breakfast,Vada Pav,Snacks,384,137,91,46,25,Sunny,No,4.6
2025-12-12,Friday,Lunch,Veg Thali,Meals,416,158,145,13,90,Rainy,Yes,4.7
2025-11-21,Friday,Lunch,Idli,Breakfast,199,98,35,63,35,Sunny,Yes,3.8
2025-10-07,Tuesday,Breakfast,Idli,Breakfast,343,111,52,59,35,Sunny,No,4.9
2025-10-23,Thursday,Breakfast,Pav Bhaji,Meals,566,154,128,26,70,Cloudy,Yes,4.0
2025-03-05,Wednesday,Evening,Coffee,Drinks,482,143,106,37,25,Cloudy,No,4.7
2025-08-07,Thursday,Evening,Pav Bhaji,Meals,208,90,26,64,70,Sunny,No,4.1
2025-03-25,Tuesday,Evening,Tea,Drinks,345,122,76,46,15,Cloudy,No,4.2
2025-02-20,Thursday,Breakfast,Samosa,Snacks,195,90,30,60,20,Rainy,Yes,3.2
2025-11-16,Sunday,Evening,Samosa,Snacks,474,150,128,22,20,Cloudy,Yes,3.8
2025-04-25,Friday,Lunch,Cold Drink,Drinks,345,136,90,46,30,Sunny,Yes,3.7
2025-08-26,Tuesday,Lunch,Tea,Drinks,153,84,22,62,15,Cloudy,Yes,4.8
2025-05-16,Friday,Lunch,Tea,Drinks,494,175,172,3,15,Sunny,Yes,3.1
2025-01-14,Tuesday,Breakfast,Pav Bhaji,Meals,580,158,141,17,70,Rainy,No,5.0
2025-05-04,Sunday,Evening,Tea,Drinks,248,105,53,52,15,Rainy,No,4.9
2025-08-08,Friday,Breakfast,Tea,Drinks,522,170,166,4,15,Sunny,No,3.3
2025-04-29,Tuesday,Breakfast,Vada Pav,Snacks,408,142,109,33,25,Sunny,No,4.8
2025-10-11,Saturday,Breakfast,Pav Bhaji,Meals,254,91,25,66,70,Sunny,Yes,4.3
2025-10-31,Friday,Breakfast,Veg Sandwich,Snacks,466,145,106,39,40,Rainy,Yes,4.5
2025-03-08,Saturday,Lunch,Pav Bhaji,Meals,245,101,44,57,70,Sunny,Yes,4.7
2025-07-13,Sunday,Lunch,Veg Sandwich,Snacks,290,118,69,49,40,Sunny,Yes,5.0
2025-02-22,Saturday,Breakfast,Coffee,Drinks,455,128,79,49,25,Sunny,Yes,4.8
2025-02-17,Monday,Breakfast,Coffee,Drinks,582,161,145,16,25,Cloudy,Yes,4.6
2025-07-31,Thursday,Breakfast,Coffee,Drinks,470,150,121,29,25,Sunny,Yes,4.8
2025-11-21,Friday,Lunch,Vada Pav,Snacks,242,111,59,52,25,Cloudy,Yes,4.1
2025-11-07,Friday,Breakfast,Samosa,Snacks,325,127,82,45,20,Cloudy,No,4.1
2025-03-23,Sunday,Evening,Veg Thali,Meals,212,92,34,58,90,Sunny,Yes,4.0
2025-03-20,Thursday,Breakfast,Pav Bhaji,Meals,208,88,25,63,70,Sunny,Yes,3.2
2025-12-21,Sunday,Breakfast,Veg Thali,Meals,290,117,63,54,90,Cloudy,Yes,4.4
2025-11-30,Sunday,Lunch,Coffee,Drinks,531,169,163,6,25,Cloudy,No,4.8
2025-05-09,Friday,Breakfast,Masala Dosa,Meals,501,167,153,14,60,Rainy,No,4.2
2025-10-28,Tuesday,Lunch,Vada Pav,Snacks,556,172,170,2,25,Sunny,No,3.8
2025-05-20,Tuesday,Lunch,Idli,Breakfast,205,95,38,57,35,Rainy,No,3.7
2025-11-20,Thursday,Breakfast,Coffee,Drinks,235,98,37,61,25,Sunny,No,4.2
2025-11-27,Thursday,Evening,Pav Bhaji,Meals,353,112,55,57,70,Sunny,Yes,3.9
2025-04-06,Sunday,Lunch,Masala Dosa,Meals,187,90,36,54,60,Sunny,No,3.6
2025-01-05,Sunday,Lunch,Veg Sandwich,Snacks,517,164,157,7,40,Cloudy,Yes,3.6
2025-04-30,Wednesday,Evening,Samosa,Snacks,347,120,63,57,20,Cloudy,Yes,4.1
2025-11-08,Saturday,Evening,Samosa,Snacks,443,144,110,34,20,Rainy,No,3.6
2025-06-13,Friday,Breakfast,Masala Dosa,Meals,175,79,17,62,60,Cloudy,No,3.8
2025-03-05,Wednesday,Lunch,Vada Pav,Snacks,457,143,102,41,25,Cloudy,No,3.6
2025-11-26,Wednesday,Evening,Veg Sandwich,Snacks,386,137,96,41,40,Cloudy,Yes,3.1
2025-10-01,Wednesday,Evening,Veg Sandwich,Snacks,322,104,40,64,40,Rainy,Yes,4.7
2025-08-01,Friday,Evening,Veg Thali,Meals,290,105,49,56,90,Cloudy,No,4.5
2025-09-10,Wednesday,Evening,Veg Sandwich,Snacks,351,120,72,48,40,Cloudy,No,4.9
2025-03-04,Tuesday,Lunch,Idli,Breakfast,202,88,22,66,35,Sunny,Yes,3.3
2025-06-15,Sunday,Evening,Tea,Drinks,265,96,42,54,15,Sunny,Yes,3.7
2025-10-03,Friday,Breakfast,Veg Sandwich,Snacks,282,96,34,62,40,Sunny,Yes,3.2
2025-06-18,Wednesday,Evening,Idli,Breakfast,555,169,158,11,35,Cloudy,No,4.2
2025-03-03,Monday,Breakfast,Pav Bhaji,Meals,591,174,174,0,70,Sunny,No,3.2
2025-09-28,Sunday,Breakfast,Idli,Breakfast,394,142,105,37,35,Rainy,No,4.5
2025-09-05,Friday,Breakfast,Samosa,Snacks,285,103,52,51,20,Cloudy,Yes,4.7
2025-12-04,Thursday,Evening,Masala Dosa,Meals,505,168,154,14,60,Sunny,Yes,3.4
2025-12-10,Wednesday,Breakfast,Coffee,Drinks,569,163,147,16,25,Cloudy,Yes,3.4
2025-10-30,Thursday,Evening,Cold Drink,Drinks,589,177,177,0,30,Cloudy,No,3.3
2025-09-16,Tuesday,Breakfast,Vada Pav,Snacks,262,111,62,49,25,Cloudy,No,4.2
2025-04-14,Monday,Lunch,Masala Dosa,Meals,185,86,24,62,60,Cloudy,No,4.9
2025-10-23,Thursday,Evening,Samosa,Snacks,225,99,36,63,20,Cloudy,Yes,3.0
2025-08-24,Sunday,Breakfast,Veg Thali,Meals,164,80,15,65,90,Cloudy,No,4.9
2025-02-13,Thursday,Lunch,Tea,Drinks,258,108,53,55,15,Sunny,No,3.7
2025-08-14,Thursday,Lunch,Pav Bhaji,Meals,200,98,39,59,70,Sunny,No,3.4
2025-04-07,Monday,Lunch,Vada Pav,Snacks,454,152,120,32,25,Cloudy,No,4.4
2025-11-27,Thursday,Breakfast,Samosa,Snacks,262,110,56,54,20,Sunny,Yes,3.5
2025-02-03,Monday,Evening,Samosa,Snacks,291,105,42,63,20,Sunny,No,3.4
2025-12-21,Sunday,Lunch,Coffee,Drinks,255,104,44,60,25,Sunny,Yes,4.4
2025-05-28,Wednesday,Evening,Veg Sandwich,Snacks,198,93,40,53,40,Sunny,No,4.8
2025-05-03,Saturday,Breakfast,Pav Bhaji,Meals,498,137,98,39,70,Sunny,Yes,3.3
2025-01-07,Tuesday,Evening,Coffee,Drinks,369,114,58,56,25,Cloudy,Yes,4.8
2025-03-29,Saturday,Evening,Veg Sandwich,Snacks,454,143,109,34,40,Cloudy,No,4.7
2025-08-30,Saturday,Breakfast,Veg Sandwich,Snacks,569,178,177,1,40,Sunny,No,4.0
2025-03-17,Monday,Breakfast,Samosa,Snacks,305,109,58,51,20,Rainy,No,3.7
2025-10-07,Tuesday,Lunch,Coffee,Drinks,279,102,42,60,25,Cloudy,No,3.6
2025-06-20,Friday,Evening,Idli,Breakfast,397,134,97,37,35,Sunny,No,4.3
2025-03-17,Monday,Lunch,Masala Dosa,Meals,487,159,137,22,60,Sunny,No,4.2
2025-12-23,Tuesday,Lunch,Pav Bhaji,Meals,255,101,42,59,70,Rainy,Yes,4.3
2025-05-21,Wednesday,Evening,Cold Drink,Drinks,380,119,70,49,30,Rainy,Yes,3.7
2025-06-19,Thursday,Lunch,Idli,Breakfast,363,123,76,47,35,Cloudy,No,4.0
2025-06-25,Wednesday,Evening,Samosa,Snacks,371,118,59,59,20,Cloudy,No,4.0
2025-12-17,Wednesday,Breakfast,Coffee,Drinks,498,154,133,21,25,Sunny,No,3.3
2025-09-07,Sunday,Lunch,Samosa,Snacks,559,173,167,6,20,Cloudy,Yes,3.6
2025-10-31,Friday,Breakfast,Veg Sandwich,Snacks,400,127,84,43,40,Cloudy,Yes,4.7
2025-01-26,Sunday,Lunch,Vada Pav,Snacks,329,135,98,37,25,Cloudy,Yes,3.5
2025-04-11,Friday,Lunch,Idli,Breakfast,191,86,24,62,35,Cloudy,Yes,3.5
2025-12-14,Sunday,Evening,Tea,Drinks,366,133,88,45,15,Cloudy,Yes,4.2
2025-03-30,Sunday,Evening,Tea,Drinks,497,156,130,26,15,Cloudy,Yes,3.5
2025-08-02,Saturday,Evening,Masala Dosa,Meals,304,106,52,54,60,Cloudy,Yes,3.9
2025-04-04,Friday,Lunch,Tea,Drinks,199,97,39,58,15,Sunny,No,4.9
2025-12-31,Wednesday,Lunch,Coffee,Drinks,331,122,71,51,25,Cloudy,No,3.9
2025-10-14,Tuesday,Breakfast,Tea,Drinks,195,93,36,57,15,Sunny,No,4.0
2025-03-07,Friday,Evening,Cold Drink,Drinks,439,146,113,33,30,Cloudy,Yes,3.3
2025-12-10,Wednesday,Breakfast,Coffee,Drinks,563,176,168,8,25,Rainy,No,3.1
2025-11-29,Saturday,Breakfast,Pav Bhaji,Meals,454,143,112,31,70,Sunny,No,3.7
2025-02-01,Saturday,Breakfast,Idli,Breakfast,495,156,135,21,35,Rainy,Yes,3.3
2025-09-11,Thursday,Breakfast,Masala Dosa,Meals,495,141,102,39,60,Rainy,Yes,4.4
2025-01-04,Saturday,Lunch,Idli,Breakfast,502,146,109,37,35,Sunny,Yes,4.2
2025-03-03,Monday,Evening,Samosa,Snacks,276,104,53,51,20,Sunny,Yes,4.0
2025-07-20,Sunday,Breakfast,Samosa,Snacks,303,121,77,44,20,Cloudy,No,3.5
2025-10-07,Tuesday,Lunch,Idli,Breakfast,498,159,144,15,35,Cloudy,Yes,3.0
2025-03-14,Friday,Evening,Masala Dosa,Meals,237,96,35,61,60,Rainy,Yes,3.6
2025-02-21,Friday,Evening,Coffee,Drinks,338,114,65,49,25,Rainy,No,4.6
2025-08-26,Tuesday,Lunch,Tea,Drinks,225,99,43,56,15,Sunny,No,3.8
2025-10-25,Saturday,Lunch,Veg Sandwich,Snacks,480,141,103,38,40,Rainy,No,4.9
2025-08-28,Thursday,Evening,Coffee,Drinks,291,105,54,51,25,Sunny,Yes,4.7
2025-04-18,Friday,Lunch,Cold Drink,Drinks,349,120,64,56,30,Rainy,Yes,3.7
2025-10-16,Thursday,Lunch,Coffee,Drinks,516,177,177,0,25,Sunny,No,3.6
2025-07-21,Monday,Breakfast,Coffee,Drinks,342,120,70,50,25,Cloudy,Yes,4.6
2025-09-27,Saturday,Lunch,Vada Pav,Snacks,507,167,164,3,25,Cloudy,No,3.8
2025-01-24,Friday,Breakfast,Vada Pav,Snacks,268,103,49,54,25,Sunny,Yes,4.0
2025-04-29,Tuesday,Evening,Masala Dosa,Meals,203,94,34,60,60,Sunny,No,4.8
2025-02-01,Saturday,Evening,Veg Thali,Meals,208,90,29,61,90,Sunny,Yes,4.2
2025-01-16,Thursday,Breakfast,Pav Bhaji,Meals,205,89,32,57,70,Rainy,No,4.1
2025-04-13,Sunday,Breakfast,Veg Thali,Meals,401,121,75,46,90,Cloudy,No,3.3
2025-09-28,Sunday,Breakfast,Samosa,Snacks,448,129,89,40,20,Sunny,Yes,3.3
2025-01-03,Friday,Lunch,Tea,Drinks,440,143,112,31,15,Rainy,Yes,4.5
2025-11-25,Tuesday,Evening,Coffee,Drinks,247,99,39,60,25,Sunny,No,4.2
2025-10-14,Tuesday,Breakfast,Samosa,Snacks,374,135,96,39,20,Cloudy,No,3.2
2025-09-22,Monday,Lunch,Samosa,Snacks,210,90,31,59,20,Cloudy,Yes,3.7
2025-04-25,Friday,Lunch,Veg Thali,Meals,349,117,70,47,90,Rainy,No,3.3
2025-05-28,Wednesday,Breakfast,Cold Drink,Drinks,444,135,87,48,30,Sunny,No,4.1
2025-02-26,Wednesday,Evening,Coffee,Drinks,284,96,36,60,25,Rainy,Yes,3.5
2025-06-21,Saturday,Breakfast,Vada Pav,Snacks,254,108,55,53,25,Rainy,No,4.8
2025-02-01,Saturday,Breakfast,Coffee,Drinks,187,85,19,66,25,Rainy,Yes,4.9
2025-11-03,Monday,Evening,Idli,Breakfast,191,94,32,62,35,Rainy,No,4.4
2025-02-23,Sunday,Breakfast,Coffee,Drinks,409,129,81,48,25,Sunny,No,4.6
2025-04-27,Sunday,Breakfast,Veg Sandwich,Snacks,163,84,29,55,40,Sunny,No,3.0
2025-09-04,Thursday,Breakfast,Tea,Drinks,542,155,131,24,15,Cloudy,Yes,4.1
2025-03-01,Saturday,Lunch,Samosa,Snacks,465,143,108,35,20,Cloudy,No,4.8
2025-05-02,Friday,Breakfast,Samosa,Snacks,451,137,102,35,20,Sunny,Yes,4.8
2025-10-02,Thursday,Evening,Veg Sandwich,Snacks,560,175,167,8,40,Sunny,Yes,3.1
2025-08-13,Wednesday,Breakfast,Veg Thali,Meals,172,85,22,63,90,Cloudy,No,5.0
2025-03-08,Saturday,Evening,Tea,Drinks,395,133,84,49,15,Rainy,Yes,3.5
2025-10-06,Monday,Breakfast,Coffee,Drinks,511,167,164,3,25,Rainy,No,3.4
2025-06-04,Wednesday,Lunch,Cold Drink,Drinks,299,117,62,55,30,Rainy,Yes,3.6
2025-10-05,Sunday,Evening,Samosa,Snacks,177,88,30,58,20,Cloudy,No,4.0
2025-02-10,Monday,Breakfast,Vada Pav,Snacks,580,157,138,19,25,Rainy,Yes,3.4
2025-07-10,Thursday,Evening,Vada Pav,Snacks,168,85,26,59,25,Sunny,No,4.9
2025-01-11,Saturday,Lunch,Veg Sandwich,Snacks,288,110,49,61,40,Cloudy,No,3.1
2025-11-09,Sunday,Lunch,Coffee,Drinks,159,85,21,64,25,Cloudy,No,3.4
2025-04-05,Saturday,Evening,Tea,Drinks,422,119,73,46,15,Sunny,No,3.7
2025-01-14,Tuesday,Evening,Pav Bhaji,Meals,574,175,171,4,70,Cloudy,Yes,4.5
2025-11-15,Saturday,Lunch,Tea,Drinks,550,186,185,1,15,Rainy,Yes,3.8
2025-12-14,Sunday,Lunch,Cold Drink,Drinks,387,127,79,48,30,Cloudy,No,3.9
2025-05-02,Friday,Breakfast,Veg Sandwich,Snacks,293,99,37,62,40,Rainy,No,4.5
2025-06-01,Sunday,Lunch,Idli,Breakfast,352,125,80,45,35,Sunny,No,3.5
2025-12-01,Monday,Evening,Veg Sandwich,Snacks,213,97,45,52,40,Cloudy,No,3.4
2025-08-25,Monday,Breakfast,Coffee,Drinks,154,86,26,60,25,Cloudy,Yes,4.3
2025-10-12,Sunday,Breakfast,Tea,Drinks,179,82,25,57,15,Rainy,Yes,4.1
2025-02-02,Sunday,Lunch,Vada Pav,Snacks,282,121,65,56,25,Cloudy,No,3.5
2025-03-31,Monday,Breakfast,Idli,Breakfast,485,132,82,50,35,Sunny,Yes,3.4
2025-09-17,Wednesday,Lunch,Idli,Breakfast,312,109,58,51,35,Sunny,Yes,5.0
2025-05-12,Monday,Breakfast,Pav Bhaji,Meals,426,138,97,41,70,Rainy,Yes,3.2
2025-09-17,Wednesday,Lunch,Samosa,Snacks,411,133,92,41,20,Sunny,Yes,3.7
2025-12-15,Monday,Lunch,Samosa,Snacks,478,144,109,35,20,Cloudy,No,4.2
2025-07-04,Friday,Lunch,Tea,Drinks,483,174,169,5,15,Cloudy,No,4.2
2025-03-24,Monday,Lunch,Veg Sandwich,Snacks,298,108,48,60,40,Sunny,Yes,4.6
2025-09-19,Friday,Evening,Cold Drink,Drinks,551,178,175,3,30,Rainy,No,4.7
2025-01-17,Friday,Evening,Vada Pav,Snacks,345,130,82,48,25,Rainy,Yes,4.1
2025-10-22,Wednesday,Evening,Cold Drink,Drinks,525,168,162,6,30,Cloudy,Yes,4.6
2025-11-07,Friday,Lunch,Cold Drink,Drinks,416,136,102,34,30,Cloudy,No,4.2
2025-05-05,Monday,Lunch,Masala Dosa,Meals,559,173,173,0,60,Cloudy,Yes,4.9
2025-12-21,Sunday,Breakfast,Coffee,Drinks,525,138,100,38,25,Cloudy,No,4.0
2025-07-05,Saturday,Evening,Coffee,Drinks,459,151,120,31,25,Sunny,No,4.1
2025-03-06,Thursday,Evening,Masala Dosa,Meals,547,163,155,8,60,Cloudy,Yes,3.6
2025-06-10,Tuesday,Breakfast,Samosa,Snacks,359,123,77,46,20,Cloudy,Yes,4.8
2025-04-12,Saturday,Breakfast,Coffee,Drinks,157,80,26,54,25,Sunny,Yes,4.1
2025-08-29,Friday,Evening,Samosa,Snacks,214,85,20,65,20,Sunny,No,5.0
2025-03-09,Sunday,Evening,Cold Drink,Drinks,348,109,58,51,30,Cloudy,No,4.1
2025-12-31,Wednesday,Lunch,Samosa,Snacks,322,134,85,49,20,Cloudy,Yes,3.1
2025-07-01,Tuesday,Lunch,Tea,Drinks,472,148,118,30,15,Cloudy,No,4.4
2025-04-04,Friday,Evening,Idli,Breakfast,569,148,112,36,35,Rainy,Yes,4.2
2025-07-09,Wednesday,Evening,Coffee,Drinks,344,110,59,51,25,Cloudy,No,4.2
2025-02-19,Wednesday,Breakfast,Veg Thali,Meals,402,132,89,43,90,Cloudy,Yes,4.2
2025-08-07,Thursday,Lunch,Pav Bhaji,Meals,346,139,94,45,70,Cloudy,Yes,4.6
2025-04-18,Friday,Lunch,Cold Drink,Drinks,292,106,47,59,30,Rainy,No,3.3
2025-05-28,Wednesday,Lunch,Coffee,Drinks,374,128,79,49,25,Sunny,Yes,5.0
2025-02-24,Monday,Breakfast,Veg Thali,Meals,222,95,37,58,90,Sunny,Yes,4.5
2025-01-15,Wednesday,Evening,Veg Sandwich,Snacks,426,119,74,45,40,Rainy,Yes,4.6
2025-07-09,Wednesday,Breakfast,Veg Thali,Meals,442,139,107,32,90,Cloudy,No,3.9
2025-02-26,Wednesday,Evening,Samosa,Snacks,377,118,72,46,20,Cloudy,No,3.3
2025-05-23,Friday,Evening,Samosa,Snacks,331,121,69,52,20,Sunny,Yes,3.3
2025-06-21,Saturday,Lunch,Coffee,Drinks,472,163,148,15,25,Rainy,Yes,4.8
2025-01-20,Monday,Lunch,Samosa,Snacks,511,153,129,24,20,Rainy,No,4.3
2025-11-17,Monday,Breakfast,Veg Sandwich,Snacks,275,112,54,58,40,Sunny,No,4.3
2025-05-16,Friday,Lunch,Vada Pav,Snacks,398,133,86,47,25,Sunny,No,4.3
2025-02-15,Saturday,Evening,Masala Dosa,Meals,151,80,23,57,60,Cloudy,Yes,3.4
2025-04-02,Wednesday,Breakfast,Tea,Drinks,502,155,128,27,15,Cloudy,No,4.3
2025-09-05,Friday,Evening,Vada Pav,Snacks,599,186,186,0,25,Cloudy,Yes,4.0
2025-11-19,Wednesday,Lunch,Idli,Breakfast,332,119,64,55,35,Rainy,No,3.2
2025-05-28,Wednesday,Lunch,Coffee,Drinks,316,111,57,54,25,Sunny,No,4.9
2025-12-05,Friday,Breakfast,Pav Bhaji,Meals,506,161,145,16,70,Cloudy,Yes,4.7
2025-09-08,Monday,Evening,Tea,Drinks,501,142,107,35,15,Sunny,Yes,3.4
2025-07-29,Tuesday,Breakfast,Cold Drink,Drinks,545,166,155,11,30,Cloudy,No,3.8
2025-08-15,Friday,Lunch,Tea,Drinks,283,113,55,58,15,Sunny,No,3.7
2025-01-24,Friday,Lunch,Coffee,Drinks,359,131,92,39,25,Sunny,Yes,4.3
2025-11-11,Tuesday,Evening,Pav Bhaji,Meals,216,100,35,65,70,Rainy,Yes,4.6
2025-02-16,Sunday,Evening,Pav Bhaji,Meals,330,119,69,50,70,Rainy,Yes,3.4
2025-10-02,Thursday,Breakfast,Vada Pav,Snacks,579,181,175,6,25,Rainy,No,3.6
2025-03-24,Monday,Lunch,Pav Bhaji,Meals,361,143,101,42,70,Sunny,Yes,4.7
2025-09-27,Saturday,Breakfast,Cold Drink,Drinks,353,111,53,58,30,Cloudy,Yes,3.0
2025-11-20,Thursday,Evening,Masala Dosa,Meals,167,87,26,61,60,Cloudy,Yes,4.3
2025-03-09,Sunday,Evening,Veg Thali,Meals,591,149,124,25,90,Sunny,Yes,4.4
2025-08-01,Friday,Breakfast,Veg Sandwich,Snacks,530,139,103,36,40,Rainy,Yes,4.6
2025-04-10,Thursday,Evening,Veg Thali,Meals,551,160,136,24,90,Cloudy,No,3.6
2025-08-23,Saturday,Breakfast,Samosa,Snacks,285,104,46,58,20,Rainy,No,3.2
2025-07-28,Monday,Evening,Veg Thali,Meals,397,125,77,48,90,Cloudy,Yes,4.5
2025-07-10,Thursday,Evening,Samosa,Snacks,381,123,70,53,20,Sunny,Yes,3.9
2025-09-02,Tuesday,Evening,Samosa,Snacks,479,133,93,40,20,Cloudy,No,5.0
2025-02-18,Tuesday,Evening,Vada Pav,Snacks,256,93,33,60,25,Cloudy,Yes,4.2
2025-08-31,Sunday,Evening,Idli,Breakfast,539,168,158,10,35,Sunny,Yes,3.8
2025-06-22,Sunday,Breakfast,Veg Sandwich,Snacks,314,121,68,53,40,Rainy,No,4.4
2025-10-15,Wednesday,Lunch,Cold Drink,Drinks,405,135,98,37,30,Cloudy,Yes,4.0
2025-10-12,Sunday,Evening,Samosa,Snacks,203,88,34,54,20,Cloudy,Yes,3.0
2025-09-24,Wednesday,Evening,Samosa,Snacks,235,103,40,63,20,Sunny,No,3.1
2025-08-06,Wednesday,Lunch,Vada Pav,Snacks,470,143,114,29,25,Rainy,No,4.1
2025-07-24,Thursday,Breakfast,Veg Thali,Meals,210,95,39,56,90,Cloudy,No,3.5
2025-06-15,Sunday,Evening,Pav Bhaji,Meals,438,125,78,47,70,Rainy,Yes,4.4
2025-11-11,Tuesday,Evening,Pav Bhaji,Meals,415,132,84,48,70,Rainy,No,4.9
2025-03-11,Tuesday,Breakfast,Cold Drink,Drinks,516,146,109,37,30,Cloudy,Yes,3.3
2025-02-04,Tuesday,Breakfast,Veg Thali,Meals,509,159,141,18,90,Sunny,Yes,3.9
2025-02-18,Tuesday,Breakfast,Idli,Breakfast,389,115,64,51,35,Rainy,Yes,4.1
2025-04-26,Saturday,Lunch,Veg Sandwich,Snacks,248,111,62,49,40,Cloudy,No,3.9
2025-06-06,Friday,Lunch,Idli,Breakfast,542,174,174,0,35,Cloudy,No,4.3
2025-02-09,Sunday,Evening,Vada Pav,Snacks,202,87,24,63,25,Rainy,Yes,4.1
2025-03-06,Thursday,Evening,Idli,Breakfast,480,148,124,24,35,Cloudy,No,4.2
2025-05-22,Thursday,Evening,Idli,Breakfast,492,136,100,36,35,Cloudy,Yes,3.5
2025-04-21,Monday,Breakfast,Idli,Breakfast,225,94,28,66,35,Sunny,Yes,3.6
2025-01-27,Monday,Breakfast,Cold Drink,Drinks,563,169,161,8,30,Cloudy,No,3.6
2025-03-02,Sunday,Breakfast,Cold Drink,Drinks,351,125,75,50,30,Cloudy,No,3.6
2025-09-25,Thursday,Lunch,Cold Drink,Drinks,190,99,43,56,30,Rainy,Yes,4.7
2025-12-31,Wednesday,Breakfast,Tea,Drinks,436,143,106,37,15,Cloudy,No,4.4
2025-10-13,Monday,Lunch,Pav Bhaji,Meals,241,110,60,50,70,Sunny,No,4.3
2025-08-06,Wednesday,Breakfast,Idli,Breakfast,436,133,94,39,35,Sunny,No,5.0
2025-04-11,Friday,Lunch,Pav Bhaji,Meals,419,146,113,33,70,Sunny,Yes,3.2
2025-07-08,Tuesday,Lunch,Cold Drink,Drinks,156,79,17,62,30,Rainy,No,4.3
2025-07-23,Wednesday,Breakfast,Veg Thali,Meals,290,118,72,46,90,Rainy,Yes,3.1
2025-08-30,Saturday,Evening,Coffee,Drinks,401,137,101,36,25,Sunny,No,4.5
2025-02-23,Sunday,Breakfast,Pav Bhaji,Meals,164,85,21,64,70,Rainy,Yes,4.7
2025-03-09,Sunday,Breakfast,Tea,Drinks,577,162,152,10,15,Sunny,Yes,3.1
2025-02-19,Wednesday,Evening,Veg Thali,Meals,586,159,144,15,90,Sunny,Yes,4.7
2025-06-12,Thursday,Evening,Vada Pav,Snacks,450,140,106,34,25,Rainy,No,3.8
2025-12-08,Monday,Evening,Veg Sandwich,Snacks,183,89,24,65,40,Sunny,Yes,3.3
2025-01-23,Thursday,Lunch,Idli,Breakfast,251,100,46,54,35,Rainy,No,4.7
2025-01-02,Thursday,Lunch,Veg Thali,Meals,437,143,110,33,90,Cloudy,Yes,4.7
2025-02-14,Friday,Evening,Coffee,Drinks,195,84,19,65,25,Sunny,Yes,3.4
2025-10-30,Thursday,Evening,Veg Sandwich,Snacks,542,146,113,33,40,Sunny,Yes,3.9
2025-05-07,Wednesday,Lunch,Masala Dosa,Meals,532,162,146,16,60,Rainy,Yes,4.4
2025-04-02,Wednesday,Lunch,Vada Pav,Snacks,439,139,97,42,25,Cloudy,No,3.5
2025-04-13,Sunday,Breakfast,Veg Thali,Meals,282,101,43,58,90,Rainy,No,3.7
2025-07-06,Sunday,Lunch,Cold Drink,Drinks,380,122,78,44,30,Rainy,Yes,4.2
2025-03-21,Friday,Evening,Idli,Breakfast,257,98,44,54,35,Rainy,No,4.4
2025-05-28,Wednesday,Breakfast,Pav Bhaji,Meals,508,136,100,36,70,Rainy,No,3.4
2025-04-22,Tuesday,Lunch,Veg Thali,Meals,166,87,27,60,90,Sunny,Yes,4.2
2025-07-10,Thursday,Evening,Tea,Drinks,487,140,97,43,15,Rainy,Yes,4.3
2025-01-05,Sunday,Breakfast,Tea,Drinks,393,132,83,49,15,Cloudy,No,3.4
2025-07-03,Thursday,Lunch,Vada Pav,Snacks,389,144,111,33,25,Rainy,Yes,4.6
2025-08-22,Friday,Evening,Idli,Breakfast,505,149,117,32,35,Cloudy,No,3.5
2025-07-11,Friday,Evening,Pav Bhaji,Meals,397,123,70,53,70,Rainy,No,4.5
2025-09-17,Wednesday,Breakfast,Tea,Drinks,368,126,73,53,15,Cloudy,No,4.0
2025-06-03,Tuesday,Evening,Cold Drink,Drinks,251,93,32,61,30,Rainy,Yes,4.6
2025-01-28,Tuesday,Breakfast,Veg Thali,Meals,555,159,136,23,90,Sunny,No,3.9
2025-12-04,Thursday,Breakfast,Masala Dosa,Meals,238,90,26,64,60,Cloudy,No,4.7
2025-08-12,Tuesday,Breakfast,Masala Dosa,Meals,228,87,22,65,60,Rainy,No,3.7
2025-08-30,Saturday,Evening,Tea,Drinks,507,157,143,14,15,Sunny,No,3.9
2025-05-05,Monday,Breakfast,Tea,Drinks,215,91,30,61,15,Cloudy,Yes,4.8
2025-12-12,Friday,Evening,Tea,Drinks,455,135,97,38,15,Cloudy,Yes,4.5
2025-10-28,Tuesday,Breakfast,Masala Dosa,Meals,461,137,96,41,60,Sunny,Yes,4.0
2025-01-01,Wednesday,Evening,Idli,Breakfast,534,162,142,20,35,Cloudy,Yes,4.0
2025-01-23,Thursday,Breakfast,Veg Thali,Meals,372,121,65,56,90,Sunny,No,3.9
2025-05-26,Monday,Lunch,Tea,Drinks,495,152,125,27,15,Cloudy,Yes,3.4
2025-07-23,Wednesday,Evening,Cold Drink,Drinks,577,178,174,4,30,Sunny,No,4.4
2025-02-21,Friday,Evening,Tea,Drinks,561,154,132,22,15,Sunny,Yes,4.0
2025-12-18,Thursday,Lunch,Veg Sandwich,Snacks,398,137,90,47,40,Rainy,No,3.6
2025-05-13,Tuesday,Evening,Samosa,Snacks,459,151,128,23,20,Cloudy,No,3.7
2025-10-01,Wednesday,Lunch,Samosa,Snacks,552,175,172,3,20,Sunny,No,4.7
2025-02-10,Monday,Breakfast,Veg Sandwich,Snacks,322,107,56,51,40,Rainy,No,4.2
2025-08-21,Thursday,Lunch,Veg Sandwich,Snacks,387,126,78,48,40,Cloudy,Yes,3.9
2025-01-26,Sunday,Evening,Pav Bhaji,Meals,279,109,58,51,70,Cloudy,No,4.6
2025-10-05,Sunday,Lunch,Vada Pav,Snacks,300,106,48,58,25,Cloudy,No,3.6
2025-01-19,Sunday,Evening,Samosa,Snacks,332,117,63,54,20,Rainy,Yes,3.5
2025-02-13,Thursday,Evening,Samosa,Snacks,214,94,34,60,20,Rainy,Yes,4.8
2025-06-26,Thursday,Lunch,Idli,Breakfast,274,102,42,60,35,Rainy,No,3.7
2025-03-17,Monday,Evening,Samosa,Snacks,345,114,64,50,20,Rainy,Yes,4.5
2025-08-05,Tuesday,Lunch,Veg Sandwich,Snacks,244,108,56,52,40,Rainy,No,4.8
2025-08-10,Sunday,Breakfast,Masala Dosa,Meals,442,142,107,35,60,Cloudy,No,4.7
2025-05-05,Monday,Evening,Veg Sandwich,Snacks,341,110,54,56,40,Rainy,No,3.5
2025-12-19,Friday,Breakfast,Veg Thali,Meals,406,134,87,47,90,Rainy,Yes,4.4
2025-05-20,Tuesday,Breakfast,Tea,Drinks,256,104,44,60,15,Sunny,No,3.5
2025-11-03,Monday,Evening,Pav Bhaji,Meals,199,82,21,61,70,Sunny,Yes,3.4
2025-11-10,Monday,Lunch,Idli,Breakfast,573,184,180,4,35,Cloudy,No,4.1
2025-09-01,Monday,Evening,Veg Sandwich,Snacks,325,111,56,55,40,Cloudy,No,3.3
2025-09-13,Saturday,Breakfast,Cold Drink,Drinks,507,142,99,43,30,Sunny,No,4.3
2025-10-20,Monday,Breakfast,Coffee,Drinks,437,127,82,45,25,Cloudy,Yes,3.7
2025-05-30,Friday,Lunch,Coffee,Drinks,495,148,120,28,25,Cloudy,Yes,3.3
2025-06-30,Monday,Evening,Tea,Drinks,362,123,74,49,15,Sunny,No,5.0
2025-07-12,Saturday,Evening,Vada Pav,Snacks,343,108,48,60,25,Rainy,Yes,3.4
2025-02-26,Wednesday,Evening,Veg Thali,Meals,241,99,38,61,90,Sunny,No,4.5
2025-08-03,Sunday,Evening,Veg Thali,Meals,313,116,66,50,90,Cloudy,Yes,4.9
2025-11-22,Saturday,Lunch,Cold Drink,Drinks,424,136,95,41,30,Rainy,No,4.0
2025-08-26,Tuesday,Lunch,Coffee,Drinks,230,98,40,58,25,Sunny,No,4.7
2025-08-26,Tuesday,Evening,Vada Pav,Snacks,499,152,126,26,25,Sunny,No,4.9
2025-07-30,Wednesday,Breakfast,Veg Sandwich,Snacks,466,147,117,30,40,Sunny,Yes,5.0
2025-11-03,Monday,Evening,Tea,Drinks,161,78,22,56,15,Cloudy,Yes,3.9
2025-02-16,Sunday,Lunch,Veg Sandwich,Snacks,530,171,171,0,40,Rainy,No,3.4
2025-03-24,Monday,Lunch,Pav Bhaji,Meals,520,165,159,6,70,Sunny,Yes,4.8
2025-06-15,Sunday,Breakfast,Veg Thali,Meals,183,87,28,59,90,Sunny,Yes,3.5
2025-11-05,Wednesday,Lunch,Masala Dosa,Meals,557,175,167,8,60,Sunny,No,4.6
2025-06-19,Thursday,Breakfast,Masala Dosa,Meals,386,112,51,61,60,Rainy,Yes,4.4
2025-07-28,Monday,Evening,Coffee,Drinks,591,180,175,5,25,Cloudy,Yes,4.8
2025-10-03,Friday,Breakfast,Idli,Breakfast,481,143,115,28,35,Rainy,Yes,4.5
2025-05-30,Friday,Lunch,Veg Sandwich,Snacks,336,123,68,55,40,Cloudy,No,3.2
2025-05-15,Thursday,Evening,Samosa,Snacks,519,150,120,30,20,Sunny,No,3.3
2025-05-05,Monday,Lunch,Masala Dosa,Meals,285,117,58,59,60,Sunny,No,3.9
2025-12-30,Tuesday,Lunch,Masala Dosa,Meals,537,162,147,15,60,Cloudy,No,3.7
2025-08-19,Tuesday,Evening,Veg Thali,Meals,440,146,109,37,90,Cloudy,Yes,4.0
2025-01-14,Tuesday,Breakfast,Pav Bhaji,Meals,438,131,91,40,70,Cloudy,No,3.3
2025-11-21,Friday,Lunch,Coffee,Drinks,515,152,131,21,25,Cloudy,No,4.4
2025-03-17,Monday,Evening,Veg Thali,Meals,589,173,164,9,90,Cloudy,No,4.7
2025-10-26,Sunday,Lunch,Vada Pav,Snacks,449,146,115,31,25,Sunny,No,4.5
2025-09-22,Monday,Lunch,Coffee,Drinks,466,159,143,16,25,Sunny,No,4.7
2025-06-10,Tuesday,Evening,Pav Bhaji,Meals,343,128,82,46,70,Cloudy,Yes,3.4
2025-07-14,Monday,Breakfast,Samosa,Snacks,325,107,46,61,20,Sunny,No,3.6
2025-03-03,Monday,Evening,Masala Dosa,Meals,332,118,69,49,60,Cloudy,No,4.8
2025-09-26,Friday,Breakfast,Masala Dosa,Meals,336,114,54,60,60,Rainy,Yes,4.9
2025-09-17,Wednesday,Breakfast,Veg Thali,Meals,433,151,118,33,90,Rainy,Yes,3.9
2025-09-25,Thursday,Breakfast,Masala Dosa,Meals,281,110,57,53,60,Rainy,Yes,4.7
2025-04-27,Sunday,Evening,Coffee,Drinks,240,98,34,64,25,Sunny,No,4.5
2025-02-02,Sunday,Breakfast,Cold Drink,Drinks,305,104,49,55,30,Sunny,Yes,4.5
2025-09-02,Tuesday,Lunch,Samosa,Snacks,424,154,124,30,20,Sunny,No,3.4
2025-03-01,Saturday,Lunch,Samosa,Snacks,393,139,97,42,20,Sunny,Yes,4.2
2025-06-03,Tuesday,Evening,Veg Sandwich,Snacks,447,146,115,31,40,Cloudy,Yes,4.6
2025-04-10,Thursday,Evening,Idli,Breakfast,536,147,115,32,35,Cloudy,Yes,4.2
2025-09-10,Wednesday,Evening,Vada Pav,Snacks,318,113,62,51,25,Rainy,No,3.6
2025-09-30,Tuesday,Breakfast,Pav Bhaji,Meals,290,110,49,61,70,Rainy,No,5.0
2025-04-04,Friday,Lunch,Veg Sandwich,Snacks,313,120,64,56,40,Rainy,No,3.1
2025-08-10,Sunday,Evening,Veg Thali,Meals,198,91,33,58,90,Cloudy,No,4.6
2025-04-10,Thursday,Breakfast,Masala Dosa,Meals,259,98,40,58,60,Cloudy,No,3.9
2025-12-17,Wednesday,Lunch,Idli,Breakfast,257,104,43,61,35,Rainy,Yes,4.5
2025-03-29,Saturday,Breakfast,Idli,Breakfast,489,164,152,12,35,Sunny,No,4.3
2025-08-02,Saturday,Evening,Veg Thali,Meals,267,112,63,49,90,Cloudy,No,3.6
2025-03-16,Sunday,Lunch,Pav Bhaji,Meals,522,165,153,12,70,Cloudy,No,4.1
2025-08-02,Saturday,Breakfast,Tea,Drinks,178,87,23,64,15,Cloudy,No,4.9
2025-05-21,Wednesday,Breakfast,Masala Dosa,Meals,256,97,36,61,60,Rainy,No,3.0
2025-08-07,Thursday,Lunch,Pav Bhaji,Meals,435,157,139,18,70,Rainy,Yes,4.0
2025-05-21,Wednesday,Breakfast,Samosa,Snacks,274,109,57,52,20,Sunny,No,4.2
2025-01-24,Friday,Evening,Tea,Drinks,502,140,105,35,15,Rainy,No,4.2
2025-01-31,Friday,Breakfast,Veg Sandwich,Snacks,477,146,115,31,40,Cloudy,No,4.8
2025-02-26,Wednesday,Lunch,Vada Pav,Snacks,600,177,177,0,25,Rainy,Yes,4.5
2025-03-19,Wednesday,Breakfast,Idli,Breakfast,303,112,57,55,35,Rainy,Yes,3.5
2025-10-21,Tuesday,Evening,Veg Thali,Meals,435,143,103,40,90,Rainy,No,4.5
2025-02-04,Tuesday,Evening,Pav Bhaji,Meals,586,178,172,6,70,Cloudy,No,3.4
2025-08-28,Thursday,Breakfast,Coffee,Drinks,335,121,75,46,25,Cloudy,Yes,3.5
2025-11-06,Thursday,Evening,Veg Sandwich,Snacks,221,92,38,54,40,Sunny,No,4.0
2025-01-25,Saturday,Evening,Veg Sandwich,Snacks,412,134,85,49,40,Cloudy,Yes,4.9
2025-06-17,Tuesday,Evening,Coffee,Drinks,294,111,60,51,25,Rainy,No,3.2
2025-02-17,Monday,Evening,Samosa,Snacks,422,136,96,40,20,Sunny,Yes,4.2
2025-04-08,Tuesday,Breakfast,Tea,Drinks,568,161,149,12,15,Cloudy,No,3.3
2025-06-19,Thursday,Breakfast,Vada Pav,Snacks,481,144,115,29,25,Rainy,No,4.4
2025-08-10,Sunday,Breakfast,Tea,Drinks,444,142,106,36,15,Cloudy,Yes,3.0
2025-04-26,Saturday,Lunch,Tea,Drinks,227,102,49,53,15,Cloudy,Yes,3.7
2025-08-23,Saturday,Evening,Masala Dosa,Meals,544,174,174,0,60,Rainy,No,4.7
2025-03-20,Thursday,Breakfast,Vada Pav,Snacks,255,93,35,58,25,Cloudy,Yes,4.2
2025-01-21,Tuesday,Breakfast,Cold Drink,Drinks,328,124,72,52,30,Sunny,No,4.3
2025-04-14,Monday,Lunch,Vada Pav,Snacks,367,144,106,38,25,Cloudy,Yes,4.5
2025-01-14,Tuesday,Breakfast,Coffee,Drinks,213,91,36,55,25,Cloudy,Yes,4.7
2025-04-17,Thursday,Lunch,Veg Sandwich,Snacks,378,126,84,42,40,Cloudy,No,3.8
2025-03-05,Wednesday,Breakfast,Vada Pav,Snacks,409,121,67,54,25,Rainy,Yes,3.2
2025-09-08,Monday,Evening,Idli,Breakfast,333,114,56,58,35,Rainy,No,5.0
2025-09-17,Wednesday,Lunch,Coffee,Drinks,280,122,65,57,25,Rainy,Yes,3.0
2025-08-04,Monday,Lunch,Samosa,Snacks,331,132,88,44,20,Cloudy,No,4.9
2025-11-30,Sunday,Lunch,Masala Dosa,Meals,509,178,169,9,60,Sunny,No,4.9
2025-05-21,Wednesday,Evening,Pav Bhaji,Meals,173,80,14,66,70,Sunny,Yes,3.3
2025-03-21,Friday,Breakfast,Coffee,Drinks,540,161,142,19,25,Sunny,Yes,4.7
2025-12-05,Friday,Lunch,Pav Bhaji,Meals,466,152,121,31,70,Cloudy,Yes,4.9
2025-03-19,Wednesday,Evening,Vada Pav,Snacks,336,105,44,61,25,Sunny,Yes,3.6
2025-11-17,Monday,Lunch,Veg Thali,Meals,468,165,152,13,90,Cloudy,Yes,3.1
2025-08-29,Friday,Breakfast,Vada Pav,Snacks,358,128,86,42,25,Sunny,No,4.1
2025-03-22,Saturday,Breakfast,Veg Sandwich,Snacks,328,113,53,60,40,Sunny,Yes,3.2
2025-09-01,Monday,Lunch,Tea,Drinks,588,166,158,8,15,Rainy,No,4.6
2025-01-01,Wednesday,Lunch,Coffee,Drinks,390,132,90,42,25,Cloudy,Yes,3.7
2025-11-11,Tuesday,Evening,Samosa,Snacks,394,117,66,51,20,Cloudy,Yes,3.3
2025-03-15,Saturday,Breakfast,Samosa,Snacks,530,147,118,29,20,Sunny,No,3.2
2025-04-26,Saturday,Lunch,Vada Pav,Snacks,523,160,144,16,25,Rainy,No,4.3
2025-09-24,Wednesday,Evening,Idli,Breakfast,286,105,51,54,35,Sunny,No,3.3
2025-01-18,Saturday,Evening,Tea,Drinks,473,161,138,23,15,Sunny,Yes,3.3
2025-01-18,Saturday,Breakfast,Vada Pav,Snacks,353,122,72,50,25,Cloudy,Yes,4.7
2025-04-07,Monday,Evening,Idli,Breakfast,357,120,66,54,35,Cloudy,Yes,4.1
2025-03-02,Sunday,Evening,Veg Thali,Meals,485,141,99,42,90,Rainy,No,3.5
2025-09-07,Sunday,Evening,Coffee,Drinks,489,157,133,24,25,Sunny,No,3.1
2025-07-07,Monday,Lunch,Veg Sandwich,Snacks,428,137,97,40,40,Sunny,Yes,4.7
2025-03-03,Monday,Evening,Veg Thali,Meals,214,92,33,59,90,Cloudy,No,5.0
2025-02-12,Wednesday,Evening,Vada Pav,Snacks,353,111,59,52,25,Rainy,Yes,3.4
2025-01-09,Thursday,Breakfast,Pav Bhaji,Meals,419,135,95,40,70,Rainy,Yes,4.1
2025-09-30,Tuesday,Lunch,Cold Drink,Drinks,267,107,45,62,30,Rainy,Yes,4.4
2025-11-22,Saturday,Evening,Idli,Breakfast,265,103,48,55,35,Rainy,Yes,3.8
2025-04-14,Monday,Lunch,Veg Sandwich,Snacks,355,140,102,38,40,Cloudy,No,4.8
2025-08-28,Thursday,Lunch,Vada Pav,Snacks,519,150,126,24,25,Cloudy,Yes,4.1
2025-06-09,Monday,Breakfast,Idli,Breakfast,454,149,115,34,35,Sunny,Yes,3.3
2025-03-24,Monday,Breakfast,Tea,Drinks,552,155,129,26,15,Sunny,No,3.5
2025-06-29,Sunday,Breakfast,Masala Dosa,Meals,291,99,45,54,60,Sunny,No,4.2
2025-12-11,Thursday,Breakfast,Masala Dosa,Meals,377,132,82,50,60,Sunny,No,4.3
2025-09-24,Wednesday,Lunch,Cold Drink,Drinks,202,91,32,59,30,Rainy,No,3.6
2025-03-05,Wednesday,Evening,Idli,Breakfast,382,137,102,35,35,Sunny,Yes,4.8
2025-06-24,Tuesday,Lunch,Veg Sandwich,Snacks,345,130,85,45,40,Cloudy,Yes,4.2
2025-12-30,Tuesday,Evening,Coffee,Drinks,538,158,133,25,25,Cloudy,Yes,5.0
2025-11-05,Wednesday,Evening,Pav Bhaji,Meals,273,111,55,56,70,Rainy,No,3.8
2025-11-23,Sunday,Breakfast,Veg Thali,Meals,581,183,183,0,90,Rainy,No,4.0
2025-08-03,Sunday,Evening,Veg Thali,Meals,332,106,54,52,90,Sunny,Yes,4.0
2025-10-27,Monday,Lunch,Masala Dosa,Meals,452,138,104,34,60,Cloudy,No,4.7
2025-09-07,Sunday,Evening,Idli,Breakfast,578,170,170,0,35,Rainy,No,4.9
2025-07-15,Tuesday,Breakfast,Idli,Breakfast,205,92,27,65,35,Rainy,Yes,4.9
2025-05-03,Saturday,Lunch,Idli,Breakfast,494,172,172,0,35,Rainy,No,4.5
2025-06-27,Friday,Evening,Coffee,Drinks,586,186,186,0,25,Cloudy,Yes,4.6
2025-08-10,Sunday,Evening,Veg Sandwich,Snacks,260,92,31,61,40,Rainy,Yes,3.2
2025-07-31,Thursday,Breakfast,Coffee,Drinks,584,180,176,4,25,Cloudy,No,3.7
2025-05-08,Thursday,Lunch,Coffee,Drinks,551,172,172,0,25,Sunny,No,3.5
2025-03-24,Monday,Breakfast,Cold Drink,Drinks,544,168,166,2,30,Rainy,No,3.7
2025-03-30,Sunday,Lunch,Samosa,Snacks,320,117,62,55,20,Cloudy,Yes,3.2
2025-02-16,Sunday,Evening,Tea,Drinks,310,115,67,48,15,Rainy,No,3.8
2025-05-16,Friday,Evening,Coffee,Drinks,329,125,82,43,25,Cloudy,No,3.3
2025-03-28,Friday,Lunch,Veg Sandwich,Snacks,207,102,49,53,40,Sunny,No,4.3
2025-06-01,Sunday,Evening,Cold Drink,Drinks,241,92,27,65,30,Cloudy,Yes,4.4
2025-12-06,Saturday,Lunch,Veg Thali,Meals,224,100,41,59,90,Rainy,No,3.3
2025-07-17,Thursday,Breakfast,Veg Thali,Meals,464,136,92,44,90,Rainy,Yes,3.9
2025-01-21,Tuesday,Breakfast,Cold Drink,Drinks,229,87,24,63,30,Rainy,No,4.7
2025-04-23,Wednesday,Breakfast,Masala Dosa,Meals,375,115,58,57,60,Rainy,Yes,3.5
2025-01-11,Saturday,Evening,Coffee,Drinks,579,168,162,6,25,Cloudy,No,3.4
2025-04-06,Sunday,Evening,Idli,Breakfast,354,127,84,43,35,Rainy,No,4.6
2025-07-06,Sunday,Lunch,Tea,Drinks,339,121,69,52,15,Cloudy,Yes,3.2
2025-12-21,Sunday,Breakfast,Pav Bhaji,Meals,590,181,181,0,70,Rainy,Yes,3.3
2025-09-17,Wednesday,Evening,Coffee,Drinks,424,144,112,32,25,Cloudy,Yes,3.5
2025-06-28,Saturday,Evening,Cold Drink,Drinks,570,154,136,18,30,Sunny,No,3.1
2025-11-13,Thursday,Lunch,Coffee,Drinks,452,167,153,14,25,Cloudy,Yes,3.0
2025-08-18,Monday,Evening,Veg Sandwich,Snacks,327,104,45,59,40,Cloudy,Yes,3.1
2025-05-22,Thursday,Evening,Veg Thali,Meals,522,151,129,22,90,Sunny,No,4.9
2025-07-22,Tuesday,Breakfast,Coffee,Drinks,308,107,53,54,25,Rainy,No,4.6
2025-09-18,Thursday,Lunch,Vada Pav,Snacks,542,186,186,0,25,Rainy,No,3.1
2025-07-03,Thursday,Evening,Samosa,Snacks,546,160,147,13,20,Sunny,Yes,3.3
2025-04-10,Thursday,Breakfast,Idli,Breakfast,546,139,102,37,35,Sunny,Yes,4.5
2025-06-19,Thursday,Breakfast,Samosa,Snacks,356,129,82,47,20,Rainy,No,4.4
2025-03-12,Wednesday,Lunch,Vada Pav,Snacks,199,89,29,60,25,Cloudy,No,4.8
2025-09-13,Saturday,Breakfast,Vada Pav,Snacks,283,100,45,55,25,Cloudy,Yes,4.3
2025-06-23,Monday,Lunch,Samosa,Snacks,418,155,126,29,20,Cloudy,Yes,5.0
2025-01-31,Friday,Evening,Pav Bhaji,Meals,198,96,38,58,70,Sunny,Yes,3.0
2025-06-17,Tuesday,Lunch,Veg Thali,Meals,164,91,27,64,90,Rainy,No,3.4
2025-11-14,Friday,Lunch,Vada Pav,Snacks,424,132,92,40,25,Sunny,No,4.8
2025-11-04,Tuesday,Lunch,Idli,Breakfast,240,104,53,51,35,Cloudy,Yes,4.6
2025-01-16,Thursday,Evening,Veg Sandwich,Snacks,425,148,113,35,40,Sunny,No,3.7
2025-04-03,Thursday,Evening,Cold Drink,Drinks,235,91,27,64,30,Sunny,No,5.0
2025-06-22,Sunday,Lunch,Cold Drink,Drinks,575,198,198,0,30,Cloudy,No,4.1
2025-06-23,Monday,Breakfast,Pav Bhaji,Meals,222,89,28,61,70,Sunny,No,3.1
2025-01-31,Friday,Lunch,Idli,Breakfast,200,97,36,61,35,Rainy,Yes,4.8
2025-10-16,Thursday,Evening,Cold Drink,Drinks,417,126,74,52,30,Cloudy,Yes,3.9
2025-04-12,Saturday,Lunch,Tea,Drinks,356,118,60,58,15,Cloudy,No,4.0
2025-06-14,Saturday,Evening,Coffee,Drinks,462,142,111,31,25,Cloudy,No,4.5
2025-12-17,Wednesday,Evening,Veg Sandwich,Snacks,420,148,115,33,40,Sunny,Yes,4.8
2025-10-20,Monday,Evening,Vada Pav,Snacks,478,146,108,38,25,Cloudy,Yes,4.9
2025-07-17,Thursday,Breakfast,Pav Bhaji,Meals,425,142,108,34,70,Sunny,No,4.7
2025-09-18,Thursday,Lunch,Veg Sandwich,Snacks,259,117,60,57,40,Sunny,No,4.4
2025-02-07,Friday,Evening,Masala Dosa,Meals,403,116,63,53,60,Sunny,Yes,3.4
2025-12-19,Friday,Breakfast,Veg Thali,Meals,152,85,25,60,90,Sunny,No,4.7
2025-07-10,Thursday,Lunch,Veg Sandwich,Snacks,229,103,43,60,40,Sunny,Yes,4.8
2025-08-05,Tuesday,Evening,Idli,Breakfast,513,141,107,34,35,Rainy,No,4.5
2025-05-20,Tuesday,Lunch,Veg Sandwich,Snacks,362,125,73,52,40,Cloudy,No,4.6
2025-09-07,Sunday,Lunch,Idli,Breakfast,155,79,25,54,35,Rainy,No,3.9
2025-12-06,Saturday,Evening,Masala Dosa,Meals,186,81,27,54,60,Rainy,Yes,4.0
2025-04-04,Friday,Evening,Pav Bhaji,Meals,235,105,52,53,70,Rainy,No,4.9
2025-07-23,Wednesday,Lunch,Cold Drink,Drinks,296,107,45,62,30,Cloudy,No,3.8
2025-04-14,Monday,Breakfast,Cold Drink,Drinks,583,150,115,35,30,Cloudy,Yes,3.9
2025-02-25,Tuesday,Breakfast,Masala Dosa,Meals,169,78,23,55,60,Cloudy,Yes,4.6
2025-05-04,Sunday,Lunch,Idli,Breakfast,339,124,81,43,35,Cloudy,Yes,3.1
2025-09-15,Monday,Breakfast,Masala Dosa,Meals,521,156,130,26,60,Cloudy,Yes,3.7
2025-05-09,Friday,Breakfast,Pav Bhaji,Meals,386,124,70,54,70,Sunny,Yes,4.9
2025-09-16,Tuesday,Breakfast,Masala Dosa,Meals,244,95,40,55,60,Rainy,Yes,3.9
2025-08-14,Thursday,Breakfast,Masala Dosa,Meals,458,143,104,39,60,Rainy,No,4.1
2025-06-12,Thursday,Breakfast,Samosa,Snacks,500,150,115,35,20,Sunny,No,4.2
2025-03-28,Friday,Evening,Pav Bhaji,Meals,339,128,84,44,70,Sunny,Yes,3.5
2025-07-15,Tuesday,Breakfast,Idli,Breakfast,179,90,36,54,35,Cloudy,Yes,4.3
2025-10-16,Thursday,Evening,Samosa,Snacks,160,87,30,57,20,Rainy,No,3.8
2025-12-18,Thursday,Evening,Tea,Drinks,380,131,89,42,15,Rainy,Yes,3.5
2025-11-22,Saturday,Lunch,Coffee,Drinks,228,96,34,62,25,Cloudy,No,4.3
2025-03-31,Monday,Lunch,Veg Thali,Meals,232,101,40,61,90,Cloudy,Yes,3.3
2025-08-24,Sunday,Lunch,Cold Drink,Drinks,586,165,157,8,30,Sunny,No,3.7
2025-07-27,Sunday,Lunch,Tea,Drinks,385,135,92,43,15,Rainy,No,3.9
2025-06-22,Sunday,Lunch,Tea,Drinks,218,94,39,55,15,Rainy,Yes,3.4
2025-04-10,Thursday,Evening,Idli,Breakfast,336,114,57,57,35,Cloudy,No,3.4
2025-03-14,Friday,Lunch,Samosa,Snacks,427,139,107,32,20,Rainy,No,4.9
2025-11-16,Sunday,Lunch,Veg Sandwich,Snacks,252,107,46,61,40,Sunny,No,4.3
2025-09-22,Monday,Lunch,Vada Pav,Snacks,376,131,90,41,25,Sunny,Yes,3.3
2025-12-15,Monday,Evening,Vada Pav,Snacks,478,133,88,45,25,Cloudy,Yes,3.9
2025-03-08,Saturday,Lunch,Pav Bhaji,Meals,462,160,147,13,70,Rainy,Yes,3.1
2025-01-11,Saturday,Breakfast,Veg Sandwich,Snacks,319,124,73,51,40,Sunny,No,3.4
2025-03-19,Wednesday,Breakfast,Veg Thali,Meals,580,171,166,5,90,Sunny,No,4.2
2025-08-17,Sunday,Lunch,Pav Bhaji,Meals,510,157,141,16,70,Sunny,No,4.1
2025-03-19,Wednesday,Breakfast,Tea,Drinks,210,86,28,58,15,Rainy,No,4.3
2025-12-25,Thursday,Lunch,Masala Dosa,Meals,208,103,39,64,60,Rainy,Yes,4.5
2025-03-11,Tuesday,Lunch,Coffee,Drinks,344,134,94,40,25,Cloudy,Yes,4.4
2025-07-05,Saturday,Lunch,Idli,Breakfast,442,162,147,15,35,Sunny,No,4.9
2025-10-18,Saturday,Lunch,Pav Bhaji,Meals,193,88,31,57,70,Cloudy,Yes,3.6
2025-07-21,Monday,Breakfast,Samosa,Snacks,554,179,175,4,20,Rainy,Yes,3.6
2025-02-12,Wednesday,Lunch,Idli,Breakfast,559,180,180,0,35,Cloudy,Yes,3.8
2025-03-28,Friday,Lunch,Veg Thali,Meals,248,114,54,60,90,Rainy,No,4.0
2025-03-27,Thursday,Breakfast,Masala Dosa,Meals,508,149,119,30,60,Cloudy,No,3.7
2025-05-20,Tuesday,Evening,Coffee,Drinks,487,149,115,34,25,Sunny,No,4.7
2025-11-16,Sunday,Breakfast,Idli,Breakfast,159,78,19,59,35,Cloudy,No,3.8
2025-01-19,Sunday,Evening,Veg Thali,Meals,506,146,115,31,90,Cloudy,No,4.7
2025-08-06,Wednesday,Lunch,Pav Bhaji,Meals,217,99,41,58,70,Cloudy,No,3.6
2025-02-12,Wednesday,Lunch,Samosa,Snacks,562,191,183,8,20,Rainy,No,3.0
2025-03-07,Friday,Breakfast,Masala Dosa,Meals,188,81,24,57,60,Sunny,No,4.6
2025-02-14,Friday,Breakfast,Veg Sandwich,Snacks,520,168,163,5,40,Sunny,No,3.1
2025-10-26,Sunday,Evening,Coffee,Drinks,473,148,111,37,25,Cloudy,Yes,4.4
2025-04-13,Sunday,Evening,Samosa,Snacks,245,89,35,54,20,Sunny,Yes,4.4
2025-04-18,Friday,Breakfast,Samosa,Snacks,348,118,63,55,20,Cloudy,Yes,4.4
2025-09-11,Thursday,Evening,Vada Pav,Snacks,390,126,79,47,25,Cloudy,Yes,3.0
2025-04-01,Tuesday,Breakfast,Veg Thali,Meals,223,97,43,54,90,Rainy,Yes,4.5
2025-04-07,Monday,Breakfast,Pav Bhaji,Meals,537,153,134,19,70,Sunny,Yes,4.2
2025-11-04,Tuesday,Lunch,Cold Drink,Drinks,477,154,136,18,30,Cloudy,Yes,3.7
2025-05-04,Sunday,Evening,Veg Sandwich,Snacks,485,139,96,43,40,Rainy,No,3.1
2025-02-02,Sunday,Lunch,Pav Bhaji,Meals,525,151,129,22,70,Sunny,No,4.8
2025-08-17,Sunday,Breakfast,Samosa,Snacks,313,117,66,51,20,Rainy,No,4.4
2025-02-03,Monday,Evening,Veg Thali,Meals,522,148,124,24,90,Cloudy,No,4.0
2025-09-13,Saturday,Lunch,Coffee,Drinks,310,113,54,59,25,Rainy,Yes,3.1
2025-06-30,Monday,Lunch,Coffee,Drinks,600,204,204,0,25,Cloudy,No,4.9
2025-07-26,Saturday,Lunch,Coffee,Drinks,381,142,106,36,25,Sunny,Yes,3.8
2025-01-13,Monday,Breakfast,Pav Bhaji,Meals,345,116,56,60,70,Rainy,Yes,3.9
2025-12-05,Friday,Breakfast,Vada Pav,Snacks,453,126,78,48,25,Sunny,Yes,3.9
2025-05-19,Monday,Lunch,Masala Dosa,Meals,161,82,29,53,60,Cloudy,No,4.9
2025-10-09,Thursday,Lunch,Masala Dosa,Meals,247,104,53,51,60,Cloudy,No,3.3
2025-12-07,Sunday,Breakfast,Pav Bhaji,Meals,204,93,36,57,70,Sunny,No,3.6
2025-05-01,Thursday,Evening,Coffee,Drinks,561,161,142,19,25,Sunny,No,4.3
2025-06-23,Monday,Evening,Veg Thali,Meals,500,154,132,22,90,Rainy,No,3.3
2025-05-25,Sunday,Lunch,Pav Bhaji,Meals,563,171,167,4,70,Rainy,Yes,3.1
2025-08-17,Sunday,Lunch,Tea,Drinks,276,115,68,47,15,Sunny,No,4.8
2025-11-21,Friday,Lunch,Veg Thali,Meals,434,154,125,29,90,Cloudy,No,4.9
2025-11-20,Thursday,Evening,Masala Dosa,Meals,512,164,148,16,60,Rainy,Yes,4.0
2025-08-29,Friday,Breakfast,Pav Bhaji,Meals,411,139,103,36,70,Sunny,No,3.6
2025-09-28,Sunday,Lunch,Coffee,Drinks,458,138,98,40,25,Rainy,No,4.6
2025-05-22,Thursday,Evening,Vada Pav,Snacks,336,110,58,52,25,Sunny,No,3.0
2025-07-02,Wednesday,Evening,Coffee,Drinks,437,152,126,26,25,Sunny,No,5.0
2025-11-06,Thursday,Evening,Masala Dosa,Meals,571,183,183,0,60,Rainy,Yes,4.2
2025-06-01,Sunday,Evening,Veg Sandwich,Snacks,526,145,111,34,40,Sunny,No,3.8
2025-01-06,Monday,Lunch,Veg Thali,Meals,254,98,42,56,90,Sunny,No,4.3
2025-08-04,Monday,Breakfast,Pav Bhaji,Meals,388,131,88,43,70,Sunny,No,3.3
2025-08-16,Saturday,Lunch,Samosa,Snacks,290,108,54,54,20,Cloudy,No,3.9
2025-03-25,Tuesday,Evening,Vada Pav,Snacks,315,102,42,60,25,Sunny,Yes,4.1
2025-07-08,Tuesday,Breakfast,Pav Bhaji,Meals,575,167,161,6,70,Rainy,No,3.9
2025-06-15,Sunday,Lunch,Vada Pav,Snacks,317,124,74,50,25,Rainy,Yes,4.1
2025-10-19,Sunday,Breakfast,Cold Drink,Drinks,178,85,20,65,30,Rainy,Yes,3.3
2025-02-22,Saturday,Evening,Vada Pav,Snacks,515,162,146,16,25,Sunny,Yes,3.7
2025-07-31,Thursday,Lunch,Samosa,Snacks,402,141,107,34,20,Cloudy,Yes,4.6
2025-12-22,Monday,Breakfast,Cold Drink,Drinks,571,161,140,21,30,Sunny,Yes,4.5
2025-05-14,Wednesday,Breakfast,Masala Dosa,Meals,178,79,26,53,60,Rainy,Yes,4.4
2025-09-03,Wednesday,Breakfast,Veg Sandwich,Snacks,262,111,51,60,40,Sunny,Yes,4.0
2025-06-15,Sunday,Lunch,Tea,Drinks,159,85,29,56,15,Rainy,No,4.4
2025-08-01,Friday,Evening,Samosa,Snacks,170,80,23,57,20,Sunny,Yes,4.0
2025-06-28,Saturday,Evening,Samosa,Snacks,447,135,89,46,20,Cloudy,Yes,4.1
2025-11-18,Tuesday,Evening,Idli,Breakfast,294,109,48,61,35,Cloudy,No,4.7
2025-11-08,Saturday,Lunch,Pav Bhaji,Meals,250,104,50,54,70,Cloudy,No,3.6
2025-01-15,Wednesday,Lunch,Idli,Breakfast,483,147,111,36,35,Rainy,No,3.1
2025-02-24,Monday,Evening,Masala Dosa,Meals,252,106,53,53,60,Rainy,No,3.4
2025-10-31,Friday,Lunch,Pav Bhaji,Meals,387,139,106,33,70,Sunny,Yes,3.5
2025-09-19,Friday,Breakfast,Veg Thali,Meals,156,85,22,63,90,Sunny,Yes,4.0
2025-07-18,Friday,Evening,Pav Bhaji,Meals,384,138,100,38,70,Cloudy,Yes,4.1
2025-05-27,Tuesday,Evening,Masala Dosa,Meals,189,93,40,53,60,Rainy,Yes,3.1
2025-01-26,Sunday,Breakfast,Veg Thali,Meals,150,78,21,57,90,Cloudy,No,4.9
2025-02-19,Wednesday,Breakfast,Pav Bhaji,Meals,260,111,60,51,70,Rainy,Yes,4.8
2025-02-08,Saturday,Lunch,Tea,Drinks,484,168,155,13,15,Sunny,No,3.6
2025-05-15,Thursday,Lunch,Masala Dosa,Meals,211,103,46,57,60,Rainy,Yes,3.3
2025-02-27,Thursday,Breakfast,Masala Dosa,Meals,383,119,72,47,60,Rainy,No,4.1
2025-02-02,Sunday,Evening,Vada Pav,Snacks,260,105,41,64,25,Sunny,No,3.1
2025-08-10,Sunday,Lunch,Tea,Drinks,239,106,54,52,15,Sunny,Yes,4.8
2025-12-30,Tuesday,Lunch,Coffee,Drinks,253,110,60,50,25,Cloudy,Yes,3.4
2025-12-20,Saturday,Lunch,Veg Sandwich,Snacks,482,160,147,13,40,Sunny,No,4.0
2025-04-29,Tuesday,Evening,Veg Sandwich,Snacks,296,111,56,55,40,Cloudy,Yes,4.6
2025-10-06,Monday,Breakfast,Pav Bhaji,Meals,487,140,106,34,70,Cloudy,Yes,3.7
2025-03-31,Monday,Evening,Tea,Drinks,340,124,71,53,15,Cloudy,No,4.6
2025-09-11,Thursday,Evening,Cold Drink,Drinks,358,110,52,58,30,Cloudy,No,4.8
2025-06-20,Friday,Lunch,Coffee,Drinks,380,146,112,34,25,Rainy,Yes,4.0
2025-11-17,Monday,Breakfast,Idli,Breakfast,324,123,76,47,35,Rainy,Yes,3.3
2025-04-16,Wednesday,Evening,Tea,Drinks,191,95,37,58,15,Cloudy,Yes,3.1
2025-02-23,Sunday,Evening,Veg Sandwich,Snacks,280,111,59,52,40,Rainy,Yes,4.4
2025-06-21,Saturday,Lunch,Samosa,Snacks,316,122,71,51,20,Rainy,No,4.0
2025-07-21,Monday,Breakfast,Idli,Breakfast,329,120,63,57,35,Rainy,No,3.5
2025-11-26,Wednesday,Lunch,Vada Pav,Snacks,577,189,189,0,25,Rainy,Yes,4.9
2025-02-25,Tuesday,Lunch,Vada Pav,Snacks,186,88,27,61,25,Rainy,No,3.6
2025-04-18,Friday,Evening,Samosa,Snacks,567,142,104,38,20,Sunny,Yes,3.2
2025-04-06,Sunday,Evening,Samosa,Snacks,184,93,33,60,20,Cloudy,No,4.9
2025-12-05,Friday,Lunch,Veg Sandwich,Snacks,507,158,136,22,40,Rainy,No,3.4
2025-08-08,Friday,Evening,Idli,Breakfast,394,134,85,49,35,Rainy,Yes,4.0
2025-06-29,Sunday,Breakfast,Veg Thali,Meals,508,161,150,11,90,Cloudy,No,3.2
2025-12-19,Friday,Evening,Idli,Breakfast,600,192,189,3,35,Cloudy,No,3.1
2025-09-07,Sunday,Breakfast,Coffee,Drinks,279,97,42,55,25,Rainy,Yes,4.7
2025-11-20,Thursday,Breakfast,Coffee,Drinks,344,112,57,55,25,Rainy,No,3.1
2025-06-08,Sunday,Evening,Coffee,Drinks,260,94,38,56,25,Rainy,No,3.3
2025-12-12,Friday,Breakfast,Cold Drink,Drinks,377,124,79,45,30,Sunny,Yes,4.1
2025-10-02,Thursday,Evening,Veg Sandwich,Snacks,279,109,54,55,40,Rainy,Yes,3.3
2025-08-20,Wednesday,Lunch,Vada Pav,Snacks,170,87,30,57,25,Cloudy,No,3.3
2025-02-09,Sunday,Breakfast,Coffee,Drinks,398,126,82,44,25,Sunny,Yes,4.6
2025-04-01,Tuesday,Lunch,Veg Sandwich,Snacks,304,114,64,50,40,Sunny,Yes,4.2
2025-09-10,Wednesday,Breakfast,Coffee,Drinks,563,145,108,37,25,Rainy,Yes,3.3
2025-11-06,Thursday,Evening,Veg Sandwich,Snacks,374,133,89,44,40,Cloudy,No,3.0
2025-09-26,Friday,Evening,Pav Bhaji,Meals,475,142,99,43,70,Rainy,Yes,3.6
2025-10-13,Monday,Evening,Tea,Drinks,184,83,27,56,15,Sunny,Yes,3.7
2025-07-25,Friday,Evening,Masala Dosa,Meals,598,148,112,36,60,Sunny,Yes,4.1
2025-12-07,Sunday,Breakfast,Coffee,Drinks,487,149,120,29,25,Rainy,No,3.1
2025-12-03,Wednesday,Breakfast,Idli,Breakfast,361,114,56,58,35,Sunny,Yes,3.6
2025-12-26,Friday,Lunch,Veg Sandwich,Snacks,340,116,66,50,40,Sunny,Yes,3.5
2025-09-29,Monday,Breakfast,Veg Thali,Meals,600,188,188,0,90,Sunny,No,4.0
2025-04-20,Sunday,Breakfast,Coffee,Drinks,394,116,63,53,25,Cloudy,Yes,4.1
2025-11-18,Tuesday,Evening,Samosa,Snacks,224,100,37,63,20,Rainy,Yes,4.7
2025-02-04,Tuesday,Lunch,Cold Drink,Drinks,187,88,34,54,30,Rainy,Yes,3.8
2025-11-17,Monday,Lunch,Masala Dosa,Meals,573,160,141,19,60,Cloudy,No,3.1
2025-06-14,Saturday,Lunch,Veg Sandwich,Snacks,248,103,48,55,40,Rainy,No,4.7
2025-04-26,Saturday,Evening,Vada Pav,Snacks,395,133,95,38,25,Rainy,No,4.3
2025-05-04,Sunday,Evening,Cold Drink,Drinks,297,107,44,63,30,Cloudy,Yes,3.8
2025-10-15,Wednesday,Breakfast,Vada Pav,Snacks,545,153,127,26,25,Rainy,Yes,3.6
2025-11-29,Saturday,Lunch,Veg Thali,Meals,578,198,198,0,90,Rainy,No,4.9
2025-09-19,Friday,Lunch,Tea,Drinks,537,169,157,12,15,Rainy,Yes,4.4
2025-06-25,Wednesday,Evening,Cold Drink,Drinks,465,134,89,45,30,Rainy,Yes,4.9
2025-05-28,Wednesday,Evening,Cold Drink,Drinks,266,111,58,53,30,Cloudy,No,3.4
2025-06-06,Friday,Breakfast,Pav Bhaji,Meals,415,126,80,46,70,Rainy,No,3.8
2025-12-04,Thursday,Breakfast,Idli,Breakfast,552,147,119,28,35,Sunny,No,3.7
2025-10-05,Sunday,Evening,Pav Bhaji,Meals,254,93,38,55,70,Cloudy,Yes,4.8
2025-11-23,Sunday,Breakfast,Masala Dosa,Meals,456,130,88,42,60,Rainy,No,4.6
2025-07-11,Friday,Breakfast,Tea,Drinks,397,142,106,36,15,Rainy,No,4.1
2025-03-16,Sunday,Lunch,Idli,Breakfast,186,98,45,53,35,Cloudy,Yes,4.1
2025-07-21,Monday,Breakfast,Samosa,Snacks,246,98,40,58,20,Cloudy,No,4.2
2025-05-22,Thursday,Evening,Idli,Breakfast,365,110,54,56,35,Sunny,No,4.3
2025-09-08,Monday,Evening,Samosa,Snacks,393,123,68,55,20,Cloudy,No,3.4
2025-07-05,Saturday,Breakfast,Veg Sandwich,Snacks,583,149,121,28,40,Sunny,No,3.5
2025-02-19,Wednesday,Evening,Tea,Drinks,254,91,30,61,15,Sunny,Yes,5.0
2025-05-22,Thursday,Lunch,Tea,Drinks,273,113,61,52,15,Sunny,Yes,4.5
2025-10-10,Friday,Lunch,Masala Dosa,Meals,227,105,43,62,60,Sunny,No,4.6
2025-07-16,Wednesday,Breakfast,Cold Drink,Drinks,465,128,86,42,30,Sunny,Yes,4.2
2025-05-19,Monday,Lunch,Samosa,Snacks,198,90,31,59,20,Sunny,No,4.2
2025-03-30,Sunday,Breakfast,Veg Thali,Meals,204,93,33,60,90,Sunny,Yes,4.2
2025-11-04,Tuesday,Lunch,Coffee,Drinks,259,115,60,55,25,Sunny,Yes,4.4
2025-08-15,Friday,Breakfast,Tea,Drinks,585,146,119,27,15,Rainy,No,3.5
2025-12-11,Thursday,Lunch,Tea,Drinks,554,167,158,9,15,Rainy,No,4.0
2025-07-18,Friday,Lunch,Idli,Breakfast,255,111,58,53,35,Cloudy,Yes,4.7
2025-12-16,Tuesday,Lunch,Vada Pav,Snacks,553,162,146,16,25,Cloudy,Yes,3.8
2025-05-08,Thursday,Evening,Veg Thali,Meals,268,112,61,51,90,Cloudy,No,4.9
2025-05-05,Monday,Evening,Samosa,Snacks,381,123,71,52,20,Rainy,Yes,3.7
2025-01-11,Saturday,Lunch,Tea,Drinks,520,150,120,30,15,Cloudy,No,3.7
2025-05-18,Sunday,Lunch,Veg Thali,Meals,395,130,87,43,90,Sunny,Yes,4.3
2025-11-03,Monday,Evening,Masala Dosa,Meals,583,160,148,12,60,Sunny,No,3.5
2025-12-29,Monday,Breakfast,Samosa,Snacks,465,134,93,41,20,Rainy,Yes,4.9
2025-08-20,Wednesday,Breakfast,Veg Thali,Meals,222,100,37,63,90,Cloudy,No,3.5
2025-06-09,Monday,Breakfast,Cold Drink,Drinks,184,88,31,57,30,Sunny,Yes,4.3
2025-04-01,Tuesday,Lunch,Cold Drink,Drinks,390,130,90,40,30,Cloudy,Yes,4.9
2025-11-05,Wednesday,Evening,Samosa,Snacks,184,91,26,65,20,Sunny,No,4.1
2025-08-25,Monday,Evening,Pav Bhaji,Meals,520,155,127,28,70,Sunny,Yes,3.5
2025-01-05,Sunday,Lunch,Vada Pav,Snacks,542,171,161,10,25,Cloudy,Yes,3.8
2025-03-27,Thursday,Breakfast,Coffee,Drinks,229,102,50,52,25,Sunny,Yes,3.7
2025-05-23,Friday,Lunch,Masala Dosa,Meals,382,142,101,41,60,Sunny,Yes,4.3
2025-01-22,Wednesday,Breakfast,Tea,Drinks,219,93,39,54,15,Sunny,No,4.0
2025-07-22,Tuesday,Evening,Cold Drink,Drinks,521,172,171,1,30,Cloudy,No,3.7
2025-11-07,Friday,Evening,Tea,Drinks,534,143,114,29,15,Cloudy,No,4.0
2025-01-19,Sunday,Breakfast,Samosa,Snacks,457,128,81,47,20,Cloudy,No,3.8
2025-06-03,Tuesday,Lunch,Veg Sandwich,Snacks,311,125,73,52,40,Cloudy,Yes,3.9
2025-11-23,Sunday,Breakfast,Coffee,Drinks,592,175,170,5,25,Rainy,Yes,3.8
2025-03-14,Friday,Breakfast,Masala Dosa,Meals,374,121,75,46,60,Cloudy,No,3.9
2025-04-15,Tuesday,Lunch,Vada Pav,Snacks,362,143,112,31,25,Sunny,Yes,4.8
2025-06-01,Sunday,Lunch,Veg Sandwich,Snacks,329,133,96,37,40,Cloudy,No,3.9
2025-11-03,Monday,Lunch,Pav Bhaji,Meals,570,158,145,13,70,Rainy,No,4.7
2025-02-04,Tuesday,Lunch,Pav Bhaji,Meals,249,96,32,64,70,Cloudy,Yes,3.3
2025-12-31,Wednesday,Evening,Veg Thali,Meals,180,87,26,61,90,Sunny,Yes,3.0
2025-07-26,Saturday,Lunch,Idli,Breakfast,385,130,78,52,35,Cloudy,No,4.6
2025-10-27,Monday,Breakfast,Coffee,Drinks,538,168,153,15,25,Cloudy,No,4.3
2025-10-08,Wednesday,Evening,Idli,Breakfast,409,145,111,34,35,Sunny,Yes,3.7
2025-08-14,Thursday,Evening,Veg Thali,Meals,223,87,27,60,90,Sunny,Yes,3.6
2025-04-23,Wednesday,Breakfast,Veg Sandwich,Snacks,305,104,48,56,40,Sunny,Yes,3.4
2025-03-19,Wednesday,Lunch,Cold Drink,Drinks,440,132,83,49,30,Cloudy,Yes,3.3
2025-01-20,Monday,Lunch,Coffee,Drinks,552,172,165,7,25,Sunny,Yes,4.8
2025-09-10,Wednesday,Breakfast,Samosa,Snacks,492,152,124,28,20,Cloudy,No,4.7
2025-05-13,Tuesday,Evening,Cold Drink,Drinks,430,140,101,39,30,Rainy,No,4.1
2025-12-08,Monday,Evening,Idli,Breakfast,416,142,112,30,35,Rainy,No,4.8
2025-04-26,Saturday,Breakfast,Tea,Drinks,397,142,104,38,15,Cloudy,No,4.0
2025-07-27,Sunday,Breakfast,Idli,Breakfast,303,117,66,51,35,Cloudy,Yes,3.4
2025-04-23,Wednesday,Breakfast,Coffee,Drinks,228,94,34,60,25,Sunny,No,3.8
2025-06-19,Thursday,Lunch,Samosa,Snacks,274,120,73,47,20,Sunny,No,3.1
2025-06-10,Tuesday,Breakfast,Tea,Drinks,357,119,60,59,15,Cloudy,Yes,3.7
2025-07-09,Wednesday,Breakfast,Veg Thali,Meals,270,112,57,55,90,Cloudy,No,4.2
2025-07-27,Sunday,Lunch,Masala Dosa,Meals,296,112,60,52,60,Sunny,Yes,3.7
2025-07-12,Saturday,Breakfast,Samosa,Snacks,192,83,23,60,20,Sunny,Yes,4.0
2025-02-17,Monday,Evening,Vada Pav,Snacks,176,80,16,64,25,Sunny,No,3.6
2025-07-07,Monday,Evening,Pav Bhaji,Meals,491,131,84,47,70,Rainy,Yes,3.7
2025-01-20,Monday,Evening,Samosa,Snacks,170,88,24,64,20,Rainy,Yes,4.6
2025-07-20,Sunday,Lunch,Samosa,Snacks,286,116,65,51,20,Rainy,No,3.1
2025-11-10,Monday,Lunch,Vada Pav,Snacks,183,86,32,54,25,Cloudy,No,4.4
2025-02-19,Wednesday,Lunch,Idli,Breakfast,264,100,48,52,35,Rainy,No,3.7
2025-03-25,Tuesday,Evening,Coffee,Drinks,564,181,176,5,25,Cloudy,No,3.6
2025-12-28,Sunday,Lunch,Tea,Drinks,563,183,177,6,15,Sunny,No,3.5
2025-03-18,Tuesday,Evening,Vada Pav,Snacks,168,84,19,65,25,Sunny,Yes,3.3
2025-08-18,Monday,Breakfast,Vada Pav,Snacks,520,164,156,8,25,Sunny,No,3.6
2025-05-03,Saturday,Evening,Coffee,Drinks,372,136,98,38,25,Cloudy,Yes,4.9
2025-10-10,Friday,Evening,Idli,Breakfast,304,119,71,48,35,Rainy,Yes,3.1
2025-03-22,Saturday,Lunch,Masala Dosa,Meals,326,111,62,49,60,Sunny,Yes,4.6
2025-07-19,Saturday,Breakfast,Coffee,Drinks,387,135,100,35,25,Rainy,No,3.6
2025-03-10,Monday,Lunch,Tea,Drinks,487,141,110,31,15,Cloudy,Yes,3.3
2025-05-09,Friday,Lunch,Samosa,Snacks,399,126,73,53,20,Cloudy,Yes,3.5
2025-11-06,Thursday,Lunch,Veg Thali,Meals,253,105,53,52,90,Rainy,Yes,3.0
2025-07-04,Friday,Evening,Pav Bhaji,Meals,559,154,125,29,70,Rainy,No,4.0
2025-09-14,Sunday,Breakfast,Masala Dosa,Meals,225,95,37,58,60,Cloudy,No,5.0
2025-11-10,Monday,Evening,Masala Dosa,Meals,372,123,77,46,60,Rainy,Yes,4.2
2025-05-29,Thursday,Evening,Coffee,Drinks,172,78,21,57,25,Cloudy,No,4.3
2025-02-02,Sunday,Lunch,Tea,Drinks,387,149,126,23,15,Rainy,Yes,4.2
2025-08-19,Tuesday,Lunch,Veg Thali,Meals,483,164,154,10,90,Sunny,Yes,3.5
2025-05-16,Friday,Breakfast,Cold Drink,Drinks,267,112,57,55,30,Sunny,Yes,3.5
2025-01-02,Thursday,Lunch,Veg Sandwich,Snacks,188,85,32,53,40,Cloudy,No,4.9
2025-11-24,Monday,Lunch,Idli,Breakfast,489,177,171,6,35,Sunny,No,4.1
2025-10-10,Friday,Lunch,Samosa,Snacks,587,184,180,4,20,Sunny,No,3.4
2025-12-02,Tuesday,Breakfast,Veg Sandwich,Snacks,500,143,105,38,40,Cloudy,Yes,4.9
2025-01-11,Saturday,Breakfast,Vada Pav,Snacks,533,143,105,38,25,Rainy,No,4.3
2025-08-01,Friday,Breakfast,Tea,Drinks,254,98,44,54,15,Rainy,Yes,4.9
2025-06-08,Sunday,Evening,Cold Drink,Drinks,477,162,154,8,30,Sunny,Yes,3.2
2025-01-02,Thursday,Breakfast,Samosa,Snacks,548,143,109,34,20,Cloudy,Yes,3.7
2025-09-14,Sunday,Evening,Coffee,Drinks,411,137,94,43,25,Sunny,No,4.6
2025-07-02,Wednesday,Breakfast,Pav Bhaji,Meals,240,98,37,61,70,Cloudy,Yes,4.5
2025-11-14,Friday,Breakfast,Samosa,Snacks,233,90,37,53,20,Sunny,No,4.4
2025-04-10,Thursday,Lunch,Pav Bhaji,Meals,165,90,30,60,70,Cloudy,No,3.2
2025-09-20,Saturday,Lunch,Masala Dosa,Meals,235,107,55,52,60,Sunny,No,4.4
2025-04-27,Sunday,Evening,Coffee,Drinks,435,131,85,46,25,Cloudy,No,3.4
2025-01-22,Wednesday,Breakfast,Coffee,Drinks,246,90,34,56,25,Sunny,No,4.9
2025-11-29,Saturday,Lunch,Tea,Drinks,533,184,176,8,15,Sunny,No,3.3
2025-02-19,Wednesday,Evening,Cold Drink,Drinks,437,136,97,39,30,Sunny,Yes,5.0
2025-06-24,Tuesday,Breakfast,Idli,Breakfast,565,152,127,25,35,Sunny,No,4.6
2025-05-31,Saturday,Breakfast,Samosa,Snacks,178,88,34,54,20,Cloudy,Yes,3.8
2025-03-20,Thursday,Lunch,Pav Bhaji,Meals,585,202,197,5,70,Cloudy,Yes,3.2
2025-06-07,Saturday,Evening,Veg Thali,Meals,358,134,90,44,90,Sunny,Yes,3.4
2025-02-17,Monday,Breakfast,Cold Drink,Drinks,458,136,90,46,30,Rainy,Yes,4.9
2025-06-20,Friday,Lunch,Samosa,Snacks,243,106,43,63,20,Rainy,Yes,3.5
2025-05-22,Thursday,Lunch,Cold Drink,Drinks,536,183,182,1,30,Rainy,Yes,4.9
2025-12-20,Saturday,Evening,Veg Thali,Meals,432,123,73,50,90,Rainy,No,4.5
2025-01-21,Tuesday,Lunch,Tea,Drinks,197,90,24,66,15,Rainy,No,3.3
2025-02-18,Tuesday,Evening,Veg Sandwich,Snacks,204,90,29,61,40,Cloudy,Yes,3.8
2025-02-24,Monday,Lunch,Vada Pav,Snacks,452,137,92,45,25,Rainy,Yes,3.4
2025-10-19,Sunday,Evening,Samosa,Snacks,472,134,96,38,20,Sunny,No,3.3
2025-12-16,Tuesday,Evening,Masala Dosa,Meals,358,123,78,45,60,Sunny,No,4.6
2025-04-07,Monday,Lunch,Cold Drink,Drinks,271,105,51,54,30,Sunny,No,3.8
2025-09-28,Sunday,Lunch,Pav Bhaji,Meals,219,106,46,60,70,Cloudy,No,3.5
2025-11-12,Wednesday,Breakfast,Tea,Drinks,280,95,30,65,15,Rainy,No,3.8
2025-04-08,Tuesday,Evening,Veg Thali,Meals,503,162,149,13,90,Sunny,Yes,3.2
2025-12-10,Wednesday,Breakfast,Vada Pav,Snacks,514,172,172,0,25,Sunny,Yes,3.1
2025-02-06,Thursday,Evening,Tea,Drinks,218,101,45,56,15,Sunny,No,3.0
2025-04-18,Friday,Evening,Samosa,Snacks,574,161,143,18,20,Rainy,Yes,3.4
2025-03-15,Saturday,Breakfast,Samosa,Snacks,594,190,187,3,20,Cloudy,No,4.3
2025-12-15,Monday,Lunch,Coffee,Drinks,489,149,118,31,25,Sunny,Yes,3.4
2025-12-07,Sunday,Evening,Masala Dosa,Meals,400,128,78,50,60,Cloudy,No,3.0
2025-08-26,Tuesday,Breakfast,Veg Sandwich,Snacks,550,161,140,21,40,Sunny,No,3.8
2025-05-28,Wednesday,Breakfast,Veg Thali,Meals,293,114,60,54,90,Sunny,No,4.6
2025-09-29,Monday,Breakfast,Idli,Breakfast,382,130,85,45,35,Cloudy,No,3.4
2025-05-22,Thursday,Lunch,Tea,Drinks,288,108,47,61,15,Sunny,No,3.0
2025-05-01,Thursday,Evening,Coffee,Drinks,346,109,57,52,25,Sunny,Yes,3.7
2025-05-11,Sunday,Evening,Samosa,Snacks,289,113,52,61,20,Rainy,No,3.1
2025-02-24,Monday,Breakfast,Veg Thali,Meals,279,108,53,55,90,Sunny,Yes,3.0
2025-01-11,Saturday,Lunch,Cold Drink,Drinks,364,118,62,56,30,Rainy,No,3.4
2025-06-06,Friday,Evening,Tea,Drinks,278,107,54,53,15,Rainy,No,3.8
2025-11-05,Wednesday,Evening,Idli,Breakfast,332,115,58,57,35,Sunny,No,4.8
2025-06-16,Monday,Breakfast,Pav Bhaji,Meals,332,117,64,53,70,Cloudy,Yes,3.5
2025-10-15,Wednesday,Breakfast,Samosa,Snacks,202,86,32,54,20,Rainy,Yes,3.1
2025-08-28,Thursday,Lunch,Cold Drink,Drinks,528,175,174,1,30,Sunny,Yes,3.9
2025-03-11,Tuesday,Breakfast,Masala Dosa,Meals,261,93,27,66,60,Cloudy,Yes,4.8
2025-07-29,Tuesday,Breakfast,Veg Thali,Meals,479,159,135,24,90,Rainy,No,3.7
2025-05-02,Friday,Evening,Samosa,Snacks,197,82,27,55,20,Cloudy,Yes,3.6
2025-03-27,Thursday,Evening,Veg Sandwich,Snacks,581,179,175,4,40,Cloudy,Yes,3.2
2025-09-15,Monday,Evening,Masala Dosa,Meals,444,136,93,43,60,Cloudy,Yes,4.9
2025-08-20,Wednesday,Evening,Vada Pav,Snacks,163,88,31,57,25,Rainy,Yes,3.0
2025-05-21,Wednesday,Breakfast,Vada Pav,Snacks,571,174,174,0,25,Sunny,Yes,3.4
2025-04-18,Friday,Breakfast,Vada Pav,Snacks,301,113,55,58,25,Cloudy,Yes,4.2
2025-01-17,Friday,Breakfast,Masala Dosa,Meals,337,125,76,49,60,Rainy,No,3.3
2025-02-02,Sunday,Breakfast,Coffee,Drinks,343,115,63,52,25,Sunny,Yes,3.4
2025-08-04,Monday,Breakfast,Samosa,Snacks,541,140,102,38,20,Sunny,Yes,3.2
2025-04-28,Monday,Evening,Vada Pav,Snacks,286,115,57,58,25,Rainy,No,4.7
2025-11-01,Saturday,Evening,Idli,Breakfast,260,95,42,53,35,Cloudy,No,4.6
2025-05-23,Friday,Lunch,Veg Thali,Meals,460,143,105,38,90,Sunny,Yes,3.8
2025-10-02,Thursday,Lunch,Samosa,Snacks,597,197,190,7,20,Rainy,Yes,4.8
2025-04-28,Monday,Evening,Cold Drink,Drinks,588,162,151,11,30,Sunny,No,4.2
2025-03-11,Tuesday,Breakfast,Cold Drink,Drinks,242,103,42,61,30,Rainy,Yes,4.8
2025-09-18,Thursday,Evening,Cold Drink,Drinks,187,85,26,59,30,Sunny,Yes,3.2
2025-05-14,Wednesday,Lunch,Cold Drink,Drinks,219,98,45,53,30,Sunny,Yes,4.7
2025-03-13,Thursday,Breakfast,Samosa,Snacks,415,119,72,47,20,Sunny,No,4.3
2025-02-11,Tuesday,Evening,Pav Bhaji,Meals,385,141,102,39,70,Sunny,No,3.1
2025-01-06,Monday,Breakfast,Veg Sandwich,Snacks,591,149,115,34,40,Rainy,Yes,4.5
2025-11-23,Sunday,Evening,Samosa,Snacks,192,88,33,55,20,Rainy,Yes,3.2
2025-10-03,Friday,Evening,Pav Bhaji,Meals,179,88,27,61,70,Rainy,Yes,3.6
2025-12-11,Thursday,Breakfast,Cold Drink,Drinks,480,137,91,46,30,Cloudy,No,4.1
2025-03-17,Monday,Evening,Idli,Breakfast,426,134,98,36,35,Cloudy,No,3.2
2025-03-31,Monday,Lunch,Cold Drink,Drinks,468,151,117,34,30,Sunny,No,4.0
2025-08-28,Thursday,Breakfast,Veg Sandwich,Snacks,456,146,110,36,40,Sunny,Yes,3.8
2025-11-22,Saturday,Lunch,Samosa,Snacks,335,126,77,49,20,Rainy,No,3.8
2025-03-04,Tuesday,Breakfast,Tea,Drinks,226,103,44,59,15,Cloudy,Yes,4.3
2025-07-07,Monday,Lunch,Vada Pav,Snacks,551,183,182,1,25,Rainy,No,4.4
2025-11-17,Monday,Lunch,Veg Sandwich,Snacks,358,128,88,40,40,Sunny,Yes,4.2
2025-08-24,Sunday,Evening,Pav Bhaji,Meals,552,144,104,40,70,Sunny,Yes,3.5
2025-01-25,Saturday,Breakfast,Tea,Drinks,279,113,60,53,15,Rainy,Yes,4.5
2025-05-14,Wednesday,Evening,Veg Thali,Meals,588,169,163,6,90,Rainy,Yes,4.0
2025-05-08,Thursday,Evening,Masala Dosa,Meals,343,119,62,57,60,Rainy,Yes,3.8
2025-05-05,Monday,Breakfast,Samosa,Snacks,222,96,34,62,20,Rainy,No,4.5
2025-09-25,Thursday,Evening,Veg Thali,Meals,358,108,51,57,90,Cloudy,Yes,4.5
2025-03-08,Saturday,Lunch,Cold Drink,Drinks,370,127,86,41,30,Sunny,Yes,3.5
2025-08-25,Monday,Breakfast,Tea,Drinks,299,102,49,53,15,Rainy,No,3.7
2025-05-29,Thursday,Breakfast,Vada Pav,Snacks,356,116,67,49,25,Sunny,No,3.4
2025-04-09,Wednesday,Evening,Veg Sandwich,Snacks,492,143,108,35,40,Sunny,No,4.6
2025-05-29,Thursday,Evening,Idli,Breakfast,567,174,174,0,35,Rainy,Yes,3.2
2025-05-04,Sunday,Evening,Cold Drink,Drinks,415,127,76,51,30,Sunny,No,3.9
2025-12-23,Tuesday,Breakfast,Pav Bhaji,Meals,169,90,27,63,70,Cloudy,Yes,3.5
2025-04-21,Monday,Breakfast,Pav Bhaji,Meals,249,101,47,54,70,Rainy,No,3.2
2025-04-24,Thursday,Breakfast,Samosa,Snacks,196,89,34,55,20,Sunny,No,4.8
2025-03-05,Wednesday,Evening,Veg Sandwich,Snacks,460,145,115,30,40,Sunny,Yes,4.4
2025-09-10,Wednesday,Breakfast,Vada Pav,Snacks,357,134,85,49,25,Rainy,No,4.8
2025-01-18,Saturday,Evening,Samosa,Snacks,192,92,31,61,20,Rainy,No,5.0
2025-02-18,Tuesday,Lunch,Cold Drink,Drinks,589,160,138,22,30,Cloudy,Yes,3.4
2025-01-14,Tuesday,Breakfast,Idli,Breakfast,204,84,20,64,35,Cloudy,No,4.7
2025-09-26,Friday,Breakfast,Masala Dosa,Meals,502,149,124,25,60,Cloudy,No,4.0
2025-05-26,Monday,Evening,Samosa,Snacks,521,169,166,3,20,Cloudy,Yes,3.4
2025-07-08,Tuesday,Evening,Pav Bhaji,Meals,218,90,25,65,70,Sunny,Yes,4.6
2025-09-27,Saturday,Evening,Idli,Breakfast,296,103,44,59,35,Sunny,No,4.1
2025-06-25,Wednesday,Breakfast,Idli,Breakfast,221,88,33,55,35,Cloudy,Yes,3.3
2025-04-21,Monday,Evening,Idli,Breakfast,408,123,71,52,35,Sunny,Yes,3.7
2025-08-03,Sunday,Breakfast,Samosa,Snacks,280,98,40,58,20,Sunny,No,3.8
2025-01-22,Wednesday,Lunch,Veg Sandwich,Snacks,548,172,169,3,40,Cloudy,Yes,3.9
2025-01-24,Friday,Evening,Samosa,Snacks,209,90,37,53,20,Rainy,Yes,3.0
2025-01-22,Wednesday,Breakfast,Veg Sandwich,Snacks,416,129,86,43,40,Sunny,No,3.2
2025-01-14,Tuesday,Lunch,Vada Pav,Snacks,500,155,137,18,25,Cloudy,Yes,3.4
2025-03-31,Monday,Breakfast,Veg Thali,Meals,324,122,73,49,90,Cloudy,Yes,4.1
2025-08-12,Tuesday,Evening,Samosa,Snacks,398,127,81,46,20,Rainy,No,4.3
2025-03-15,Saturday,Evening,Masala Dosa,Meals,418,141,98,43,60,Cloudy,No,3.2
2025-06-05,Thursday,Evening,Veg Sandwich,Snacks,556,172,168,4,40,Rainy,No,3.6
2025-09-02,Tuesday,Evening,Cold Drink,Drinks,527,151,120,31,30,Rainy,Yes,3.5
2025-07-11,Friday,Evening,Samosa,Snacks,177,84,29,55,20,Sunny,No,3.0
2025-01-25,Saturday,Evening,Pav Bhaji,Meals,439,147,113,34,70,Rainy,Yes,4.1
2025-01-09,Thursday,Evening,Coffee,Drinks,280,103,48,55,25,Rainy,Yes,4.4
2025-11-16,Sunday,Evening,Tea,Drinks,542,173,173,0,15,Rainy,No,3.6
2025-10-10,Friday,Evening,Idli,Breakfast,538,141,105,36,35,Rainy,No,3.6
2025-10-02,Thursday,Lunch,Idli,Breakfast,346,118,68,50,35,Rainy,Yes,3.2
2025-01-11,Saturday,Evening,Veg Thali,Meals,441,153,124,29,90,Rainy,Yes,3.2
2025-04-25,Friday,Lunch,Vada Pav,Snacks,547,175,166,9,25,Cloudy,No,3.8
2025-12-25,Thursday,Breakfast,Cold Drink,Drinks,392,132,89,43,30,Sunny,No,4.5
2025-01-16,Thursday,Evening,Coffee,Drinks,239,94,39,55,25,Rainy,Yes,3.5
2025-11-07,Friday,Breakfast,Pav Bhaji,Meals,493,154,131,23,70,Rainy,No,3.3
2025-10-15,Wednesday,Breakfast,Veg Thali,Meals,573,184,184,0,90,Sunny,No,3.2
2025-03-14,Friday,Evening,Idli,Breakfast,462,126,83,43,35,Cloudy,No,4.7
2025-03-17,Monday,Lunch,Idli,Breakfast,540,168,158,10,35,Cloudy,Yes,3.2
2025-10-09,Thursday,Lunch,Idli,Breakfast,343,130,91,39,35,Cloudy,No,3.4
2025-10-15,Wednesday,Lunch,Tea,Drinks,200,98,45,53,15,Rainy,Yes,4.1
2025-10-20,Monday,Lunch,Samosa,Snacks,278,110,50,60,20,Sunny,No,3.5
2025-06-09,Monday,Evening,Veg Thali,Meals,470,155,128,27,90,Sunny,Yes,4.0
2025-04-25,Friday,Breakfast,Veg Sandwich,Snacks,491,151,124,27,40,Rainy,No,3.1
2025-01-29,Wednesday,Breakfast,Tea,Drinks,407,118,62,56,15,Sunny,Yes,4.6
2025-06-21,Saturday,Breakfast,Veg Sandwich,Snacks,183,88,25,63,40,Cloudy,Yes,3.2
2025-11-19,Wednesday,Evening,Samosa,Snacks,589,148,117,31,20,Rainy,No,4.5
2025-11-19,Wednesday,Evening,Masala Dosa,Meals,596,175,175,0,60,Rainy,No,3.3
2025-07-08,Tuesday,Breakfast,Veg Thali,Meals,288,106,51,55,90,Sunny,No,3.6
2025-03-25,Tuesday,Breakfast,Coffee,Drinks,221,98,39,59,25,Rainy,No,4.3
2025-11-02,Sunday,Breakfast,Pav Bhaji,Meals,159,84,25,59,70,Rainy,Yes,4.4
2025-08-31,Sunday,Lunch,Veg Sandwich,Snacks,232,106,47,59,40,Rainy,Yes,3.0
2025-09-26,Friday,Evening,Cold Drink,Drinks,284,100,42,58,30,Sunny,Yes,3.5
2025-03-09,Sunday,Lunch,Pav Bhaji,Meals,516,160,141,19,70,Sunny,Yes,3.2
2025-10-06,Monday,Breakfast,Coffee,Drinks,155,83,17,66,25,Sunny,Yes,4.2
2025-01-01,Wednesday,Lunch,Samosa,Snacks,262,115,65,50,20,Cloudy,Yes,3.6
2025-08-28,Thursday,Lunch,Cold Drink,Drinks,443,137,93,44,30,Cloudy,No,3.9
2025-12-08,Monday,Evening,Veg Thali,Meals,307,116,58,58,90,Cloudy,Yes,4.7
2025-06-15,Sunday,Breakfast,Vada Pav,Snacks,592,168,167,1,25,Cloudy,No,3.2
2025-05-22,Thursday,Lunch,Veg Sandwich,Snacks,271,114,66,48,40,Cloudy,Yes,3.2
2025-08-29,Friday,Evening,Samosa,Snacks,222,97,33,64,20,Cloudy,No,4.8
2025-02-08,Saturday,Breakfast,Vada Pav,Snacks,477,159,143,16,25,Sunny,No,4.1
2025-04-04,Friday,Breakfast,Masala Dosa,Meals,283,99,42,57,60,Rainy,No,3.7
2025-09-09,Tuesday,Evening,Idli,Breakfast,374,135,89,46,35,Sunny,No,4.7
2025-10-04,Saturday,Breakfast,Samosa,Snacks,584,168,159,9,20,Rainy,Yes,3.8
2025-06-23,Monday,Breakfast,Idli,Breakfast,534,156,138,18,35,Cloudy,Yes,4.2
2025-11-22,Saturday,Lunch,Tea,Drinks,498,161,138,23,15,Sunny,No,3.8
2025-09-12,Friday,Breakfast,Tea,Drinks,415,128,75,53,15,Sunny,Yes,3.8
2025-03-15,Saturday,Breakfast,Vada Pav,Snacks,242,95,31,64,25,Sunny,No,3.2
2025-07-21,Monday,Evening,Pav Bhaji,Meals,157,86,30,56,70,Cloudy,No,3.5
2025-10-19,Sunday,Breakfast,Samosa,Snacks,417,120,71,49,20,Rainy,Yes,3.3
2025-10-18,Saturday,Lunch,Coffee,Drinks,536,172,171,1,25,Rainy,Yes,4.5
2025-05-18,Sunday,Breakfast,Tea,Drinks,469,153,135,18,15,Rainy,No,3.0
2025-03-23,Sunday,Breakfast,Veg Sandwich,Snacks,585,186,186,0,40,Cloudy,Yes,4.5
2025-12-06,Saturday,Evening,Tea,Drinks,518,153,126,27,15,Rainy,No,4.3
2025-06-02,Monday,Evening,Pav Bhaji,Meals,583,173,168,5,70,Rainy,Yes,3.7
2025-11-17,Monday,Evening,Cold Drink,Drinks,384,115,56,59,30,Sunny,No,3.5
2025-10-06,Monday,Lunch,Coffee,Drinks,349,129,87,42,25,Cloudy,Yes,3.4
2025-11-12,Wednesday,Lunch,Veg Thali,Meals,344,133,93,40,90,Sunny,Yes,4.9
2025-09-11,Thursday,Evening,Cold Drink,Drinks,402,141,106,35,30,Cloudy,Yes,4.8
2025-09-16,Tuesday,Lunch,Vada Pav,Snacks,578,180,174,6,25,Sunny,No,4.0
2025-01-20,Monday,Evening,Cold Drink,Drinks,312,110,49,61,30,Rainy,Yes,4.4
2025-05-02,Friday,Lunch,Veg Sandwich,Snacks,506,170,170,0,40,Cloudy,Yes,3.7
2025-07-19,Saturday,Lunch,Idli,Breakfast,319,123,67,56,35,Rainy,No,4.3
2025-03-27,Thursday,Lunch,Cold Drink,Drinks,240,110,52,58,30,Rainy,No,3.5
2025-09-26,Friday,Lunch,Coffee,Drinks,453,139,107,32,25,Cloudy,Yes,4.6
2025-05-31,Saturday,Breakfast,Masala Dosa,Meals,474,155,138,17,60,Sunny,No,4.7
2025-04-10,Thursday,Evening,Idli,Breakfast,202,85,20,65,35,Cloudy,No,4.4
2025-06-17,Tuesday,Breakfast,Cold Drink,Drinks,539,144,109,35,30,Cloudy,No,3.8
2025-10-22,Wednesday,Breakfast,Tea,Drinks,451,134,95,39,15,Sunny,Yes,4.6
2025-07-09,Wednesday,Breakfast,Masala Dosa,Meals,590,170,165,5,60,Rainy,Yes,3.7
2025-01-14,Tuesday,Evening,Coffee,Drinks,415,146,116,30,25,Cloudy,No,3.6
2025-11-09,Sunday,Lunch,Coffee,Drinks,545,185,179,6,25,Rainy,No,3.0
2025-06-06,Friday,Evening,Idli,Breakfast,211,98,34,64,35,Rainy,Yes,4.8
2025-11-03,Monday,Lunch,Vada Pav,Snacks,174,90,27,63,25,Sunny,No,4.6
2025-02-14,Friday,Lunch,Masala Dosa,Meals,351,124,75,49,60,Cloudy,Yes,3.2
2025-06-17,Tuesday,Breakfast,Samosa,Snacks,260,99,37,62,20,Rainy,Yes,4.6
2025-09-01,Monday,Evening,Cold Drink,Drinks,199,89,27,62,30,Sunny,No,3.1
2025-11-14,Friday,Lunch,Vada Pav,Snacks,506,155,137,18,25,Rainy,Yes,4.6
2025-01-19,Sunday,Lunch,Vada Pav,Snacks,383,141,106,35,25,Cloudy,Yes,3.9
2025-01-31,Friday,Evening,Vada Pav,Snacks,537,148,113,35,25,Cloudy,Yes,3.5
2025-09-21,Sunday,Evening,Cold Drink,Drinks,588,152,121,31,30,Cloudy,No,4.9
2025-10-13,Monday,Lunch,Tea,Drinks,179,94,35,59,15,Cloudy,No,4.1
2025-05-24,Saturday,Lunch,Vada Pav,Snacks,220,99,45,54,25,Cloudy,No,4.8
2025-05-24,Saturday,Evening,Pav Bhaji,Meals,525,173,173,0,70,Rainy,No,4.7
2025-12-31,Wednesday,Evening,Veg Thali,Meals,241,94,37,57,90,Rainy,Yes,4.8
2025-02-12,Wednesday,Evening,Tea,Drinks,320,124,68,56,15,Sunny,Yes,4.8
2025-01-22,Wednesday,Breakfast,Veg Thali,Meals,340,120,65,55,90,Rainy,Yes,3.1
2025-05-02,Friday,Breakfast,Samosa,Snacks,559,143,102,41,20,Cloudy,No,3.6
2025-09-04,Thursday,Breakfast,Cold Drink,Drinks,254,101,38,63,30,Rainy,No,4.4
2025-05-26,Monday,Lunch,Veg Thali,Meals,585,176,176,0,90,Rainy,No,5.0
2025-09-09,Tuesday,Breakfast,Coffee,Drinks,585,163,153,10,25,Rainy,Yes,4.6
2025-05-30,Friday,Evening,Tea,Drinks,226,88,35,53,15,Rainy,Yes,4.0
2025-12-27,Saturday,Breakfast,Pav Bhaji,Meals,297,109,59,50,70,Sunny,Yes,4.6
2025-12-29,Monday,Evening,Samosa,Snacks,527,168,156,12,20,Sunny,Yes,3.4
2025-03-15,Saturday,Evening,Veg Sandwich,Snacks,470,128,86,42,40,Cloudy,Yes,3.0
2025-02-16,Sunday,Evening,Masala Dosa,Meals,362,113,63,50,60,Cloudy,No,4.1
2025-06-26,Thursday,Breakfast,Cold Drink,Drinks,234,97,32,65,30,Cloudy,No,4.3
2025-04-01,Tuesday,Breakfast,Pav Bhaji,Meals,395,121,69,52,70,Cloudy,No,4.1
2025-05-17,Saturday,Lunch,Vada Pav,Snacks,344,122,75,47,25,Sunny,Yes,3.2
2025-12-09,Tuesday,Evening,Coffee,Drinks,345,124,75,49,25,Rainy,Yes,3.1
2025-04-04,Friday,Evening,Coffee,Drinks,211,87,27,60,25,Rainy,No,4.4
2025-04-12,Saturday,Lunch,Masala Dosa,Meals,439,163,143,20,60,Rainy,Yes,3.7
2025-03-30,Sunday,Breakfast,Idli,Breakfast,440,145,108,37,35,Rainy,Yes,4.9
2025-08-07,Thursday,Lunch,Idli,Breakfast,188,88,30,58,35,Rainy,No,3.3
2025-03-27,Thursday,Lunch,Pav Bhaji,Meals,509,157,134,23,70,Sunny,Yes,3.5
2025-03-04,Tuesday,Lunch,Coffee,Drinks,527,157,141,16,25,Rainy,No,3.8
2025-05-07,Wednesday,Breakfast,Idli,Breakfast,320,115,67,48,35,Cloudy,No,4.0
2025-03-01,Saturday,Breakfast,Coffee,Drinks,459,124,78,46,25,Rainy,No,3.3
2025-02-05,Wednesday,Breakfast,Veg Sandwich,Snacks,319,120,69,51,40,Sunny,No,4.4
2025-04-20,Sunday,Lunch,Pav Bhaji,Meals,220,93,27,66,70,Rainy,Yes,4.6
2025-02-20,Thursday,Breakfast,Pav Bhaji,Meals,353,121,66,55,70,Rainy,Yes,3.1
2025-01-23,Thursday,Lunch,Cold Drink,Drinks,400,140,104,36,30,Rainy,No,4.7
2025-08-13,Wednesday,Lunch,Masala Dosa,Meals,504,169,161,8,60,Rainy,No,3.4
2025-11-23,Sunday,Evening,Tea,Drinks,181,79,17,62,15,Sunny,Yes,3.5
2025-07-18,Friday,Evening,Samosa,Snacks,567,146,109,37,20,Rainy,No,3.7
2025-03-25,Tuesday,Breakfast,Idli,Breakfast,594,181,181,0,35,Sunny,Yes,4.2
2025-10-28,Tuesday,Evening,Pav Bhaji,Meals,489,140,103,37,70,Sunny,Yes,3.6
2025-09-19,Friday,Breakfast,Veg Sandwich,Snacks,463,145,112,33,40,Sunny,Yes,3.2
2025-12-18,Thursday,Evening,Coffee,Drinks,197,84,17,67,25,Rainy,Yes,4.3
2025-03-19,Wednesday,Breakfast,Masala Dosa,Meals,230,94,40,54,60,Sunny,No,4.3
2025-01-28,Tuesday,Breakfast,Idli,Breakfast,544,143,107,36,35,Rainy,Yes,3.8
2025-03-08,Saturday,Breakfast,Veg Sandwich,Snacks,211,91,36,55,40,Rainy,Yes,3.7
2025-09-28,Sunday,Lunch,Masala Dosa,Meals,251,97,41,56,60,Rainy,Yes,3.4
2025-07-14,Monday,Lunch,Masala Dosa,Meals,424,143,112,31,60,Sunny,Yes,4.6
2025-09-24,Wednesday,Breakfast,Vada Pav,Snacks,541,141,102,39,25,Cloudy,Yes,3.0
2025-10-13,Monday,Evening,Tea,Drinks,470,158,145,13,15,Rainy,Yes,3.0
2025-12-07,Sunday,Lunch,Vada Pav,Snacks,226,98,33,65,25,Rainy,No,4.7
2025-10-30,Thursday,Breakfast,Pav Bhaji,Meals,329,124,69,55,70,Rainy,No,4.6
2025-12-02,Tuesday,Breakfast,Masala Dosa,Meals,516,138,104,34,60,Rainy,No,4.2
2025-01-09,Thursday,Breakfast,Masala Dosa,Meals,382,119,67,52,60,Sunny,Yes,4.9
2025-10-09,Thursday,Lunch,Cold Drink,Drinks,337,132,84,48,30,Cloudy,No,3.4
2025-01-14,Tuesday,Lunch,Samosa,Snacks,530,154,131,23,20,Sunny,Yes,4.9
2025-08-05,Tuesday,Breakfast,Pav Bhaji,Meals,464,133,90,43,70,Sunny,No,3.6
2025-03-27,Thursday,Evening,Idli,Breakfast,181,85,31,54,35,Cloudy,Yes,4.2
2025-07-31,Thursday,Breakfast,Vada Pav,Snacks,214,90,27,63,25,Cloudy,Yes,4.9
2025-03-23,Sunday,Evening,Veg Sandwich,Snacks,263,93,27,66,40,Rainy,No,3.2
2025-11-12,Wednesday,Lunch,Tea,Drinks,404,136,101,35,15,Rainy,No,3.6
2025-02-03,Monday,Lunch,Coffee,Drinks,452,147,115,32,25,Rainy,No,4.7
2025-05-07,Wednesday,Lunch,Coffee,Drinks,580,195,190,5,25,Sunny,Yes,3.9
2025-01-02,Thursday,Breakfast,Veg Sandwich,Snacks,434,146,115,31,40,Sunny,Yes,3.2
2025-04-17,Thursday,Breakfast,Tea,Drinks,433,134,90,44,15,Sunny,Yes,4.5
2025-02-16,Sunday,Lunch,Vada Pav,Snacks,366,133,91,42,25,Rainy,Yes,3.2
2025-12-10,Wednesday,Lunch,Coffee,Drinks,204,101,37,64,25,Sunny,Yes,4.9
2025-12-27,Saturday,Breakfast,Coffee,Drinks,193,87,21,66,25,Sunny,Yes,3.5
2025-08-25,Monday,Evening,Masala Dosa,Meals,320,121,68,53,60,Sunny,Yes,3.7
2025-09-29,Monday,Lunch,Coffee,Drinks,303,110,59,51,25,Sunny,No,3.4
2025-01-09,Thursday,Evening,Tea,Drinks,243,97,42,55,15,Cloudy,No,3.9
2025-05-10,Saturday,Lunch,Veg Sandwich,Snacks,254,103,49,54,40,Sunny,Yes,4.6
2025-04-13,Sunday,Evening,Tea,Drinks,230,101,42,59,15,Cloudy,No,3.9
2025-03-18,Tuesday,Breakfast,Pav Bhaji,Meals,449,150,127,23,70,Sunny,Yes,4.7
2025-01-10,Friday,Breakfast,Veg Sandwich,Snacks,286,105,45,60,40,Cloudy,No,4.9
2025-11-17,Monday,Evening,Veg Sandwich,Snacks,536,139,103,36,40,Sunny,Yes,4.0
2025-08-28,Thursday,Breakfast,Veg Thali,Meals,169,84,26,58,90,Sunny,No,4.5
2025-10-10,Friday,Breakfast,Idli,Breakfast,537,160,141,19,35,Rainy,No,3.5
2025-12-29,Monday,Breakfast,Pav Bhaji,Meals,551,150,124,26,70,Sunny,Yes,4.0
2025-10-29,Wednesday,Lunch,Idli,Breakfast,570,190,189,1,35,Cloudy,No,5.0
2025-11-24,Monday,Breakfast,Samosa,Snacks,251,103,52,51,20,Cloudy,No,3.8
2025-11-05,Wednesday,Evening,Veg Thali,Meals,202,97,33,64,90,Cloudy,No,3.4
2025-05-27,Tuesday,Breakfast,Coffee,Drinks,395,121,77,44,25,Rainy,No,3.3
2025-06-15,Sunday,Lunch,Vada Pav,Snacks,257,109,47,62,25,Rainy,No,5.0
2025-08-17,Sunday,Breakfast,Samosa,Snacks,514,167,165,2,20,Cloudy,Yes,5.0
2025-12-05,Friday,Breakfast,Veg Sandwich,Snacks,259,102,50,52,40,Cloudy,Yes,4.8
2025-03-29,Saturday,Breakfast,Samosa,Snacks,360,126,81,45,20,Sunny,Yes,3.1
2025-12-05,Friday,Evening,Veg Thali,Meals,198,85,29,56,90,Rainy,Yes,4.4
2025-11-11,Tuesday,Evening,Cold Drink,Drinks,454,154,124,30,30,Rainy,No,3.2
2025-08-16,Saturday,Breakfast,Cold Drink,Drinks,407,144,111,33,30,Rainy,No,3.1
2025-02-06,Thursday,Evening,Tea,Drinks,283,99,35,64,15,Cloudy,Yes,3.9
2025-07-02,Wednesday,Evening,Cold Drink,Drinks,527,174,170,4,30,Sunny,No,3.9
2025-01-06,Monday,Evening,Vada Pav,Snacks,181,86,26,60,25,Sunny,No,3.9
2025-08-31,Sunday,Evening,Samosa,Snacks,574,159,135,24,20,Sunny,Yes,3.6
2025-07-26,Saturday,Breakfast,Samosa,Snacks,230,99,42,57,20,Rainy,No,3.5
2025-03-26,Wednesday,Evening,Tea,Drinks,436,136,100,36,15,Rainy,Yes,3.8
2025-12-10,Wednesday,Lunch,Veg Sandwich,Snacks,286,108,46,62,40,Sunny,No,3.5
2025-02-15,Saturday,Evening,Tea,Drinks,207,84,26,58,15,Cloudy,No,4.3
2025-04-01,Tuesday,Lunch,Veg Thali,Meals,495,155,131,24,90,Rainy,Yes,3.7
2025-08-24,Sunday,Evening,Tea,Drinks,243,105,47,58,15,Cloudy,Yes,4.4
2025-05-25,Sunday,Evening,Tea,Drinks,346,124,78,46,15,Rainy,Yes,3.9
2025-05-17,Saturday,Lunch,Cold Drink,Drinks,309,118,61,57,30,Sunny,Yes,4.1
2025-02-22,Saturday,Lunch,Vada Pav,Snacks,231,107,50,57,25,Cloudy,Yes,3.6
2025-10-07,Tuesday,Breakfast,Veg Sandwich,Snacks,407,124,74,50,40,Rainy,Yes,4.1
2025-09-14,Sunday,Breakfast,Idli,Breakfast,171,90,30,60,35,Cloudy,Yes,4.0
2025-09-27,Saturday,Lunch,Idli,Breakfast,444,133,97,36,35,Sunny,No,3.1
2025-06-03,Tuesday,Breakfast,Masala Dosa,Meals,574,158,144,14,60,Sunny,Yes,5.0
2025-11-24,Monday,Breakfast,Masala Dosa,Meals,515,142,107,35,60,Cloudy,Yes,4.4
2025-01-01,Wednesday,Lunch,Vada Pav,Snacks,277,108,53,55,25,Sunny,No,3.2
2025-06-20,Friday,Evening,Veg Sandwich,Snacks,234,101,43,58,40,Cloudy,No,3.3
2025-03-05,Wednesday,Evening,Samosa,Snacks,369,134,96,38,20,Cloudy,Yes,3.6
2025-01-15,Wednesday,Evening,Tea,Drinks,355,127,81,46,15,Sunny,No,4.8
2025-02-03,Monday,Evening,Vada Pav,Snacks,508,153,132,21,25,Cloudy,Yes,3.0
2025-07-25,Friday,Lunch,Cold Drink,Drinks,224,93,31,62,30,Sunny,No,3.8
2025-02-23,Sunday,Breakfast,Pav Bhaji,Meals,468,148,115,33,70,Sunny,No,4.1
2025-11-12,Wednesday,Evening,Cold Drink,Drinks,466,150,123,27,30,Sunny,No,3.9
2025-09-17,Wednesday,Lunch,Idli,Breakfast,309,115,64,51,35,Rainy,Yes,3.5
2025-06-10,Tuesday,Evening,Veg Sandwich,Snacks,206,94,38,56,40,Sunny,Yes,3.4
2025-12-18,Thursday,Lunch,Pav Bhaji,Meals,276,120,62,58,70,Rainy,No,3.7
2025-02-06,Thursday,Lunch,Samosa,Snacks,366,124,78,46,20,Rainy,Yes,4.1
2025-10-12,Sunday,Lunch,Masala Dosa,Meals,365,129,88,41,60,Cloudy,Yes,4.3
2025-02-21,Friday,Evening,Idli,Breakfast,283,108,51,57,35,Cloudy,No,4.0
2025-01-26,Sunday,Breakfast,Idli,Breakfast,485,158,135,23,35,Rainy,No,4.1
2025-10-25,Saturday,Lunch,Vada Pav,Snacks,174,95,39,56,25,Cloudy,No,4.7
2025-10-13,Monday,Evening,Tea,Drinks,370,111,61,50,15,Cloudy,No,3.9
2025-03-24,Monday,Breakfast,Veg Thali,Meals,311,111,57,54,90,Cloudy,No,3.7
2025-01-15,Wednesday,Evening,Coffee,Drinks,550,179,173,6,25,Cloudy,No,4.6
2025-11-08,Saturday,Breakfast,Tea,Drinks,216,89,28,61,15,Sunny,No,4.8
2025-03-08,Saturday,Evening,Vada Pav,Snacks,544,166,150,16,25,Cloudy,No,3.2
2025-11-20,Thursday,Lunch,Idli,Breakfast,461,168,154,14,35,Cloudy,Yes,4.4
2025-12-12,Friday,Lunch,Vada Pav,Snacks,588,167,156,11,25,Sunny,Yes,3.4
2025-08-20,Wednesday,Lunch,Coffee,Drinks,505,156,129,27,25,Rainy,No,4.5
2025-11-10,Monday,Breakfast,Tea,Drinks,164,78,23,55,15,Sunny,Yes,5.0
2025-02-17,Monday,Lunch,Cold Drink,Drinks,567,198,189,9,30,Cloudy,No,4.5
2025-10-02,Thursday,Breakfast,Samosa,Snacks,392,127,81,46,20,Rainy,No,5.0
2025-03-07,Friday,Breakfast,Samosa,Snacks,238,96,42,54,20,Rainy,No,4.8
2025-05-20,Tuesday,Lunch,Vada Pav,Snacks,517,180,180,0,25,Cloudy,No,4.6
2025-02-08,Saturday,Breakfast,Samosa,Snacks,234,97,34,63,20,Sunny,Yes,4.5
2025-09-03,Wednesday,Lunch,Masala Dosa,Meals,370,143,109,34,60,Cloudy,No,3.1
2025-10-11,Saturday,Lunch,Vada Pav,Snacks,338,121,64,57,25,Cloudy,Yes,4.3
2025-12-22,Monday,Breakfast,Cold Drink,Drinks,316,120,66,54,30,Cloudy,No,3.1
2025-12-13,Saturday,Lunch,Veg Thali,Meals,306,113,59,54,90,Rainy,No,3.7
2025-03-16,Sunday,Breakfast,Samosa,Snacks,207,86,30,56,20,Sunny,Yes,5.0
2025-05-27,Tuesday,Evening,Idli,Breakfast,541,165,156,9,35,Rainy,No,4.5
2025-02-13,Thursday,Lunch,Coffee,Drinks,546,162,144,18,25,Cloudy,Yes,4.3
2025-12-14,Sunday,Evening,Vada Pav,Snacks,400,120,75,45,25,Sunny,Yes,4.1
2025-07-14,Monday,Evening,Vada Pav,Snacks,569,157,130,27,25,Sunny,No,4.3
2025-02-01,Saturday,Breakfast,Idli,Breakfast,551,173,168,5,35,Cloudy,Yes,3.7
2025-11-22,Saturday,Breakfast,Veg Sandwich,Snacks,347,114,62,52,40,Rainy,Yes,4.0
2025-03-16,Sunday,Lunch,Idli,Breakfast,267,117,58,59,35,Cloudy,Yes,3.1
2025-12-25,Thursday,Evening,Samosa,Snacks,413,130,86,44,20,Sunny,No,3.6
2025-02-04,Tuesday,Lunch,Pav Bhaji,Meals,238,99,43,56,70,Cloudy,No,4.9
2025-05-14,Wednesday,Lunch,Tea,Drinks,177,94,33,61,15,Rainy,Yes,4.4
2025-09-01,Monday,Evening,Idli,Breakfast,261,92,36,56,35,Cloudy,Yes,4.3
2025-12-09,Tuesday,Lunch,Masala Dosa,Meals,479,145,112,33,60,Rainy,Yes,4.9
2025-09-20,Saturday,Evening,Veg Thali,Meals,597,183,183,0,90,Rainy,No,4.2
2025-10-28,Tuesday,Evening,Cold Drink,Drinks,547,151,122,29,30,Sunny,Yes,4.0
2025-12-26,Friday,Breakfast,Coffee,Drinks,203,93,31,62,25,Cloudy,No,3.8
2025-01-19,Sunday,Breakfast,Idli,Breakfast,426,141,100,41,35,Rainy,No,3.5
2025-04-15,Tuesday,Evening,Masala Dosa,Meals,453,141,101,40,60,Cloudy,Yes,4.1
2025-02-22,Saturday,Breakfast,Samosa,Snacks,480,129,89,40,20,Rainy,No,3.3
2025-10-18,Saturday,Breakfast,Vada Pav,Snacks,414,139,102,37,25,Rainy,Yes,4.8
2025-03-27,Thursday,Breakfast,Samosa,Snacks,172,80,16,64,20,Sunny,Yes,4.8
2025-01-09,Thursday,Breakfast,Cold Drink,Drinks,347,116,56,60,30,Cloudy,No,4.8
2025-09-18,Thursday,Evening,Idli,Breakfast,493,156,128,28,35,Rainy,No,3.0
2025-02-12,Wednesday,Lunch,Masala Dosa,Meals,340,121,74,47,60,Cloudy,Yes,3.5
2025-10-11,Saturday,Lunch,Pav Bhaji,Meals,482,161,150,11,70,Sunny,Yes,3.1
2025-09-05,Friday,Lunch,Tea,Drinks,550,161,142,19,15,Rainy,Yes,3.8
2025-10-29,Wednesday,Lunch,Samosa,Snacks,167,90,24,66,20,Sunny,Yes,3.9
2025-07-26,Saturday,Breakfast,Veg Sandwich,Snacks,339,129,85,44,40,Cloudy,No,3.8
2025-02-08,Saturday,Lunch,Veg Sandwich,Snacks,502,160,146,14,40,Sunny,No,3.8
2025-05-18,Sunday,Breakfast,Samosa,Snacks,156,86,23,63,20,Rainy,No,4.7
2025-12-29,Monday,Breakfast,Masala Dosa,Meals,294,109,48,61,60,Sunny,No,3.8
2025-10-30,Thursday,Lunch,Idli,Breakfast,390,133,92,41,35,Sunny,Yes,4.5
2025-08-09,Saturday,Lunch,Cold Drink,Drinks,253,104,51,53,30,Cloudy,Yes,4.1
2025-11-15,Saturday,Lunch,Vada Pav,Snacks,348,135,95,40,25,Rainy,No,3.5
2025-08-10,Sunday,Evening,Cold Drink,Drinks,416,132,91,41,30,Rainy,Yes,4.3
2025-09-06,Saturday,Evening,Samosa,Snacks,336,124,75,49,20,Sunny,No,3.4
2025-08-21,Thursday,Breakfast,Idli,Breakfast,382,131,83,48,35,Cloudy,Yes,3.3
2025-02-14,Friday,Breakfast,Tea,Drinks,509,165,156,9,15,Cloudy,No,4.0
2025-10-14,Tuesday,Breakfast,Tea,Drinks,157,82,16,66,15,Cloudy,Yes,4.5
2025-10-20,Monday,Lunch,Vada Pav,Snacks,187,89,28,61,25,Cloudy,No,4.9
2025-03-02,Sunday,Lunch,Coffee,Drinks,383,141,99,42,25,Cloudy,Yes,4.0
2025-07-17,Thursday,Evening,Vada Pav,Snacks,551,161,151,10,25,Sunny,Yes,4.7
2025-10-10,Friday,Breakfast,Veg Thali,Meals,197,95,35,60,90,Rainy,No,3.5
2025-03-25,Tuesday,Breakfast,Idli,Breakfast,394,127,85,42,35,Cloudy,Yes,4.4
2025-05-16,Friday,Evening,Pav Bhaji,Meals,286,114,58,56,70,Sunny,Yes,4.4
2025-07-10,Thursday,Lunch,Veg Sandwich,Snacks,313,108,54,54,40,Cloudy,Yes,3.3
2025-07-07,Monday,Lunch,Veg Sandwich,Snacks,513,182,173,9,40,Rainy,Yes,3.1
2025-07-24,Thursday,Breakfast,Pav Bhaji,Meals,359,120,65,55,70,Cloudy,Yes,4.7
2025-05-23,Friday,Lunch,Vada Pav,Snacks,407,153,133,20,25,Sunny,No,3.6
2025-01-30,Thursday,Breakfast,Coffee,Drinks,416,122,69,53,25,Rainy,Yes,4.4
2025-05-04,Sunday,Breakfast,Vada Pav,Snacks,364,134,93,41,25,Sunny,No,4.8
2025-07-11,Friday,Breakfast,Coffee,Drinks,183,92,36,56,25,Sunny,No,4.4
2025-01-31,Friday,Breakfast,Samosa,Snacks,444,142,113,29,20,Cloudy,Yes,3.9
2025-02-25,Tuesday,Evening,Samosa,Snacks,311,102,37,65,20,Sunny,No,4.5
2025-04-27,Sunday,Lunch,Veg Sandwich,Snacks,570,165,147,18,40,Rainy,Yes,3.9
2025-08-09,Saturday,Evening,Pav Bhaji,Meals,498,166,153,13,70,Sunny,Yes,4.8
2025-12-01,Monday,Breakfast,Cold Drink,Drinks,443,145,108,37,30,Cloudy,No,4.6
2025-03-14,Friday,Evening,Cold Drink,Drinks,389,138,98,40,30,Cloudy,Yes,3.7
2025-11-01,Saturday,Lunch,Veg Thali,Meals,391,147,111,36,90,Sunny,No,4.9
2025-09-21,Sunday,Breakfast,Coffee,Drinks,253,95,41,54,25,Cloudy,Yes,4.5
2025-02-06,Thursday,Breakfast,Veg Thali,Meals,320,110,56,54,90,Sunny,Yes,4.3
2025-07-26,Saturday,Breakfast,Vada Pav,Snacks,185,83,28,55,25,Cloudy,No,4.6
2025-07-04,Friday,Lunch,Veg Thali,Meals,418,155,128,27,90,Sunny,No,3.8
2025-01-31,Friday,Lunch,Veg Thali,Meals,429,154,130,24,90,Cloudy,Yes,3.4
2025-10-08,Wednesday,Breakfast,Veg Thali,Meals,303,111,51,60,90,Rainy,Yes,3.6
2025-04-27,Sunday,Lunch,Veg Thali,Meals,357,125,70,55,90,Sunny,Yes,3.9
2025-08-16,Saturday,Lunch,Veg Sandwich,Snacks,351,132,86,46,40,Cloudy,No,3.2
2025-07-23,Wednesday,Breakfast,Masala Dosa,Meals,439,140,104,36,60,Sunny,Yes,4.9
2025-06-16,Monday,Breakfast,Veg Sandwich,Snacks,402,137,100,37,40,Rainy,No,5.0
2025-02-22,Saturday,Breakfast,Samosa,Snacks,192,92,32,60,20,Sunny,No,3.2
2025-12-18,Thursday,Breakfast,Vada Pav,Snacks,318,117,58,59,25,Cloudy,No,4.4
2025-04-01,Tuesday,Breakfast,Veg Sandwich,Snacks,357,132,87,45,40,Rainy,No,4.6
2025-05-18,Sunday,Evening,Samosa,Snacks,499,164,155,9,20,Sunny,Yes,3.3
2025-08-13,Wednesday,Lunch,Idli,Breakfast,332,116,62,54,35,Sunny,Yes,4.5
2025-12-25,Thursday,Breakfast,Samosa,Snacks,313,105,52,53,20,Sunny,No,4.9
2025-06-27,Friday,Evening,Idli,Breakfast,282,96,34,62,35,Cloudy,No,3.1
2025-09-10,Wednesday,Breakfast,Coffee,Drinks,510,150,123,27,25,Sunny,Yes,3.1
2025-07-01,Tuesday,Evening,Idli,Breakfast,495,164,155,9,35,Cloudy,Yes,4.5
2025-02-03,Monday,Breakfast,Veg Sandwich,Snacks,351,132,94,38,40,Cloudy,Yes,4.4
2025-04-15,Tuesday,Evening,Idli,Breakfast,210,89,23,66,35,Sunny,No,4.8
2025-08-08,Friday,Breakfast,Cold Drink,Drinks,463,127,81,46,30,Rainy,No,3.6
2025-11-11,Tuesday,Breakfast,Masala Dosa,Meals,484,163,147,16,60,Cloudy,Yes,3.7
2025-05-05,Monday,Lunch,Idli,Breakfast,324,119,62,57,35,Sunny,Yes,3.1
2025-07-28,Monday,Lunch,Idli,Breakfast,445,146,113,33,35,Sunny,Yes,4.9
2025-10-08,Wednesday,Breakfast,Samosa,Snacks,429,135,86,49,20,Cloudy,No,4.6
2025-05-04,Sunday,Lunch,Cold Drink,Drinks,286,118,63,55,30,Rainy,Yes,4.3
2025-10-19,Sunday,Lunch,Veg Thali,Meals,447,162,141,21,90,Rainy,No,3.0
2025-09-09,Tuesday,Lunch,Tea,Drinks,538,164,147,17,15,Sunny,No,3.3
2025-06-28,Saturday,Breakfast,Samosa,Snacks,402,124,71,53,20,Sunny,No,4.8
2025-04-05,Saturday,Lunch,Samosa,Snacks,385,127,73,54,20,Rainy,No,4.3
2025-12-05,Friday,Evening,Vada Pav,Snacks,262,99,34,65,25,Sunny,No,3.1
2025-01-17,Friday,Evening,Veg Sandwich,Snacks,479,140,96,44,40,Cloudy,Yes,4.3
2025-10-04,Saturday,Evening,Tea,Drinks,411,117,58,59,15,Cloudy,Yes,3.2
2025-07-21,Monday,Lunch,Masala Dosa,Meals,556,165,158,7,60,Sunny,Yes,3.7
2025-08-22,Friday,Lunch,Idli,Breakfast,434,141,107,34,35,Rainy,No,4.7
2025-02-14,Friday,Breakfast,Idli,Breakfast,527,147,116,31,35,Rainy,No,3.1
2025-05-04,Sunday,Lunch,Vada Pav,Snacks,558,173,169,4,25,Sunny,Yes,4.0
2025-02-09,Sunday,Lunch,Coffee,Drinks,387,122,72,50,25,Sunny,Yes,3.2
2025-06-26,Thursday,Breakfast,Masala Dosa,Meals,515,140,102,38,60,Rainy,Yes,4.4
2025-03-28,Friday,Breakfast,Idli,Breakfast,521,137,98,39,35,Rainy,Yes,4.6
2025-09-25,Thursday,Evening,Coffee,Drinks,520,156,133,23,25,Sunny,No,3.2
2025-02-27,Thursday,Evening,Tea,Drinks,258,98,40,58,15,Rainy,No,3.2
2025-10-29,Wednesday,Lunch,Idli,Breakfast,533,156,139,17,35,Cloudy,No,3.2
2025-10-12,Sunday,Evening,Veg Sandwich,Snacks,512,168,161,7,40,Sunny,No,4.1
2025-12-25,Thursday,Evening,Masala Dosa,Meals,184,88,23,65,60,Rainy,No,4.0
2025-10-25,Saturday,Lunch,Vada Pav,Snacks,561,169,160,9,25,Rainy,No,4.7
2025-12-03,Wednesday,Breakfast,Cold Drink,Drinks,220,88,22,66,30,Sunny,No,3.4
2025-04-20,Sunday,Evening,Veg Thali,Meals,424,123,69,54,90,Sunny,Yes,3.1
2025-02-15,Saturday,Lunch,Veg Thali,Meals,399,146,118,28,90,Cloudy,Yes,4.7
2025-02-26,Wednesday,Breakfast,Tea,Drinks,334,121,74,47,15,Rainy,Yes,3.3
2025-11-18,Tuesday,Evening,Veg Sandwich,Snacks,215,100,39,61,40,Sunny,Yes,4.9
2025-12-23,Tuesday,Breakfast,Masala Dosa,Meals,586,176,174,2,60,Sunny,Yes,3.7
2025-03-07,Friday,Evening,Samosa,Snacks,274,95,41,54,20,Cloudy,Yes,4.5
2025-09-15,Monday,Breakfast,Tea,Drinks,321,108,48,60,15,Sunny,No,3.0
2025-01-30,Thursday,Lunch,Idli,Breakfast,268,109,52,57,35,Cloudy,No,4.8
2025-02-19,Wednesday,Evening,Cold Drink,Drinks,264,106,52,54,30,Sunny,Yes,3.3
2025-11-03,Monday,Breakfast,Tea,Drinks,499,148,117,31,15,Rainy,Yes,4.7
2025-01-21,Tuesday,Breakfast,Idli,Breakfast,533,141,110,31,35,Rainy,Yes,3.1
2025-05-07,Wednesday,Evening,Cold Drink,Drinks,570,169,162,7,30,Cloudy,Yes,3.3
2025-10-18,Saturday,Breakfast,Masala Dosa,Meals,210,84,18,66,60,Cloudy,No,3.7
2025-10-13,Monday,Lunch,Tea,Drinks,580,200,191,9,15,Cloudy,No,3.8
2025-12-25,Thursday,Lunch,Vada Pav,Snacks,193,91,25,66,25,Rainy,No,3.6
2025-05-27,Tuesday,Lunch,Veg Thali,Meals,485,176,173,3,90,Sunny,No,5.0
2025-12-17,Wednesday,Lunch,Idli,Breakfast,544,175,171,4,35,Sunny,Yes,3.0
2025-11-28,Friday,Evening,Tea,Drinks,235,90,26,64,15,Cloudy,Yes,3.8
2025-08-11,Monday,Breakfast,Samosa,Snacks,301,103,45,58,20,Sunny,No,4.3
2025-06-25,Wednesday,Evening,Cold Drink,Drinks,506,157,131,26,30,Cloudy,No,4.4
2025-09-20,Saturday,Evening,Veg Sandwich,Snacks,423,148,121,27,40,Rainy,No,4.9
2025-11-13,Thursday,Breakfast,Idli,Breakfast,358,127,86,41,35,Sunny,Yes,4.4
2025-12-03,Wednesday,Evening,Idli,Breakfast,499,139,102,37,35,Cloudy,No,3.7
2025-05-03,Saturday,Breakfast,Veg Thali,Meals,385,131,85,46,90,Sunny,No,4.1
2025-04-26,Saturday,Breakfast,Veg Thali,Meals,253,92,37,55,90,Sunny,Yes,4.7
2025-12-09,Tuesday,Evening,Coffee,Drinks,357,134,89,45,25,Sunny,No,3.7
2025-08-28,Thursday,Evening,Tea,Drinks,503,150,127,23,15,Rainy,No,3.9
2025-10-28,Tuesday,Evening,Veg Thali,Meals,519,171,165,6,90,Rainy,No,4.9
2025-08-12,Tuesday,Lunch,Idli,Breakfast,391,134,96,38,35,Cloudy,No,4.2
2025-09-15,Monday,Lunch,Samosa,Snacks,370,122,68,54,20,Sunny,No,3.7
2025-07-09,Wednesday,Breakfast,Cold Drink,Drinks,507,167,161,6,30,Sunny,No,4.8
2025-06-06,Friday,Evening,Samosa,Snacks,567,174,174,0,20,Cloudy,Yes,3.3
2025-07-10,Thursday,Evening,Tea,Drinks,353,112,63,49,15,Cloudy,No,4.8
2025-01-07,Tuesday,Lunch,Veg Thali,Meals,219,103,48,55,90,Sunny,No,5.0
2025-05-17,Saturday,Breakfast,Tea,Drinks,212,100,39,61,15,Cloudy,Yes,4.3
2025-10-26,Sunday,Breakfast,Masala Dosa,Meals,555,174,169,5,60,Sunny,No,4.6
2025-06-08,Sunday,Breakfast,Veg Sandwich,Snacks,381,118,71,47,40,Rainy,No,3.9
2025-02-23,Sunday,Evening,Veg Sandwich,Snacks,165,82,24,58,40,Rainy,Yes,4.6
2025-03-27,Thursday,Breakfast,Samosa,Snacks,190,82,24,58,20,Cloudy,No,3.6
2025-03-22,Saturday,Breakfast,Pav Bhaji,Meals,567,173,166,7,70,Rainy,No,3.9
2025-09-16,Tuesday,Lunch,Veg Thali,Meals,286,104,47,57,90,Rainy,No,3.4
2025-03-25,Tuesday,Evening,Veg Sandwich,Snacks,504,162,151,11,40,Rainy,No,4.6
2025-04-24,Thursday,Lunch,Coffee,Drinks,381,132,87,45,25,Sunny,No,3.8
2025-04-10,Thursday,Lunch,Veg Sandwich,Snacks,207,98,33,65,40,Cloudy,Yes,4.9
2025-11-19,Wednesday,Evening,Pav Bhaji,Meals,567,181,173,8,70,Sunny,No,3.0
2025-07-08,Tuesday,Lunch,Cold Drink,Drinks,487,142,101,41,30,Sunny,Yes,4.0
2025-12-16,Tuesday,Breakfast,Vada Pav,Snacks,183,84,27,57,25,Cloudy,Yes,4.7
2025-04-10,Thursday,Breakfast,Tea,Drinks,163,79,22,57,15,Rainy,No,4.4
2025-03-05,Wednesday,Breakfast,Tea,Drinks,420,133,86,47,15,Rainy,Yes,4.8
2025-04-12,Saturday,Breakfast,Masala Dosa,Meals,343,114,56,58,60,Rainy,No,4.0
2025-07-20,Sunday,Breakfast,Veg Sandwich,Snacks,457,143,112,31,40,Rainy,Yes,4.7
2025-05-07,Wednesday,Lunch,Vada Pav,Snacks,518,179,179,0,25,Cloudy,No,4.3
2025-04-20,Sunday,Breakfast,Vada Pav,Snacks,236,92,35,57,25,Sunny,No,3.4
2025-09-25,Thursday,Evening,Idli,Breakfast,239,95,36,59,35,Sunny,No,4.4
2025-04-24,Thursday,Lunch,Masala Dosa,Meals,216,97,39,58,60,Sunny,No,3.7
2025-01-18,Saturday,Lunch,Tea,Drinks,196,87,23,64,15,Sunny,No,3.8
2025-09-12,Friday,Breakfast,Cold Drink,Drinks,563,157,131,26,30,Sunny,Yes,3.0
2025-03-05,Wednesday,Breakfast,Tea,Drinks,201,96,38,58,15,Cloudy,Yes,4.4
2025-11-20,Thursday,Breakfast,Samosa,Snacks,589,186,186,0,20,Cloudy,No,3.5
2025-05-13,Tuesday,Lunch,Coffee,Drinks,252,111,51,60,25,Cloudy,No,3.3
2025-04-21,Monday,Evening,Vada Pav,Snacks,222,96,42,54,25,Sunny,Yes,4.2
2025-05-10,Saturday,Breakfast,Pav Bhaji,Meals,436,144,113,31,70,Rainy,Yes,5.0
2025-11-20,Thursday,Breakfast,Vada Pav,Snacks,525,137,92,45,25,Cloudy,No,4.6
2025-11-13,Thursday,Lunch,Masala Dosa,Meals,340,136,92,44,60,Rainy,Yes,4.7
2025-11-22,Saturday,Evening,Coffee,Drinks,592,184,176,8,25,Sunny,Yes,4.1
2025-05-20,Tuesday,Lunch,Coffee,Drinks,291,104,50,54,25,Sunny,Yes,3.6
2025-10-14,Tuesday,Lunch,Samosa,Snacks,484,146,117,29,20,Rainy,No,3.1
2025-07-17,Thursday,Breakfast,Tea,Drinks,488,153,124,29,15,Sunny,No,4.1
2025-08-31,Sunday,Evening,Pav Bhaji,Meals,347,125,82,43,70,Sunny,No,4.0
2025-07-05,Saturday,Lunch,Veg Thali,Meals,441,163,153,10,90,Sunny,Yes,3.1
2025-02-14,Friday,Lunch,Veg Thali,Meals,186,89,27,62,90,Sunny,No,3.0
2025-12-10,Wednesday,Breakfast,Idli,Breakfast,519,157,136,21,35,Cloudy,Yes,4.1
2025-07-03,Thursday,Breakfast,Veg Sandwich,Snacks,394,114,55,59,40,Sunny,Yes,3.9
2025-03-23,Sunday,Evening,Veg Sandwich,Snacks,186,81,26,55,40,Rainy,No,4.3
2025-03-18,Tuesday,Lunch,Samosa,Snacks,253,111,55,56,20,Rainy,Yes,4.8
2025-11-14,Friday,Lunch,Coffee,Drinks,422,141,107,34,25,Rainy,No,4.9
2025-08-31,Sunday,Breakfast,Samosa,Snacks,234,103,42,61,20,Cloudy,No,3.2
2025-11-05,Wednesday,Breakfast,Vada Pav,Snacks,374,129,77,52,25,Rainy,No,3.9
2025-06-23,Monday,Evening,Idli,Breakfast,421,138,99,39,35,Rainy,No,3.7
2025-11-23,Sunday,Breakfast,Idli,Breakfast,507,140,104,36,35,Rainy,No,3.2
2025-07-15,Tuesday,Lunch,Veg Thali,Meals,246,99,35,64,90,Sunny,No,3.3
2025-03-23,Sunday,Breakfast,Idli,Breakfast,185,90,31,59,35,Cloudy,Yes,4.6
2025-05-20,Tuesday,Lunch,Idli,Breakfast,477,156,139,17,35,Cloudy,No,3.1
2025-03-13,Thursday,Lunch,Cold Drink,Drinks,387,131,90,41,30,Cloudy,No,4.5
2025-09-12,Friday,Lunch,Veg Thali,Meals,443,163,144,19,90,Cloudy,No,3.8
2025-04-14,Monday,Lunch,Pav Bhaji,Meals,368,126,76,50,70,Rainy,Yes,3.1
2025-07-28,Monday,Breakfast,Pav Bhaji,Meals,311,111,49,62,70,Rainy,Yes,4.2
2025-07-17,Thursday,Lunch,Idli,Breakfast,368,145,112,33,35,Rainy,Yes,3.2
2025-11-22,Saturday,Evening,Pav Bhaji,Meals,220,89,26,63,70,Rainy,No,3.1
2025-07-09,Wednesday,Evening,Coffee,Drinks,518,148,112,36,25,Sunny,Yes,3.3
2025-03-24,Monday,Lunch,Tea,Drinks,495,153,123,30,15,Sunny,No,4.7
2025-11-11,Tuesday,Lunch,Cold Drink,Drinks,467,158,137,21,30,Rainy,No,4.8
2025-07-31,Thursday,Evening,Tea,Drinks,276,110,61,49,15,Cloudy,No,4.8
2025-05-30,Friday,Evening,Masala Dosa,Meals,307,117,70,47,60,Rainy,No,4.8
2025-11-10,Monday,Breakfast,Tea,Drinks,441,146,110,36,15,Rainy,Yes,4.7
2025-05-13,Tuesday,Lunch,Idli,Breakfast,380,137,95,42,35,Cloudy,Yes,4.8
2025-05-16,Friday,Breakfast,Cold Drink,Drinks,538,143,101,42,30,Rainy,Yes,4.2
2025-09-14,Sunday,Lunch,Vada Pav,Snacks,459,160,140,20,25,Rainy,No,5.0
2025-12-09,Tuesday,Evening,Cold Drink,Drinks,448,131,81,50,30,Cloudy,Yes,4.9
2025-10-20,Monday,Lunch,Vada Pav,Snacks,181,85,26,59,25,Rainy,Yes,4.5
2025-09-03,Wednesday,Lunch,Veg Thali,Meals,586,168,164,4,90,Rainy,No,4.4
2025-07-31,Thursday,Lunch,Pav Bhaji,Meals,391,148,113,35,70,Rainy,Yes,3.1
2025-01-06,Monday,Breakfast,Veg Thali,Meals,292,116,62,54,90,Rainy,No,4.9
2025-03-17,Monday,Evening,Idli,Breakfast,264,109,48,61,35,Rainy,Yes,4.8
2025-07-02,Wednesday,Breakfast,Vada Pav,Snacks,548,169,163,6,25,Sunny,Yes,3.7
2025-07-21,Monday,Lunch,Cold Drink,Drinks,511,153,130,23,30,Rainy,No,3.7
2025-12-13,Saturday,Lunch,Veg Sandwich,Snacks,434,161,147,14,40,Cloudy,Yes,3.4
2025-02-05,Wednesday,Lunch,Pav Bhaji,Meals,432,139,99,40,70,Cloudy,Yes,3.8
2025-04-24,Thursday,Breakfast,Samosa,Snacks,264,93,30,63,20,Rainy,No,3.6
2025-04-04,Friday,Breakfast,Tea,Drinks,230,87,24,63,15,Rainy,Yes,3.4
2025-08-23,Saturday,Lunch,Vada Pav,Snacks,285,117,58,59,25,Cloudy,Yes,3.6
2025-12-06,Saturday,Lunch,Idli,Breakfast,362,139,102,37,35,Rainy,No,4.7
2025-01-17,Friday,Evening,Pav Bhaji,Meals,513,155,129,26,70,Rainy,Yes,3.8
2025-10-26,Sunday,Breakfast,Vada Pav,Snacks,562,168,161,7,25,Rainy,Yes,3.9
2025-05-27,Tuesday,Breakfast,Coffee,Drinks,284,102,50,52,25,Sunny,Yes,3.6
2025-03-21,Friday,Breakfast,Cold Drink,Drinks,556,147,122,25,30,Cloudy,Yes,4.1
2025-05-24,Saturday,Lunch,Tea,Drinks,323,128,86,42,15,Sunny,No,4.7
2025-03-23,Sunday,Breakfast,Masala Dosa,Meals,218,95,32,63,60,Rainy,Yes,3.0
2025-01-09,Thursday,Breakfast,Pav Bhaji,Meals,355,113,52,61,70,Rainy,Yes,3.5
2025-04-23,Wednesday,Breakfast,Veg Thali,Meals,359,110,58,52,90,Cloudy,No,3.2
2025-08-08,Friday,Lunch,Pav Bhaji,Meals,567,192,185,7,70,Sunny,No,4.6
2025-11-09,Sunday,Evening,Pav Bhaji,Meals,534,172,163,9,70,Cloudy,Yes,3.3
2025-11-25,Tuesday,Lunch,Masala Dosa,Meals,178,95,40,55,60,Sunny,Yes,4.2
2025-05-13,Tuesday,Lunch,Vada Pav,Snacks,270,106,54,52,25,Sunny,Yes,3.3
2025-03-07,Friday,Evening,Veg Thali,Meals,384,115,65,50,90,Sunny,Yes,3.3
2025-03-25,Tuesday,Evening,Vada Pav,Snacks,299,99,47,52,25,Sunny,No,4.8
2025-07-31,Thursday,Lunch,Cold Drink,Drinks,386,146,114,32,30,Rainy,Yes,4.3
2025-12-20,Saturday,Lunch,Pav Bhaji,Meals,572,161,150,11,70,Cloudy,No,4.7
2025-04-04,Friday,Lunch,Veg Sandwich,Snacks,347,129,83,46,40,Cloudy,Yes,3.3
2025-12-13,Saturday,Lunch,Vada Pav,Snacks,323,114,59,55,25,Rainy,Yes,4.2
2025-10-27,Monday,Evening,Pav Bhaji,Meals,347,124,77,47,70,Cloudy,No,4.4
2025-03-17,Monday,Breakfast,Coffee,Drinks,277,104,52,52,25,Rainy,Yes,4.9
2025-04-06,Sunday,Breakfast,Vada Pav,Snacks,193,83,23,60,25,Sunny,Yes,4.9
2025-01-22,Wednesday,Breakfast,Pav Bhaji,Meals,502,161,150,11,70,Rainy,No,4.2
2025-12-09,Tuesday,Breakfast,Coffee,Drinks,587,158,131,27,25,Sunny,No,4.6
2025-04-26,Saturday,Evening,Vada Pav,Snacks,330,120,64,56,25,Sunny,No,4.2
2025-02-26,Wednesday,Lunch,Samosa,Snacks,238,110,54,56,20,Sunny,Yes,4.5
2025-05-08,Thursday,Breakfast,Cold Drink,Drinks,382,112,64,48,30,Sunny,Yes,3.6
2025-03-15,Saturday,Breakfast,Tea,Drinks,240,101,40,61,15,Cloudy,No,4.2
2025-11-27,Thursday,Lunch,Masala Dosa,Meals,249,109,59,50,60,Rainy,Yes,3.4
2025-05-29,Thursday,Lunch,Veg Thali,Meals,376,134,93,41,90,Sunny,No,4.0
2025-11-03,Monday,Evening,Pav Bhaji,Meals,156,75,12,63,70,Cloudy,No,3.0
2025-07-11,Friday,Evening,Tea,Drinks,542,140,108,32,15,Rainy,No,4.7
2025-04-08,Tuesday,Evening,Coffee,Drinks,404,127,83,44,25,Cloudy,Yes,4.3
2025-03-23,Sunday,Evening,Pav Bhaji,Meals,362,113,59,54,70,Sunny,No,3.9
2025-03-29,Saturday,Breakfast,Pav Bhaji,Meals,440,135,93,42,70,Sunny,Yes,3.7
2025-02-12,Wednesday,Breakfast,Idli,Breakfast,218,94,30,64,35,Sunny,No,3.3
2025-05-27,Tuesday,Breakfast,Samosa,Snacks,315,102,46,56,20,Cloudy,Yes,3.6
2025-12-07,Sunday,Evening,Idli,Breakfast,355,114,63,51,35,Sunny,No,4.4
2025-03-20,Thursday,Evening,Tea,Drinks,238,100,37,63,15,Rainy,No,3.1
2025-07-13,Sunday,Breakfast,Pav Bhaji,Meals,489,153,129,24,70,Cloudy,Yes,3.7
2025-04-10,Thursday,Breakfast,Samosa,Snacks,264,93,36,57,20,Rainy,Yes,4.1
2025-04-25,Friday,Evening,Vada Pav,Snacks,182,81,17,64,25,Rainy,Yes,3.2
2025-03-30,Sunday,Breakfast,Pav Bhaji,Meals,533,165,154,11,70,Cloudy,Yes,3.3
2025-08-11,Monday,Evening,Tea,Drinks,424,128,75,53,15,Cloudy,No,3.2
2025-10-26,Sunday,Breakfast,Cold Drink,Drinks,317,110,52,58,30,Cloudy,Yes,4.5
2025-12-11,Thursday,Breakfast,Veg Sandwich,Snacks,556,164,152,12,40,Cloudy,Yes,4.8
2025-09-12,Friday,Lunch,Cold Drink,Drinks,395,139,106,33,30,Sunny,No,4.5
2025-07-18,Friday,Evening,Tea,Drinks,294,114,55,59,15,Cloudy,No,4.2
2025-03-08,Saturday,Breakfast,Veg Thali,Meals,487,151,128,23,90,Sunny,Yes,4.9
2025-03-16,Sunday,Breakfast,Samosa,Snacks,248,95,30,65,20,Sunny,Yes,3.1
2025-03-25,Tuesday,Evening,Veg Thali,Meals,422,127,80,47,90,Sunny,Yes,4.9
2025-10-18,Saturday,Evening,Samosa,Snacks,196,84,29,55,20,Cloudy,No,3.8
2025-11-09,Sunday,Evening,Idli,Breakfast,292,111,57,54,35,Rainy,Yes,4.4
2025-02-26,Wednesday,Evening,Cold Drink,Drinks,160,86,26,60,30,Sunny,Yes,3.8
2025-12-19,Friday,Evening,Vada Pav,Snacks,511,133,86,47,25,Sunny,Yes,4.5
2025-10-04,Saturday,Lunch,Masala Dosa,Meals,428,158,131,27,60,Cloudy,Yes,3.6
2025-01-24,Friday,Lunch,Vada Pav,Snacks,288,115,55,60,25,Sunny,Yes,4.9
2025-10-11,Saturday,Evening,Vada Pav,Snacks,363,126,81,45,25,Rainy,Yes,4.5
2025-02-01,Saturday,Breakfast,Coffee,Drinks,353,111,56,55,25,Rainy,No,4.5
2025-05-05,Monday,Breakfast,Vada Pav,Snacks,582,183,182,1,25,Rainy,Yes,4.2
2025-07-17,Thursday,Evening,Masala Dosa,Meals,259,109,47,62,60,Cloudy,No,4.0
2025-11-22,Saturday,Breakfast,Cold Drink,Drinks,565,158,133,25,30,Cloudy,Yes,3.5
2025-10-10,Friday,Lunch,Samosa,Snacks,150,79,21,58,20,Sunny,Yes,4.6
2025-04-13,Sunday,Breakfast,Idli,Breakfast,228,93,29,64,35,Sunny,Yes,3.9
2025-11-04,Tuesday,Evening,Samosa,Snacks,420,140,108,32,20,Cloudy,No,4.5
2025-12-25,Thursday,Breakfast,Tea,Drinks,396,117,57,60,15,Cloudy,No,3.8
2025-11-19,Wednesday,Evening,Pav Bhaji,Meals,572,143,109,34,70,Rainy,Yes,4.0
2025-12-01,Monday,Lunch,Masala Dosa,Meals,544,171,167,4,60,Sunny,Yes,4.9
2025-03-01,Saturday,Lunch,Cold Drink,Drinks,505,181,178,3,30,Sunny,No,4.2
2025-10-01,Wednesday,Evening,Masala Dosa,Meals,427,130,85,45,60,Rainy,No,3.4
2025-12-12,Friday,Breakfast,Vada Pav,Snacks,509,146,121,25,25,Cloudy,No,3.8
2025-07-16,Wednesday,Breakfast,Idli,Breakfast,595,152,127,25,35,Cloudy,Yes,3.4
2025-11-12,Wednesday,Evening,Idli,Breakfast,439,132,90,42,35,Sunny,No,3.5
2025-08-11,Monday,Evening,Veg Sandwich,Snacks,541,173,173,0,40,Cloudy,No,4.7
2025-01-12,Sunday,Lunch,Veg Thali,Meals,471,165,153,12,90,Cloudy,Yes,3.8
2025-06-05,Thursday,Breakfast,Coffee,Drinks,443,138,100,38,25,Rainy,No,3.0
2025-11-01,Saturday,Lunch,Veg Thali,Meals,501,153,126,27,90,Rainy,No,4.4
2025-10-20,Monday,Lunch,Tea,Drinks,291,122,77,45,15,Sunny,Yes,4.0
2025-06-04,Wednesday,Breakfast,Tea,Drinks,386,137,98,39,15,Sunny,No,4.9
2025-06-25,Wednesday,Breakfast,Tea,Drinks,525,174,169,5,15,Rainy,Yes,4.6
2025-10-01,Wednesday,Breakfast,Veg Thali,Meals,298,116,58,58,90,Cloudy,Yes,4.3
2025-09-21,Sunday,Lunch,Veg Sandwich,Snacks,317,129,76,53,40,Sunny,Yes,3.3
2025-03-13,Thursday,Lunch,Veg Sandwich,Snacks,353,130,79,51,40,Cloudy,No,3.0
2025-10-06,Monday,Breakfast,Veg Thali,Meals,423,135,99,36,90,Cloudy,No,3.4
2025-10-12,Sunday,Evening,Idli,Breakfast,434,131,84,47,35,Sunny,Yes,4.3
2025-10-04,Saturday,Evening,Masala Dosa,Meals,466,134,98,36,60,Rainy,No,4.5
2025-02-24,Monday,Evening,Pav Bhaji,Meals,362,112,58,54,70,Sunny,Yes,4.6
2025-01-07,Tuesday,Breakfast,Veg Sandwich,Snacks,258,105,53,52,40,Sunny,No,4.4
2025-02-22,Saturday,Evening,Idli,Breakfast,332,104,45,59,35,Rainy,Yes,3.8
2025-02-19,Wednesday,Evening,Veg Thali,Meals,542,171,169,2,90,Rainy,Yes,4.3
2025-05-31,Saturday,Lunch,Coffee,Drinks,441,162,141,21,25,Sunny,No,4.3
2025-09-29,Monday,Lunch,Vada Pav,Snacks,362,118,69,49,25,Rainy,Yes,4.5
2025-08-07,Thursday,Lunch,Samosa,Snacks,174,94,32,62,20,Sunny,No,4.9
2025-05-10,Saturday,Breakfast,Idli,Breakfast,454,140,106,34,35,Sunny,No,3.7
2025-08-05,Tuesday,Evening,Tea,Drinks,569,155,125,30,15,Cloudy,Yes,3.8
2025-03-06,Thursday,Breakfast,Pav Bhaji,Meals,326,124,70,54,70,Rainy,No,3.6
2025-08-06,Wednesday,Breakfast,Vada Pav,Snacks,587,172,168,4,25,Sunny,Yes,3.5
2025-11-22,Saturday,Evening,Veg Thali,Meals,375,124,76,48,90,Sunny,No,4.8
2025-06-05,Thursday,Evening,Veg Thali,Meals,500,153,130,23,90,Cloudy,No,3.9
2025-03-29,Saturday,Breakfast,Masala Dosa,Meals,423,118,73,45,60,Sunny,No,3.2
2025-03-12,Wednesday,Lunch,Pav Bhaji,Meals,523,152,130,22,70,Cloudy,Yes,4.7
2025-11-02,Sunday,Breakfast,Veg Sandwich,Snacks,529,141,99,42,40,Sunny,No,4.9
2025-02-04,Tuesday,Evening,Coffee,Drinks,271,106,50,56,25,Rainy,Yes,4.0
2025-08-06,Wednesday,Lunch,Cold Drink,Drinks,478,161,146,15,30,Rainy,Yes,3.6
2025-12-12,Friday,Lunch,Cold Drink,Drinks,316,123,70,53,30,Sunny,Yes,3.3
2025-06-27,Friday,Breakfast,Pav Bhaji,Meals,201,97,36,61,70,Cloudy,Yes,4.0
2025-11-11,Tuesday,Breakfast,Coffee,Drinks,184,92,34,58,25,Sunny,No,4.7
2025-01-25,Saturday,Lunch,Veg Thali,Meals,456,150,119,31,90,Sunny,No,3.5
2025-04-28,Monday,Lunch,Masala Dosa,Meals,332,123,74,49,60,Sunny,No,4.5
2025-06-01,Sunday,Breakfast,Coffee,Drinks,210,95,38,57,25,Cloudy,No,3.9
2025-05-14,Wednesday,Lunch,Idli,Breakfast,254,102,45,57,35,Sunny,No,4.1
2025-04-24,Thursday,Breakfast,Samosa,Snacks,421,121,75,46,20,Sunny,No,3.1
2025-04-13,Sunday,Breakfast,Cold Drink,Drinks,457,156,135,21,30,Sunny,No,3.9
2025-10-01,Wednesday,Breakfast,Cold Drink,Drinks,184,86,27,59,30,Cloudy,Yes,3.4
2025-05-27,Tuesday,Evening,Tea,Drinks,244,95,30,65,15,Cloudy,Yes,3.9
2025-06-06,Friday,Lunch,Pav Bhaji,Meals,575,197,197,0,70,Rainy,Yes,3.5
2025-09-20,Saturday,Breakfast,Samosa,Snacks,412,127,84,43,20,Rainy,Yes,4.0
2025-05-30,Friday,Lunch,Tea,Drinks,404,139,100,39,15,Sunny,No,4.9
2025-10-31,Friday,Lunch,Idli,Breakfast,183,87,26,61,35,Cloudy,Yes,3.3
2025-11-06,Thursday,Evening,Veg Thali,Meals,342,112,55,57,90,Rainy,No,3.1
2025-10-28,Tuesday,Evening,Idli,Breakfast,554,144,112,32,35,Sunny,Yes,4.2
2025-06-24,Tuesday,Lunch,Masala Dosa,Meals,445,161,148,13,60,Sunny,Yes,4.4
2025-03-25,Tuesday,Breakfast,Samosa,Snacks,426,140,100,40,20,Rainy,No,4.8
2025-03-29,Saturday,Evening,Veg Thali,Meals,349,122,79,43,90,Cloudy,No,4.3
2025-08-23,Saturday,Evening,Pav Bhaji,Meals,374,133,91,42,70,Sunny,No,3.7
2025-12-30,Tuesday,Evening,Pav Bhaji,Meals,536,175,175,0,70,Rainy,Yes,3.2
2025-10-31,Friday,Breakfast,Vada Pav,Snacks,223,98,40,58,25,Sunny,No,4.5
2025-11-08,Saturday,Evening,Samosa,Snacks,569,165,149,16,20,Sunny,No,4.3
2025-08-20,Wednesday,Breakfast,Coffee,Drinks,157,86,23,63,25,Cloudy,No,4.9
2025-02-20,Thursday,Lunch,Masala Dosa,Meals,367,133,89,44,60,Cloudy,Yes,5.0
2025-02-23,Sunday,Breakfast,Vada Pav,Snacks,521,142,108,34,25,Sunny,Yes,3.7
2025-08-11,Monday,Evening,Samosa,Snacks,546,163,150,13,20,Sunny,Yes,4.7
2025-02-10,Monday,Lunch,Pav Bhaji,Meals,445,158,140,18,70,Sunny,Yes,4.3
2025-10-21,Tuesday,Evening,Vada Pav,Snacks,576,163,143,20,25,Sunny,No,3.7
2025-03-17,Monday,Evening,Tea,Drinks,366,115,67,48,15,Rainy,Yes,3.7
2025-11-18,Tuesday,Evening,Pav Bhaji,Meals,531,166,156,10,70,Rainy,Yes,4.9
2025-01-07,Tuesday,Evening,Pav Bhaji,Meals,249,90,35,55,70,Sunny,No,3.2
2025-10-22,Wednesday,Breakfast,Idli,Breakfast,190,94,36,58,35,Sunny,Yes,3.3
2025-10-21,Tuesday,Lunch,Veg Thali,Meals,218,96,33,63,90,Rainy,No,4.4
2025-01-22,Wednesday,Evening,Veg Sandwich,Snacks,503,162,153,9,40,Rainy,No,3.2
2025-09-15,Monday,Evening,Samosa,Snacks,171,78,14,64,20,Cloudy,No,3.6
2025-08-25,Monday,Breakfast,Tea,Drinks,185,82,28,54,15,Cloudy,No,3.8
2025-08-14,Thursday,Breakfast,Masala Dosa,Meals,503,153,124,29,60,Cloudy,No,3.7
2025-11-13,Thursday,Breakfast,Veg Sandwich,Snacks,470,160,148,12,40,Cloudy,No,4.7
2025-08-09,Saturday,Breakfast,Pav Bhaji,Meals,474,150,116,34,70,Cloudy,No,4.3
2025-07-17,Thursday,Lunch,Masala Dosa,Meals,449,146,119,27,60,Cloudy,Yes,4.8
2025-02-21,Friday,Lunch,Veg Thali,Meals,276,115,68,47,90,Cloudy,Yes,4.0
2025-05-03,Saturday,Lunch,Coffee,Drinks,243,111,57,54,25,Cloudy,Yes,4.2
2025-11-29,Saturday,Lunch,Tea,Drinks,152,81,23,58,15,Cloudy,Yes,3.2
2025-05-11,Sunday,Lunch,Samosa,Snacks,568,159,135,24,20,Rainy,No,4.2
2025-12-23,Tuesday,Lunch,Pav Bhaji,Meals,474,157,143,14,70,Sunny,No,4.3
2025-06-03,Tuesday,Lunch,Veg Thali,Meals,171,82,26,56,90,Cloudy,Yes,4.1
2025-01-01,Wednesday,Breakfast,Coffee,Drinks,259,94,34,60,25,Sunny,No,3.4
2025-03-10,Monday,Evening,Samosa,Snacks,284,110,55,55,20,Rainy,No,3.2
2025-10-24,Friday,Breakfast,Idli,Breakfast,312,114,62,52,35,Sunny,Yes,4.6
2025-08-03,Sunday,Lunch,Tea,Drinks,283,115,56,59,15,Rainy,Yes,4.0
2025-05-23,Friday,Evening,Cold Drink,Drinks,382,133,89,44,30,Cloudy,No,3.2
2025-12-28,Sunday,Breakfast,Pav Bhaji,Meals,425,123,74,49,70,Rainy,No,3.2
2025-05-17,Saturday,Breakfast,Veg Sandwich,Snacks,478,155,138,17,40,Cloudy,Yes,3.8
2025-05-19,Monday,Evening,Veg Sandwich,Snacks,253,102,49,53,40,Cloudy,Yes,4.0
2025-02-03,Monday,Evening,Coffee,Drinks,255,99,45,54,25,Rainy,No,3.7
2025-09-20,Saturday,Breakfast,Masala Dosa,Meals,259,106,50,56,60,Cloudy,No,3.0
2025-05-09,Friday,Breakfast,Masala Dosa,Meals,517,158,132,26,60,Sunny,Yes,4.9
2025-06-28,Saturday,Breakfast,Cold Drink,Drinks,572,184,177,7,30,Rainy,No,4.1
2025-07-22,Tuesday,Breakfast,Pav Bhaji,Meals,285,116,57,59,70,Sunny,Yes,4.3
2025-03-29,Saturday,Breakfast,Samosa,Snacks,462,140,98,42,20,Sunny,No,3.0
2025-05-24,Saturday,Breakfast,Veg Sandwich,Snacks,178,88,34,54,40,Rainy,No,4.4
2025-02-21,Friday,Evening,Masala Dosa,Meals,231,104,43,61,60,Cloudy,No,4.7
2025-11-26,Wednesday,Breakfast,Veg Sandwich,Snacks,468,129,87,42,40,Cloudy,No,4.8
2025-03-15,Saturday,Lunch,Cold Drink,Drinks,388,127,79,48,30,Sunny,No,5.0
2025-10-22,Wednesday,Lunch,Masala Dosa,Meals,243,96,38,58,60,Sunny,No,4.7
2025-03-15,Saturday,Breakfast,Veg Thali,Meals,157,77,12,65,90,Cloudy,Yes,3.2
2025-11-15,Saturday,Breakfast,Veg Sandwich,Snacks,248,100,36,64,40,Cloudy,No,4.4
2025-04-21,Monday,Breakfast,Coffee,Drinks,156,80,24,56,25,Sunny,No,3.3
2025-03-19,Wednesday,Breakfast,Veg Sandwich,Snacks,454,137,102,35,40,Cloudy,Yes,3.8
2025-03-11,Tuesday,Breakfast,Idli,Breakfast,334,128,84,44,35,Sunny,No,3.1
2025-06-23,Monday,Lunch,Coffee,Drinks,459,138,99,39,25,Cloudy,Yes,3.5
2025-06-20,Friday,Evening,Veg Sandwich,Snacks,163,84,18,66,40,Cloudy,Yes,3.4
2025-01-18,Saturday,Evening,Coffee,Drinks,237,90,32,58,25,Sunny,Yes,4.6
2025-10-17,Friday,Breakfast,Cold Drink,Drinks,391,128,76,52,30,Sunny,No,3.2
2025-05-10,Saturday,Lunch,Veg Thali,Meals,530,189,181,8,90,Cloudy,Yes,4.1
2025-10-08,Wednesday,Breakfast,Coffee,Drinks,577,154,127,27,25,Sunny,No,3.8
2025-03-16,Sunday,Breakfast,Veg Thali,Meals,300,106,44,62,90,Sunny,Yes,4.3
2025-01-08,Wednesday,Breakfast,Pav Bhaji,Meals,242,103,40,63,70,Sunny,No,4.9
2025-12-07,Sunday,Evening,Veg Sandwich,Snacks,448,147,116,31,40,Cloudy,No,4.6
2025-08-31,Sunday,Breakfast,Tea,Drinks,465,149,119,30,15,Sunny,Yes,4.3
2025-06-30,Monday,Lunch,Samosa,Snacks,265,107,54,53,20,Sunny,No,3.9
2025-06-03,Tuesday,Evening,Cold Drink,Drinks,162,79,18,61,30,Rainy,Yes,4.7
2025-07-03,Thursday,Evening,Cold Drink,Drinks,329,104,41,63,30,Sunny,No,3.2
2025-12-08,Monday,Breakfast,Pav Bhaji,Meals,424,124,74,50,70,Rainy,Yes,4.1
2025-07-27,Sunday,Evening,Veg Thali,Meals,525,145,113,32,90,Rainy,No,3.9
2025-09-21,Sunday,Evening,Tea,Drinks,214,90,24,66,15,Sunny,No,4.8
2025-09-14,Sunday,Evening,Veg Thali,Meals,309,100,46,54,90,Cloudy,No,3.5
2025-12-03,Wednesday,Evening,Samosa,Snacks,439,137,99,38,20,Sunny,Yes,4.7
2025-03-08,Saturday,Breakfast,Tea,Drinks,303,108,56,52,15,Sunny,Yes,4.5
2025-09-28,Sunday,Breakfast,Tea,Drinks,461,153,133,20,15,Rainy,Yes,3.7
2025-04-28,Monday,Lunch,Cold Drink,Drinks,287,109,47,62,30,Rainy,No,4.0
2025-03-02,Sunday,Breakfast,Idli,Breakfast,420,126,74,52,35,Cloudy,No,3.3
2025-01-05,Sunday,Breakfast,Samosa,Snacks,235,100,46,54,20,Sunny,No,3.3
2025-01-08,Wednesday,Lunch,Pav Bhaji,Meals,150,78,12,66,70,Sunny,Yes,3.0
2025-09-23,Tuesday,Lunch,Masala Dosa,Meals,556,173,173,0,60,Cloudy,No,3.2
2025-01-03,Friday,Breakfast,Cold Drink,Drinks,416,121,65,56,30,Rainy,Yes,3.8
2025-01-02,Thursday,Breakfast,Idli,Breakfast,588,170,169,1,35,Sunny,No,4.3
2025-05-01,Thursday,Breakfast,Coffee,Drinks,253,105,50,55,25,Cloudy,No,3.1
2025-01-05,Sunday,Evening,Pav Bhaji,Meals,303,120,75,45,70,Rainy,Yes,4.8
2025-08-06,Wednesday,Lunch,Veg Thali,Meals,348,116,65,51,90,Sunny,Yes,4.6
2025-10-29,Wednesday,Evening,Veg Thali,Meals,500,147,110,37,90,Sunny,Yes,4.4
2025-05-06,Tuesday,Lunch,Samosa,Snacks,199,92,35,57,20,Rainy,Yes,4.2
2025-11-27,Thursday,Lunch,Veg Thali,Meals,318,127,85,42,90,Rainy,Yes,3.6
2025-01-10,Friday,Breakfast,Veg Thali,Meals,562,144,106,38,90,Rainy,Yes,3.6
2025-05-03,Saturday,Lunch,Tea,Drinks,360,126,80,46,15,Sunny,No,4.2
2025-05-09,Friday,Lunch,Idli,Breakfast,510,162,142,20,35,Cloudy,No,4.4
2025-02-18,Tuesday,Breakfast,Cold Drink,Drinks,220,99,44,55,30,Cloudy,Yes,4.5
2025-02-16,Sunday,Evening,Cold Drink,Drinks,227,95,38,57,30,Sunny,Yes,4.8
2025-05-28,Wednesday,Breakfast,Vada Pav,Snacks,350,120,70,50,25,Sunny,Yes,4.8
2025-09-12,Friday,Lunch,Pav Bhaji,Meals,219,104,44,60,70,Cloudy,Yes,4.3
2025-04-09,Wednesday,Lunch,Veg Thali,Meals,231,110,48,62,90,Sunny,No,3.0
2025-02-14,Friday,Breakfast,Idli,Breakfast,198,90,29,61,35,Rainy,Yes,3.2
2025-03-01,Saturday,Evening,Tea,Drinks,185,90,29,61,15,Rainy,Yes,3.7
2025-01-10,Friday,Lunch,Tea,Drinks,208,96,32,64,15,Sunny,Yes,3.4
2025-05-16,Friday,Lunch,Tea,Drinks,162,81,18,63,15,Sunny,Yes,4.0
2025-08-23,Saturday,Breakfast,Veg Sandwich,Snacks,195,84,20,64,40,Rainy,Yes,4.1
2025-11-18,Tuesday,Lunch,Samosa,Snacks,329,112,54,58,20,Sunny,Yes,4.9
2025-07-11,Friday,Breakfast,Coffee,Drinks,526,165,149,16,25,Cloudy,No,4.9
2025-05-13,Tuesday,Lunch,Tea,Drinks,521,173,166,7,15,Sunny,No,5.0
2025-08-03,Sunday,Breakfast,Veg Thali,Meals,346,122,70,52,90,Sunny,Yes,3.5
2025-07-07,Monday,Lunch,Masala Dosa,Meals,524,181,176,5,60,Cloudy,No,3.5
2025-10-13,Monday,Lunch,Samosa,Snacks,401,130,83,47,20,Cloudy,Yes,4.5
2025-12-14,Sunday,Breakfast,Coffee,Drinks,492,146,107,39,25,Sunny,No,4.0
2025-08-03,Sunday,Evening,Tea,Drinks,329,126,85,41,15,Rainy,No,3.3
2025-02-09,Sunday,Evening,Coffee,Drinks,359,122,78,44,25,Rainy,No,3.5
2025-11-16,Sunday,Lunch,Coffee,Drinks,389,139,104,35,25,Sunny,Yes,3.4
2025-01-08,Wednesday,Breakfast,Tea,Drinks,205,91,31,60,15,Rainy,No,5.0
2025-03-16,Sunday,Breakfast,Masala Dosa,Meals,310,107,48,59,60,Cloudy,Yes,4.5
2025-07-13,Sunday,Evening,Vada Pav,Snacks,206,88,32,56,25,Sunny,Yes,3.9
2025-05-10,Saturday,Evening,Pav Bhaji,Meals,233,97,34,63,70,Cloudy,No,3.0
2025-07-24,Thursday,Evening,Veg Thali,Meals,560,173,165,8,90,Cloudy,Yes,4.3
2025-11-10,Monday,Lunch,Masala Dosa,Meals,429,147,116,31,60,Rainy,Yes,3.5
2025-12-09,Tuesday,Lunch,Masala Dosa,Meals,307,123,78,45,60,Sunny,No,3.6
2025-09-15,Monday,Breakfast,Samosa,Snacks,420,136,95,41,20,Rainy,No,4.1
2025-07-27,Sunday,Lunch,Veg Thali,Meals,593,198,198,0,90,Sunny,No,3.2
2025-01-23,Thursday,Breakfast,Samosa,Snacks,232,91,35,56,20,Cloudy,No,3.6
2025-04-06,Sunday,Breakfast,Veg Sandwich,Snacks,210,84,27,57,40,Rainy,No,4.5
2025-09-28,Sunday,Lunch,Veg Sandwich,Snacks,571,163,153,10,40,Sunny,No,4.5
2025-09-16,Tuesday,Lunch,Veg Sandwich,Snacks,179,84,29,55,40,Sunny,Yes,3.4
2025-11-01,Saturday,Lunch,Cold Drink,Drinks,573,160,148,12,30,Rainy,Yes,3.6
2025-01-07,Tuesday,Breakfast,Veg Thali,Meals,393,117,68,49,90,Sunny,Yes,4.0
2025-02-20,Thursday,Evening,Coffee,Drinks,540,139,105,34,25,Rainy,No,3.2
2025-11-19,Wednesday,Lunch,Vada Pav,Snacks,539,180,175,5,25,Cloudy,Yes,3.2
2025-11-28,Friday,Lunch,Coffee,Drinks,570,193,184,9,25,Rainy,No,4.3
2025-02-09,Sunday,Breakfast,Coffee,Drinks,324,115,66,49,25,Sunny,No,3.2
2025-08-30,Saturday,Breakfast,Cold Drink,Drinks,420,134,85,49,30,Rainy,No,3.9
2025-08-28,Thursday,Evening,Veg Sandwich,Snacks,516,138,98,40,40,Sunny,No,3.2
2025-01-15,Wednesday,Evening,Cold Drink,Drinks,206,98,35,63,30,Rainy,No,3.3
2025-04-14,Monday,Evening,Idli,Breakfast,600,158,139,19,35,Rainy,No,4.5
2025-10-02,Thursday,Breakfast,Coffee,Drinks,323,113,58,55,25,Sunny,Yes,4.1
2025-02-24,Monday,Breakfast,Vada Pav,Snacks,558,168,165,3,25,Cloudy,Yes,4.1
2025-06-30,Monday,Lunch,Cold Drink,Drinks,166,89,32,57,30,Sunny,Yes,4.7
2025-04-10,Thursday,Breakfast,Masala Dosa,Meals,598,154,136,18,60,Cloudy,Yes,3.2
2025-10-27,Monday,Breakfast,Tea,Drinks,458,143,114,29,15,Rainy,No,3.9
2025-07-23,Wednesday,Evening,Coffee,Drinks,160,84,22,62,25,Cloudy,No,3.1
2025-11-14,Friday,Evening,Samosa,Snacks,275,109,48,61,20,Rainy,No,3.2
2025-01-29,Wednesday,Evening,Samosa,Snacks,579,179,176,3,20,Cloudy,No,3.1
2025-09-03,Wednesday,Breakfast,Masala Dosa,Meals,251,109,59,50,60,Cloudy,Yes,4.3
2025-05-13,Tuesday,Breakfast,Veg Thali,Meals,584,172,172,0,90,Sunny,Yes,3.4
2025-03-12,Wednesday,Lunch,Cold Drink,Drinks,587,169,156,13,30,Cloudy,Yes,3.6
2025-02-24,Monday,Evening,Tea,Drinks,457,135,89,46,15,Sunny,Yes,3.1
2025-02-21,Friday,Lunch,Samosa,Snacks,343,133,95,38,20,Cloudy,No,4.1
2025-07-18,Friday,Evening,Veg Thali,Meals,356,114,66,48,90,Rainy,Yes,4.9
2025-06-18,Wednesday,Breakfast,Veg Thali,Meals,431,120,62,58,90,Sunny,Yes,4.6
2025-05-22,Thursday,Lunch,Tea,Drinks,282,113,64,49,15,Sunny,No,4.2
2025-08-06,Wednesday,Breakfast,Pav Bhaji,Meals,391,122,78,44,70,Sunny,No,4.8
2025-02-26,Wednesday,Breakfast,Cold Drink,Drinks,544,175,171,4,30,Sunny,No,4.6
2025-03-10,Monday,Breakfast,Idli,Breakfast,340,118,64,54,35,Rainy,No,3.7
2025-03-21,Friday,Lunch,Veg Sandwich,Snacks,540,157,141,16,40,Rainy,No,3.8
2025-03-20,Thursday,Lunch,Veg Thali,Meals,372,141,103,38,90,Rainy,No,4.5
2025-08-28,Thursday,Breakfast,Veg Sandwich,Snacks,333,106,50,56,40,Sunny,No,3.4
2025-09-14,Sunday,Lunch,Samosa,Snacks,335,131,87,44,20,Cloudy,No,4.1
2025-11-25,Tuesday,Breakfast,Coffee,Drinks,490,137,97,40,25,Rainy,Yes,3.6
2025-04-27,Sunday,Evening,Veg Sandwich,Snacks,547,151,118,33,40,Sunny,No,4.7
2025-09-15,Monday,Lunch,Coffee,Drinks,493,144,112,32,25,Sunny,No,3.3
2025-05-13,Tuesday,Lunch,Cold Drink,Drinks,356,121,72,49,30,Sunny,No,4.7
2025-01-24,Friday,Lunch,Tea,Drinks,369,119,71,48,15,Cloudy,Yes,4.8
2025-12-16,Tuesday,Breakfast,Vada Pav,Snacks,394,141,101,40,25,Sunny,Yes,4.5
2025-07-25,Friday,Lunch,Tea,Drinks,504,167,154,13,15,Sunny,No,4.8
2025-08-09,Saturday,Evening,Cold Drink,Drinks,577,161,148,13,30,Cloudy,Yes,4.4
2025-05-15,Thursday,Evening,Cold Drink,Drinks,351,111,60,51,30,Rainy,Yes,3.7
2025-07-09,Wednesday,Breakfast,Veg Thali,Meals,153,82,29,53,90,Cloudy,Yes,4.2
2025-03-16,Sunday,Lunch,Masala Dosa,Meals,445,165,152,13,60,Cloudy,Yes,4.2
2025-08-19,Tuesday,Lunch,Veg Thali,Meals,547,160,146,14,90,Sunny,No,4.5
2025-07-30,Wednesday,Lunch,Veg Sandwich,Snacks,527,168,159,9,40,Cloudy,No,3.7
2025-03-23,Sunday,Lunch,Samosa,Snacks,450,142,112,30,20,Rainy,Yes,4.1
2025-03-17,Monday,Breakfast,Coffee,Drinks,257,100,38,62,25,Cloudy,Yes,3.4
2025-12-28,Sunday,Breakfast,Vada Pav,Snacks,479,131,92,39,25,Sunny,No,3.2
2025-08-26,Tuesday,Lunch,Coffee,Drinks,368,145,107,38,25,Rainy,Yes,3.8
2025-01-30,Thursday,Lunch,Vada Pav,Snacks,465,141,101,40,25,Rainy,No,4.7
2025-07-26,Saturday,Evening,Cold Drink,Drinks,269,97,32,65,30,Sunny,No,4.7
2025-10-24,Friday,Breakfast,Masala Dosa,Meals,449,123,69,54,60,Sunny,Yes,4.5
2025-10-19,Sunday,Evening,Veg Sandwich,Snacks,198,92,30,62,40,Cloudy,Yes,4.0
2025-02-09,Sunday,Breakfast,Tea,Drinks,429,134,97,37,15,Sunny,Yes,3.0
2025-04-21,Monday,Breakfast,Tea,Drinks,249,107,53,54,15,Cloudy,Yes,3.0
2025-01-17,Friday,Lunch,Idli,Breakfast,251,104,47,57,35,Sunny,Yes,3.4
2025-05-24,Saturday,Lunch,Idli,Breakfast,264,102,41,61,35,Sunny,No,4.6
2025-08-10,Sunday,Breakfast,Cold Drink,Drinks,152,85,19,66,30,Rainy,Yes,4.5
2025-06-16,Monday,Lunch,Veg Sandwich,Snacks,230,95,38,57,40,Cloudy,No,3.4
2025-11-06,Thursday,Breakfast,Vada Pav,Snacks,386,141,105,36,25,Rainy,Yes,3.4
2025-02-14,Friday,Breakfast,Idli,Breakfast,210,89,23,66,35,Cloudy,Yes,3.6
2025-10-16,Thursday,Lunch,Veg Sandwich,Snacks,214,97,41,56,40,Cloudy,No,3.7
2025-03-29,Saturday,Lunch,Vada Pav,Snacks,433,142,103,39,25,Rainy,No,4.2
2025-05-16,Friday,Evening,Idli,Breakfast,341,123,75,48,35,Sunny,No,4.7
2025-08-11,Monday,Lunch,Veg Sandwich,Snacks,364,145,117,28,40,Rainy,No,3.8
2025-01-12,Sunday,Breakfast,Veg Sandwich,Snacks,429,137,104,33,40,Sunny,Yes,4.7
2025-11-01,Saturday,Breakfast,Vada Pav,Snacks,245,104,43,61,25,Sunny,No,4.8
2025-05-02,Friday,Evening,Veg Sandwich,Snacks,293,110,50,60,40,Cloudy,Yes,4.8
2025-06-28,Saturday,Breakfast,Masala Dosa,Meals,255,109,50,59,60,Sunny,Yes,3.7
2025-01-21,Tuesday,Breakfast,Pav Bhaji,Meals,483,159,134,25,70,Cloudy,No,3.2
2025-04-26,Saturday,Lunch,Veg Thali,Meals,318,115,60,55,90,Rainy,Yes,4.2
2025-10-11,Saturday,Evening,Veg Thali,Meals,505,160,139,21,90,Sunny,Yes,3.4
2025-03-25,Tuesday,Lunch,Masala Dosa,Meals,351,119,72,47,60,Sunny,No,4.1
2025-06-27,Friday,Evening,Cold Drink,Drinks,480,132,94,38,30,Sunny,Yes,3.5
2025-05-19,Monday,Breakfast,Vada Pav,Snacks,600,167,156,11,25,Rainy,Yes,4.5
2025-07-21,Monday,Lunch,Idli,Breakfast,457,168,154,14,35,Rainy,Yes,3.3
2025-09-12,Friday,Lunch,Masala Dosa,Meals,188,89,28,61,60,Cloudy,No,3.6
2025-02-03,Monday,Breakfast,Tea,Drinks,243,101,45,56,15,Rainy,No,3.4
2025-08-18,Monday,Lunch,Idli,Breakfast,557,161,146,15,35,Sunny,Yes,3.2
2025-04-28,Monday,Breakfast,Coffee,Drinks,340,108,51,57,25,Sunny,No,4.7
2025-05-21,Wednesday,Lunch,Pav Bhaji,Meals,227,96,31,65,70,Rainy,No,4.8
2025-03-14,Friday,Evening,Veg Sandwich,Snacks,467,141,110,31,40,Cloudy,Yes,3.5
2025-01-03,Friday,Evening,Idli,Breakfast,231,93,28,65,35,Rainy,No,3.5
2025-04-08,Tuesday,Breakfast,Samosa,Snacks,182,91,30,61,20,Cloudy,Yes,3.0
2025-02-18,Tuesday,Lunch,Masala Dosa,Meals,518,169,157,12,60,Sunny,Yes,3.6
2025-12-08,Monday,Breakfast,Cold Drink,Drinks,585,185,183,2,30,Cloudy,No,4.3
2025-05-14,Wednesday,Lunch,Idli,Breakfast,214,103,41,62,35,Cloudy,No,4.9
2025-09-14,Sunday,Evening,Masala Dosa,Meals,512,160,143,17,60,Cloudy,No,4.6
2025-10-30,Thursday,Breakfast,Veg Sandwich,Snacks,304,110,54,56,40,Rainy,No,4.0
2025-07-15,Tuesday,Evening,Masala Dosa,Meals,256,102,46,56,60,Sunny,Yes,3.9
2025-02-18,Tuesday,Lunch,Idli,Breakfast,179,89,31,58,35,Sunny,No,4.3
2025-08-10,Sunday,Lunch,Veg Sandwich,Snacks,416,150,124,26,40,Cloudy,No,3.4
2025-10-05,Sunday,Breakfast,Pav Bhaji,Meals,508,137,103,34,70,Cloudy,No,3.3
2025-09-18,Thursday,Lunch,Tea,Drinks,396,135,89,46,15,Sunny,Yes,4.7
2025-11-23,Sunday,Lunch,Pav Bhaji,Meals,191,88,23,65,70,Rainy,No,3.3
2025-06-29,Sunday,Breakfast,Samosa,Snacks,423,141,108,33,20,Sunny,No,4.9
2025-07-27,Sunday,Breakfast,Veg Thali,Meals,378,116,68,48,90,Sunny,No,3.5
2025-04-03,Thursday,Evening,Veg Sandwich,Snacks,196,85,23,62,40,Sunny,Yes,3.2
2025-10-19,Sunday,Evening,Vada Pav,Snacks,454,144,113,31,25,Sunny,Yes,3.8
2025-03-29,Saturday,Evening,Coffee,Drinks,170,82,20,62,25,Sunny,No,4.8
2025-06-25,Wednesday,Breakfast,Idli,Breakfast,334,108,52,56,35,Cloudy,Yes,4.7
2025-11-28,Friday,Breakfast,Veg Sandwich,Snacks,517,135,99,36,40,Sunny,Yes,3.2
2025-04-23,Wednesday,Breakfast,Pav Bhaji,Meals,540,143,105,38,70,Sunny,Yes,4.7
2025-02-17,Monday,Breakfast,Idli,Breakfast,263,106,48,58,35,Cloudy,Yes,4.9
2025-09-28,Sunday,Breakfast,Coffee,Drinks,398,124,72,52,25,Rainy,Yes,3.8
2025-12-17,Wednesday,Evening,Tea,Drinks,575,185,185,0,15,Sunny,No,3.3
2025-05-25,Sunday,Breakfast,Cold Drink,Drinks,515,134,90,44,30,Cloudy,Yes,3.5
2025-03-30,Sunday,Breakfast,Veg Thali,Meals,366,132,91,41,90,Sunny,No,3.3
2025-04-25,Friday,Evening,Samosa,Snacks,255,93,37,56,20,Sunny,No,4.9
2025-11-13,Thursday,Lunch,Veg Thali,Meals,514,157,133,24,90,Sunny,No,4.4
2025-07-19,Saturday,Lunch,Veg Thali,Meals,568,195,189,6,90,Cloudy,Yes,3.9
2025-08-26,Tuesday,Lunch,Tea,Drinks,417,157,142,15,15,Cloudy,No,3.1
2025-12-21,Sunday,Breakfast,Veg Thali,Meals,459,146,107,39,90,Cloudy,Yes,4.6
2025-08-08,Friday,Breakfast,Coffee,Drinks,317,113,59,54,25,Cloudy,Yes,3.0
2025-02-14,Friday,Lunch,Idli,Breakfast,465,143,112,31,35,Rainy,Yes,3.4
2025-03-28,Friday,Lunch,Cold Drink,Drinks,262,104,44,60,30,Cloudy,No,3.2
2025-09-12,Friday,Breakfast,Masala Dosa,Meals,287,113,64,49,60,Cloudy,No,3.4
2025-07-19,Saturday,Evening,Veg Thali,Meals,379,116,69,47,90,Rainy,Yes,3.6
2025-10-02,Thursday,Lunch,Masala Dosa,Meals,343,128,75,53,60,Sunny,No,3.6
2025-08-28,Thursday,Breakfast,Masala Dosa,Meals,414,119,60,59,60,Cloudy,No,5.0
2025-01-02,Thursday,Evening,Pav Bhaji,Meals,266,105,46,59,70,Rainy,No,4.0
2025-05-18,Sunday,Breakfast,Samosa,Snacks,350,113,63,50,20,Rainy,No,4.2
2025-01-09,Thursday,Breakfast,Idli,Breakfast,549,161,142,19,35,Sunny,No,4.3
2025-01-26,Sunday,Lunch,Coffee,Drinks,583,191,186,5,25,Rainy,No,3.4
2025-09-16,Tuesday,Evening,Veg Thali,Meals,291,98,43,55,90,Sunny,No,3.8
2025-10-05,Sunday,Lunch,Pav Bhaji,Meals,599,202,202,0,70,Cloudy,No,3.9
2025-12-14,Sunday,Lunch,Masala Dosa,Meals,356,126,76,50,60,Rainy,Yes,4.8
2025-02-14,Friday,Evening,Pav Bhaji,Meals,568,182,175,7,70,Rainy,Yes,3.9
2025-12-23,Tuesday,Breakfast,Idli,Breakfast,581,178,173,5,35,Sunny,Yes,3.7
2025-12-24,Wednesday,Lunch,Cold Drink,Drinks,347,140,101,39,30,Sunny,No,3.8
2025-08-08,Friday,Breakfast,Pav Bhaji,Meals,168,82,22,60,70,Sunny,Yes,4.2
2025-05-06,Tuesday,Breakfast,Veg Sandwich,Snacks,352,124,69,55,40,Cloudy,No,4.6
2025-08-30,Saturday,Evening,Samosa,Snacks,430,143,108,35,20,Sunny,Yes,3.8
2025-09-01,Monday,Evening,Veg Thali,Meals,547,170,165,5,90,Sunny,Yes,4.0
2025-09-17,Wednesday,Lunch,Pav Bhaji,Meals,261,112,62,50,70,Rainy,No,4.7
2025-07-18,Friday,Lunch,Masala Dosa,Meals,443,143,114,29,60,Cloudy,Yes,3.3
2025-09-21,Sunday,Evening,Idli,Breakfast,594,190,181,9,35,Rainy,No,4.5
2025-06-11,Wednesday,Evening,Pav Bhaji,Meals,584,169,159,10,70,Sunny,No,4.7
2025-12-22,Monday,Lunch,Veg Sandwich,Snacks,284,119,73,46,40,Rainy,No,3.2
2025-07-25,Friday,Evening,Coffee,Drinks,165,79,26,53,25,Cloudy,No,3.1
2025-02-05,Wednesday,Lunch,Vada Pav,Snacks,445,149,125,24,25,Rainy,Yes,4.2
2025-04-01,Tuesday,Evening,Idli,Breakfast,191,88,29,59,35,Rainy,Yes,3.3
2025-12-26,Friday,Lunch,Masala Dosa,Meals,545,155,137,18,60,Sunny,No,4.8
2025-01-04,Saturday,Evening,Tea,Drinks,571,150,124,26,15,Cloudy,No,3.6
2025-01-16,Thursday,Breakfast,Idli,Breakfast,424,149,114,35,35,Rainy,Yes,4.3
2025-05-02,Friday,Lunch,Veg Thali,Meals,501,148,116,32,90,Rainy,Yes,4.6
2025-11-09,Sunday,Lunch,Coffee,Drinks,163,81,20,61,25,Cloudy,Yes,4.6
2025-08-13,Wednesday,Breakfast,Veg Sandwich,Snacks,338,129,80,49,40,Cloudy,Yes,3.5
2025-09-20,Saturday,Evening,Veg Thali,Meals,487,154,135,19,90,Sunny,Yes,4.7
2025-12-14,Sunday,Evening,Samosa,Snacks,388,125,78,47,20,Rainy,Yes,4.7
2025-01-03,Friday,Lunch,Tea,Drinks,478,163,148,15,15,Cloudy,Yes,4.8
2025-09-28,Sunday,Evening,Veg Sandwich,Snacks,202,96,39,57,40,Cloudy,No,4.8
2025-12-03,Wednesday,Breakfast,Cold Drink,Drinks,197,84,25,59,30,Cloudy,Yes,4.5
2025-02-28,Friday,Lunch,Veg Sandwich,Snacks,456,157,129,28,40,Sunny,No,3.9
2025-01-25,Saturday,Breakfast,Veg Sandwich,Snacks,412,132,95,37,40,Rainy,Yes,4.9
2025-02-03,Monday,Lunch,Vada Pav,Snacks,355,132,88,44,25,Sunny,Yes,4.1
2025-11-30,Sunday,Lunch,Veg Thali,Meals,581,191,182,9,90,Rainy,No,4.3
2025-01-10,Friday,Lunch,Vada Pav,Snacks,414,157,131,26,25,Rainy,No,4.3
2025-08-28,Thursday,Evening,Veg Thali,Meals,195,89,29,60,90,Sunny,No,4.9
2025-12-17,Wednesday,Breakfast,Idli,Breakfast,347,127,79,48,35,Sunny,Yes,3.8
2025-01-08,Wednesday,Evening,Veg Sandwich,Snacks,421,125,71,54,40,Sunny,Yes,3.9
2025-11-22,Saturday,Breakfast,Tea,Drinks,249,95,32,63,15,Rainy,No,3.7
2025-11-01,Saturday,Lunch,Vada Pav,Snacks,478,175,175,0,25,Cloudy,No,4.6
2025-09-06,Saturday,Breakfast,Samosa,Snacks,241,103,49,54,20,Sunny,No,3.3
2025-03-25,Tuesday,Evening,Pav Bhaji,Meals,260,103,41,62,70,Cloudy,Yes,4.9
2025-08-23,Saturday,Lunch,Masala Dosa,Meals,154,85,25,60,60,Sunny,No,4.6
2025-12-27,Saturday,Breakfast,Masala Dosa,Meals,462,125,82,43,60,Cloudy,No,3.6
2025-07-12,Saturday,Lunch,Vada Pav,Snacks,582,160,142,18,25,Rainy,No,3.4
2025-08-06,Wednesday,Lunch,Cold Drink,Drinks,535,182,182,0,30,Sunny,No,4.9
2025-12-14,Sunday,Breakfast,Masala Dosa,Meals,597,184,183,1,60,Cloudy,No,4.1
2025-03-02,Sunday,Lunch,Idli,Breakfast,381,136,92,44,35,Cloudy,Yes,4.9
2025-07-24,Thursday,Lunch,Vada Pav,Snacks,251,105,47,58,25,Sunny,Yes,3.8
2025-08-26,Tuesday,Evening,Idli,Breakfast,420,136,91,45,35,Cloudy,No,3.7
2025-06-08,Sunday,Evening,Coffee,Drinks,587,151,117,34,25,Rainy,Yes,4.9
2025-04-06,Sunday,Evening,Cold Drink,Drinks,348,131,89,42,30,Sunny,Yes,4.2
2025-01-06,Monday,Lunch,Tea,Drinks,353,141,106,35,15,Sunny,No,4.2
2025-04-01,Tuesday,Breakfast,Pav Bhaji,Meals,343,120,74,46,70,Rainy,Yes,4.2
2025-10-08,Wednesday,Breakfast,Masala Dosa,Meals,314,121,70,51,60,Rainy,No,4.1
2025-08-26,Tuesday,Evening,Coffee,Drinks,380,122,77,45,25,Rainy,Yes,3.9
2025-06-04,Wednesday,Breakfast,Masala Dosa,Meals,280,96,43,53,60,Rainy,Yes,4.6
2025-11-08,Saturday,Breakfast,Samosa,Snacks,317,124,78,46,20,Sunny,Yes,3.2
2025-03-06,Thursday,Lunch,Veg Sandwich,Snacks,165,84,18,66,40,Sunny,Yes,4.3
2025-12-04,Thursday,Evening,Coffee,Drinks,354,132,86,46,25,Sunny,Yes,4.5
2025-12-05,Friday,Breakfast,Veg Sandwich,Snacks,595,156,128,28,40,Cloudy,Yes,3.0
2025-09-22,Monday,Evening,Coffee,Drinks,314,104,49,55,25,Sunny,No,4.2
2025-08-11,Monday,Evening,Pav Bhaji,Meals,576,156,138,18,70,Rainy,No,4.6
2025-12-24,Wednesday,Breakfast,Veg Thali,Meals,155,75,12,63,90,Cloudy,Yes,3.5
2025-04-29,Tuesday,Breakfast,Idli,Breakfast,398,132,94,38,35,Cloudy,No,3.2
2025-05-14,Wednesday,Evening,Idli,Breakfast,355,124,82,42,35,Sunny,Yes,3.7
2025-10-01,Wednesday,Breakfast,Veg Sandwich,Snacks,193,84,18,66,40,Cloudy,No,3.9
2025-07-29,Tuesday,Lunch,Samosa,Snacks,419,159,136,23,20,Cloudy,No,4.5
2025-11-30,Sunday,Evening,Veg Thali,Meals,584,155,130,25,90,Sunny,No,4.0
2025-03-03,Monday,Evening,Vada Pav,Snacks,312,116,63,53,25,Sunny,Yes,4.3
2025-06-11,Wednesday,Lunch,Samosa,Snacks,156,84,21,63,20,Sunny,No,4.3
2025-02-07,Friday,Lunch,Pav Bhaji,Meals,181,85,27,58,70,Sunny,No,4.5
2025-04-02,Wednesday,Breakfast,Vada Pav,Snacks,505,154,131,23,25,Cloudy,Yes,4.0
2025-04-18,Friday,Lunch,Veg Sandwich,Snacks,247,111,62,49,40,Cloudy,Yes,5.0
2025-05-21,Wednesday,Lunch,Veg Thali,Meals,431,156,134,22,90,Rainy,Yes,3.9
2025-08-16,Saturday,Evening,Cold Drink,Drinks,362,117,59,58,30,Sunny,Yes,4.8
2025-01-03,Friday,Evening,Coffee,Drinks,361,129,86,43,25,Cloudy,Yes,3.1
2025-08-30,Saturday,Evening,Veg Sandwich,Snacks,502,134,97,37,40,Rainy,No,3.5
2025-12-03,Wednesday,Breakfast,Cold Drink,Drinks,453,132,88,44,30,Cloudy,Yes,3.4
2025-05-11,Sunday,Breakfast,Idli,Breakfast,566,163,148,15,35,Sunny,No,3.7
2025-02-10,Monday,Evening,Samosa,Snacks,314,107,56,51,20,Cloudy,No,4.2
2025-12-09,Tuesday,Lunch,Masala Dosa,Meals,458,167,152,15,60,Rainy,Yes,4.3
2025-08-31,Sunday,Breakfast,Veg Sandwich,Snacks,295,117,70,47,40,Sunny,Yes,3.0
2025-06-09,Monday,Lunch,Veg Thali,Meals,210,104,52,52,90,Rainy,No,3.5
2025-12-31,Wednesday,Evening,Vada Pav,Snacks,241,101,45,56,25,Sunny,Yes,3.8
2025-03-24,Monday,Evening,Veg Sandwich,Snacks,272,112,59,53,40,Rainy,No,4.1
2025-12-17,Wednesday,Lunch,Veg Sandwich,Snacks,487,146,113,33,40,Cloudy,Yes,3.3
2025-12-24,Wednesday,Lunch,Samosa,Snacks,345,133,86,47,20,Cloudy,No,4.7
2025-05-02,Friday,Lunch,Tea,Drinks,217,105,50,55,15,Sunny,Yes,5.0
2025-06-03,Tuesday,Lunch,Veg Sandwich,Snacks,407,149,126,23,40,Rainy,Yes,3.9
2025-01-22,Wednesday,Evening,Idli,Breakfast,435,140,95,45,35,Cloudy,Yes,5.0
2025-03-02,Sunday,Evening,Idli,Breakfast,197,94,29,65,35,Rainy,No,3.2
2025-12-15,Monday,Breakfast,Tea,Drinks,343,114,57,57,15,Sunny,Yes,4.1
2025-10-15,Wednesday,Breakfast,Pav Bhaji,Meals,233,91,25,66,70,Cloudy,Yes,3.2
2025-12-02,Tuesday,Lunch,Veg Sandwich,Snacks,301,109,52,57,40,Cloudy,Yes,3.5
2025-08-29,Friday,Evening,Veg Sandwich,Snacks,393,124,72,52,40,Cloudy,No,3.6
2025-12-24,Wednesday,Breakfast,Cold Drink,Drinks,497,165,149,16,30,Rainy,Yes,3.2
2025-02-02,Sunday,Lunch,Tea,Drinks,531,178,178,0,15,Sunny,No,3.5
2025-09-06,Saturday,Lunch,Tea,Drinks,217,94,39,55,15,Cloudy,Yes,4.5
2025-07-12,Saturday,Breakfast,Pav Bhaji,Meals,268,108,46,62,70,Sunny,Yes,4.5
2025-06-04,Wednesday,Breakfast,Vada Pav,Snacks,341,105,47,58,25,Cloudy,No,4.0
2025-01-25,Saturday,Lunch,Veg Sandwich,Snacks,351,126,74,52,40,Sunny,Yes,3.9
2025-01-05,Sunday,Lunch,Veg Sandwich,Snacks,216,100,41,59,40,Rainy,Yes,3.5
2025-01-05,Sunday,Evening,Cold Drink,Drinks,450,152,128,24,30,Sunny,Yes,3.1
2025-03-02,Sunday,Breakfast,Veg Sandwich,Snacks,562,168,155,13,40,Rainy,Yes,3.7
2025-01-12,Sunday,Evening,Veg Thali,Meals,323,121,70,51,90,Sunny,Yes,4.5
2025-10-19,Sunday,Lunch,Idli,Breakfast,337,127,86,41,35,Sunny,Yes,3.4
2025-07-20,Sunday,Breakfast,Veg Sandwich,Snacks,469,127,86,41,40,Rainy,No,4.9
2025-06-28,Saturday,Lunch,Veg Thali,Meals,488,171,170,1,90,Cloudy,No,4.2
2025-03-12,Wednesday,Breakfast,Pav Bhaji,Meals,296,113,57,56,70,Rainy,No,3.5
2025-02-16,Sunday,Breakfast,Cold Drink,Drinks,158,84,26,58,30,Rainy,Yes,3.8
2025-11-19,Wednesday,Lunch,Cold Drink,Drinks,258,113,58,55,30,Cloudy,No,5.0
2025-03-22,Saturday,Breakfast,Idli,Breakfast,556,146,114,32,35,Rainy,No,4.2
2025-01-27,Monday,Lunch,Tea,Drinks,344,139,100,39,15,Sunny,Yes,3.2
2025-08-04,Monday,Breakfast,Veg Thali,Meals,427,133,88,45,90,Cloudy,Yes,3.9
2025-11-24,Monday,Breakfast,Tea,Drinks,357,113,64,49,15,Sunny,Yes,5.0
2025-07-07,Monday,Evening,Pav Bhaji,Meals,163,88,31,57,70,Sunny,No,3.0
2025-08-14,Thursday,Breakfast,Samosa,Snacks,366,118,59,59,20,Cloudy,Yes,3.7
2025-08-14,Thursday,Evening,Veg Sandwich,Snacks,341,111,51,60,40,Sunny,Yes,3.4
2025-10-30,Thursday,Lunch,Veg Thali,Meals,376,122,71,51,90,Rainy,No,4.9
2025-07-07,Monday,Breakfast,Samosa,Snacks,498,152,124,28,20,Cloudy,No,4.4
2025-03-05,Wednesday,Evening,Samosa,Snacks,538,154,135,19,20,Rainy,No,4.9
2025-07-27,Sunday,Evening,Masala Dosa,Meals,369,134,93,41,60,Cloudy,No,3.5
2025-06-15,Sunday,Evening,Idli,Breakfast,403,127,73,54,35,Cloudy,No,3.7
2025-08-28,Thursday,Breakfast,Vada Pav,Snacks,274,111,62,49,25,Rainy,No,4.5
2025-10-05,Sunday,Lunch,Masala Dosa,Meals,588,185,178,7,60,Sunny,Yes,3.1
2025-07-04,Friday,Lunch,Coffee,Drinks,273,118,61,57,25,Sunny,Yes,4.4
2025-11-06,Thursday,Evening,Coffee,Drinks,258,95,42,53,25,Rainy,Yes,3.8
2025-05-13,Tuesday,Breakfast,Vada Pav,Snacks,594,160,148,12,25,Rainy,Yes,3.3
2025-07-22,Tuesday,Lunch,Tea,Drinks,466,146,114,32,15,Rainy,Yes,3.9
2025-05-02,Friday,Evening,Vada Pav,Snacks,264,105,41,64,25,Rainy,No,3.3
2025-12-18,Thursday,Breakfast,Veg Sandwich,Snacks,444,145,105,40,40,Sunny,No,3.1
2025-11-12,Wednesday,Breakfast,Masala Dosa,Meals,539,149,116,33,60,Sunny,No,4.9
2025-09-11,Thursday,Evening,Samosa,Snacks,459,155,125,30,20,Rainy,Yes,4.6
2025-09-05,Friday,Lunch,Pav Bhaji,Meals,591,198,198,0,70,Sunny,No,3.7
2025-07-19,Saturday,Breakfast,Coffee,Drinks,315,105,45,60,25,Cloudy,Yes,3.2
2025-01-02,Thursday,Evening,Tea,Drinks,553,148,113,35,15,Cloudy,Yes,3.4
2025-08-10,Sunday,Evening,Vada Pav,Snacks,215,92,29,63,25,Cloudy,No,3.4
2025-02-08,Saturday,Lunch,Cold Drink,Drinks,508,160,140,20,30,Sunny,No,4.5
2025-01-15,Wednesday,Lunch,Veg Sandwich,Snacks,256,99,39,60,40,Rainy,No,4.6
2025-06-21,Saturday,Evening,Pav Bhaji,Meals,236,90,28,62,70,Rainy,No,3.2
2025-01-20,Monday,Evening,Coffee,Drinks,555,170,160,10,25,Rainy,No,4.8
2025-05-19,Monday,Breakfast,Tea,Drinks,392,126,77,49,15,Cloudy,Yes,3.3
2025-10-19,Sunday,Breakfast,Tea,Drinks,575,179,173,6,15,Sunny,Yes,4.4
2025-04-08,Tuesday,Evening,Pav Bhaji,Meals,474,160,147,13,70,Cloudy,No,3.1
2025-10-21,Tuesday,Lunch,Veg Thali,Meals,311,123,70,53,90,Rainy,No,3.2
2025-04-22,Tuesday,Evening,Idli,Breakfast,497,162,149,13,35,Cloudy,No,4.6
2025-05-12,Monday,Evening,Cold Drink,Drinks,368,132,81,51,30,Sunny,No,4.7
2025-11-02,Sunday,Evening,Masala Dosa,Meals,223,91,26,65,60,Cloudy,No,3.3
2025-04-24,Thursday,Evening,Veg Thali,Meals,345,108,56,52,90,Sunny,Yes,4.1
2025-12-27,Saturday,Evening,Samosa,Snacks,488,151,126,25,20,Sunny,No,4.9
2025-04-27,Sunday,Lunch,Veg Sandwich,Snacks,152,80,21,59,40,Rainy,Yes,3.9
2025-12-24,Wednesday,Breakfast,Vada Pav,Snacks,248,107,48,59,25,Rainy,No,3.3
2025-11-23,Sunday,Breakfast,Pav Bhaji,Meals,353,127,84,43,70,Rainy,No,4.0
2025-09-20,Saturday,Evening,Cold Drink,Drinks,222,93,37,56,30,Sunny,Yes,4.1
2025-09-05,Friday,Breakfast,Pav Bhaji,Meals,486,131,88,43,70,Rainy,No,3.1
2025-12-24,Wednesday,Breakfast,Masala Dosa,Meals,507,154,128,26,60,Rainy,No,3.8
2025-08-28,Thursday,Evening,Idli,Breakfast,456,137,102,35,35,Rainy,No,4.4
2025-09-21,Sunday,Lunch,Coffee,Drinks,469,144,114,30,25,Cloudy,No,4.1
2025-01-02,Thursday,Evening,Coffee,Drinks,228,100,35,65,25,Sunny,No,4.7
2025-01-31,Friday,Evening,Vada Pav,Snacks,363,119,61,58,25,Sunny,No,3.2
2025-06-15,Sunday,Lunch,Pav Bhaji,Meals,525,185,181,4,70,Cloudy,No,4.0
2025-09-25,Thursday,Lunch,Pav Bhaji,Meals,317,117,60,57,70,Cloudy,No,3.5
2025-08-09,Saturday,Lunch,Veg Sandwich,Snacks,153,84,23,61,40,Sunny,No,4.0
2025-08-01,Friday,Evening,Vada Pav,Snacks,299,106,48,58,25,Rainy,Yes,3.8
2025-05-11,Sunday,Lunch,Samosa,Snacks,228,107,48,59,20,Sunny,No,3.1
2025-09-20,Saturday,Evening,Idli,Breakfast,391,117,71,46,35,Cloudy,Yes,4.7
2025-04-14,Monday,Evening,Tea,Drinks,423,134,89,45,15,Cloudy,Yes,4.7
2025-08-29,Friday,Breakfast,Samosa,Snacks,381,123,67,56,20,Sunny,Yes,4.8
2025-06-02,Monday,Lunch,Vada Pav,Snacks,258,99,34,65,25,Rainy,No,4.6
2025-06-20,Friday,Evening,Veg Sandwich,Snacks,426,120,71,49,40,Rainy,Yes,4.6
2025-05-23,Friday,Evening,Samosa,Snacks,258,103,44,59,20,Cloudy,Yes,4.3
2025-11-07,Friday,Lunch,Idli,Breakfast,398,128,79,49,35,Rainy,No,3.7
2025-03-20,Thursday,Evening,Veg Thali,Meals,206,89,27,62,90,Sunny,No,4.1
2025-06-02,Monday,Lunch,Veg Sandwich,Snacks,387,144,109,35,40,Sunny,No,4.5
2025-09-09,Tuesday,Lunch,Cold Drink,Drinks,157,85,29,56,30,Rainy,No,4.9
2025-10-21,Tuesday,Lunch,Veg Sandwich,Snacks,322,113,58,55,40,Rainy,Yes,3.0
2025-11-12,Wednesday,Lunch,Veg Thali,Meals,225,105,42,63,90,Rainy,Yes,3.7
2025-09-29,Monday,Evening,Vada Pav,Snacks,320,116,69,47,25,Rainy,No,3.0
2025-04-08,Tuesday,Lunch,Vada Pav,Snacks,170,89,29,60,25,Sunny,Yes,4.3
2025-08-30,Saturday,Lunch,Cold Drink,Drinks,373,136,90,46,30,Cloudy,No,4.3
2025-02-04,Tuesday,Evening,Tea,Drinks,527,143,110,33,15,Cloudy,Yes,4.0
2025-03-08,Saturday,Evening,Pav Bhaji,Meals,552,168,166,2,70,Rainy,No,4.9
2025-02-24,Monday,Evening,Tea,Drinks,231,90,30,60,15,Sunny,Yes,3.1
2025-11-26,Wednesday,Lunch,Cold Drink,Drinks,342,118,65,53,30,Rainy,No,4.7
2025-05-30,Friday,Evening,Masala Dosa,Meals,200,92,32,60,60,Cloudy,Yes,3.8
2025-10-30,Thursday,Breakfast,Samosa,Snacks,340,117,65,52,20,Sunny,Yes,3.3
2025-03-17,Monday,Lunch,Pav Bhaji,Meals,570,174,173,1,70,Cloudy,No,4.2
2025-01-12,Sunday,Lunch,Vada Pav,Snacks,270,115,58,57,25,Sunny,No,4.3
2025-03-02,Sunday,Lunch,Idli,Breakfast,407,156,129,27,35,Rainy,Yes,3.5
2025-12-14,Sunday,Evening,Veg Sandwich,Snacks,168,81,19,62,40,Rainy,No,4.7
2025-10-05,Sunday,Evening,Coffee,Drinks,178,89,30,59,25,Rainy,No,4.2
2025-12-27,Saturday,Lunch,Samosa,Snacks,471,155,131,24,20,Cloudy,No,3.4
2025-09-26,Friday,Breakfast,Cold Drink,Drinks,426,146,118,28,30,Rainy,Yes,3.4
2025-09-21,Sunday,Breakfast,Pav Bhaji,Meals,448,139,94,45,70,Sunny,No,4.1
2025-06-04,Wednesday,Lunch,Cold Drink,Drinks,461,142,112,30,30,Rainy,No,4.1
2025-09-16,Tuesday,Lunch,Cold Drink,Drinks,412,133,83,50,30,Cloudy,No,4.7
2025-01-09,Thursday,Evening,Coffee,Drinks,354,113,58,55,25,Sunny,Yes,4.4
2025-04-03,Thursday,Breakfast,Idli,Breakfast,164,85,27,58,35,Rainy,No,4.8
2025-10-07,Tuesday,Breakfast,Vada Pav,Snacks,440,149,125,24,25,Rainy,No,4.5
2025-09-19,Friday,Breakfast,Veg Sandwich,Snacks,482,161,144,17,40,Cloudy,Yes,4.4
2025-11-02,Sunday,Breakfast,Samosa,Snacks,174,81,27,54,20,Cloudy,Yes,3.3
2025-10-12,Sunday,Breakfast,Tea,Drinks,433,127,84,43,15,Rainy,Yes,4.0
2025-08-12,Tuesday,Evening,Veg Thali,Meals,461,133,88,45,90,Cloudy,Yes,3.1
2025-09-09,Tuesday,Lunch,Coffee,Drinks,411,153,133,20,25,Rainy,No,4.5
2025-04-26,Saturday,Breakfast,Pav Bhaji,Meals,331,104,47,57,70,Rainy,No,3.9
2025-02-21,Friday,Breakfast,Masala Dosa,Meals,201,87,21,66,60,Cloudy,No,4.4
2025-06-12,Thursday,Lunch,Veg Sandwich,Snacks,333,125,79,46,40,Sunny,Yes,4.2
2025-04-24,Thursday,Evening,Veg Thali,Meals,513,135,91,44,90,Cloudy,No,5.0
2025-10-03,Friday,Breakfast,Samosa,Snacks,189,85,25,60,20,Cloudy,Yes,4.9
2025-11-30,Sunday,Evening,Samosa,Snacks,535,176,176,0,20,Sunny,Yes,3.6
2025-01-26,Sunday,Breakfast,Tea,Drinks,424,129,88,41,15,Cloudy,Yes,3.8
2025-10-01,Wednesday,Evening,Samosa,Snacks,530,171,167,4,20,Sunny,No,4.2
2025-10-03,Friday,Breakfast,Vada Pav,Snacks,268,109,57,52,25,Rainy,No,3.5
2025-08-07,Thursday,Evening,Veg Thali,Meals,284,108,49,59,90,Cloudy,No,3.0
2025-04-29,Tuesday,Lunch,Tea,Drinks,302,116,58,58,15,Sunny,Yes,4.2
2025-09-03,Wednesday,Breakfast,Coffee,Drinks,409,143,106,37,25,Rainy,Yes,4.2
2025-09-13,Saturday,Lunch,Coffee,Drinks,511,171,163,8,25,Sunny,Yes,3.2
2025-07-21,Monday,Evening,Masala Dosa,Meals,513,155,126,29,60,Sunny,Yes,3.7
2025-07-08,Tuesday,Evening,Veg Thali,Meals,478,135,91,44,90,Sunny,Yes,3.2
2025-07-10,Thursday,Breakfast,Cold Drink,Drinks,327,116,65,51,30,Rainy,No,3.9
2025-07-19,Saturday,Breakfast,Coffee,Drinks,256,106,56,50,25,Cloudy,No,3.9
2025-05-11,Sunday,Lunch,Vada Pav,Snacks,522,176,176,0,25,Sunny,No,3.7
2025-05-26,Monday,Evening,Samosa,Snacks,471,152,128,24,20,Cloudy,No,3.2
2025-02-02,Sunday,Lunch,Veg Sandwich,Snacks,322,132,82,50,40,Sunny,Yes,4.0
2025-02-18,Tuesday,Lunch,Idli,Breakfast,432,159,135,24,35,Sunny,No,3.5
2025-06-03,Tuesday,Lunch,Coffee,Drinks,347,133,87,46,25,Rainy,Yes,4.6
2025-04-15,Tuesday,Evening,Coffee,Drinks,565,142,102,40,25,Cloudy,No,4.2
2025-03-06,Thursday,Evening,Tea,Drinks,297,119,73,46,15,Rainy,Yes,4.9
2025-03-19,Wednesday,Lunch,Pav Bhaji,Meals,533,178,171,7,70,Sunny,No,3.2
2025-04-07,Monday,Lunch,Tea,Drinks,381,138,98,40,15,Cloudy,Yes,5.0
2025-07-31,Thursday,Lunch,Samosa,Snacks,150,86,23,63,20,Sunny,No,3.6
2025-01-17,Friday,Breakfast,Vada Pav,Snacks,218,89,32,57,25,Rainy,Yes,4.1
2025-02-07,Friday,Breakfast,Coffee,Drinks,366,133,91,42,25,Rainy,Yes,3.7
2025-01-09,Thursday,Breakfast,Coffee,Drinks,592,160,146,14,25,Cloudy,Yes,3.6
2025-07-26,Saturday,Breakfast,Veg Thali,Meals,300,103,51,52,90,Sunny,Yes,4.7
2025-02-02,Sunday,Lunch,Veg Thali,Meals,585,178,173,5,90,Cloudy,No,3.3
2025-07-12,Saturday,Breakfast,Samosa,Snacks,431,135,89,46,20,Cloudy,Yes,3.8
2025-02-04,Tuesday,Evening,Idli,Breakfast,550,176,176,0,35,Cloudy,No,3.7
2025-10-26,Sunday,Breakfast,Vada Pav,Snacks,398,125,74,51,25,Rainy,No,4.6
2025-06-02,Monday,Evening,Veg Sandwich,Snacks,163,76,13,63,40,Sunny,No,4.5
2025-06-21,Saturday,Lunch,Samosa,Snacks,523,180,180,0,20,Rainy,Yes,4.9
2025-05-28,Wednesday,Evening,Veg Thali,Meals,598,168,156,12,90,Rainy,No,4.1
2025-10-02,Thursday,Breakfast,Idli,Breakfast,150,82,19,63,35,Cloudy,No,3.1
2025-07-04,Friday,Lunch,Tea,Drinks,524,162,148,14,15,Rainy,Yes,3.6
2025-04-12,Saturday,Breakfast,Pav Bhaji,Meals,197,92,35,57,70,Sunny,No,3.9
2025-09-22,Monday,Lunch,Idli,Breakfast,571,159,147,12,35,Cloudy,Yes,4.4
2025-05-29,Thursday,Breakfast,Idli,Breakfast,314,111,59,52,35,Cloudy,Yes,3.9
2025-02-18,Tuesday,Evening,Masala Dosa,Meals,176,85,18,67,60,Rainy,No,3.2
2025-12-23,Tuesday,Evening,Coffee,Drinks,274,98,34,64,25,Sunny,No,3.6
2025-02-03,Monday,Lunch,Masala Dosa,Meals,371,124,69,55,60,Cloudy,No,4.9
2025-01-08,Wednesday,Lunch,Cold Drink,Drinks,189,86,29,57,30,Rainy,No,4.3
2025-11-20,Thursday,Evening,Pav Bhaji,Meals,366,118,66,52,70,Cloudy,Yes,4.7
2025-07-28,Monday,Evening,Cold Drink,Drinks,483,159,147,12,30,Sunny,Yes,4.2
2025-04-12,Saturday,Breakfast,Samosa,Snacks,340,123,70,53,20,Cloudy,Yes,3.0
2025-01-18,Saturday,Breakfast,Vada Pav,Snacks,249,108,51,57,25,Sunny,Yes,4.7
2025-11-28,Friday,Evening,Pav Bhaji,Meals,506,166,152,14,70,Sunny,No,3.3
2025-02-18,Tuesday,Breakfast,Veg Thali,Meals,553,156,135,21,90,Sunny,Yes,3.1
2025-06-11,Wednesday,Breakfast,Veg Thali,Meals,313,101,49,52,90,Rainy,Yes,3.8
2025-05-08,Thursday,Breakfast,Cold Drink,Drinks,222,100,39,61,30,Sunny,Yes,3.1
2025-06-13,Friday,Breakfast,Idli,Breakfast,216,85,25,60,35,Sunny,Yes,3.3
2025-01-15,Wednesday,Breakfast,Idli,Breakfast,537,141,101,40,35,Sunny,Yes,3.5
2025-06-07,Saturday,Breakfast,Masala Dosa,Meals,444,129,79,50,60,Sunny,Yes,3.7
2025-09-22,Monday,Lunch,Samosa,Snacks,557,164,154,10,20,Sunny,Yes,3.5
2025-07-30,Wednesday,Evening,Veg Thali,Meals,320,109,54,55,90,Sunny,Yes,3.8
2025-06-02,Monday,Evening,Coffee,Drinks,369,117,65,52,25,Sunny,Yes,3.9
2025-04-09,Wednesday,Lunch,Vada Pav,Snacks,531,159,146,13,25,Sunny,No,3.9
2025-12-10,Wednesday,Lunch,Masala Dosa,Meals,291,108,52,56,60,Rainy,No,4.7
2025-07-02,Wednesday,Lunch,Samosa,Snacks,321,134,91,43,20,Rainy,Yes,3.7
2025-06-20,Friday,Evening,Samosa,Snacks,286,117,62,55,20,Cloudy,No,4.6
2025-11-24,Monday,Evening,Veg Sandwich,Snacks,467,136,93,43,40,Cloudy,No,3.9
2025-07-09,Wednesday,Breakfast,Masala Dosa,Meals,357,112,57,55,60,Rainy,No,4.6
2025-05-19,Monday,Lunch,Tea,Drinks,518,160,144,16,15,Cloudy,Yes,4.2
2025-12-19,Friday,Evening,Tea,Drinks,215,96,33,63,15,Rainy,No,3.6
2025-12-29,Monday,Lunch,Coffee,Drinks,453,138,99,39,25,Sunny,No,3.2
2025-11-25,Tuesday,Lunch,Tea,Drinks,250,102,41,61,15,Rainy,Yes,4.9
2025-05-27,Tuesday,Lunch,Cold Drink,Drinks,318,115,64,51,30,Rainy,No,3.1
2025-02-21,Friday,Lunch,Cold Drink,Drinks,225,102,40,62,30,Cloudy,No,4.2
2025-10-07,Tuesday,Evening,Samosa,Snacks,362,132,91,41,20,Sunny,No,4.9
2025-02-12,Wednesday,Breakfast,Tea,Drinks,550,168,154,14,15,Rainy,Yes,3.1
2025-01-12,Sunday,Lunch,Masala Dosa,Meals,392,125,81,44,60,Sunny,No,3.3
2025-01-03,Friday,Breakfast,Veg Thali,Meals,424,144,112,32,90,Rainy,No,4.8
2025-01-10,Friday,Evening,Vada Pav,Snacks,347,121,65,56,25,Rainy,No,3.3
2025-03-04,Tuesday,Lunch,Tea,Drinks,551,185,183,2,15,Sunny,No,3.8
2025-06-15,Sunday,Evening,Veg Thali,Meals,579,160,148,12,90,Sunny,Yes,3.6
2025-07-27,Sunday,Breakfast,Masala Dosa,Meals,456,128,84,44,60,Sunny,No,4.7
2025-10-29,Wednesday,Evening,Veg Thali,Meals,155,84,22,62,90,Sunny,No,4.0
2025-12-07,Sunday,Breakfast,Samosa,Snacks,242,102,43,59,20,Rainy,No,4.4
2025-10-18,Saturday,Lunch,Samosa,Snacks,467,172,163,9,20,Cloudy,No,3.8
2025-10-09,Thursday,Breakfast,Masala Dosa,Meals,318,102,43,59,60,Sunny,Yes,3.2
2025-06-29,Sunday,Evening,Veg Sandwich,Snacks,208,92,30,62,40,Cloudy,Yes,4.5
2025-01-18,Saturday,Breakfast,Masala Dosa,Meals,265,112,53,59,60,Sunny,No,4.0
2025-12-07,Sunday,Lunch,Coffee,Drinks,486,160,137,23,25,Sunny,No,3.6
2025-10-16,Thursday,Evening,Veg Thali,Meals,195,95,42,53,90,Rainy,Yes,3.9
2025-11-04,Tuesday,Breakfast,Veg Sandwich,Snacks,187,81,15,66,40,Cloudy,Yes,5.0
2025-10-24,Friday,Evening,Idli,Breakfast,489,157,130,27,35,Rainy,Yes,4.7
2025-12-02,Tuesday,Breakfast,Veg Sandwich,Snacks,227,101,37,64,40,Rainy,No,3.8
2025-10-06,Monday,Breakfast,Samosa,Snacks,598,158,133,25,20,Rainy,Yes,3.2
2025-04-13,Sunday,Lunch,Cold Drink,Drinks,530,171,163,8,30,Cloudy,No,5.0
2025-04-18,Friday,Lunch,Masala Dosa,Meals,188,95,38,57,60,Cloudy,Yes,5.0
2025-02-19,Wednesday,Lunch,Idli,Breakfast,201,88,27,61,35,Sunny,No,4.6
2025-02-20,Thursday,Evening,Samosa,Snacks,554,148,113,35,20,Cloudy,Yes,4.6
2025-02-20,Thursday,Evening,Veg Thali,Meals,583,158,138,20,90,Sunny,Yes,4.3
2025-01-03,Friday,Breakfast,Cold Drink,Drinks,434,129,78,51,30,Rainy,Yes,3.3
2025-10-01,Wednesday,Lunch,Veg Thali,Meals,312,130,79,51,90,Sunny,No,4.5
2025-11-08,Saturday,Breakfast,Tea,Drinks,393,128,79,49,15,Rainy,No,4.7
2025-04-07,Monday,Evening,Samosa,Snacks,272,94,38,56,20,Rainy,Yes,4.0
2025-11-11,Tuesday,Breakfast,Tea,Drinks,212,87,30,57,15,Rainy,No,3.3
2025-06-28,Saturday,Lunch,Veg Sandwich,Snacks,188,86,25,61,40,Rainy,Yes,3.4
2025-01-27,Monday,Lunch,Idli,Breakfast,489,155,132,23,35,Cloudy,Yes,4.1
2025-06-26,Thursday,Lunch,Vada Pav,Snacks,315,126,73,53,25,Sunny,No,3.0
2025-11-21,Friday,Lunch,Veg Thali,Meals,399,152,126,26,90,Rainy,Yes,4.2
2025-11-02,Sunday,Evening,Idli,Breakfast,291,106,51,55,35,Rainy,No,3.6
2025-10-19,Sunday,Evening,Masala Dosa,Meals,179,80,24,56,60,Sunny,No,4.4
2025-06-24,Tuesday,Lunch,Coffee,Drinks,328,116,61,55,25,Rainy,No,4.6
2025-06-01,Sunday,Breakfast,Vada Pav,Snacks,379,124,74,50,25,Rainy,Yes,3.8
2025-12-01,Monday,Lunch,Tea,Drinks,337,122,66,56,15,Sunny,No,4.0
2025-12-06,Saturday,Breakfast,Samosa,Snacks,300,101,39,62,20,Rainy,No,3.0
2025-07-13,Sunday,Evening,Tea,Drinks,590,147,120,27,15,Sunny,No,4.0
2025-02-22,Saturday,Breakfast,Veg Sandwich,Snacks,476,146,107,39,40,Cloudy,No,4.3
2025-02-21,Friday,Lunch,Vada Pav,Snacks,424,144,105,39,25,Sunny,Yes,3.4
2025-02-26,Wednesday,Breakfast,Pav Bhaji,Meals,595,152,122,30,70,Rainy,Yes,4.1
2025-04-03,Thursday,Breakfast,Cold Drink,Drinks,229,96,37,59,30,Cloudy,Yes,3.7
2025-03-21,Friday,Evening,Masala Dosa,Meals,333,104,44,60,60,Rainy,No,3.2
2025-10-11,Saturday,Lunch,Coffee,Drinks,459,148,124,24,25,Sunny,Yes,3.2
2025-03-01,Saturday,Breakfast,Pav Bhaji,Meals,491,136,101,35,70,Sunny,No,4.9
2025-03-16,Sunday,Breakfast,Cold Drink,Drinks,453,150,121,29,30,Sunny,Yes,3.6
2025-11-24,Monday,Evening,Pav Bhaji,Meals,400,132,89,43,70,Rainy,Yes,4.0
2025-01-15,Wednesday,Breakfast,Cold Drink,Drinks,158,86,20,66,30,Sunny,Yes,4.2
2025-12-31,Wednesday,Lunch,Masala Dosa,Meals,304,126,74,52,60,Sunny,No,4.6
2025-09-19,Friday,Breakfast,Veg Thali,Meals,297,116,60,56,90,Cloudy,No,4.5
2025-11-18,Tuesday,Breakfast,Cold Drink,Drinks,168,85,29,56,30,Sunny,Yes,4.1
2025-11-09,Sunday,Breakfast,Veg Sandwich,Snacks,347,119,69,50,40,Sunny,No,4.3
2025-01-13,Monday,Evening,Masala Dosa,Meals,387,132,82,50,60,Rainy,Yes,3.4
2025-12-05,Friday,Evening,Coffee,Drinks,278,107,44,63,25,Sunny,No,3.6
2025-06-19,Thursday,Evening,Pav Bhaji,Meals,326,117,62,55,70,Cloudy,No,4.4
2025-01-11,Saturday,Evening,Veg Thali,Meals,245,105,50,55,90,Rainy,Yes,4.9
2025-10-18,Saturday,Evening,Veg Sandwich,Snacks,503,165,155,10,40,Cloudy,No,4.2
2025-10-06,Monday,Lunch,Veg Sandwich,Snacks,343,124,74,50,40,Sunny,Yes,3.9
2025-04-30,Wednesday,Lunch,Veg Thali,Meals,340,115,60,55,90,Cloudy,Yes,3.3
2025-08-01,Friday,Breakfast,Masala Dosa,Meals,364,117,66,51,60,Rainy,Yes,3.1
2025-07-03,Thursday,Breakfast,Veg Sandwich,Snacks,412,131,86,45,40,Cloudy,Yes,4.2
2025-03-24,Monday,Evening,Idli,Breakfast,584,156,135,21,35,Cloudy,No,4.5
2025-09-13,Saturday,Breakfast,Pav Bhaji,Meals,560,169,159,10,70,Sunny,No,4.5
2025-05-09,Friday,Breakfast,Masala Dosa,Meals,304,116,61,55,60,Rainy,Yes,3.2
2025-12-30,Tuesday,Breakfast,Veg Thali,Meals,206,88,35,53,90,Rainy,No,3.8
2025-02-25,Tuesday,Lunch,Cold Drink,Drinks,323,117,67,50,30,Cloudy,No,4.9
2025-07-16,Wednesday,Breakfast,Coffee,Drinks,438,126,74,52,25,Cloudy,Yes,3.7
2025-02-01,Saturday,Breakfast,Masala Dosa,Meals,263,104,45,59,60,Rainy,Yes,4.4
2025-05-30,Friday,Lunch,Vada Pav,Snacks,263,111,62,49,25,Sunny,No,3.3
2025-07-18,Friday,Breakfast,Veg Sandwich,Snacks,293,110,54,56,40,Sunny,Yes,3.4
2025-12-20,Saturday,Evening,Idli,Breakfast,196,83,21,62,35,Cloudy,Yes,4.9
2025-11-04,Tuesday,Breakfast,Vada Pav,Snacks,163,81,23,58,25,Cloudy,Yes,4.9
2025-04-01,Tuesday,Breakfast,Pav Bhaji,Meals,500,164,151,13,70,Sunny,Yes,4.2
2025-09-01,Monday,Breakfast,Tea,Drinks,263,107,47,60,15,Sunny,No,3.2
2025-04-29,Tuesday,Evening,Vada Pav,Snacks,406,132,94,38,25,Sunny,No,3.7
2025-04-05,Saturday,Breakfast,Veg Sandwich,Snacks,364,112,53,59,40,Sunny,Yes,4.3
2025-04-19,Saturday,Lunch,Idli,Breakfast,265,101,36,65,35,Cloudy,No,3.0
2025-11-27,Thursday,Breakfast,Vada Pav,Snacks,512,149,119,30,25,Rainy,No,3.3
2025-06-24,Tuesday,Lunch,Veg Thali,Meals,508,164,150,14,90,Cloudy,Yes,3.7
2025-11-04,Tuesday,Lunch,Veg Sandwich,Snacks,522,156,132,24,40,Cloudy,Yes,4.6
2025-06-26,Thursday,Evening,Masala Dosa,Meals,219,86,26,60,60,Rainy,Yes,4.3
2025-08-28,Thursday,Lunch,Cold Drink,Drinks,543,165,151,14,30,Sunny,No,3.9
2025-05-28,Wednesday,Breakfast,Coffee,Drinks,156,82,28,54,25,Rainy,Yes,3.7
2025-12-13,Saturday,Evening,Samosa,Snacks,191,94,34,60,20,Rainy,No,4.9
2025-12-31,Wednesday,Lunch,Pav Bhaji,Meals,179,92,36,56,70,Cloudy,Yes,4.8
2025-08-03,Sunday,Breakfast,Vada Pav,Snacks,163,83,30,53,25,Rainy,Yes,4.4
2025-06-14,Saturday,Lunch,Cold Drink,Drinks,178,94,37,57,30,Cloudy,Yes,3.1
2025-03-09,Sunday,Breakfast,Samosa,Snacks,495,148,119,29,20,Sunny,No,4.4
2025-08-15,Friday,Breakfast,Tea,Drinks,472,133,87,46,15,Cloudy,No,3.3
2025-04-12,Saturday,Evening,Coffee,Drinks,213,93,28,65,25,Rainy,No,4.7
2025-07-13,Sunday,Evening,Cold Drink,Drinks,518,150,122,28,30,Cloudy,No,3.2
2025-05-27,Tuesday,Breakfast,Idli,Breakfast,309,101,47,54,35,Sunny,Yes,3.5
2025-06-22,Sunday,Breakfast,Idli,Breakfast,535,171,171,0,35,Rainy,Yes,4.4
2025-04-17,Thursday,Breakfast,Veg Thali,Meals,373,121,66,55,90,Cloudy,No,3.3
2025-09-03,Wednesday,Evening,Veg Thali,Meals,202,94,35,59,90,Cloudy,Yes,3.8
2025-10-19,Sunday,Breakfast,Pav Bhaji,Meals,257,92,27,65,70,Rainy,Yes,4.6
2025-12-08,Monday,Breakfast,Tea,Drinks,561,170,165,5,15,Cloudy,Yes,3.6
2025-08-09,Saturday,Lunch,Masala Dosa,Meals,596,197,195,2,60,Cloudy,Yes,3.4
2025-05-24,Saturday,Lunch,Pav Bhaji,Meals,262,117,63,54,70,Sunny,No,4.3
2025-06-10,Tuesday,Lunch,Idli,Breakfast,390,138,100,38,35,Cloudy,No,3.6
2025-08-07,Thursday,Breakfast,Vada Pav,Snacks,292,112,64,48,25,Rainy,No,3.2
2025-06-07,Saturday,Lunch,Vada Pav,Snacks,311,121,73,48,25,Sunny,No,3.8
2025-07-16,Wednesday,Evening,Pav Bhaji,Meals,589,181,172,9,70,Sunny,Yes,4.7
2025-03-06,Thursday,Lunch,Tea,Drinks,514,169,159,10,15,Cloudy,Yes,4.5
2025-12-26,Friday,Breakfast,Idli,Breakfast,375,118,63,55,35,Rainy,Yes,4.7
2025-02-07,Friday,Breakfast,Idli,Breakfast,206,96,41,55,35,Cloudy,No,3.7
2025-01-03,Friday,Breakfast,Vada Pav,Snacks,553,176,174,2,25,Sunny,No,4.1
2025-12-20,Saturday,Evening,Veg Sandwich,Snacks,296,114,60,54,40,Cloudy,No,4.7
2025-03-12,Wednesday,Lunch,Samosa,Snacks,592,191,182,9,20,Rainy,No,3.9
2025-04-15,Tuesday,Breakfast,Idli,Breakfast,421,127,81,46,35,Sunny,Yes,4.4
2025-03-15,Saturday,Breakfast,Masala Dosa,Meals,377,130,88,42,60,Rainy,Yes,4.4
2025-05-19,Monday,Lunch,Samosa,Snacks,517,162,151,11,20,Cloudy,No,3.9
2025-07-22,Tuesday,Breakfast,Tea,Drinks,472,156,140,16,15,Sunny,Yes,5.0
2025-09-24,Wednesday,Lunch,Masala Dosa,Meals,152,89,35,54,60,Sunny,Yes,4.7
2025-01-14,Tuesday,Breakfast,Cold Drink,Drinks,299,101,49,52,30,Rainy,No,3.5
2025-10-06,Monday,Breakfast,Masala Dosa,Meals,535,171,170,1,60,Sunny,No,4.2
2025-01-12,Sunday,Evening,Vada Pav,Snacks,503,150,126,24,25,Rainy,No,4.3
2025-12-24,Wednesday,Breakfast,Tea,Drinks,154,82,20,62,15,Cloudy,No,4.8
2025-11-03,Monday,Breakfast,Veg Sandwich,Snacks,437,130,89,41,40,Cloudy,No,4.7
2025-02-28,Friday,Breakfast,Vada Pav,Snacks,283,112,51,61,25,Rainy,No,4.8
2025-04-21,Monday,Lunch,Veg Sandwich,Snacks,572,160,141,19,40,Rainy,Yes,3.6
2025-02-26,Wednesday,Lunch,Pav Bhaji,Meals,552,175,166,9,70,Rainy,Yes,3.4
2025-09-26,Friday,Evening,Cold Drink,Drinks,445,131,90,41,30,Rainy,Yes,3.1
2025-05-25,Sunday,Breakfast,Veg Thali,Meals,273,102,45,57,90,Sunny,No,3.7
2025-12-18,Thursday,Breakfast,Pav Bhaji,Meals,247,95,39,56,70,Rainy,Yes,3.4
2025-06-08,Sunday,Lunch,Pav Bhaji,Meals,330,116,65,51,70,Rainy,Yes,4.3
2025-02-22,Saturday,Lunch,Cold Drink,Drinks,312,118,67,51,30,Cloudy,No,4.7
2025-08-19,Tuesday,Evening,Veg Thali,Meals,168,79,20,59,90,Sunny,Yes,4.6
2025-12-03,Wednesday,Breakfast,Tea,Drinks,460,141,99,42,15,Rainy,Yes,3.9
2025-02-24,Monday,Lunch,Cold Drink,Drinks,349,118,68,50,30,Cloudy,No,4.1
2025-07-17,Thursday,Lunch,Pav Bhaji,Meals,446,155,128,27,70,Rainy,Yes,3.8
2025-09-01,Monday,Breakfast,Pav Bhaji,Meals,592,189,188,1,70,Sunny,No,3.4
2025-04-08,Tuesday,Lunch,Pav Bhaji,Meals,479,160,143,17,70,Rainy,Yes,3.7
2025-12-28,Sunday,Breakfast,Cold Drink,Drinks,339,129,79,50,30,Sunny,No,4.2
2025-10-31,Friday,Evening,Vada Pav,Snacks,294,106,44,62,25,Sunny,No,3.2
2025-12-25,Thursday,Lunch,Pav Bhaji,Meals,436,154,131,23,70,Sunny,Yes,4.6
2025-08-06,Wednesday,Lunch,Cold Drink,Drinks,398,124,82,42,30,Rainy,Yes,4.6
2025-01-04,Saturday,Breakfast,Cold Drink,Drinks,324,124,75,49,30,Sunny,Yes,3.4
2025-07-16,Wednesday,Lunch,Idli,Breakfast,436,140,96,44,35,Rainy,Yes,4.3
2025-12-30,Tuesday,Breakfast,Vada Pav,Snacks,313,123,72,51,25,Sunny,No,3.2
2025-05-03,Saturday,Breakfast,Cold Drink,Drinks,389,128,84,44,30,Sunny,Yes,4.8
2025-03-06,Thursday,Evening,Veg Sandwich,Snacks,477,147,120,27,40,Cloudy,Yes,4.7
2025-09-05,Friday,Lunch,Coffee,Drinks,383,125,82,43,25,Rainy,Yes,4.0
2025-03-13,Thursday,Lunch,Vada Pav,Snacks,504,169,162,7,25,Rainy,No,3.4
2025-11-05,Wednesday,Breakfast,Veg Sandwich,Snacks,376,113,65,48,40,Sunny,Yes,3.3
2025-05-23,Friday,Breakfast,Masala Dosa,Meals,301,109,57,52,60,Rainy,No,4.9
2025-06-28,Saturday,Evening,Coffee,Drinks,584,188,180,8,25,Rainy,No,4.5
2025-12-31,Wednesday,Lunch,Samosa,Snacks,497,147,114,33,20,Rainy,No,4.4
2025-08-11,Monday,Lunch,Tea,Drinks,356,124,78,46,15,Cloudy,No,4.2
2025-12-15,Monday,Lunch,Cold Drink,Drinks,587,172,167,5,30,Sunny,Yes,3.0
2025-11-11,Tuesday,Evening,Pav Bhaji,Meals,227,102,48,54,70,Sunny,No,3.8
2025-12-31,Wednesday,Lunch,Masala Dosa,Meals,549,192,185,7,60,Cloudy,Yes,3.3
2025-02-15,Saturday,Evening,Samosa,Snacks,539,177,177,0,20,Cloudy,Yes,3.0
2025-01-11,Saturday,Lunch,Veg Thali,Meals,394,136,100,36,90,Rainy,Yes,3.2
2025-09-10,Wednesday,Evening,Idli,Breakfast,208,84,29,55,35,Sunny,No,3.2
2025-02-05,Wednesday,Lunch,Vada Pav,Snacks,364,132,83,49,25,Sunny,Yes,3.8
2025-10-14,Tuesday,Evening,Masala Dosa,Meals,492,163,152,11,60,Cloudy,No,3.9
2025-10-12,Sunday,Breakfast,Masala Dosa,Meals,313,109,47,62,60,Cloudy,Yes,4.2
2025-02-25,Tuesday,Lunch,Idli,Breakfast,356,138,98,40,35,Cloudy,Yes,3.5
2025-12-30,Tuesday,Evening,Tea,Drinks,474,151,120,31,15,Cloudy,No,4.6
2025-01-12,Sunday,Breakfast,Samosa,Snacks,403,140,102,38,20,Rainy,Yes,3.8
2025-03-16,Sunday,Evening,Vada Pav,Snacks,308,106,51,55,25,Cloudy,No,4.8
2025-09-13,Saturday,Evening,Vada Pav,Snacks,298,116,67,49,25,Sunny,Yes,4.8
2025-12-12,Friday,Evening,Vada Pav,Snacks,160,83,18,65,25,Rainy,No,3.6
2025-07-13,Sunday,Breakfast,Pav Bhaji,Meals,194,89,28,61,70,Rainy,Yes,3.6
2025-03-15,Saturday,Lunch,Samosa,Snacks,355,135,97,38,20,Rainy,Yes,4.4
2025-04-12,Saturday,Breakfast,Pav Bhaji,Meals,365,119,72,47,70,Rainy,Yes,4.5
2025-04-13,Sunday,Breakfast,Samosa,Snacks,179,86,28,58,20,Sunny,Yes,4.6
2025-10-29,Wednesday,Breakfast,Samosa,Snacks,433,143,114,29,20,Cloudy,Yes,4.9
2025-09-30,Tuesday,Breakfast,Vada Pav,Snacks,419,128,79,49,25,Rainy,Yes,3.1
2025-10-06,Monday,Evening,Vada Pav,Snacks,469,148,114,34,25,Rainy,Yes,3.1
2025-05-15,Thursday,Evening,Masala Dosa,Meals,474,142,102,40,60,Cloudy,No,4.5
2025-07-21,Monday,Breakfast,Cold Drink,Drinks,479,132,84,48,30,Sunny,Yes,4.3
2025-08-08,Friday,Evening,Samosa,Snacks,328,122,76,46,20,Rainy,No,5.0
2025-08-23,Saturday,Breakfast,Pav Bhaji,Meals,517,172,172,0,70,Sunny,Yes,5.0
2025-01-19,Sunday,Lunch,Cold Drink,Drinks,258,98,42,56,30,Rainy,Yes,3.9
2025-04-14,Monday,Evening,Coffee,Drinks,466,159,135,24,25,Rainy,No,4.1
2025-03-05,Wednesday,Evening,Veg Thali,Meals,221,95,36,59,90,Rainy,No,5.0
2025-07-02,Wednesday,Evening,Veg Sandwich,Snacks,537,153,128,25,40,Rainy,Yes,3.9
2025-12-20,Saturday,Breakfast,Cold Drink,Drinks,403,141,100,41,30,Cloudy,No,4.3
2025-10-05,Sunday,Breakfast,Tea,Drinks,270,94,39,55,15,Cloudy,No,4.3
2025-11-24,Monday,Breakfast,Coffee,Drinks,355,112,57,55,25,Sunny,Yes,3.9
2025-09-21,Sunday,Evening,Cold Drink,Drinks,155,80,20,60,30,Rainy,Yes,3.2
2025-07-22,Tuesday,Lunch,Vada Pav,Snacks,245,104,49,55,25,Rainy,Yes,4.2
2025-06-12,Thursday,Evening,Cold Drink,Drinks,204,88,29,59,30,Sunny,No,4.0
2025-03-19,Wednesday,Lunch,Pav Bhaji,Meals,458,146,115,31,70,Cloudy,No,4.7
2025-10-13,Monday,Lunch,Cold Drink,Drinks,162,91,36,55,30,Cloudy,Yes,4.9
2025-05-29,Thursday,Breakfast,Coffee,Drinks,205,90,33,57,25,Cloudy,No,3.4
2025-02-05,Wednesday,Breakfast,Idli,Breakfast,591,161,139,22,35,Cloudy,No,4.1
2025-08-14,Thursday,Breakfast,Samosa,Snacks,580,145,119,26,20,Cloudy,No,4.3
2025-01-23,Thursday,Breakfast,Idli,Breakfast,244,100,45,55,35,Cloudy,No,3.4
2025-08-17,Sunday,Evening,Coffee,Drinks,328,127,83,44,25,Rainy,No,3.5
2025-01-09,Thursday,Breakfast,Idli,Breakfast,250,92,28,64,35,Sunny,Yes,3.7
2025-01-07,Tuesday,Breakfast,Cold Drink,Drinks,350,119,63,56,30,Rainy,Yes,4.1
2025-01-12,Sunday,Lunch,Idli,Breakfast,326,115,67,48,35,Sunny,Yes,3.4
2025-11-06,Thursday,Breakfast,Samosa,Snacks,474,140,96,44,20,Rainy,Yes,3.0
2025-09-13,Saturday,Evening,Masala Dosa,Meals,160,85,25,60,60,Sunny,No,4.3
2025-08-05,Tuesday,Breakfast,Veg Thali,Meals,509,146,114,32,90,Rainy,No,4.9
2025-11-22,Saturday,Lunch,Veg Sandwich,Snacks,507,178,178,0,40,Cloudy,No,3.2
2025-11-25,Tuesday,Lunch,Veg Thali,Meals,350,139,104,35,90,Rainy,No,4.6
2025-09-11,Thursday,Lunch,Veg Sandwich,Snacks,518,177,173,4,40,Cloudy,No,4.3
2025-05-10,Saturday,Lunch,Masala Dosa,Meals,280,108,55,53,60,Cloudy,Yes,3.9
2025-10-09,Thursday,Evening,Tea,Drinks,331,120,75,45,15,Rainy,Yes,3.5
2025-04-12,Saturday,Lunch,Cold Drink,Drinks,529,175,172,3,30,Sunny,No,4.3
2025-08-02,Saturday,Lunch,Masala Dosa,Meals,372,134,88,46,60,Cloudy,No,3.3
2025-12-06,Saturday,Lunch,Coffee,Drinks,336,113,60,53,25,Rainy,No,4.8
2025-05-29,Thursday,Breakfast,Vada Pav,Snacks,545,170,167,3,25,Rainy,No,4.1
2025-12-03,Wednesday,Evening,Veg Thali,Meals,303,121,75,46,90,Sunny,No,3.7
2025-10-02,Thursday,Breakfast,Pav Bhaji,Meals,162,80,14,66,70,Rainy,No,3.7
2025-01-17,Friday,Evening,Vada Pav,Snacks,422,133,94,39,25,Cloudy,No,4.6
2025-01-27,Monday,Lunch,Masala Dosa,Meals,293,117,69,48,60,Sunny,Yes,3.9
2025-04-27,Sunday,Evening,Coffee,Drinks,222,90,36,54,25,Rainy,No,4.8
2025-12-08,Monday,Evening,Veg Sandwich,Snacks,273,95,31,64,40,Rainy,Yes,3.7
2025-06-29,Sunday,Breakfast,Pav Bhaji,Meals,169,86,29,57,70,Rainy,Yes,3.0
2025-06-25,Wednesday,Breakfast,Vada Pav,Snacks,437,127,77,50,25,Sunny,No,4.8
2025-03-13,Thursday,Lunch,Idli,Breakfast,285,121,75,46,35,Rainy,Yes,4.0
2025-06-19,Thursday,Breakfast,Samosa,Snacks,558,145,108,37,20,Rainy,Yes,4.3
2025-10-22,Wednesday,Breakfast,Veg Thali,Meals,594,162,147,15,90,Sunny,No,4.6
2025-03-18,Tuesday,Evening,Tea,Drinks,580,183,183,0,15,Rainy,No,4.3
2025-02-26,Wednesday,Evening,Veg Sandwich,Snacks,418,124,72,52,40,Cloudy,No,4.1
2025-12-13,Saturday,Lunch,Pav Bhaji,Meals,299,111,61,50,70,Cloudy,Yes,3.9
2025-01-21,Tuesday,Evening,Samosa,Snacks,449,126,78,48,20,Sunny,No,4.3
2025-06-05,Thursday,Lunch,Pav Bhaji,Meals,310,124,79,45,70,Rainy,Yes,3.1
2025-08-02,Saturday,Breakfast,Coffee,Drinks,245,97,34,63,25,Rainy,Yes,3.5
2025-05-09,Friday,Lunch,Samosa,Snacks,581,188,188,0,20,Sunny,Yes,4.0
2025-08-05,Tuesday,Evening,Vada Pav,Snacks,539,173,166,7,25,Cloudy,No,4.5
2025-01-15,Wednesday,Evening,Veg Thali,Meals,419,130,78,52,90,Sunny,No,4.2
2025-01-31,Friday,Lunch,Idli,Breakfast,269,105,53,52,35,Sunny,No,4.7
2025-11-13,Thursday,Evening,Pav Bhaji,Meals,187,93,31,62,70,Cloudy,No,3.7
2025-12-31,Wednesday,Lunch,Idli,Breakfast,570,196,189,7,35,Rainy,Yes,4.8
2025-12-27,Saturday,Evening,Tea,Drinks,375,137,102,35,15,Sunny,Yes,3.4
2025-04-28,Monday,Evening,Cold Drink,Drinks,421,134,98,36,30,Sunny,No,4.9
2025-12-03,Wednesday,Lunch,Vada Pav,Snacks,179,91,28,63,25,Sunny,No,3.8
2025-07-07,Monday,Breakfast,Vada Pav,Snacks,433,123,71,52,25,Sunny,Yes,3.3
2025-07-05,Saturday,Lunch,Coffee,Drinks,343,129,78,51,25,Cloudy,Yes,3.2
2025-06-19,Thursday,Lunch,Idli,Breakfast,162,88,24,64,35,Rainy,No,4.8
2025-09-24,Wednesday,Evening,Masala Dosa,Meals,481,143,111,32,60,Cloudy,Yes,3.7
2025-02-13,Thursday,Breakfast,Vada Pav,Snacks,490,147,119,28,25,Rainy,No,4.3
2025-06-14,Saturday,Breakfast,Tea,Drinks,225,102,44,58,15,Rainy,Yes,4.2
2025-07-19,Saturday,Lunch,Samosa,Snacks,381,135,100,35,20,Sunny,Yes,3.9
2025-12-17,Wednesday,Evening,Samosa,Snacks,530,145,114,31,20,Sunny,No,3.3
2025-02-20,Thursday,Evening,Cold Drink,Drinks,276,111,56,55,30,Cloudy,Yes,3.4
2025-08-24,Sunday,Lunch,Coffee,Drinks,208,91,32,59,25,Sunny,No,4.4
2025-09-07,Sunday,Breakfast,Coffee,Drinks,479,158,143,15,25,Cloudy,No,4.2
2025-02-11,Tuesday,Lunch,Masala Dosa,Meals,178,87,21,66,60,Cloudy,No,4.6
2025-04-01,Tuesday,Breakfast,Vada Pav,Snacks,547,169,164,5,25,Rainy,No,3.5
2025-09-11,Thursday,Evening,Idli,Breakfast,167,85,18,67,35,Sunny,No,3.3
2025-06-11,Wednesday,Evening,Tea,Drinks,381,118,71,47,15,Cloudy,Yes,3.1
2025-01-05,Sunday,Evening,Masala Dosa,Meals,289,111,53,58,60,Cloudy,No,4.3
2025-10-02,Thursday,Evening,Vada Pav,Snacks,272,95,32,63,25,Cloudy,Yes,4.7
2025-12-07,Sunday,Breakfast,Coffee,Drinks,238,104,45,59,25,Sunny,Yes,3.2
2025-05-06,Tuesday,Lunch,Tea,Drinks,180,85,19,66,15,Sunny,No,3.2
2025-10-02,Thursday,Evening,Cold Drink,Drinks,236,91,37,54,30,Cloudy,Yes,4.1
2025-04-11,Friday,Evening,Samosa,Snacks,535,157,141,16,20,Rainy,No,4.6
2025-07-30,Wednesday,Breakfast,Tea,Drinks,580,167,162,5,15,Sunny,Yes,4.3
2025-02-14,Friday,Evening,Coffee,Drinks,275,107,50,57,25,Rainy,No,4.5
2025-10-31,Friday,Evening,Veg Thali,Meals,481,145,105,40,90,Cloudy,No,3.1
2025-07-01,Tuesday,Breakfast,Samosa,Snacks,281,112,57,55,20,Rainy,Yes,4.8
2025-08-22,Friday,Breakfast,Tea,Drinks,273,112,50,62,15,Cloudy,No,4.6
2025-12-10,Wednesday,Evening,Idli,Breakfast,314,106,42,64,35,Sunny,Yes,4.1
2025-02-11,Tuesday,Breakfast,Idli,Breakfast,535,168,158,10,35,Sunny,No,3.7
2025-07-06,Sunday,Lunch,Idli,Breakfast,391,133,89,44,35,Sunny,No,4.6
2025-11-04,Tuesday,Breakfast,Coffee,Drinks,369,116,63,53,25,Cloudy,Yes,4.5
2025-03-01,Saturday,Evening,Cold Drink,Drinks,406,141,101,40,30,Cloudy,Yes,4.2
2025-07-25,Friday,Breakfast,Vada Pav,Snacks,529,172,170,2,25,Cloudy,No,4.1
2025-01-13,Monday,Lunch,Pav Bhaji,Meals,403,128,83,45,70,Sunny,No,4.7
2025-09-26,Friday,Lunch,Veg Thali,Meals,571,188,182,6,90,Sunny,Yes,4.4
2025-05-28,Wednesday,Evening,Tea,Drinks,185,90,30,60,15,Cloudy,No,3.4
2025-08-06,Wednesday,Breakfast,Masala Dosa,Meals,150,75,17,58,60,Cloudy,Yes,3.8
2025-02-19,Wednesday,Evening,Veg Thali,Meals,239,95,33,62,90,Rainy,Yes,4.0
2025-02-27,Thursday,Evening,Tea,Drinks,422,125,76,49,15,Rainy,No,3.5
2025-01-14,Tuesday,Lunch,Tea,Drinks,310,121,71,50,15,Cloudy,No,4.9
2025-04-21,Monday,Lunch,Cold Drink,Drinks,436,132,90,42,30,Sunny,Yes,3.4
2025-12-16,Tuesday,Evening,Masala Dosa,Meals,355,126,72,54,60,Rainy,Yes,4.5
2025-10-23,Thursday,Breakfast,Vada Pav,Snacks,549,166,151,15,25,Rainy,Yes,4.0
2025-01-30,Thursday,Lunch,Pav Bhaji,Meals,456,137,95,42,70,Sunny,No,3.1
2025-12-18,Thursday,Breakfast,Idli,Breakfast,198,84,26,58,35,Sunny,No,3.3
2025-09-03,Wednesday,Breakfast,Cold Drink,Drinks,248,100,42,58,30,Sunny,Yes,4.4
2025-07-25,Friday,Evening,Veg Sandwich,Snacks,584,174,173,1,40,Cloudy,No,4.2
2025-09-24,Wednesday,Evening,Veg Thali,Meals,576,182,182,0,90,Rainy,No,4.2
2025-11-16,Sunday,Evening,Veg Sandwich,Snacks,311,103,39,64,40,Sunny,Yes,3.2
2025-10-07,Tuesday,Lunch,Pav Bhaji,Meals,363,133,91,42,70,Cloudy,Yes,4.3
2025-01-05,Sunday,Lunch,Samosa,Snacks,402,137,94,43,20,Sunny,No,3.2
2025-07-28,Monday,Breakfast,Samosa,Snacks,236,105,46,59,20,Rainy,No,4.7
2025-08-18,Monday,Breakfast,Tea,Drinks,202,92,28,64,15,Cloudy,No,4.0
2025-10-15,Wednesday,Evening,Samosa,Snacks,195,89,34,55,20,Rainy,Yes,4.4
2025-11-28,Friday,Evening,Idli,Breakfast,177,88,22,66,35,Cloudy,Yes,4.5
2025-11-26,Wednesday,Breakfast,Coffee,Drinks,189,85,31,54,25,Cloudy,No,4.4
2025-03-29,Saturday,Breakfast,Tea,Drinks,263,101,37,64,15,Rainy,Yes,4.6
2025-05-04,Sunday,Breakfast,Coffee,Drinks,464,134,85,49,25,Rainy,No,4.5
2025-01-24,Friday,Lunch,Idli,Breakfast,577,178,171,7,35,Sunny,Yes,4.2
2025-06-01,Sunday,Lunch,Cold Drink,Drinks,547,166,155,11,30,Cloudy,Yes,4.8
2025-05-01,Thursday,Evening,Idli,Breakfast,450,128,88,40,35,Rainy,Yes,3.6
2025-04-22,Tuesday,Evening,Vada Pav,Snacks,224,88,33,55,25,Cloudy,No,3.5
2025-11-04,Tuesday,Evening,Vada Pav,Snacks,315,116,69,47,25,Rainy,Yes,5.0
2025-05-11,Sunday,Lunch,Tea,Drinks,241,107,50,57,15,Sunny,Yes,4.6
2025-03-04,Tuesday,Evening,Cold Drink,Drinks,352,116,57,59,30,Sunny,No,4.6
2025-10-12,Sunday,Lunch,Pav Bhaji,Meals,269,108,57,51,70,Sunny,No,3.1
2025-05-05,Monday,Breakfast,Coffee,Drinks,456,150,124,26,25,Cloudy,No,3.1
2025-10-28,Tuesday,Lunch,Veg Thali,Meals,335,116,60,56,90,Rainy,No,4.8
2025-01-17,Friday,Evening,Idli,Breakfast,459,140,106,34,35,Sunny,Yes,4.6
2025-04-07,Monday,Lunch,Samosa,Snacks,364,120,65,55,20,Cloudy,Yes,3.4
2025-11-15,Saturday,Lunch,Masala Dosa,Meals,369,132,84,48,60,Cloudy,Yes,3.2
2025-12-03,Wednesday,Breakfast,Veg Thali,Meals,155,78,22,56,90,Rainy,Yes,3.3
2025-03-29,Saturday,Evening,Veg Thali,Meals,198,94,28,66,90,Rainy,Yes,3.8
2025-05-06,Tuesday,Breakfast,Masala Dosa,Meals,372,135,88,47,60,Cloudy,No,4.8
2025-02-21,Friday,Evening,Veg Thali,Meals,298,105,49,56,90,Cloudy,Yes,4.7
2025-05-19,Monday,Breakfast,Veg Sandwich,Snacks,230,91,38,53,40,Rainy,No,4.5
2025-01-04,Saturday,Evening,Idli,Breakfast,307,107,45,62,35,Cloudy,No,3.2
2025-09-21,Sunday,Lunch,Samosa,Snacks,322,110,60,50,20,Cloudy,No,4.2
2025-02-22,Saturday,Lunch,Coffee,Drinks,329,133,91,42,25,Sunny,Yes,3.1
2025-06-09,Monday,Evening,Vada Pav,Snacks,303,114,63,51,25,Cloudy,Yes,3.1
2025-04-02,Wednesday,Lunch,Samosa,Snacks,491,165,152,13,20,Sunny,Yes,3.8
2025-11-12,Wednesday,Lunch,Vada Pav,Snacks,533,151,119,32,25,Rainy,Yes,3.5
2025-07-15,Tuesday,Evening,Tea,Drinks,371,126,84,42,15,Rainy,No,3.3
2025-06-27,Friday,Breakfast,Masala Dosa,Meals,425,137,91,46,60,Cloudy,Yes,4.7
2025-11-17,Monday,Evening,Masala Dosa,Meals,461,153,134,19,60,Rainy,Yes,3.5
2025-06-06,Friday,Breakfast,Veg Thali,Meals,484,139,100,39,90,Rainy,Yes,3.8
2025-04-01,Tuesday,Evening,Masala Dosa,Meals,288,101,40,61,60,Cloudy,Yes,4.3
2025-10-03,Friday,Evening,Masala Dosa,Meals,271,103,40,63,60,Cloudy,Yes,4.9
2025-09-27,Saturday,Lunch,Tea,Drinks,463,154,135,19,15,Cloudy,Yes,4.6
2025-05-28,Wednesday,Breakfast,Veg Thali,Meals,277,102,47,55,90,Rainy,Yes,4.9
2025-10-11,Saturday,Lunch,Pav Bhaji,Meals,160,82,29,53,70,Cloudy,No,4.7
2025-10-23,Thursday,Lunch,Vada Pav,Snacks,538,175,173,2,25,Rainy,No,4.7
2025-01-05,Sunday,Breakfast,Idli,Breakfast,368,117,61,56,35,Rainy,No,3.6
2025-02-19,Wednesday,Lunch,Tea,Drinks,318,120,74,46,15,Sunny,No,4.1
2025-04-14,Monday,Breakfast,Veg Sandwich,Snacks,540,148,120,28,40,Rainy,No,4.0
2025-08-22,Friday,Breakfast,Veg Thali,Meals,295,112,59,53,90,Rainy,No,4.9
2025-08-09,Saturday,Lunch,Idli,Breakfast,425,144,109,35,35,Rainy,No,4.4
2025-08-23,Saturday,Evening,Veg Sandwich,Snacks,596,150,119,31,40,Cloudy,Yes,4.2
2025-02-12,Wednesday,Breakfast,Veg Sandwich,Snacks,538,169,167,2,40,Sunny,No,4.9
2025-08-18,Monday,Breakfast,Pav Bhaji,Meals,350,117,69,48,70,Cloudy,No,3.7
2025-12-01,Monday,Lunch,Samosa,Snacks,427,160,146,14,20,Rainy,No,3.2
2025-09-09,Tuesday,Evening,Veg Thali,Meals,283,100,46,54,90,Rainy,Yes,3.4
2025-07-08,Tuesday,Evening,Tea,Drinks,444,122,70,52,15,Rainy,No,3.6
2025-01-09,Thursday,Evening,Pav Bhaji,Meals,550,174,174,0,70,Cloudy,No,4.6
2025-04-28,Monday,Lunch,Pav Bhaji,Meals,309,127,84,43,70,Sunny,Yes,4.8
2025-04-02,Wednesday,Evening,Tea,Drinks,186,92,38,54,15,Cloudy,Yes,3.9
2025-06-03,Tuesday,Breakfast,Vada Pav,Snacks,319,114,67,47,25,Sunny,Yes,4.4
2025-09-09,Tuesday,Lunch,Vada Pav,Snacks,536,171,171,0,25,Cloudy,No,3.1
2025-07-30,Wednesday,Breakfast,Cold Drink,Drinks,481,155,131,24,30,Cloudy,Yes,4.7
2025-01-27,Monday,Evening,Tea,Drinks,250,94,39,55,15,Cloudy,No,4.7
2025-01-12,Sunday,Breakfast,Vada Pav,Snacks,374,127,74,53,25,Rainy,No,4.9
2025-11-09,Sunday,Evening,Masala Dosa,Meals,150,76,23,53,60,Cloudy,No,4.8
2025-09-08,Monday,Lunch,Pav Bhaji,Meals,418,129,80,49,70,Cloudy,No,3.8
2025-08-01,Friday,Breakfast,Veg Sandwich,Snacks,249,94,32,62,40,Rainy,No,4.4
2025-04-19,Saturday,Evening,Idli,Breakfast,282,111,60,51,35,Cloudy,No,3.5
2025-02-23,Sunday,Evening,Samosa,Snacks,495,138,99,39,20,Sunny,Yes,4.4
2025-02-15,Saturday,Lunch,Veg Sandwich,Snacks,379,146,111,35,40,Sunny,Yes,3.6
2025-07-02,Wednesday,Lunch,Coffee,Drinks,369,143,108,35,25,Sunny,No,3.5
2025-07-20,Sunday,Lunch,Cold Drink,Drinks,310,119,69,50,30,Rainy,Yes,4.8
2025-11-06,Thursday,Lunch,Coffee,Drinks,285,116,66,50,25,Cloudy,No,3.6
2025-05-03,Saturday,Lunch,Cold Drink,Drinks,514,169,168,1,30,Cloudy,Yes,3.4
2025-08-24,Sunday,Lunch,Veg Sandwich,Snacks,535,165,154,11,40,Sunny,No,4.1
2025-05-25,Sunday,Breakfast,Veg Thali,Meals,596,189,187,2,90,Sunny,Yes,3.8
2025-07-01,Tuesday,Breakfast,Veg Thali,Meals,455,130,79,51,90,Cloudy,No,3.2
2025-08-30,Saturday,Breakfast,Masala Dosa,Meals,180,89,33,56,60,Rainy,Yes,4.4
2025-10-20,Monday,Lunch,Veg Sandwich,Snacks,557,171,171,0,40,Cloudy,No,4.0
2025-05-04,Sunday,Evening,Veg Thali,Meals,519,143,114,29,90,Cloudy,No,3.7
2025-12-03,Wednesday,Lunch,Pav Bhaji,Meals,275,120,75,45,70,Cloudy,Yes,4.4
2025-07-30,Wednesday,Lunch,Veg Sandwich,Snacks,473,169,156,13,40,Rainy,Yes,3.5
2025-01-15,Wednesday,Evening,Samosa,Snacks,185,91,34,57,20,Sunny,Yes,5.0
2025-12-07,Sunday,Lunch,Tea,Drinks,189,97,32,65,15,Sunny,No,3.2
2025-02-22,Saturday,Evening,Pav Bhaji,Meals,407,140,99,41,70,Sunny,No,3.8
2025-02-09,Sunday,Lunch,Veg Thali,Meals,390,150,123,27,90,Cloudy,No,4.3
2025-11-28,Friday,Lunch,Cold Drink,Drinks,399,133,90,43,30,Rainy,Yes,4.5
2025-07-30,Wednesday,Lunch,Tea,Drinks,430,154,134,20,15,Sunny,Yes,3.3
2025-07-26,Saturday,Lunch,Idli,Breakfast,450,152,128,24,35,Cloudy,Yes,3.1
2025-03-26,Wednesday,Evening,Masala Dosa,Meals,504,159,143,16,60,Sunny,Yes,4.4
2025-09-12,Friday,Lunch,Veg Thali,Meals,587,172,170,2,90,Sunny,No,4.4
2025-11-16,Sunday,Evening,Tea,Drinks,239,93,32,61,15,Sunny,Yes,3.1
2025-02-15,Saturday,Evening,Tea,Drinks,342,118,66,52,15,Sunny,No,4.7
2025-04-20,Sunday,Evening,Idli,Breakfast,579,163,154,9,35,Sunny,No,4.0
2025-03-27,Thursday,Lunch,Coffee,Drinks,303,106,48,58,25,Cloudy,Yes,4.2
2025-05-25,Sunday,Breakfast,Veg Sandwich,Snacks,532,173,167,6,40,Rainy,Yes,4.6
2025-09-04,Thursday,Evening,Masala Dosa,Meals,579,167,162,5,60,Cloudy,Yes,4.4
2025-07-28,Monday,Lunch,Veg Thali,Meals,593,174,168,6,90,Cloudy,No,3.2
2025-04-15,Tuesday,Lunch,Samosa,Snacks,408,126,77,49,20,Rainy,Yes,4.0
2025-04-11,Friday,Lunch,Tea,Drinks,545,166,158,8,15,Cloudy,Yes,4.9
2025-10-03,Friday,Lunch,Vada Pav,Snacks,505,165,152,13,25,Sunny,No,3.7
2025-11-15,Saturday,Evening,Veg Sandwich,Snacks,564,171,171,0,40,Rainy,No,4.6
2025-02-08,Saturday,Breakfast,Cold Drink,Drinks,342,126,84,42,30,Cloudy,No,4.8
2025-02-26,Wednesday,Lunch,Coffee,Drinks,326,116,59,57,25,Rainy,Yes,4.9
2025-02-19,Wednesday,Evening,Masala Dosa,Meals,309,112,62,50,60,Rainy,Yes,4.5
2025-01-29,Wednesday,Breakfast,Cold Drink,Drinks,183,82,18,64,30,Cloudy,No,4.4
2025-03-30,Sunday,Lunch,Vada Pav,Snacks,202,96,41,55,25,Rainy,No,4.7
2025-01-27,Monday,Evening,Samosa,Snacks,238,91,28,63,20,Sunny,No,3.6
2025-02-14,Friday,Lunch,Tea,Drinks,195,87,31,56,15,Sunny,Yes,3.7
2025-04-11,Friday,Breakfast,Samosa,Snacks,314,105,53,52,20,Sunny,Yes,3.6
2025-01-06,Monday,Lunch,Coffee,Drinks,422,157,138,19,25,Sunny,Yes,5.0
2025-07-28,Monday,Lunch,Idli,Breakfast,431,141,103,38,35,Cloudy,No,4.5
2025-12-29,Monday,Lunch,Masala Dosa,Meals,533,189,184,5,60,Cloudy,No,3.2
2025-10-13,Monday,Evening,Vada Pav,Snacks,455,128,84,44,25,Rainy,Yes,4.7
2025-11-03,Monday,Lunch,Pav Bhaji,Meals,228,97,33,64,70,Sunny,No,4.9
2025-02-22,Saturday,Breakfast,Tea,Drinks,203,97,38,59,15,Rainy,No,4.4
2025-02-17,Monday,Breakfast,Veg Sandwich,Snacks,535,143,105,38,40,Rainy,Yes,3.3
2025-03-05,Wednesday,Lunch,Cold Drink,Drinks,222,94,29,65,30,Cloudy,Yes,4.3
2025-09-13,Saturday,Lunch,Tea,Drinks,237,109,55,54,15,Rainy,No,4.6
2025-03-16,Sunday,Breakfast,Cold Drink,Drinks,249,99,46,53,30,Rainy,No,4.9
2025-02-14,Friday,Evening,Veg Sandwich,Snacks,155,76,23,53,40,Cloudy,Yes,4.3
2025-11-21,Friday,Lunch,Coffee,Drinks,216,91,28,63,25,Sunny,No,3.3
2025-01-16,Thursday,Breakfast,Coffee,Drinks,582,171,171,0,25,Cloudy,No,3.3
2025-04-08,Tuesday,Evening,Coffee,Drinks,212,85,24,61,25,Sunny,No,3.4
2025-01-23,Thursday,Lunch,Cold Drink,Drinks,561,184,177,7,30,Rainy,Yes,4.8
2025-09-22,Monday,Lunch,Veg Sandwich,Snacks,562,167,152,15,40,Cloudy,Yes,3.3
2025-04-04,Friday,Lunch,Veg Sandwich,Snacks,364,142,104,38,40,Cloudy,No,3.9
2025-07-24,Thursday,Evening,Idli,Breakfast,324,108,46,62,35,Sunny,Yes,4.3
2025-10-27,Monday,Evening,Pav Bhaji,Meals,373,116,57,59,70,Cloudy,No,4.8
2025-06-18,Wednesday,Evening,Pav Bhaji,Meals,370,124,75,49,70,Sunny,Yes,4.1
2025-09-19,Friday,Lunch,Tea,Drinks,327,113,58,55,15,Cloudy,Yes,4.3
2025-01-27,Monday,Lunch,Vada Pav,Snacks,220,105,42,63,25,Rainy,Yes,4.6
2025-04-10,Thursday,Evening,Tea,Drinks,154,84,22,62,15,Cloudy,No,4.3
2025-08-17,Sunday,Breakfast,Idli,Breakfast,465,143,104,39,35,Sunny,Yes,3.7
2025-05-12,Monday,Evening,Idli,Breakfast,558,164,155,9,35,Cloudy,Yes,4.1
2025-06-07,Saturday,Breakfast,Idli,Breakfast,514,151,126,25,35,Sunny,No,4.5
2025-07-05,Saturday,Breakfast,Veg Thali,Meals,375,127,74,53,90,Sunny,Yes,4.9
2025-07-29,Tuesday,Lunch,Masala Dosa,Meals,477,165,149,16,60,Sunny,No,4.3
2025-07-21,Monday,Lunch,Veg Sandwich,Snacks,563,192,192,0,40,Rainy,No,4.0
2025-11-17,Monday,Evening,Tea,Drinks,577,173,166,7,15,Cloudy,No,4.2
2025-03-27,Thursday,Lunch,Cold Drink,Drinks,489,160,139,21,30,Sunny,Yes,4.4
2025-01-01,Wednesday,Breakfast,Cold Drink,Drinks,261,99,34,65,30,Sunny,Yes,3.9
2025-09-19,Friday,Evening,Pav Bhaji,Meals,368,128,88,40,70,Rainy,No,3.8
2025-07-29,Tuesday,Evening,Coffee,Drinks,407,124,81,43,25,Sunny,No,4.1
2025-09-03,Wednesday,Lunch,Veg Thali,Meals,444,144,104,40,90,Cloudy,No,3.5
2025-11-22,Saturday,Breakfast,Samosa,Snacks,394,134,96,38,20,Cloudy,No,3.7
2025-11-18,Tuesday,Breakfast,Cold Drink,Drinks,508,143,112,31,30,Rainy,No,3.9
2025-05-22,Thursday,Breakfast,Samosa,Snacks,511,170,164,6,20,Rainy,No,4.4
2025-03-22,Saturday,Lunch,Coffee,Drinks,315,127,82,45,25,Sunny,Yes,4.0
2025-05-12,Monday,Lunch,Masala Dosa,Meals,287,111,54,57,60,Rainy,No,3.1
2025-07-03,Thursday,Evening,Tea,Drinks,309,110,57,53,15,Sunny,No,3.9
2025-01-05,Sunday,Breakfast,Idli,Breakfast,255,92,27,65,35,Cloudy,Yes,3.8
2025-04-09,Wednesday,Breakfast,Samosa,Snacks,538,160,146,14,20,Rainy,No,4.3
2025-03-30,Sunday,Lunch,Vada Pav,Snacks,214,102,49,53,25,Rainy,No,4.5
2025-06-06,Friday,Evening,Idli,Breakfast,235,95,29,66,35,Cloudy,No,4.1
2025-09-24,Wednesday,Lunch,Tea,Drinks,485,175,175,0,15,Rainy,Yes,4.3
2025-09-17,Wednesday,Breakfast,Veg Thali,Meals,154,85,27,58,90,Sunny,Yes,3.0
2025-06-20,Friday,Breakfast,Coffee,Drinks,532,168,161,7,25,Sunny,No,3.8
2025-09-06,Saturday,Breakfast,Pav Bhaji,Meals,317,111,49,62,70,Cloudy,No,3.7
2025-10-27,Monday,Breakfast,Tea,Drinks,170,83,21,62,15,Rainy,No,4.9
2025-07-26,Saturday,Evening,Vada Pav,Snacks,403,134,96,38,25,Sunny,Yes,3.4
2025-12-23,Tuesday,Lunch,Idli,Breakfast,443,152,122,30,35,Sunny,Yes,4.4
2025-06-28,Saturday,Lunch,Coffee,Drinks,528,180,176,4,25,Rainy,Yes,4.5
2025-03-29,Saturday,Breakfast,Pav Bhaji,Meals,314,114,66,48,70,Rainy,Yes,3.0
2025-09-12,Friday,Lunch,Pav Bhaji,Meals,597,165,150,15,70,Cloudy,Yes,3.8
2025-08-02,Saturday,Lunch,Masala Dosa,Meals,460,152,127,25,60,Cloudy,No,3.5
2025-07-22,Tuesday,Breakfast,Coffee,Drinks,437,148,124,24,25,Rainy,Yes,3.7
2025-12-08,Monday,Evening,Idli,Breakfast,201,89,28,61,35,Rainy,Yes,3.7
2025-03-20,Thursday,Evening,Veg Thali,Meals,303,112,53,59,90,Sunny,No,3.7
2025-12-11,Thursday,Breakfast,Tea,Drinks,291,108,55,53,15,Rainy,Yes,4.5
2025-09-22,Monday,Evening,Pav Bhaji,Meals,489,139,101,38,70,Rainy,No,3.9
2025-07-14,Monday,Lunch,Idli,Breakfast,168,86,23,63,35,Cloudy,Yes,4.5
2025-05-15,Thursday,Evening,Masala Dosa,Meals,476,162,146,16,60,Cloudy,Yes,4.1
2025-12-03,Wednesday,Lunch,Samosa,Snacks,322,133,94,39,20,Cloudy,Yes,3.0
2025-10-26,Sunday,Lunch,Idli,Breakfast,589,178,178,0,35,Sunny,No,3.5
2025-02-27,Thursday,Lunch,Masala Dosa,Meals,334,124,68,56,60,Rainy,No,4.3
2025-02-26,Wednesday,Breakfast,Pav Bhaji,Meals,479,144,106,38,70,Cloudy,No,4.5
2025-11-11,Tuesday,Lunch,Masala Dosa,Meals,489,167,158,9,60,Sunny,No,3.3
2025-06-30,Monday,Lunch,Coffee,Drinks,406,133,87,46,25,Cloudy,No,3.7
2025-11-28,Friday,Evening,Coffee,Drinks,308,112,60,52,25,Sunny,No,3.7
2025-04-20,Sunday,Evening,Pav Bhaji,Meals,227,96,35,61,70,Sunny,Yes,3.7
2025-01-10,Friday,Evening,Idli,Breakfast,552,170,163,7,35,Cloudy,No,4.7
2025-07-05,Saturday,Evening,Samosa,Snacks,484,130,90,40,20,Cloudy,No,4.8
2025-09-29,Monday,Lunch,Samosa,Snacks,547,159,137,22,20,Sunny,No,4.5
2025-12-02,Tuesday,Evening,Veg Thali,Meals,377,111,50,61,90,Sunny,No,3.5
2025-10-31,Friday,Lunch,Samosa,Snacks,280,116,63,53,20,Rainy,No,4.4
2025-12-22,Monday,Breakfast,Veg Thali,Meals,213,96,39,57,90,Rainy,No,3.7
2025-01-22,Wednesday,Evening,Masala Dosa,Meals,405,137,96,41,60,Cloudy,No,3.1
2025-08-25,Monday,Breakfast,Masala Dosa,Meals,461,125,77,48,60,Cloudy,Yes,3.7
2025-12-14,Sunday,Breakfast,Veg Sandwich,Snacks,538,167,158,9,40,Sunny,No,3.9
2025-11-27,Thursday,Lunch,Idli,Breakfast,167,90,25,65,35,Cloudy,No,4.9
2025-06-10,Tuesday,Lunch,Samosa,Snacks,353,119,72,47,20,Rainy,Yes,3.7
2025-05-02,Friday,Evening,Cold Drink,Drinks,544,156,137,19,30,Rainy,No,3.5
2025-04-12,Saturday,Lunch,Coffee,Drinks,272,115,64,51,25,Cloudy,No,3.8
2025-09-08,Monday,Breakfast,Coffee,Drinks,215,89,23,66,25,Sunny,Yes,4.9
2025-04-29,Tuesday,Lunch,Samosa,Snacks,535,153,124,29,20,Sunny,Yes,3.1
2025-08-28,Thursday,Lunch,Vada Pav,Snacks,402,154,127,27,25,Rainy,No,3.9
2025-12-11,Thursday,Breakfast,Pav Bhaji,Meals,395,127,86,41,70,Rainy,No,4.8
2025-12-22,Monday,Lunch,Cold Drink,Drinks,161,88,28,60,30,Sunny,Yes,4.3
2025-04-27,Sunday,Lunch,Tea,Drinks,581,175,166,9,15,Cloudy,Yes,4.0
2025-06-25,Wednesday,Breakfast,Tea,Drinks,271,110,52,58,15,Rainy,No,4.4
2025-02-04,Tuesday,Breakfast,Cold Drink,Drinks,592,165,156,9,30,Rainy,No,3.2
2025-03-06,Thursday,Evening,Vada Pav,Snacks,250,95,39,56,25,Sunny,Yes,3.3
2025-03-23,Sunday,Lunch,Samosa,Snacks,205,100,43,57,20,Rainy,No,4.1
2025-03-17,Monday,Lunch,Idli,Breakfast,592,204,204,0,35,Cloudy,No,3.6
2025-05-16,Friday,Evening,Veg Thali,Meals,343,110,58,52,90,Cloudy,Yes,4.6
2025-05-24,Saturday,Lunch,Samosa,Snacks,206,100,46,54,20,Rainy,Yes,4.1
2025-12-23,Tuesday,Lunch,Samosa,Snacks,259,102,37,65,20,Cloudy,No,4.4
2025-03-15,Saturday,Breakfast,Masala Dosa,Meals,432,142,103,39,60,Rainy,Yes,3.9
2025-08-08,Friday,Evening,Veg Thali,Meals,549,174,166,8,90,Sunny,No,3.5
2025-12-10,Wednesday,Breakfast,Vada Pav,Snacks,164,84,21,63,25,Sunny,No,3.4
2025-06-15,Sunday,Lunch,Veg Sandwich,Snacks,199,93,35,58,40,Sunny,Yes,3.4
2025-07-19,Saturday,Breakfast,Masala Dosa,Meals,150,84,24,60,60,Rainy,No,4.8
2025-08-28,Thursday,Lunch,Veg Sandwich,Snacks,524,187,187,0,40,Rainy,Yes,4.3
2025-08-11,Monday,Breakfast,Cold Drink,Drinks,271,96,40,56,30,Cloudy,No,3.7
2025-09-05,Friday,Lunch,Coffee,Drinks,502,151,118,33,25,Sunny,No,4.0
2025-01-22,Wednesday,Lunch,Cold Drink,Drinks,418,145,116,29,30,Rainy,No,3.6
2025-09-14,Sunday,Lunch,Idli,Breakfast,263,116,66,50,35,Sunny,Yes,3.3
2025-06-02,Monday,Evening,Pav Bhaji,Meals,557,166,156,10,70,Cloudy,No,3.6
2025-10-29,Wednesday,Evening,Samosa,Snacks,355,126,82,44,20,Sunny,No,4.5
2025-11-08,Saturday,Evening,Veg Sandwich,Snacks,348,131,91,40,40,Cloudy,Yes,4.4
2025-09-07,Sunday,Evening,Veg Sandwich,Snacks,267,100,45,55,40,Cloudy,Yes,5.0
2025-12-28,Sunday,Evening,Coffee,Drinks,499,151,128,23,25,Sunny,Yes,4.7
2025-10-14,Tuesday,Evening,Samosa,Snacks,246,100,42,58,20,Cloudy,Yes,4.9
2025-08-25,Monday,Lunch,Vada Pav,Snacks,210,90,27,63,25,Cloudy,Yes,4.3
2025-07-23,Wednesday,Evening,Vada Pav,Snacks,549,155,126,29,25,Cloudy,Yes,3.3
2025-02-27,Thursday,Lunch,Idli,Breakfast,526,163,146,17,35,Sunny,No,4.0
2025-03-14,Friday,Evening,Masala Dosa,Meals,251,105,54,51,60,Cloudy,Yes,3.6
2025-12-16,Tuesday,Evening,Samosa,Snacks,152,79,25,54,20,Cloudy,No,3.7
2025-02-13,Thursday,Lunch,Veg Thali,Meals,323,124,80,44,90,Cloudy,No,4.4
2025-06-26,Thursday,Breakfast,Veg Sandwich,Snacks,598,160,148,12,40,Sunny,Yes,4.5
2025-03-19,Wednesday,Evening,Masala Dosa,Meals,246,96,40,56,60,Sunny,No,4.2
2025-09-04,Thursday,Evening,Idli,Breakfast,156,84,31,53,35,Sunny,No,4.2
2025-02-21,Friday,Lunch,Coffee,Drinks,191,88,27,61,25,Cloudy,Yes,3.8
2025-08-20,Wednesday,Breakfast,Idli,Breakfast,305,105,52,53,35,Sunny,Yes,3.8
2025-06-18,Wednesday,Breakfast,Tea,Drinks,279,111,59,52,15,Rainy,Yes,4.1
2025-06-14,Saturday,Breakfast,Masala Dosa,Meals,379,114,62,52,60,Cloudy,No,3.9
2025-07-26,Saturday,Lunch,Coffee,Drinks,593,199,190,9,25,Rainy,No,3.8
2025-04-25,Friday,Lunch,Pav Bhaji,Meals,485,165,157,8,70,Rainy,No,4.7
2025-02-10,Monday,Evening,Coffee,Drinks,539,146,110,36,25,Sunny,Yes,3.5
2025-08-04,Monday,Evening,Coffee,Drinks,320,125,75,50,25,Cloudy,No,3.2
2025-01-01,Wednesday,Lunch,Cold Drink,Drinks,293,117,69,48,30,Rainy,Yes,4.7
2025-08-13,Wednesday,Evening,Masala Dosa,Meals,581,187,184,3,60,Sunny,Yes,3.0
2025-06-24,Tuesday,Lunch,Vada Pav,Snacks,397,142,112,30,25,Sunny,No,4.2
2025-07-04,Friday,Evening,Veg Thali,Meals,561,176,168,8,90,Cloudy,No,3.2
2025-09-05,Friday,Evening,Coffee,Drinks,350,116,66,50,25,Cloudy,No,4.5
2025-08-03,Sunday,Lunch,Coffee,Drinks,226,94,34,60,25,Rainy,No,4.4
2025-04-18,Friday,Lunch,Cold Drink,Drinks,322,128,84,44,30,Cloudy,Yes,3.0
2025-09-17,Wednesday,Lunch,Tea,Drinks,420,129,82,47,15,Cloudy,No,3.8
2025-10-30,Thursday,Evening,Idli,Breakfast,243,90,32,58,35,Rainy,No,3.3
2025-07-29,Tuesday,Evening,Coffee,Drinks,167,88,28,60,25,Rainy,No,3.9
2025-07-11,Friday,Lunch,Veg Sandwich,Snacks,537,173,173,0,40,Rainy,Yes,3.8
2025-07-12,Saturday,Breakfast,Coffee,Drinks,389,138,105,33,25,Rainy,Yes,4.5
2025-08-16,Saturday,Breakfast,Samosa,Snacks,178,92,26,66,20,Cloudy,Yes,3.3
2025-11-02,Sunday,Lunch,Vada Pav,Snacks,245,103,49,54,25,Rainy,Yes,4.8
2025-05-28,Wednesday,Breakfast,Vada Pav,Snacks,268,94,30,64,25,Sunny,Yes,3.4
2025-10-29,Wednesday,Breakfast,Veg Thali,Meals,293,114,67,47,90,Cloudy,Yes,4.4
2025-01-15,Wednesday,Lunch,Idli,Breakfast,282,117,57,60,35,Rainy,Yes,3.8
2025-06-26,Thursday,Evening,Vada Pav,Snacks,247,100,41,59,25,Cloudy,No,3.6
2025-03-13,Thursday,Evening,Veg Thali,Meals,196,85,30,55,90,Sunny,No,4.7
2025-01-17,Friday,Lunch,Veg Thali,Meals,279,108,52,56,90,Rainy,No,4.6
2025-06-24,Tuesday,Breakfast,Samosa,Snacks,209,87,26,61,20,Rainy,Yes,3.7
2025-06-09,Monday,Breakfast,Cold Drink,Drinks,560,151,124,27,30,Sunny,No,3.8
2025-06-04,Wednesday,Breakfast,Pav Bhaji,Meals,320,115,61,54,70,Sunny,No,4.1
2025-11-23,Sunday,Lunch,Cold Drink,Drinks,353,117,68,49,30,Sunny,Yes,4.2
2025-03-08,Saturday,Breakfast,Samosa,Snacks,277,95,30,65,20,Sunny,No,4.2
2025-06-16,Monday,Evening,Tea,Drinks,362,123,74,49,15,Sunny,Yes,4.1
2025-09-05,Friday,Breakfast,Cold Drink,Drinks,404,123,69,54,30,Sunny,Yes,4.6
2025-10-18,Saturday,Lunch,Tea,Drinks,238,103,48,55,15,Rainy,Yes,4.2
2025-06-08,Sunday,Lunch,Samosa,Snacks,368,124,70,54,20,Sunny,Yes,4.1
2025-09-17,Wednesday,Breakfast,Coffee,Drinks,152,75,10,65,25,Sunny,No,3.4
2025-09-07,Sunday,Lunch,Pav Bhaji,Meals,500,178,171,7,70,Sunny,Yes,4.4
2025-12-27,Saturday,Evening,Veg Sandwich,Snacks,192,86,25,61,40,Rainy,No,4.9
2025-02-04,Tuesday,Lunch,Veg Thali,Meals,421,149,124,25,90,Cloudy,Yes,3.1
2025-05-18,Sunday,Lunch,Tea,Drinks,217,101,36,65,15,Cloudy,No,4.6
2025-07-02,Wednesday,Breakfast,Tea,Drinks,498,140,98,42,15,Rainy,No,4.7
2025-04-28,Monday,Evening,Tea,Drinks,178,82,24,58,15,Cloudy,No,4.9
2025-04-07,Monday,Breakfast,Veg Sandwich,Snacks,443,126,75,51,40,Cloudy,No,4.4
2025-04-21,Monday,Lunch,Cold Drink,Drinks,512,162,152,10,30,Rainy,Yes,3.2
2025-05-13,Tuesday,Lunch,Coffee,Drinks,454,139,101,38,25,Sunny,Yes,3.2
2025-12-06,Saturday,Evening,Pav Bhaji,Meals,406,134,92,42,70,Rainy,Yes,3.0
2025-07-06,Sunday,Breakfast,Samosa,Snacks,439,141,111,30,20,Cloudy,No,5.0
2025-12-09,Tuesday,Breakfast,Veg Sandwich,Snacks,466,128,77,51,40,Sunny,No,3.1
2025-10-15,Wednesday,Breakfast,Cold Drink,Drinks,520,139,97,42,30,Rainy,No,4.4
2025-10-17,Friday,Lunch,Veg Sandwich,Snacks,575,190,190,0,40,Cloudy,Yes,3.7
2025-03-24,Monday,Evening,Samosa,Snacks,325,125,82,43,20,Rainy,No,3.2
2025-08-08,Friday,Breakfast,Idli,Breakfast,480,138,94,44,35,Cloudy,Yes,4.9
2025-08-27,Wednesday,Lunch,Coffee,Drinks,304,129,81,48,25,Rainy,Yes,4.8
2025-06-03,Tuesday,Evening,Coffee,Drinks,573,149,116,33,25,Sunny,No,3.7
2025-02-10,Monday,Evening,Cold Drink,Drinks,271,97,41,56,30,Rainy,Yes,4.2
2025-08-29,Friday,Evening,Coffee,Drinks,270,108,52,56,25,Rainy,No,4.0
2025-05-13,Tuesday,Lunch,Masala Dosa,Meals,475,161,143,18,60,Cloudy,Yes,4.7
2025-11-15,Saturday,Lunch,Cold Drink,Drinks,403,136,90,46,30,Sunny,No,3.7
2025-07-27,Sunday,Evening,Veg Thali,Meals,264,109,55,54,90,Rainy,Yes,4.8
2025-01-25,Saturday,Breakfast,Veg Thali,Meals,423,139,96,43,90,Rainy,Yes,3.6
2025-10-25,Saturday,Lunch,Veg Sandwich,Snacks,470,158,131,27,40,Sunny,Yes,4.2
2025-08-03,Sunday,Evening,Pav Bhaji,Meals,397,126,76,50,70,Sunny,No,4.8
2025-07-27,Sunday,Lunch,Vada Pav,Snacks,214,99,34,65,25,Cloudy,No,3.4
2025-11-03,Monday,Breakfast,Veg Sandwich,Snacks,454,155,135,20,40,Sunny,No,4.9
2025-02-21,Friday,Evening,Pav Bhaji,Meals,225,88,33,55,70,Cloudy,Yes,3.2
2025-08-24,Sunday,Breakfast,Vada Pav,Snacks,352,114,66,48,25,Cloudy,Yes,3.7
2025-10-20,Monday,Breakfast,Veg Sandwich,Snacks,474,131,89,42,40,Sunny,No,4.6
2025-04-22,Tuesday,Lunch,Idli,Breakfast,420,142,104,38,35,Rainy,No,3.3
2025-10-22,Wednesday,Evening,Masala Dosa,Meals,577,170,168,2,60,Rainy,No,3.8
2025-12-22,Monday,Lunch,Coffee,Drinks,558,165,155,10,25,Sunny,No,3.0
2025-03-28,Friday,Breakfast,Tea,Drinks,543,157,141,16,15,Sunny,No,3.5
2025-06-16,Monday,Breakfast,Veg Sandwich,Snacks,518,157,130,27,40,Sunny,Yes,4.1
2025-12-27,Saturday,Evening,Veg Sandwich,Snacks,371,121,77,44,40,Cloudy,No,4.7
2025-06-09,Monday,Lunch,Vada Pav,Snacks,381,128,86,42,25,Rainy,No,4.4
2025-06-12,Thursday,Lunch,Veg Sandwich,Snacks,515,171,161,10,40,Cloudy,Yes,3.8
2025-09-10,Wednesday,Evening,Vada Pav,Snacks,520,163,149,14,25,Rainy,Yes,4.9
2025-05-18,Sunday,Evening,Masala Dosa,Meals,468,159,144,15,60,Sunny,No,4.1
2025-10-28,Tuesday,Breakfast,Veg Thali,Meals,313,119,72,47,90,Sunny,Yes,3.7
2025-09-20,Saturday,Lunch,Cold Drink,Drinks,505,161,142,19,30,Sunny,No,4.7
2025-09-19,Friday,Breakfast,Masala Dosa,Meals,276,99,39,60,60,Sunny,No,3.5
2025-12-14,Sunday,Breakfast,Veg Sandwich,Snacks,242,94,41,53,40,Sunny,No,3.4
2025-05-31,Saturday,Lunch,Veg Thali,Meals,161,82,29,53,90,Rainy,No,3.9
2025-01-29,Wednesday,Breakfast,Masala Dosa,Meals,327,125,76,49,60,Sunny,No,3.1
2025-05-08,Thursday,Breakfast,Pav Bhaji,Meals,199,92,31,61,70,Sunny,No,4.9
2025-06-16,Monday,Evening,Coffee,Drinks,177,87,31,56,25,Rainy,No,3.1
2025-03-19,Wednesday,Breakfast,Veg Thali,Meals,324,104,49,55,90,Cloudy,No,4.2
2025-07-10,Thursday,Lunch,Samosa,Snacks,217,98,46,52,20,Cloudy,Yes,3.1
2025-09-06,Saturday,Evening,Samosa,Snacks,450,150,127,23,20,Sunny,Yes,4.9
2025-06-26,Thursday,Breakfast,Pav Bhaji,Meals,516,162,144,18,70,Rainy,Yes,4.2
2025-05-11,Sunday,Breakfast,Idli,Breakfast,515,146,114,32,35,Cloudy,Yes,4.7
2025-06-10,Tuesday,Lunch,Coffee,Drinks,212,102,39,63,25,Cloudy,No,4.9
2025-11-20,Thursday,Evening,Vada Pav,Snacks,292,97,44,53,25,Cloudy,Yes,3.9
2025-07-30,Wednesday,Breakfast,Samosa,Snacks,493,163,153,10,20,Rainy,No,3.9
2025-06-11,Wednesday,Breakfast,Veg Sandwich,Snacks,597,166,150,16,40,Sunny,No,3.6
2025-05-29,Thursday,Breakfast,Veg Sandwich,Snacks,310,112,55,57,40,Rainy,No,4.3
2025-08-04,Monday,Evening,Coffee,Drinks,385,118,62,56,25,Sunny,No,4.4
2025-08-05,Tuesday,Breakfast,Cold Drink,Drinks,171,79,14,65,30,Rainy,Yes,4.8
2025-08-02,Saturday,Evening,Samosa,Snacks,584,171,167,4,20,Sunny,Yes,4.7
2025-09-26,Friday,Evening,Cold Drink,Drinks,200,83,28,55,30,Rainy,Yes,4.9
2025-07-20,Sunday,Evening,Samosa,Snacks,347,116,65,51,20,Sunny,Yes,3.9
2025-10-02,Thursday,Evening,Pav Bhaji,Meals,195,95,38,57,70,Rainy,No,3.1
2025-06-29,Sunday,Evening,Veg Sandwich,Snacks,488,141,104,37,40,Rainy,No,4.5
2025-10-02,Thursday,Breakfast,Tea,Drinks,395,114,55,59,15,Sunny,Yes,4.4
2025-03-22,Saturday,Breakfast,Cold Drink,Drinks,207,90,34,56,30,Rainy,No,3.4
2025-04-18,Friday,Lunch,Tea,Drinks,294,116,67,49,15,Sunny,No,4.4
2025-01-15,Wednesday,Evening,Masala Dosa,Meals,175,90,32,58,60,Cloudy,No,4.5
2025-10-27,Monday,Evening,Idli,Breakfast,340,114,57,57,35,Sunny,No,4.2
2025-04-15,Tuesday,Lunch,Coffee,Drinks,190,92,35,57,25,Cloudy,No,3.1
2025-08-11,Monday,Lunch,Cold Drink,Drinks,413,141,99,42,30,Rainy,No,4.7
2025-06-22,Sunday,Lunch,Samosa,Snacks,193,91,25,66,20,Cloudy,No,3.7
2025-11-08,Saturday,Lunch,Tea,Drinks,256,115,56,59,15,Cloudy,Yes,4.0
2025-11-17,Monday,Evening,Coffee,Drinks,257,92,25,67,25,Rainy,Yes,3.3
2025-09-28,Sunday,Lunch,Tea,Drinks,319,128,86,42,15,Sunny,Yes,4.0
2025-05-04,Sunday,Breakfast,Masala Dosa,Meals,200,92,33,59,60,Cloudy,No,3.2
2025-03-24,Monday,Lunch,Samosa,Snacks,340,130,79,51,20,Cloudy,No,4.7
2025-03-15,Saturday,Lunch,Veg Sandwich,Snacks,220,96,30,66,40,Cloudy,No,4.3
2025-06-25,Wednesday,Lunch,Idli,Breakfast,166,89,32,57,35,Rainy,Yes,4.8
2025-04-17,Thursday,Evening,Coffee,Drinks,355,113,60,53,25,Rainy,No,4.0
2025-06-08,Sunday,Lunch,Samosa,Snacks,350,120,75,45,20,Sunny,Yes,4.5
2025-05-08,Thursday,Evening,Masala Dosa,Meals,545,139,103,36,60,Rainy,Yes,3.2
2025-04-25,Friday,Lunch,Vada Pav,Snacks,464,171,167,4,25,Cloudy,Yes,4.4
2025-05-23,Friday,Breakfast,Coffee,Drinks,440,131,84,47,25,Rainy,No,3.8
2025-07-18,Friday,Breakfast,Cold Drink,Drinks,467,138,100,38,30,Cloudy,Yes,4.2
2025-07-13,Sunday,Breakfast,Vada Pav,Snacks,322,121,73,48,25,Sunny,No,3.8
2025-01-03,Friday,Breakfast,Vada Pav,Snacks,277,99,38,61,25,Sunny,Yes,3.1
2025-07-15,Tuesday,Evening,Coffee,Drinks,381,122,75,47,25,Sunny,Yes,3.7
2025-10-16,Thursday,Evening,Veg Sandwich,Snacks,572,182,182,0,40,Cloudy,Yes,4.3
2025-09-17,Wednesday,Breakfast,Pav Bhaji,Meals,185,86,30,56,70,Cloudy,No,4.1
2025-02-28,Friday,Breakfast,Masala Dosa,Meals,446,140,99,41,60,Sunny,No,4.5
2025-09-06,Saturday,Evening,Idli,Breakfast,167,87,26,61,35,Rainy,No,3.2
2025-03-13,Thursday,Lunch,Tea,Drinks,463,147,111,36,15,Cloudy,No,3.0
2025-03-23,Sunday,Lunch,Cold Drink,Drinks,226,95,30,65,30,Cloudy,No,3.5
2025-08-25,Monday,Breakfast,Coffee,Drinks,189,81,16,65,25,Cloudy,No,4.7
2025-02-26,Wednesday,Evening,Veg Sandwich,Snacks,506,157,140,17,40,Sunny,No,4.2
2025-03-04,Tuesday,Lunch,Samosa,Snacks,459,136,89,47,20,Sunny,No,3.0
2025-08-21,Thursday,Breakfast,Cold Drink,Drinks,440,148,125,23,30,Rainy,Yes,4.2
2025-11-12,Wednesday,Breakfast,Pav Bhaji,Meals,583,183,183,0,70,Cloudy,Yes,4.0
2025-10-14,Tuesday,Evening,Masala Dosa,Meals,298,103,39,64,60,Sunny,Yes,3.6
2025-04-12,Saturday,Breakfast,Cold Drink,Drinks,203,87,26,61,30,Sunny,Yes,4.8
2025-12-24,Wednesday,Evening,Masala Dosa,Meals,230,95,38,57,60,Cloudy,Yes,4.3
2025-06-08,Sunday,Lunch,Coffee,Drinks,169,86,29,57,25,Rainy,No,4.5
2025-01-25,Saturday,Lunch,Coffee,Drinks,201,95,30,65,25,Cloudy,No,3.0
2025-02-23,Sunday,Lunch,Pav Bhaji,Meals,540,163,145,18,70,Cloudy,No,4.9
2025-03-20,Thursday,Lunch,Pav Bhaji,Meals,488,170,165,5,70,Cloudy,No,4.5
2025-01-14,Tuesday,Breakfast,Masala Dosa,Meals,589,157,139,18,60,Cloudy,No,4.2
2025-09-26,Friday,Lunch,Veg Sandwich,Snacks,459,157,140,17,40,Sunny,Yes,3.5
2025-11-11,Tuesday,Lunch,Samosa,Snacks,245,113,53,60,20,Rainy,No,3.0
2025-07-17,Thursday,Breakfast,Masala Dosa,Meals,235,94,29,65,60,Cloudy,No,4.4
2025-10-12,Sunday,Breakfast,Pav Bhaji,Meals,400,117,71,46,70,Cloudy,Yes,3.1
2025-01-14,Tuesday,Evening,Idli,Breakfast,357,115,67,48,35,Rainy,No,3.2
2025-06-14,Saturday,Breakfast,Tea,Drinks,169,77,16,61,15,Cloudy,No,3.9
2025-09-24,Wednesday,Lunch,Coffee,Drinks,456,162,150,12,25,Cloudy,No,4.2
2025-09-23,Tuesday,Evening,Veg Thali,Meals,410,130,89,41,90,Cloudy,Yes,3.5
2025-02-24,Monday,Breakfast,Veg Sandwich,Snacks,383,133,91,42,40,Cloudy,Yes,4.0
2025-04-24,Thursday,Evening,Coffee,Drinks,310,114,65,49,25,Rainy,No,3.4
2025-01-19,Sunday,Lunch,Cold Drink,Drinks,202,94,37,57,30,Sunny,Yes,4.4
2025-08-05,Tuesday,Breakfast,Veg Sandwich,Snacks,292,101,37,64,40,Rainy,Yes,3.5
2025-05-31,Saturday,Breakfast,Pav Bhaji,Meals,321,112,54,58,70,Rainy,No,3.5
2025-12-07,Sunday,Evening,Cold Drink,Drinks,305,122,70,52,30,Rainy,No,3.7
2025-03-24,Monday,Breakfast,Idli,Breakfast,205,95,40,55,35,Cloudy,Yes,3.5
2025-05-05,Monday,Breakfast,Veg Sandwich,Snacks,309,109,52,57,40,Rainy,Yes,5.0
2025-04-20,Sunday,Evening,Tea,Drinks,517,159,140,19,15,Sunny,No,3.5
2025-08-21,Thursday,Breakfast,Idli,Breakfast,594,177,170,7,35,Cloudy,No,3.5
2025-09-11,Thursday,Evening,Vada Pav,Snacks,250,106,48,58,25,Rainy,No,4.7
2025-12-05,Friday,Breakfast,Idli,Breakfast,228,96,40,56,35,Cloudy,No,3.2
2025-12-26,Friday,Breakfast,Masala Dosa,Meals,290,114,65,49,60,Rainy,Yes,4.0
2025-11-08,Saturday,Lunch,Coffee,Drinks,167,85,27,58,25,Cloudy,Yes,4.3
2025-09-02,Tuesday,Breakfast,Pav Bhaji,Meals,386,116,67,49,70,Rainy,Yes,3.2
2025-03-11,Tuesday,Lunch,Veg Sandwich,Snacks,351,140,101,39,40,Rainy,Yes,4.5
2025-07-21,Monday,Lunch,Tea,Drinks,256,98,36,62,15,Rainy,No,4.3
2025-11-18,Tuesday,Evening,Pav Bhaji,Meals,334,125,73,52,70,Cloudy,Yes,4.2
2025-05-02,Friday,Lunch,Vada Pav,Snacks,393,145,111,34,25,Rainy,Yes,3.8
2025-10-26,Sunday,Breakfast,Pav Bhaji,Meals,314,108,54,54,70,Sunny,Yes,4.8
2025-07-19,Saturday,Breakfast,Veg Sandwich,Snacks,174,88,34,54,40,Rainy,Yes,4.6
2025-12-08,Monday,Evening,Veg Sandwich,Snacks,192,82,17,65,40,Cloudy,No,4.7
2025-08-24,Sunday,Breakfast,Cold Drink,Drinks,282,98,34,64,30,Cloudy,Yes,4.7
2025-01-01,Wednesday,Breakfast,Cold Drink,Drinks,412,133,87,46,30,Sunny,Yes,4.3
2025-07-12,Saturday,Evening,Idli,Breakfast,176,84,21,63,35,Rainy,No,4.3
2025-04-22,Tuesday,Breakfast,Veg Sandwich,Snacks,285,107,51,56,40,Rainy,No,4.4
2025-08-27,Wednesday,Evening,Masala Dosa,Meals,471,160,147,13,60,Cloudy,No,3.8
2025-11-07,Friday,Breakfast,Vada Pav,Snacks,186,92,26,66,25,Rainy,Yes,3.8
2025-02-11,Tuesday,Evening,Tea,Drinks,570,163,143,20,15,Cloudy,Yes,4.3
2025-11-18,Tuesday,Evening,Masala Dosa,Meals,574,151,121,30,60,Sunny,Yes,4.5
2025-12-20,Saturday,Evening,Tea,Drinks,461,142,105,37,15,Sunny,No,4.8
2025-11-09,Sunday,Evening,Samosa,Snacks,361,116,69,47,20,Cloudy,No,3.5
2025-04-26,Saturday,Evening,Samosa,Snacks,515,159,138,21,20,Rainy,Yes,3.3
2025-10-01,Wednesday,Breakfast,Tea,Drinks,562,148,120,28,15,Cloudy,Yes,3.5
2025-10-26,Sunday,Lunch,Idli,Breakfast,583,196,189,7,35,Rainy,No,4.9
2025-06-10,Tuesday,Breakfast,Idli,Breakfast,362,117,65,52,35,Cloudy,No,3.6
2025-05-08,Thursday,Evening,Tea,Drinks,542,158,145,13,15,Rainy,No,4.9
2025-03-01,Saturday,Breakfast,Veg Thali,Meals,550,141,101,40,90,Sunny,Yes,3.0
2025-12-29,Monday,Evening,Veg Sandwich,Snacks,314,112,63,49,40,Rainy,No,3.7
2025-12-26,Friday,Lunch,Idli,Breakfast,495,171,167,4,35,Rainy,Yes,4.4
2025-03-27,Thursday,Lunch,Cold Drink,Drinks,395,129,81,48,30,Rainy,Yes,4.2
2025-12-19,Friday,Breakfast,Veg Sandwich,Snacks,515,170,161,9,40,Rainy,No,3.9
2025-03-01,Saturday,Lunch,Vada Pav,Snacks,520,175,169,6,25,Cloudy,No,3.3
2025-06-15,Sunday,Evening,Veg Thali,Meals,187,82,21,61,90,Rainy,Yes,3.7
2025-11-14,Friday,Evening,Idli,Breakfast,400,136,101,35,35,Cloudy,Yes,4.1
2025-11-05,Wednesday,Lunch,Coffee,Drinks,586,193,185,8,25,Rainy,No,4.1
2025-11-26,Wednesday,Breakfast,Veg Thali,Meals,518,160,137,23,90,Cloudy,No,3.1
2025-12-12,Friday,Breakfast,Tea,Drinks,383,132,88,44,15,Sunny,Yes,3.3
2025-07-01,Tuesday,Lunch,Coffee,Drinks,591,165,152,13,25,Cloudy,Yes,4.9
2025-05-30,Friday,Evening,Vada Pav,Snacks,255,106,51,55,25,Sunny,Yes,3.1
2025-07-23,Wednesday,Breakfast,Veg Sandwich,Snacks,530,159,135,24,40,Rainy,Yes,4.3
2025-11-23,Sunday,Evening,Vada Pav,Snacks,411,146,120,26,25,Cloudy,Yes,4.7
2025-02-26,Wednesday,Breakfast,Coffee,Drinks,499,134,95,39,25,Rainy,Yes,3.9
2025-08-07,Thursday,Lunch,Veg Thali,Meals,428,136,95,41,90,Cloudy,Yes,3.3
2025-02-02,Sunday,Evening,Coffee,Drinks,582,150,122,28,25,Sunny,No,3.5
2025-12-11,Thursday,Breakfast,Tea,Drinks,499,149,124,25,15,Rainy,Yes,3.9
2025-04-18,Friday,Evening,Tea,Drinks,317,116,67,49,15,Sunny,Yes,3.7
2025-06-19,Thursday,Breakfast,Veg Sandwich,Snacks,159,76,11,65,40,Cloudy,Yes,4.2
2025-12-19,Friday,Evening,Veg Thali,Meals,513,149,116,33,90,Sunny,Yes,3.4
2025-01-25,Saturday,Breakfast,Masala Dosa,Meals,364,112,54,58,60,Sunny,No,3.6
2025-03-20,Thursday,Evening,Cold Drink,Drinks,268,107,53,54,30,Sunny,Yes,3.3
2025-11-24,Monday,Lunch,Masala Dosa,Meals,383,138,98,40,60,Cloudy,Yes,4.5
2025-03-14,Friday,Evening,Veg Sandwich,Snacks,592,184,184,0,40,Rainy,Yes,3.8
2025-03-05,Wednesday,Lunch,Tea,Drinks,463,162,144,18,15,Cloudy,No,3.0
2025-04-16,Wednesday,Breakfast,Veg Thali,Meals,341,107,43,64,90,Cloudy,No,3.8
2025-08-12,Tuesday,Lunch,Veg Thali,Meals,447,134,93,41,90,Cloudy,Yes,3.6
2025-06-19,Thursday,Evening,Veg Sandwich,Snacks,201,90,27,63,40,Cloudy,Yes,3.3
2025-07-31,Thursday,Evening,Vada Pav,Snacks,414,126,73,53,25,Sunny,Yes,3.7
2025-06-12,Thursday,Breakfast,Idli,Breakfast,562,145,116,29,35,Cloudy,No,4.5
2025-03-04,Tuesday,Lunch,Vada Pav,Snacks,512,152,122,30,25,Cloudy,No,4.4
2025-03-10,Monday,Evening,Cold Drink,Drinks,174,91,34,57,30,Cloudy,Yes,3.9
2025-06-05,Thursday,Breakfast,Pav Bhaji,Meals,288,117,71,46,70,Rainy,Yes,4.4
2025-09-12,Friday,Lunch,Vada Pav,Snacks,324,125,70,55,25,Rainy,Yes,4.5
2025-02-14,Friday,Breakfast,Pav Bhaji,Meals,547,151,128,23,70,Sunny,No,3.9
2025-04-03,Thursday,Lunch,Coffee,Drinks,510,160,140,20,25,Rainy,Yes,3.2
2025-08-16,Saturday,Lunch,Cold Drink,Drinks,450,135,91,44,30,Sunny,Yes,4.6
2025-10-01,Wednesday,Evening,Veg Sandwich,Snacks,511,137,98,39,40,Rainy,No,3.9
2025-06-08,Sunday,Breakfast,Vada Pav,Snacks,461,158,136,22,25,Sunny,No,4.9
2025-06-01,Sunday,Evening,Pav Bhaji,Meals,455,135,98,37,70,Sunny,Yes,3.7
2025-07-28,Monday,Lunch,Pav Bhaji,Meals,377,123,70,53,70,Cloudy,Yes,4.6
2025-10-31,Friday,Evening,Masala Dosa,Meals,159,84,25,59,60,Rainy,No,3.8
2025-03-15,Saturday,Lunch,Veg Thali,Meals,316,111,55,56,90,Rainy,Yes,3.0
2025-10-19,Sunday,Lunch,Cold Drink,Drinks,442,159,135,24,30,Cloudy,Yes,4.8
2025-12-04,Thursday,Breakfast,Vada Pav,Snacks,209,89,31,58,25,Sunny,Yes,4.2
2025-07-12,Saturday,Breakfast,Veg Sandwich,Snacks,413,131,90,41,40,Sunny,No,4.5
2025-03-08,Saturday,Evening,Cold Drink,Drinks,475,127,80,47,30,Rainy,Yes,3.6
2025-02-24,Monday,Evening,Samosa,Snacks,532,159,147,12,20,Sunny,No,4.7
2025-03-06,Thursday,Lunch,Samosa,Snacks,474,172,172,0,20,Cloudy,No,4.7
2025-04-23,Wednesday,Breakfast,Cold Drink,Drinks,496,163,144,19,30,Cloudy,No,4.0
2025-11-26,Wednesday,Evening,Idli,Breakfast,412,133,96,37,35,Cloudy,Yes,3.5
2025-05-01,Thursday,Evening,Coffee,Drinks,352,108,54,54,25,Rainy,Yes,3.0
2025-01-03,Friday,Lunch,Masala Dosa,Meals,404,144,112,32,60,Rainy,No,4.7
2025-12-01,Monday,Lunch,Veg Thali,Meals,310,128,79,49,90,Cloudy,No,3.6
2025-01-23,Thursday,Lunch,Tea,Drinks,447,138,102,36,15,Sunny,No,4.5
2025-06-25,Wednesday,Lunch,Masala Dosa,Meals,302,129,77,52,60,Cloudy,No,4.4
2025-01-16,Thursday,Evening,Veg Thali,Meals,277,114,61,53,90,Cloudy,Yes,3.7
2025-11-17,Monday,Evening,Idli,Breakfast,529,168,164,4,35,Sunny,No,4.6
2025-08-08,Friday,Lunch,Cold Drink,Drinks,587,182,176,6,30,Cloudy,No,4.8
2025-09-12,Friday,Lunch,Tea,Drinks,490,155,134,21,15,Rainy,Yes,3.6
2025-04-22,Tuesday,Lunch,Veg Sandwich,Snacks,400,126,79,47,40,Rainy,Yes,4.3
2025-02-20,Thursday,Evening,Coffee,Drinks,388,138,102,36,25,Cloudy,Yes,4.3
2025-04-09,Wednesday,Lunch,Veg Sandwich,Snacks,478,157,137,20,40,Rainy,Yes,3.4
2025-10-26,Sunday,Breakfast,Vada Pav,Snacks,247,95,32,63,25,Sunny,No,4.8
2025-07-29,Tuesday,Evening,Idli,Breakfast,459,157,134,23,35,Cloudy,Yes,4.4
2025-01-23,Thursday,Evening,Vada Pav,Snacks,264,111,59,52,25,Sunny,Yes,4.6
2025-06-11,Wednesday,Breakfast,Vada Pav,Snacks,384,132,93,39,25,Sunny,No,3.7
2025-03-02,Sunday,Lunch,Idli,Breakfast,380,138,92,46,35,Sunny,No,3.4
2025-03-07,Friday,Breakfast,Veg Thali,Meals,396,123,78,45,90,Cloudy,Yes,4.2
2025-01-18,Saturday,Evening,Masala Dosa,Meals,513,147,120,27,60,Cloudy,No,3.9
2025-01-22,Wednesday,Breakfast,Veg Sandwich,Snacks,170,83,18,65,40,Cloudy,Yes,3.4
2025-06-08,Sunday,Lunch,Pav Bhaji,Meals,438,158,132,26,70,Cloudy,No,4.5
2025-02-25,Tuesday,Evening,Idli,Breakfast,277,114,56,58,35,Rainy,Yes,4.0
2025-01-08,Wednesday,Lunch,Pav Bhaji,Meals,165,82,18,64,70,Cloudy,No,3.3
2025-03-18,Tuesday,Evening,Masala Dosa,Meals,485,142,103,39,60,Rainy,Yes,3.6
2025-10-13,Monday,Evening,Pav Bhaji,Meals,277,114,58,56,70,Rainy,Yes,3.7
2025-06-24,Tuesday,Evening,Pav Bhaji,Meals,176,81,20,61,70,Sunny,No,3.9
2025-09-13,Saturday,Lunch,Coffee,Drinks,543,189,183,6,25,Rainy,No,3.5
2025-03-12,Wednesday,Lunch,Tea,Drinks,589,172,172,0,15,Sunny,Yes,3.8
2025-01-15,Wednesday,Evening,Vada Pav,Snacks,505,147,115,32,25,Rainy,Yes,4.4
2025-03-14,Friday,Lunch,Idli,Breakfast,158,81,24,57,35,Sunny,Yes,3.9
2025-06-22,Sunday,Evening,Veg Sandwich,Snacks,355,128,75,53,40,Sunny,No,3.9
2025-08-25,Monday,Breakfast,Samosa,Snacks,324,106,43,63,20,Rainy,Yes,3.4
2025-04-17,Thursday,Lunch,Veg Thali,Meals,463,151,125,26,90,Sunny,No,4.8
2025-02-28,Friday,Lunch,Vada Pav,Snacks,522,174,174,0,25,Sunny,Yes,4.4
2025-04-29,Tuesday,Evening,Samosa,Snacks,529,158,138,20,20,Rainy,Yes,4.6
2025-11-09,Sunday,Breakfast,Samosa,Snacks,151,74,10,64,20,Cloudy,Yes,3.3
2025-08-02,Saturday,Breakfast,Veg Sandwich,Snacks,436,137,100,37,40,Sunny,Yes,3.9
2025-05-24,Saturday,Breakfast,Coffee,Drinks,549,150,124,26,25,Sunny,No,3.6
2025-10-05,Sunday,Evening,Coffee,Drinks,554,142,103,39,25,Sunny,Yes,3.3
2025-12-21,Sunday,Evening,Cold Drink,Drinks,575,184,177,7,30,Rainy,Yes,3.8
2025-10-23,Thursday,Evening,Veg Sandwich,Snacks,299,114,58,56,40,Cloudy,No,4.0
2025-06-15,Sunday,Breakfast,Veg Thali,Meals,401,140,102,38,90,Cloudy,Yes,4.6
2025-01-10,Friday,Evening,Tea,Drinks,575,150,125,25,15,Cloudy,No,3.5
2025-06-25,Wednesday,Breakfast,Pav Bhaji,Meals,386,128,86,42,70,Sunny,No,3.5
2025-09-11,Thursday,Evening,Cold Drink,Drinks,283,96,41,55,30,Sunny,No,4.4
2025-05-20,Tuesday,Lunch,Pav Bhaji,Meals,395,147,109,38,70,Cloudy,No,5.0
2025-02-14,Friday,Breakfast,Idli,Breakfast,413,146,109,37,35,Rainy,No,4.1
2025-03-21,Friday,Lunch,Cold Drink,Drinks,181,90,26,64,30,Rainy,Yes,4.8
2025-12-18,Thursday,Evening,Samosa,Snacks,512,143,108,35,20,Rainy,No,3.1
2025-06-24,Tuesday,Breakfast,Coffee,Drinks,188,81,21,60,25,Rainy,No,4.5
2025-07-23,Wednesday,Evening,Cold Drink,Drinks,155,83,27,56,30,Sunny,Yes,3.8
2025-06-06,Friday,Lunch,Idli,Breakfast,579,164,154,10,35,Cloudy,Yes,4.0
2025-03-05,Wednesday,Breakfast,Veg Thali,Meals,218,89,27,62,90,Rainy,No,4.3
2025-05-19,Monday,Breakfast,Tea,Drinks,555,164,145,19,15,Sunny,Yes,5.0
2025-10-12,Sunday,Evening,Veg Thali,Meals,434,120,73,47,90,Sunny,No,3.2
2025-01-01,Wednesday,Evening,Cold Drink,Drinks,549,159,134,25,30,Rainy,No,3.7
2025-01-21,Tuesday,Lunch,Coffee,Drinks,482,157,133,24,25,Sunny,Yes,3.1
2025-04-26,Saturday,Breakfast,Tea,Drinks,430,143,110,33,15,Rainy,No,3.8
2025-12-25,Thursday,Breakfast,Veg Thali,Meals,361,117,59,58,90,Sunny,Yes,3.2
2025-10-20,Monday,Breakfast,Veg Sandwich,Snacks,496,160,143,17,40,Cloudy,Yes,4.1
2025-07-05,Saturday,Breakfast,Vada Pav,Snacks,156,77,21,56,25,Cloudy,Yes,3.6
2025-08-31,Sunday,Breakfast,Masala Dosa,Meals,510,134,85,49,60,Rainy,Yes,5.0
2025-03-30,Sunday,Evening,Coffee,Drinks,336,111,56,55,25,Rainy,No,4.3
2025-12-01,Monday,Evening,Pav Bhaji,Meals,477,139,106,33,70,Sunny,No,4.5
2025-08-20,Wednesday,Evening,Veg Thali,Meals,280,98,43,55,90,Sunny,No,4.4
2025-11-12,Wednesday,Evening,Veg Thali,Meals,492,132,82,50,90,Rainy,Yes,3.8
2025-02-27,Thursday,Lunch,Masala Dosa,Meals,375,146,120,26,60,Cloudy,Yes,4.4
2025-07-07,Monday,Breakfast,Masala Dosa,Meals,272,111,61,50,60,Cloudy,Yes,3.8
2025-07-22,Tuesday,Evening,Idli,Breakfast,544,153,123,30,35,Rainy,No,4.5
2025-07-12,Saturday,Breakfast,Cold Drink,Drinks,313,118,72,46,30,Cloudy,No,4.6
2025-06-04,Wednesday,Evening,Veg Sandwich,Snacks,559,166,155,11,40,Cloudy,No,4.0
2025-02-10,Monday,Lunch,Veg Thali,Meals,451,151,121,30,90,Rainy,Yes,4.9
2025-06-22,Sunday,Evening,Tea,Drinks,237,100,42,58,15,Cloudy,Yes,3.5
2025-06-19,Thursday,Breakfast,Idli,Breakfast,466,133,87,46,35,Rainy,No,3.7
2025-05-05,Monday,Lunch,Vada Pav,Snacks,375,123,67,56,25,Rainy,Yes,3.2
2025-01-30,Thursday,Evening,Cold Drink,Drinks,340,129,81,48,30,Rainy,Yes,3.8
2025-08-06,Wednesday,Evening,Idli,Breakfast,433,139,107,32,35,Rainy,No,3.3
2025-05-05,Monday,Lunch,Idli,Breakfast,360,118,70,48,35,Sunny,Yes,3.9
2025-12-22,Monday,Breakfast,Veg Thali,Meals,504,165,146,19,90,Rainy,Yes,4.8
2025-03-17,Monday,Evening,Tea,Drinks,285,109,53,56,15,Sunny,No,4.3
2025-03-10,Monday,Breakfast,Pav Bhaji,Meals,585,169,157,12,70,Cloudy,No,4.6
2025-09-22,Monday,Lunch,Cold Drink,Drinks,592,203,203,0,30,Sunny,Yes,4.5
2025-05-25,Sunday,Lunch,Veg Thali,Meals,461,151,124,27,90,Rainy,No,3.0
2025-03-31,Monday,Evening,Masala Dosa,Meals,383,132,86,46,60,Sunny,No,4.4
2025-04-03,Thursday,Breakfast,Veg Thali,Meals,370,115,59,56,90,Sunny,No,4.1
2025-05-19,Monday,Lunch,Vada Pav,Snacks,468,153,134,19,25,Sunny,No,3.9
2025-09-15,Monday,Evening,Idli,Breakfast,382,139,98,41,35,Rainy,No,3.6
2025-06-18,Wednesday,Evening,Veg Thali,Meals,381,118,59,59,90,Cloudy,Yes,3.2
2025-11-09,Sunday,Breakfast,Idli,Breakfast,504,169,156,13,35,Sunny,No,4.4
2025-11-05,Wednesday,Lunch,Vada Pav,Snacks,506,170,159,11,25,Cloudy,No,5.0
2025-10-25,Saturday,Breakfast,Veg Thali,Meals,342,108,58,50,90,Sunny,Yes,3.6
2025-09-28,Sunday,Lunch,Veg Thali,Meals,395,136,101,35,90,Rainy,Yes,4.3
2025-07-28,Monday,Breakfast,Samosa,Snacks,334,107,46,61,20,Cloudy,No,4.4
2025-05-03,Saturday,Breakfast,Coffee,Drinks,164,80,18,62,25,Rainy,No,4.0
2025-06-11,Wednesday,Breakfast,Samosa,Snacks,343,123,74,49,20,Sunny,Yes,4.3
2025-06-03,Tuesday,Breakfast,Masala Dosa,Meals,177,91,27,64,60,Sunny,No,4.6
2025-11-30,Sunday,Evening,Coffee,Drinks,184,88,24,64,25,Rainy,No,3.6
2025-08-22,Friday,Lunch,Tea,Drinks,246,98,34,64,15,Sunny,Yes,3.4
2025-12-24,Wednesday,Breakfast,Coffee,Drinks,428,136,101,35,25,Sunny,No,3.1
2025-07-22,Tuesday,Lunch,Samosa,Snacks,313,116,70,46,20,Rainy,No,4.0
2025-09-20,Saturday,Lunch,Tea,Drinks,268,106,56,50,15,Cloudy,No,3.6
2025-09-25,Thursday,Breakfast,Vada Pav,Snacks,471,138,93,45,25,Rainy,Yes,4.9
2025-12-06,Saturday,Evening,Cold Drink,Drinks,345,129,82,47,30,Cloudy,Yes,4.7
2025-11-11,Tuesday,Lunch,Tea,Drinks,451,140,104,36,15,Rainy,No,4.8
2025-12-21,Sunday,Evening,Veg Thali,Meals,379,115,58,57,90,Sunny,No,3.2
2025-04-23,Wednesday,Evening,Vada Pav,Snacks,567,146,118,28,25,Rainy,No,4.5
2025-03-27,Thursday,Breakfast,Vada Pav,Snacks,158,86,28,58,25,Sunny,No,3.9
2025-05-31,Saturday,Breakfast,Coffee,Drinks,596,171,162,9,25,Rainy,No,3.9
2025-10-05,Sunday,Evening,Pav Bhaji,Meals,245,99,45,54,70,Cloudy,Yes,3.8
2025-01-15,Wednesday,Evening,Masala Dosa,Meals,226,94,31,63,60,Sunny,No,4.7
2025-08-13,Wednesday,Breakfast,Veg Sandwich,Snacks,358,130,82,48,40,Sunny,Yes,4.3
2025-06-27,Friday,Evening,Pav Bhaji,Meals,395,140,98,42,70,Sunny,No,3.4
2025-11-29,Saturday,Breakfast,Coffee,Drinks,405,117,63,54,25,Rainy,Yes,3.4
2025-09-29,Monday,Lunch,Idli,Breakfast,390,150,127,23,35,Sunny,Yes,3.9
2025-11-22,Saturday,Evening,Vada Pav,Snacks,237,103,50,53,25,Rainy,No,3.9
2025-01-12,Sunday,Lunch,Vada Pav,Snacks,553,185,178,7,25,Cloudy,Yes,3.7
2025-06-22,Sunday,Lunch,Tea,Drinks,416,158,144,14,15,Rainy,Yes,3.9
2025-08-23,Saturday,Evening,Veg Sandwich,Snacks,300,108,53,55,40,Sunny,Yes,4.1
2025-02-05,Wednesday,Lunch,Idli,Breakfast,365,129,86,43,35,Rainy,No,3.9
2025-09-28,Sunday,Lunch,Pav Bhaji,Meals,344,122,69,53,70,Rainy,Yes,4.0
2025-05-16,Friday,Evening,Tea,Drinks,405,122,76,46,15,Rainy,Yes,3.4
2025-02-06,Thursday,Evening,Vada Pav,Snacks,295,105,48,57,25,Rainy,No,4.8
2025-08-13,Wednesday,Breakfast,Veg Sandwich,Snacks,487,137,100,37,40,Cloudy,Yes,3.5
2025-06-10,Tuesday,Evening,Idli,Breakfast,496,146,107,39,35,Cloudy,Yes,4.0
2025-01-13,Monday,Evening,Cold Drink,Drinks,454,125,72,53,30,Cloudy,Yes,4.9
2025-01-25,Saturday,Breakfast,Masala Dosa,Meals,444,145,108,37,60,Rainy,Yes,4.4
2025-09-16,Tuesday,Lunch,Samosa,Snacks,593,185,179,6,20,Cloudy,Yes,3.7
2025-10-09,Thursday,Evening,Veg Sandwich,Snacks,314,101,46,55,40,Rainy,Yes,3.0
2025-03-01,Saturday,Lunch,Masala Dosa,Meals,255,113,55,58,60,Cloudy,No,3.7
2025-08-23,Saturday,Breakfast,Vada Pav,Snacks,475,144,112,32,25,Rainy,No,4.5
2025-02-06,Thursday,Lunch,Tea,Drinks,337,129,82,47,15,Rainy,No,3.9
2025-10-25,Saturday,Evening,Veg Thali,Meals,330,117,67,50,90,Cloudy,No,4.1
2025-07-08,Tuesday,Breakfast,Pav Bhaji,Meals,315,117,64,53,70,Rainy,Yes,3.3
2025-12-30,Tuesday,Evening,Samosa,Snacks,376,125,83,42,20,Sunny,No,3.6
2025-02-08,Saturday,Evening,Masala Dosa,Meals,469,150,117,33,60,Cloudy,Yes,4.5
2025-12-06,Saturday,Lunch,Vada Pav,Snacks,564,193,193,0,25,Sunny,No,4.1
2025-09-14,Sunday,Breakfast,Samosa,Snacks,351,109,47,62,20,Rainy,No,4.2
2025-12-30,Tuesday,Breakfast,Samosa,Snacks,303,105,45,60,20,Cloudy,No,3.6
2025-01-31,Friday,Breakfast,Veg Sandwich,Snacks,554,159,140,19,40,Rainy,Yes,4.5
2025-05-15,Thursday,Lunch,Masala Dosa,Meals,163,84,18,66,60,Rainy,Yes,3.4
2025-07-05,Saturday,Evening,Masala Dosa,Meals,238,102,49,53,60,Rainy,Yes,5.0
2025-05-27,Tuesday,Breakfast,Vada Pav,Snacks,448,130,88,42,25,Sunny,No,4.7
2025-01-12,Sunday,Evening,Veg Thali,Meals,196,93,27,66,90,Sunny,Yes,3.7
2025-12-04,Thursday,Breakfast,Pav Bhaji,Meals,394,131,80,51,70,Rainy,No,4.4
2025-05-25,Sunday,Lunch,Idli,Breakfast,279,119,70,49,35,Sunny,Yes,3.5
2025-03-20,Thursday,Lunch,Veg Thali,Meals,358,131,89,42,90,Sunny,Yes,3.2
2025-02-28,Friday,Breakfast,Veg Thali,Meals,529,146,115,31,90,Rainy,Yes,4.4
2025-08-31,Sunday,Breakfast,Masala Dosa,Meals,259,105,48,57,60,Rainy,No,3.9
2025-08-01,Friday,Breakfast,Vada Pav,Snacks,402,140,96,44,25,Sunny,No,4.5
2025-03-19,Wednesday,Breakfast,Vada Pav,Snacks,467,143,104,39,25,Sunny,Yes,3.1
2025-05-29,Thursday,Evening,Veg Thali,Meals,436,141,106,35,90,Sunny,Yes,3.1
2025-10-07,Tuesday,Evening,Cold Drink,Drinks,514,159,138,21,30,Sunny,No,4.6
2025-03-22,Saturday,Breakfast,Samosa,Snacks,572,171,171,0,20,Rainy,Yes,4.2
2025-09-20,Saturday,Breakfast,Samosa,Snacks,493,141,106,35,20,Sunny,Yes,4.5
2025-12-23,Tuesday,Breakfast,Samosa,Snacks,376,132,95,37,20,Sunny,Yes,4.3
2025-09-08,Monday,Breakfast,Veg Thali,Meals,514,168,155,13,90,Rainy,Yes,3.0
2025-12-02,Tuesday,Breakfast,Cold Drink,Drinks,438,150,127,23,30,Sunny,Yes,4.5
2025-05-29,Thursday,Breakfast,Pav Bhaji,Meals,566,152,122,30,70,Sunny,Yes,4.6
2025-01-12,Sunday,Breakfast,Veg Thali,Meals,559,158,139,19,90,Cloudy,No,3.2
2025-09-23,Tuesday,Lunch,Tea,Drinks,326,122,77,45,15,Sunny,No,4.4
2025-07-03,Thursday,Evening,Coffee,Drinks,227,100,47,53,25,Sunny,Yes,4.5
2025-03-02,Sunday,Lunch,Veg Sandwich,Snacks,577,199,198,1,40,Sunny,No,4.5
2025-02-17,Monday,Evening,Veg Sandwich,Snacks,311,123,67,56,40,Rainy,No,4.9
2025-10-21,Tuesday,Evening,Tea,Drinks,590,164,158,6,15,Sunny,Yes,3.9
2025-01-07,Tuesday,Lunch,Idli,Breakfast,461,168,166,2,35,Cloudy,No,4.7
2025-07-23,Wednesday,Lunch,Idli,Breakfast,275,121,67,54,35,Rainy,Yes,3.4
2025-08-25,Monday,Breakfast,Veg Sandwich,Snacks,402,131,79,52,40,Sunny,No,4.6
2025-10-24,Friday,Lunch,Samosa,Snacks,290,116,59,57,20,Rainy,Yes,3.5
2025-04-21,Monday,Lunch,Masala Dosa,Meals,582,173,172,1,60,Sunny,No,4.6
2025-05-31,Saturday,Lunch,Cold Drink,Drinks,505,168,163,5,30,Rainy,Yes,3.3
2025-08-28,Thursday,Lunch,Idli,Breakfast,524,155,133,22,35,Sunny,No,4.7
2025-06-16,Monday,Evening,Vada Pav,Snacks,501,159,139,20,25,Cloudy,No,3.6
2025-02-27,Thursday,Breakfast,Idli,Breakfast,543,170,161,9,35,Sunny,No,4.8
2025-09-23,Tuesday,Breakfast,Masala Dosa,Meals,369,125,77,48,60,Cloudy,Yes,3.4
2025-10-16,Thursday,Evening,Masala Dosa,Meals,224,86,31,55,60,Sunny,Yes,3.5
2025-05-11,Sunday,Lunch,Pav Bhaji,Meals,415,140,108,32,70,Cloudy,No,3.5
2025-08-09,Saturday,Evening,Coffee,Drinks,514,148,118,30,25,Cloudy,Yes,4.5
2025-03-08,Saturday,Breakfast,Tea,Drinks,266,99,36,63,15,Sunny,No,4.2
2025-09-04,Thursday,Lunch,Veg Sandwich,Snacks,212,97,32,65,40,Cloudy,No,4.0
2025-02-26,Wednesday,Evening,Veg Thali,Meals,279,104,48,56,90,Sunny,No,3.2
2025-06-09,Monday,Evening,Masala Dosa,Meals,509,135,95,40,60,Cloudy,Yes,3.8
2025-02-22,Saturday,Lunch,Tea,Drinks,165,81,23,58,15,Sunny,No,4.2
2025-07-24,Thursday,Evening,Veg Sandwich,Snacks,550,153,131,22,40,Cloudy,No,3.5
2025-06-29,Sunday,Lunch,Vada Pav,Snacks,529,164,156,8,25,Cloudy,Yes,3.5
2025-04-29,Tuesday,Lunch,Coffee,Drinks,195,89,35,54,25,Cloudy,Yes,4.4
2025-11-20,Thursday,Evening,Pav Bhaji,Meals,293,112,62,50,70,Cloudy,No,3.8
2025-01-05,Sunday,Breakfast,Veg Sandwich,Snacks,585,171,167,4,40,Sunny,Yes,4.3
2025-03-12,Wednesday,Breakfast,Coffee,Drinks,547,178,175,3,25,Sunny,Yes,4.6
2025-08-30,Saturday,Lunch,Vada Pav,Snacks,503,172,172,0,25,Sunny,No,3.4
2025-09-29,Monday,Breakfast,Cold Drink,Drinks,338,128,80,48,30,Rainy,Yes,4.7
2025-11-20,Thursday,Lunch,Veg Sandwich,Snacks,554,164,157,7,40,Rainy,Yes,4.4
2025-10-21,Tuesday,Breakfast,Tea,Drinks,499,151,118,33,15,Cloudy,Yes,3.4
2025-12-21,Sunday,Lunch,Veg Sandwich,Snacks,273,112,54,58,40,Cloudy,No,4.7
2025-08-31,Sunday,Lunch,Veg Sandwich,Snacks,157,81,22,59,40,Rainy,No,4.9
2025-06-19,Thursday,Evening,Idli,Breakfast,321,109,48,61,35,Rainy,Yes,4.2
2025-07-01,Tuesday,Lunch,Veg Thali,Meals,463,151,122,29,90,Rainy,No,3.6
2025-02-13,Thursday,Evening,Coffee,Drinks,581,181,174,7,25,Rainy,No,3.9
2025-03-28,Friday,Evening,Veg Sandwich,Snacks,156,86,31,55,40,Sunny,No,4.8
2025-02-04,Tuesday,Evening,Coffee,Drinks,254,100,45,55,25,Cloudy,No,4.6
2025-12-23,Tuesday,Lunch,Idli,Breakfast,244,108,58,50,35,Sunny,No,3.8
2025-04-19,Saturday,Evening,Masala Dosa,Meals,571,154,135,19,60,Sunny,No,4.0
2025-09-07,Sunday,Evening,Samosa,Snacks,501,133,90,43,20,Rainy,Yes,3.0
2025-10-12,Sunday,Breakfast,Vada Pav,Snacks,499,154,129,25,25,Rainy,No,3.9
2025-02-08,Saturday,Evening,Masala Dosa,Meals,170,84,19,65,60,Cloudy,No,4.4
2025-05-28,Wednesday,Breakfast,Masala Dosa,Meals,310,118,71,47,60,Rainy,No,5.0
2025-10-05,Sunday,Breakfast,Masala Dosa,Meals,397,135,100,35,60,Sunny,No,3.8
2025-09-09,Tuesday,Evening,Cold Drink,Drinks,213,85,21,64,30,Rainy,Yes,3.8
2025-06-16,Monday,Lunch,Veg Thali,Meals,476,142,101,41,90,Cloudy,No,3.7
2025-10-14,Tuesday,Breakfast,Samosa,Snacks,577,185,185,0,20,Rainy,No,4.8
2025-11-01,Saturday,Lunch,Samosa,Snacks,519,175,167,8,20,Sunny,No,3.2
2025-08-02,Saturday,Breakfast,Samosa,Snacks,303,105,52,53,20,Cloudy,No,4.3
2025-02-22,Saturday,Evening,Cold Drink,Drinks,273,101,40,61,30,Sunny,No,3.3
2025-06-04,Wednesday,Lunch,Masala Dosa,Meals,524,186,179,7,60,Rainy,No,3.5
2025-12-09,Tuesday,Lunch,Veg Thali,Meals,436,146,107,39,90,Rainy,No,3.9
2025-10-14,Tuesday,Breakfast,Vada Pav,Snacks,324,110,49,61,25,Sunny,Yes,3.3
2025-11-29,Saturday,Evening,Cold Drink,Drinks,574,175,172,3,30,Sunny,Yes,4.0
2025-10-27,Monday,Breakfast,Idli,Breakfast,359,119,61,58,35,Rainy,No,3.3
2025-08-09,Saturday,Lunch,Masala Dosa,Meals,431,145,111,34,60,Sunny,No,3.6
2025-12-09,Tuesday,Evening,Vada Pav,Snacks,205,96,33,63,25,Rainy,Yes,4.4
2025-08-30,Saturday,Breakfast,Idli,Breakfast,581,146,110,36,35,Sunny,No,4.0
2025-02-01,Saturday,Evening,Cold Drink,Drinks,534,173,173,0,30,Rainy,No,4.5
2025-10-24,Friday,Breakfast,Vada Pav,Snacks,168,84,26,58,25,Cloudy,Yes,3.5
2025-09-16,Tuesday,Lunch,Idli,Breakfast,229,101,40,61,35,Rainy,No,4.1
2025-07-29,Tuesday,Evening,Vada Pav,Snacks,465,127,80,47,25,Cloudy,No,4.6
2025-12-11,Thursday,Lunch,Pav Bhaji,Meals,352,119,68,51,70,Cloudy,No,3.8
2025-12-13,Saturday,Lunch,Samosa,Snacks,545,172,170,2,20,Rainy,Yes,5.0
2025-05-19,Monday,Lunch,Coffee,Drinks,445,162,152,10,25,Cloudy,Yes,3.1
2025-06-07,Saturday,Lunch,Vada Pav,Snacks,536,157,132,25,25,Sunny,Yes,3.8
2025-04-26,Saturday,Breakfast,Masala Dosa,Meals,214,95,33,62,60,Rainy,No,3.7
2025-07-10,Thursday,Lunch,Masala Dosa,Meals,273,121,71,50,60,Sunny,Yes,4.5
2025-05-13,Tuesday,Breakfast,Tea,Drinks,266,101,41,60,15,Cloudy,Yes,3.3
2025-03-18,Tuesday,Lunch,Coffee,Drinks,354,126,73,53,25,Rainy,No,3.7
2025-10-13,Monday,Breakfast,Coffee,Drinks,539,140,107,33,25,Rainy,Yes,3.7
2025-04-18,Friday,Lunch,Tea,Drinks,457,140,102,38,15,Sunny,Yes,3.5
2025-05-13,Tuesday,Breakfast,Vada Pav,Snacks,422,123,79,44,25,Cloudy,No,4.0
2025-08-27,Wednesday,Breakfast,Masala Dosa,Meals,404,121,76,45,60,Rainy,Yes,4.2
2025-02-22,Saturday,Breakfast,Masala Dosa,Meals,564,176,176,0,60,Sunny,No,4.4
2025-01-28,Tuesday,Breakfast,Cold Drink,Drinks,504,137,93,44,30,Rainy,No,3.5
2025-01-18,Saturday,Breakfast,Coffee,Drinks,155,77,23,54,25,Cloudy,Yes,3.4
2025-03-05,Wednesday,Evening,Cold Drink,Drinks,565,164,150,14,30,Rainy,Yes,3.8
2025-02-12,Wednesday,Breakfast,Pav Bhaji,Meals,480,137,94,43,70,Cloudy,Yes,3.9
2025-10-31,Friday,Evening,Pav Bhaji,Meals,535,156,133,23,70,Rainy,Yes,4.1
2025-07-17,Thursday,Evening,Veg Sandwich,Snacks,484,139,107,32,40,Rainy,No,4.4
2025-06-07,Saturday,Lunch,Vada Pav,Snacks,199,97,39,58,25,Cloudy,No,4.6
2025-08-26,Tuesday,Evening,Vada Pav,Snacks,372,119,72,47,25,Cloudy,Yes,3.3
2025-08-19,Tuesday,Breakfast,Idli,Breakfast,369,127,77,50,35,Rainy,No,4.5
2025-03-09,Sunday,Evening,Cold Drink,Drinks,259,96,37,59,30,Rainy,Yes,4.2
2025-11-07,Friday,Lunch,Cold Drink,Drinks,591,164,150,14,30,Sunny,Yes,3.0
2025-03-26,Wednesday,Breakfast,Idli,Breakfast,411,146,119,27,35,Cloudy,No,3.7
2025-02-11,Tuesday,Evening,Veg Sandwich,Snacks,215,91,31,60,40,Cloudy,Yes,4.8
2025-11-29,Saturday,Evening,Tea,Drinks,476,141,105,36,15,Rainy,Yes,3.4
2025-06-02,Monday,Lunch,Tea,Drinks,391,147,118,29,15,Sunny,No,4.4
2025-08-08,Friday,Breakfast,Vada Pav,Snacks,436,144,104,40,25,Rainy,No,4.8
2025-01-01,Wednesday,Breakfast,Cold Drink,Drinks,321,105,48,57,30,Sunny,No,3.8
2025-03-20,Thursday,Breakfast,Pav Bhaji,Meals,330,109,56,53,70,Rainy,No,3.9
2025-04-16,Wednesday,Evening,Tea,Drinks,266,105,50,55,15,Rainy,No,3.6
2025-04-13,Sunday,Evening,Idli,Breakfast,328,113,58,55,35,Cloudy,No,4.6
2025-12-01,Monday,Lunch,Masala Dosa,Meals,188,92,29,63,60,Cloudy,Yes,3.1
2025-03-18,Tuesday,Evening,Samosa,Snacks,158,84,25,59,20,Rainy,Yes,4.9
2025-07-14,Monday,Evening,Tea,Drinks,263,99,40,59,15,Rainy,Yes,4.3
2025-08-25,Monday,Breakfast,Vada Pav,Snacks,237,93,35,58,25,Rainy,Yes,3.9
2025-10-16,Thursday,Breakfast,Idli,Breakfast,183,79,14,65,35,Cloudy,No,4.2
2025-01-18,Saturday,Evening,Veg Sandwich,Snacks,304,108,56,52,40,Rainy,No,3.0
2025-08-15,Friday,Breakfast,Vada Pav,Snacks,361,133,91,42,25,Cloudy,No,4.5
2025-10-13,Monday,Evening,Masala Dosa,Meals,490,152,129,23,60,Cloudy,No,4.9
2025-02-16,Sunday,Lunch,Tea,Drinks,557,179,177,2,15,Sunny,Yes,3.2
2025-08-01,Friday,Lunch,Pav Bhaji,Meals,476,139,99,40,70,Rainy,Yes,4.5
2025-05-07,Wednesday,Evening,Veg Thali,Meals,364,116,63,53,90,Cloudy,No,4.6
2025-12-19,Friday,Breakfast,Cold Drink,Drinks,375,131,92,39,30,Rainy,Yes,4.8
2025-12-31,Wednesday,Lunch,Vada Pav,Snacks,406,146,113,33,25,Rainy,Yes,3.9
2025-02-14,Friday,Evening,Masala Dosa,Meals,376,131,87,44,60,Rainy,No,3.2
2025-09-28,Sunday,Evening,Cold Drink,Drinks,271,99,37,62,30,Cloudy,No,3.7
2025-11-07,Friday,Lunch,Cold Drink,Drinks,313,120,68,52,30,Rainy,Yes,3.3
2025-06-15,Sunday,Breakfast,Vada Pav,Snacks,272,99,46,53,25,Sunny,No,4.2
2025-11-24,Monday,Breakfast,Veg Thali,Meals,263,99,42,57,90,Cloudy,Yes,3.8
2025-06-18,Wednesday,Breakfast,Samosa,Snacks,245,96,44,52,20,Sunny,No,3.5
2025-08-20,Wednesday,Breakfast,Veg Sandwich,Snacks,416,124,81,43,40,Rainy,Yes,3.6
2025-11-15,Saturday,Lunch,Tea,Drinks,368,135,87,48,15,Sunny,No,3.4
2025-07-26,Saturday,Lunch,Coffee,Drinks,291,120,71,49,25,Cloudy,No,3.2
2025-02-11,Tuesday,Lunch,Samosa,Snacks,245,110,48,62,20,Sunny,Yes,5.0
2025-05-02,Friday,Evening,Idli,Breakfast,567,171,166,5,35,Rainy,No,4.1
2025-07-29,Tuesday,Evening,Cold Drink,Drinks,514,158,141,17,30,Rainy,Yes,3.1
2025-06-04,Wednesday,Breakfast,Pav Bhaji,Meals,416,124,73,51,70,Rainy,Yes,3.3
2025-10-06,Monday,Lunch,Tea,Drinks,150,83,22,61,15,Sunny,Yes,4.5
2025-01-14,Tuesday,Breakfast,Idli,Breakfast,323,121,64,57,35,Cloudy,Yes,3.2
2025-01-16,Thursday,Breakfast,Vada Pav,Snacks,588,183,175,8,25,Cloudy,No,4.9
2025-02-17,Monday,Lunch,Cold Drink,Drinks,178,91,34,57,30,Cloudy,Yes,4.1
2025-10-24,Friday,Breakfast,Masala Dosa,Meals,355,108,50,58,60,Rainy,No,3.7
2025-10-22,Wednesday,Breakfast,Idli,Breakfast,263,103,39,64,35,Rainy,No,4.0
2025-12-05,Friday,Lunch,Samosa,Snacks,397,143,111,32,20,Sunny,Yes,4.9
2025-11-02,Sunday,Breakfast,Vada Pav,Snacks,534,137,101,36,25,Rainy,No,3.2
2025-08-05,Tuesday,Breakfast,Vada Pav,Snacks,452,151,118,33,25,Sunny,Yes,4.5
2025-05-24,Saturday,Evening,Pav Bhaji,Meals,233,97,45,52,70,Sunny,Yes,4.5
2025-05-16,Friday,Breakfast,Veg Sandwich,Snacks,573,180,172,8,40,Sunny,No,4.9
2025-08-30,Saturday,Lunch,Pav Bhaji,Meals,417,140,107,33,70,Rainy,No,3.9
2025-10-04,Saturday,Breakfast,Tea,Drinks,354,125,72,53,15,Sunny,Yes,4.8
2025-03-09,Sunday,Evening,Veg Sandwich,Snacks,482,164,153,11,40,Sunny,Yes,5.0
2025-07-09,Wednesday,Breakfast,Tea,Drinks,312,104,41,63,15,Cloudy,Yes,4.1
2025-01-25,Saturday,Evening,Samosa,Snacks,427,140,98,42,20,Sunny,Yes,4.7
2025-12-30,Tuesday,Evening,Masala Dosa,Meals,597,155,128,27,60,Rainy,Yes,3.6
2025-10-26,Sunday,Evening,Cold Drink,Drinks,543,140,108,32,30,Cloudy,Yes,3.3
2025-02-28,Friday,Lunch,Pav Bhaji,Meals,457,164,154,10,70,Cloudy,Yes,4.4
2025-11-21,Friday,Breakfast,Idli,Breakfast,540,176,172,4,35,Cloudy,Yes,3.1
2025-03-25,Tuesday,Breakfast,Samosa,Snacks,222,99,34,65,20,Sunny,Yes,4.0
2025-07-27,Sunday,Lunch,Samosa,Snacks,502,153,132,21,20,Rainy,Yes,4.6
2025-07-28,Monday,Breakfast,Cold Drink,Drinks,509,167,155,12,30,Sunny,No,3.1
2025-10-10,Friday,Breakfast,Veg Thali,Meals,367,116,66,50,90,Rainy,No,4.8
2025-01-16,Thursday,Lunch,Veg Sandwich,Snacks,452,162,149,13,40,Rainy,No,3.1
2025-03-09,Sunday,Evening,Coffee,Drinks,284,105,49,56,25,Cloudy,No,3.4
2025-11-13,Thursday,Evening,Cold Drink,Drinks,576,164,147,17,30,Cloudy,Yes,4.2
2025-05-21,Wednesday,Breakfast,Veg Thali,Meals,223,91,29,62,90,Rainy,Yes,3.9
2025-11-30,Sunday,Lunch,Tea,Drinks,241,107,54,53,15,Cloudy,Yes,4.1
2025-08-21,Thursday,Lunch,Tea,Drinks,459,142,101,41,15,Sunny,No,3.8
2025-05-27,Tuesday,Lunch,Vada Pav,Snacks,418,132,85,47,25,Rainy,No,4.3
2025-07-12,Saturday,Evening,Pav Bhaji,Meals,448,155,135,20,70,Sunny,Yes,3.8
2025-11-08,Saturday,Lunch,Tea,Drinks,193,91,37,54,15,Sunny,No,4.4
2025-07-24,Thursday,Lunch,Veg Sandwich,Snacks,543,176,169,7,40,Sunny,No,3.5
2025-07-24,Thursday,Evening,Idli,Breakfast,473,144,103,41,35,Rainy,No,3.2
2025-07-09,Wednesday,Lunch,Vada Pav,Snacks,579,194,189,5,25,Cloudy,No,3.1
2025-02-02,Sunday,Lunch,Coffee,Drinks,217,102,39,63,25,Sunny,Yes,3.6
2025-05-21,Wednesday,Breakfast,Masala Dosa,Meals,324,122,72,50,60,Sunny,No,4.7
2025-01-01,Wednesday,Evening,Pav Bhaji,Meals,531,160,137,23,70,Rainy,No,3.9
2025-02-25,Tuesday,Lunch,Veg Sandwich,Snacks,323,125,81,44,40,Sunny,Yes,4.8
2025-06-19,Thursday,Breakfast,Samosa,Snacks,246,99,39,60,20,Rainy,Yes,4.8
2025-01-09,Thursday,Lunch,Idli,Breakfast,574,170,160,10,35,Rainy,Yes,3.5
2025-03-06,Thursday,Evening,Samosa,Snacks,153,84,27,57,20,Rainy,Yes,3.5
2025-05-13,Tuesday,Evening,Masala Dosa,Meals,521,170,168,2,60,Sunny,No,4.6
2025-05-24,Saturday,Breakfast,Cold Drink,Drinks,554,151,129,22,30,Cloudy,Yes,4.7
2025-12-15,Monday,Evening,Coffee,Drinks,598,178,173,5,25,Cloudy,Yes,3.1
2025-03-18,Tuesday,Breakfast,Samosa,Snacks,368,116,59,57,20,Rainy,Yes,4.0
2025-10-17,Friday,Evening,Cold Drink,Drinks,191,90,24,66,30,Rainy,Yes,4.6
2025-10-18,Saturday,Lunch,Vada Pav,Snacks,591,203,198,5,25,Cloudy,Yes,5.0
2025-09-23,Tuesday,Evening,Tea,Drinks,565,157,136,21,15,Sunny,No,3.9
2025-05-25,Sunday,Lunch,Vada Pav,Snacks,363,131,88,43,25,Sunny,No,3.3
2025-09-10,Wednesday,Evening,Vada Pav,Snacks,311,117,60,57,25,Cloudy,No,4.3
2025-04-14,Monday,Lunch,Samosa,Snacks,184,92,31,61,20,Cloudy,Yes,3.1
2025-05-08,Thursday,Lunch,Pav Bhaji,Meals,337,126,78,48,70,Sunny,Yes,3.3
2025-05-15,Thursday,Lunch,Tea,Drinks,392,150,126,24,15,Cloudy,No,3.1
2025-03-07,Friday,Evening,Cold Drink,Drinks,403,136,102,34,30,Cloudy,No,4.0
2025-02-10,Monday,Evening,Vada Pav,Snacks,178,83,17,66,25,Rainy,No,4.4
2025-04-21,Monday,Evening,Tea,Drinks,434,123,79,44,15,Cloudy,Yes,4.5
2025-03-11,Tuesday,Lunch,Vada Pav,Snacks,198,94,32,62,25,Rainy,Yes,4.4
2025-02-12,Wednesday,Lunch,Veg Thali,Meals,262,99,40,59,90,Sunny,Yes,3.2
2025-05-27,Tuesday,Lunch,Vada Pav,Snacks,452,166,154,12,25,Rainy,No,4.4
2025-06-09,Monday,Lunch,Masala Dosa,Meals,259,100,36,64,60,Sunny,No,4.4
2025-07-05,Saturday,Breakfast,Masala Dosa,Meals,569,175,173,2,60,Sunny,No,3.3
2025-08-10,Sunday,Evening,Coffee,Drinks,164,85,30,55,25,Sunny,Yes,3.4
2025-11-21,Friday,Lunch,Masala Dosa,Meals,300,114,64,50,60,Cloudy,No,4.1
2025-07-02,Wednesday,Evening,Tea,Drinks,470,155,133,22,15,Sunny,Yes,4.0
2025-01-28,Tuesday,Evening,Vada Pav,Snacks,209,91,29,62,25,Cloudy,Yes,3.4
2025-08-12,Tuesday,Breakfast,Cold Drink,Drinks,215,94,28,66,30,Cloudy,No,4.9
2025-04-18,Friday,Breakfast,Samosa,Snacks,232,91,34,57,20,Sunny,Yes,3.6
2025-10-13,Monday,Breakfast,Coffee,Drinks,157,77,13,64,25,Cloudy,No,5.0
2025-09-26,Friday,Breakfast,Tea,Drinks,434,135,98,37,15,Cloudy,No,4.7
2025-05-11,Sunday,Breakfast,Coffee,Drinks,159,80,27,53,25,Sunny,No,5.0
2025-06-30,Monday,Lunch,Veg Sandwich,Snacks,151,82,27,55,40,Rainy,No,3.3
2025-10-09,Thursday,Breakfast,Samosa,Snacks,593,151,130,21,20,Sunny,Yes,4.9
2025-09-15,Monday,Lunch,Cold Drink,Drinks,234,107,46,61,30,Cloudy,No,3.9
2025-12-29,Monday,Breakfast,Idli,Breakfast,255,108,56,52,35,Sunny,Yes,4.6
2025-11-26,Wednesday,Evening,Tea,Drinks,441,151,123,28,15,Sunny,Yes,4.3
2025-07-23,Wednesday,Breakfast,Veg Thali,Meals,428,122,68,54,90,Cloudy,Yes,3.5
2025-05-16,Friday,Breakfast,Pav Bhaji,Meals,416,135,95,40,70,Rainy,No,3.2
2025-09-24,Wednesday,Evening,Veg Thali,Meals,590,150,119,31,90,Cloudy,No,3.4
2025-01-15,Wednesday,Lunch,Masala Dosa,Meals,389,136,100,36,60,Rainy,Yes,3.0
2025-10-14,Tuesday,Evening,Masala Dosa,Meals,554,166,157,9,60,Cloudy,No,3.2
2025-12-19,Friday,Lunch,Pav Bhaji,Meals,446,158,144,14,70,Cloudy,No,4.1
2025-11-17,Monday,Evening,Pav Bhaji,Meals,443,124,71,53,70,Cloudy,Yes,4.0
2025-04-12,Saturday,Breakfast,Masala Dosa,Meals,540,174,171,3,60,Cloudy,Yes,3.7
2025-09-12,Friday,Breakfast,Coffee,Drinks,354,121,71,50,25,Cloudy,No,4.0
2025-10-18,Saturday,Breakfast,Pav Bhaji,Meals,553,142,113,29,70,Rainy,No,4.6
2025-02-15,Saturday,Lunch,Veg Thali,Meals,454,142,113,29,90,Sunny,No,5.0
2025-01-13,Monday,Evening,Cold Drink,Drinks,559,158,139,19,30,Cloudy,Yes,4.7
2025-04-09,Wednesday,Breakfast,Idli,Breakfast,460,154,124,30,35,Sunny,No,3.7
2025-01-15,Wednesday,Breakfast,Samosa,Snacks,188,89,27,62,20,Sunny,Yes,3.6
2025-01-01,Wednesday,Lunch,Veg Thali,Meals,243,103,42,61,90,Rainy,Yes,4.0
2025-03-22,Saturday,Breakfast,Veg Thali,Meals,449,125,83,42,90,Rainy,Yes,4.5
2025-07-21,Monday,Breakfast,Tea,Drinks,547,167,152,15,15,Cloudy,No,3.6
2025-11-18,Tuesday,Evening,Idli,Breakfast,442,154,130,24,35,Sunny,No,3.4
2025-12-05,Friday,Breakfast,Tea,Drinks,382,125,73,52,15,Rainy,No,3.8
2025-04-03,Thursday,Breakfast,Idli,Breakfast,495,132,83,49,35,Cloudy,Yes,4.5
2025-08-23,Saturday,Breakfast,Tea,Drinks,306,101,44,57,15,Sunny,Yes,4.6
2025-10-18,Saturday,Evening,Coffee,Drinks,231,98,39,59,25,Cloudy,No,3.2
2025-11-27,Thursday,Lunch,Pav Bhaji,Meals,499,149,120,29,70,Cloudy,Yes,3.9
2025-03-02,Sunday,Breakfast,Pav Bhaji,Meals,307,119,67,52,70,Rainy,Yes,4.4
2025-04-16,Wednesday,Evening,Vada Pav,Snacks,523,167,160,7,25,Cloudy,Yes,3.8
2025-06-24,Tuesday,Lunch,Cold Drink,Drinks,432,155,125,30,30,Rainy,No,4.9
2025-09-26,Friday,Lunch,Idli,Breakfast,392,138,99,39,35,Sunny,No,4.7
2025-10-30,Thursday,Lunch,Masala Dosa,Meals,506,155,132,23,60,Sunny,No,3.1
2025-07-15,Tuesday,Breakfast,Vada Pav,Snacks,400,134,97,37,25,Cloudy,No,4.5
2025-06-29,Sunday,Evening,Tea,Drinks,563,163,152,11,15,Cloudy,No,4.5
2025-07-17,Thursday,Evening,Veg Thali,Meals,569,183,183,0,90,Rainy,No,3.2
2025-07-01,Tuesday,Evening,Masala Dosa,Meals,290,115,65,50,60,Cloudy,No,3.1
2025-11-23,Sunday,Breakfast,Veg Thali,Meals,162,81,17,64,90,Cloudy,Yes,4.2
2025-01-03,Friday,Evening,Veg Thali,Meals,497,142,103,39,90,Rainy,No,4.3
2025-05-13,Tuesday,Lunch,Veg Sandwich,Snacks,271,106,55,51,40,Cloudy,No,4.9
2025-09-04,Thursday,Evening,Veg Sandwich,Snacks,341,110,56,54,40,Sunny,Yes,3.7
2025-07-26,Saturday,Evening,Masala Dosa,Meals,245,94,37,57,60,Rainy,Yes,3.8
2025-09-26,Friday,Breakfast,Veg Thali,Meals,565,151,120,31,90,Sunny,No,3.1
2025-05-21,Wednesday,Breakfast,Pav Bhaji,Meals,150,76,23,53,70,Rainy,No,5.0
2025-05-12,Monday,Breakfast,Pav Bhaji,Meals,202,89,30,59,70,Sunny,Yes,3.5
2025-09-30,Tuesday,Lunch,Idli,Breakfast,371,144,109,35,35,Sunny,Yes,3.9
2025-11-28,Friday,Lunch,Veg Thali,Meals,504,172,166,6,90,Cloudy,No,3.4
2025-03-11,Tuesday,Lunch,Masala Dosa,Meals,570,168,158,10,60,Rainy,No,4.2
2025-01-28,Tuesday,Evening,Idli,Breakfast,295,117,58,59,35,Sunny,Yes,3.4
2025-09-08,Monday,Lunch,Veg Sandwich,Snacks,397,144,113,31,40,Rainy,Yes,3.7
2025-07-20,Sunday,Lunch,Cold Drink,Drinks,284,113,62,51,30,Rainy,No,3.9
2025-09-23,Tuesday,Breakfast,Masala Dosa,Meals,591,149,118,31,60,Sunny,No,3.4
2025-06-14,Saturday,Lunch,Pav Bhaji,Meals,288,115,58,57,70,Rainy,No,4.7
2025-01-12,Sunday,Lunch,Vada Pav,Snacks,359,137,91,46,25,Sunny,Yes,4.5
2025-09-28,Sunday,Lunch,Pav Bhaji,Meals,371,132,92,40,70,Cloudy,Yes,4.7
2025-12-25,Thursday,Evening,Samosa,Snacks,231,91,36,55,20,Rainy,Yes,3.8
2025-02-18,Tuesday,Breakfast,Idli,Breakfast,206,91,28,63,35,Sunny,Yes,3.7
2025-11-27,Thursday,Evening,Cold Drink,Drinks,302,114,57,57,30,Rainy,Yes,4.8
2025-05-08,Thursday,Lunch,Tea,Drinks,406,136,99,37,15,Cloudy,Yes,4.0
2025-01-06,Monday,Lunch,Idli,Breakfast,183,95,34,61,35,Sunny,No,3.2
2025-01-16,Thursday,Lunch,Veg Thali,Meals,170,94,36,58,90,Cloudy,Yes,3.4
2025-10-03,Friday,Evening,Veg Thali,Meals,375,125,73,52,90,Rainy,No,4.6
2025-04-27,Sunday,Lunch,Cold Drink,Drinks,580,168,166,2,30,Cloudy,No,3.7
2025-05-26,Monday,Evening,Veg Sandwich,Snacks,594,174,172,2,40,Cloudy,No,3.4
2025-01-30,Thursday,Evening,Veg Sandwich,Snacks,246,100,48,52,40,Sunny,No,4.0
2025-12-06,Saturday,Lunch,Veg Thali,Meals,275,110,59,51,90,Rainy,Yes,4.0
2025-11-16,Sunday,Evening,Veg Thali,Meals,283,107,54,53,90,Cloudy,Yes,4.1
2025-06-11,Wednesday,Evening,Idli,Breakfast,260,111,59,52,35,Sunny,Yes,3.1
2025-11-17,Monday,Lunch,Tea,Drinks,152,80,23,57,15,Rainy,No,4.2
2025-01-28,Tuesday,Breakfast,Pav Bhaji,Meals,231,103,47,56,70,Sunny,Yes,4.9
2025-12-04,Thursday,Evening,Tea,Drinks,345,106,52,54,15,Sunny,Yes,4.6
2025-03-26,Wednesday,Breakfast,Pav Bhaji,Meals,585,156,128,28,70,Cloudy,No,5.0
2025-01-16,Thursday,Lunch,Idli,Breakfast,479,168,158,10,35,Rainy,Yes,4.6
2025-01-31,Friday,Breakfast,Coffee,Drinks,256,93,40,53,25,Sunny,Yes,4.9
2025-11-08,Saturday,Lunch,Masala Dosa,Meals,197,87,24,63,60,Rainy,No,3.3
2025-02-10,Monday,Evening,Cold Drink,Drinks,221,98,44,54,30,Rainy,Yes,4.7
2025-09-22,Monday,Breakfast,Veg Sandwich,Snacks,304,117,57,60,40,Rainy,Yes,4.1
2025-01-29,Wednesday,Lunch,Veg Thali,Meals,421,135,95,40,90,Cloudy,No,3.7
2025-09-06,Saturday,Evening,Coffee,Drinks,254,96,41,55,25,Rainy,Yes,3.7
2025-12-15,Monday,Lunch,Masala Dosa,Meals,419,155,133,22,60,Sunny,No,3.3
2025-03-16,Sunday,Evening,Masala Dosa,Meals,541,155,129,26,60,Rainy,Yes,4.7
2025-10-28,Tuesday,Lunch,Samosa,Snacks,408,153,126,27,20,Cloudy,Yes,4.3
2025-12-18,Thursday,Lunch,Cold Drink,Drinks,551,167,156,11,30,Rainy,Yes,4.2
2025-05-05,Monday,Breakfast,Cold Drink,Drinks,213,96,43,53,30,Rainy,No,4.7
2025-06-18,Wednesday,Lunch,Veg Thali,Meals,529,164,155,9,90,Rainy,No,4.6
2025-01-08,Wednesday,Evening,Veg Thali,Meals,412,135,87,48,90,Rainy,No,4.8
2025-06-16,Monday,Evening,Veg Sandwich,Snacks,411,136,93,43,40,Rainy,Yes,3.8
2025-05-29,Thursday,Breakfast,Masala Dosa,Meals,320,124,74,50,60,Sunny,No,4.2
2025-07-04,Friday,Lunch,Pav Bhaji,Meals,457,148,116,32,70,Rainy,Yes,4.0
2025-02-09,Sunday,Breakfast,Cold Drink,Drinks,537,164,151,13,30,Rainy,Yes,3.9
2025-06-18,Wednesday,Lunch,Coffee,Drinks,543,189,184,5,25,Cloudy,No,3.7
2025-04-03,Thursday,Lunch,Veg Thali,Meals,600,168,161,7,90,Rainy,Yes,3.9
2025-05-28,Wednesday,Evening,Idli,Breakfast,565,167,160,7,35,Sunny,No,3.1
2025-09-10,Wednesday,Breakfast,Veg Thali,Meals,597,173,168,5,90,Cloudy,No,4.1
2025-06-08,Sunday,Evening,Tea,Drinks,386,125,72,53,15,Cloudy,Yes,3.4
2025-10-16,Thursday,Lunch,Tea,Drinks,487,146,113,33,15,Cloudy,Yes,4.2
2025-06-25,Wednesday,Breakfast,Vada Pav,Snacks,547,157,138,19,25,Cloudy,No,4.5
2025-01-11,Saturday,Lunch,Veg Thali,Meals,213,97,42,55,90,Sunny,Yes,4.0
2025-07-04,Friday,Breakfast,Samosa,Snacks,294,113,55,58,20,Cloudy,Yes,3.6
2025-09-12,Friday,Evening,Veg Sandwich,Snacks,178,91,30,61,40,Cloudy,No,4.1
2025-05-29,Thursday,Lunch,Pav Bhaji,Meals,468,170,170,0,70,Cloudy,No,3.4
2025-03-04,Tuesday,Lunch,Cold Drink,Drinks,489,155,135,20,30,Sunny,Yes,4.0
2025-08-01,Friday,Lunch,Cold Drink,Drinks,177,93,31,62,30,Rainy,No,5.0
2025-10-25,Saturday,Breakfast,Veg Sandwich,Snacks,407,125,71,54,40,Cloudy,Yes,3.9
2025-07-09,Wednesday,Lunch,Coffee,Drinks,436,134,96,38,25,Cloudy,Yes,4.2
2025-10-26,Sunday,Breakfast,Masala Dosa,Meals,350,130,90,40,60,Rainy,No,4.9
2025-12-16,Tuesday,Breakfast,Samosa,Snacks,492,131,89,42,20,Rainy,No,4.9
2025-09-23,Tuesday,Evening,Cold Drink,Drinks,329,127,73,54,30,Rainy,Yes,3.7
2025-10-10,Friday,Breakfast,Idli,Breakfast,190,86,22,64,35,Sunny,Yes,3.3
2025-03-24,Monday,Lunch,Veg Thali,Meals,174,91,36,55,90,Sunny,Yes,3.5
2025-04-22,Tuesday,Evening,Tea,Drinks,274,98,32,66,15,Cloudy,Yes,4.3
2025-05-01,Thursday,Evening,Cold Drink,Drinks,475,160,137,23,30,Cloudy,Yes,4.1
2025-11-11,Tuesday,Breakfast,Cold Drink,Drinks,302,110,60,50,30,Cloudy,No,4.5
2025-08-20,Wednesday,Lunch,Tea,Drinks,277,120,74,46,15,Rainy,No,3.3
2025-01-05,Sunday,Evening,Masala Dosa,Meals,303,103,41,62,60,Rainy,Yes,4.5
2025-07-27,Sunday,Lunch,Veg Thali,Meals,396,145,112,33,90,Cloudy,Yes,3.6
2025-01-16,Thursday,Lunch,Coffee,Drinks,481,167,164,3,25,Rainy,Yes,3.3
2025-09-11,Thursday,Evening,Tea,Drinks,358,124,78,46,15,Sunny,No,3.7
2025-02-17,Monday,Evening,Cold Drink,Drinks,392,121,73,48,30,Cloudy,No,3.3
2025-07-18,Friday,Evening,Coffee,Drinks,489,163,147,16,25,Sunny,No,3.8
2025-11-09,Sunday,Breakfast,Idli,Breakfast,465,134,97,37,35,Rainy,No,3.7
2025-08-12,Tuesday,Lunch,Veg Thali,Meals,484,163,142,21,90,Sunny,Yes,4.9
2025-11-17,Monday,Lunch,Idli,Breakfast,538,161,147,14,35,Sunny,No,3.8
2025-08-03,Sunday,Evening,Cold Drink,Drinks,182,91,33,58,30,Sunny,Yes,4.6
2025-03-16,Sunday,Breakfast,Vada Pav,Snacks,286,99,34,65,25,Cloudy,No,3.5
2025-04-17,Thursday,Breakfast,Coffee,Drinks,511,135,92,43,25,Rainy,No,4.4
2025-02-02,Sunday,Breakfast,Cold Drink,Drinks,361,127,82,45,30,Cloudy,No,4.9
2025-09-11,Thursday,Evening,Masala Dosa,Meals,176,82,22,60,60,Cloudy,No,4.4
2025-06-16,Monday,Evening,Coffee,Drinks,489,159,141,18,25,Cloudy,No,4.0
2025-10-15,Wednesday,Evening,Veg Sandwich,Snacks,177,79,24,55,40,Cloudy,No,3.3
2025-07-22,Tuesday,Evening,Coffee,Drinks,483,151,126,25,25,Cloudy,No,3.5
2025-08-01,Friday,Breakfast,Vada Pav,Snacks,389,125,74,51,25,Sunny,No,4.9
2025-07-01,Tuesday,Breakfast,Veg Thali,Meals,559,142,104,38,90,Cloudy,Yes,3.3
2025-12-17,Wednesday,Evening,Tea,Drinks,376,131,93,38,15,Cloudy,No,3.7
2025-01-26,Sunday,Breakfast,Pav Bhaji,Meals,192,89,31,58,70,Rainy,Yes,3.7
2025-12-03,Wednesday,Breakfast,Pav Bhaji,Meals,359,114,58,56,70,Cloudy,Yes,4.8
2025-10-08,Wednesday,Lunch,Veg Sandwich,Snacks,428,161,141,20,40,Sunny,No,4.7
2025-12-30,Tuesday,Evening,Cold Drink,Drinks,594,164,148,16,30,Cloudy,No,3.4
2025-09-08,Monday,Evening,Idli,Breakfast,504,161,140,21,35,Rainy,Yes,3.4
2025-10-08,Wednesday,Breakfast,Veg Sandwich,Snacks,355,127,80,47,40,Sunny,Yes,3.1
2025-07-06,Sunday,Breakfast,Vada Pav,Snacks,458,136,102,34,25,Sunny,No,4.3
2025-06-01,Sunday,Evening,Tea,Drinks,335,112,53,59,15,Rainy,Yes,3.9
2025-12-27,Saturday,Breakfast,Pav Bhaji,Meals,465,128,76,52,70,Rainy,No,4.6
2025-04-21,Monday,Lunch,Cold Drink,Drinks,570,170,170,0,30,Sunny,Yes,3.0
2025-09-05,Friday,Lunch,Pav Bhaji,Meals,213,96,30,66,70,Sunny,Yes,4.2
2025-03-20,Thursday,Breakfast,Samosa,Snacks,355,115,67,48,20,Rainy,No,4.9
2025-08-24,Sunday,Breakfast,Veg Thali,Meals,378,112,54,58,90,Sunny,Yes,3.2
2025-03-06,Thursday,Lunch,Veg Thali,Meals,277,110,54,56,90,Sunny,Yes,3.7
2025-01-23,Thursday,Breakfast,Masala Dosa,Meals,253,108,50,58,60,Cloudy,Yes,3.7
2025-01-12,Sunday,Lunch,Vada Pav,Snacks,278,109,48,61,25,Cloudy,No,3.8
2025-03-13,Thursday,Breakfast,Masala Dosa,Meals,357,128,76,52,60,Rainy,No,3.9
2025-06-10,Tuesday,Breakfast,Veg Sandwich,Snacks,153,81,15,66,40,Cloudy,No,3.9
2025-01-02,Thursday,Lunch,Coffee,Drinks,188,86,28,58,25,Sunny,Yes,3.2
2025-07-16,Wednesday,Lunch,Idli,Breakfast,253,104,52,52,35,Sunny,Yes,3.4
2025-04-28,Monday,Evening,Masala Dosa,Meals,158,78,17,61,60,Rainy,No,4.5
2025-12-25,Thursday,Lunch,Samosa,Snacks,595,182,173,9,20,Cloudy,No,4.8
2025-10-25,Saturday,Lunch,Masala Dosa,Meals,224,92,30,62,60,Sunny,Yes,3.4
2025-12-16,Tuesday,Lunch,Tea,Drinks,533,175,175,0,15,Rainy,No,3.7
2025-02-26,Wednesday,Evening,Veg Sandwich,Snacks,223,91,38,53,40,Rainy,Yes,4.5
2025-02-03,Monday,Lunch,Veg Thali,Meals,428,155,126,29,90,Rainy,Yes,3.1
2025-04-24,Thursday,Breakfast,Veg Thali,Meals,350,112,57,55,90,Cloudy,Yes,3.4
2025-05-02,Friday,Breakfast,Pav Bhaji,Meals,396,135,89,46,70,Rainy,No,3.9
2025-01-28,Tuesday,Breakfast,Idli,Breakfast,569,147,121,26,35,Rainy,No,5.0
2025-04-30,Wednesday,Lunch,Coffee,Drinks,166,82,23,59,25,Rainy,Yes,3.0
2025-05-19,Monday,Lunch,Veg Sandwich,Snacks,206,99,47,52,40,Sunny,No,4.2
2025-10-10,Friday,Evening,Masala Dosa,Meals,591,150,125,25,60,Sunny,No,4.7
2025-10-04,Saturday,Lunch,Tea,Drinks,420,140,103,37,15,Sunny,No,3.7
2025-07-01,Tuesday,Evening,Samosa,Snacks,402,144,115,29,20,Rainy,Yes,4.1
2025-01-16,Thursday,Evening,Samosa,Snacks,179,88,35,53,20,Rainy,No,4.2
2025-07-13,Sunday,Evening,Cold Drink,Drinks,246,98,36,62,30,Sunny,Yes,5.0
2025-07-12,Saturday,Lunch,Coffee,Drinks,164,89,23,66,25,Rainy,No,3.8
2025-12-27,Saturday,Evening,Veg Thali,Meals,595,190,186,4,90,Cloudy,Yes,4.1
2025-07-08,Tuesday,Lunch,Veg Sandwich,Snacks,489,173,164,9,40,Cloudy,No,4.2
2025-07-20,Sunday,Breakfast,Veg Sandwich,Snacks,390,125,80,45,40,Rainy,No,4.9
2025-04-04,Friday,Lunch,Samosa,Snacks,447,147,121,26,20,Rainy,Yes,3.3
2025-11-20,Thursday,Evening,Tea,Drinks,553,144,110,34,15,Rainy,Yes,4.0
2025-01-11,Saturday,Evening,Samosa,Snacks,163,81,15,66,20,Rainy,Yes,4.2
2025-02-04,Tuesday,Evening,Veg Thali,Meals,582,180,172,8,90,Rainy,Yes,4.3
2025-01-26,Sunday,Breakfast,Masala Dosa,Meals,219,96,38,58,60,Cloudy,No,3.0
2025-12-09,Tuesday,Evening,Cold Drink,Drinks,386,137,102,35,30,Cloudy,No,3.1
2025-05-23,Friday,Evening,Idli,Breakfast,387,127,74,53,35,Sunny,No,3.2
2025-06-21,Saturday,Lunch,Idli,Breakfast,355,117,65,52,35,Cloudy,No,3.9
2025-11-22,Saturday,Lunch,Idli,Breakfast,335,137,104,33,35,Cloudy,Yes,3.3
2025-01-19,Sunday,Lunch,Samosa,Snacks,254,102,48,54,20,Cloudy,No,4.7
2025-12-06,Saturday,Lunch,Veg Thali,Meals,524,162,140,22,90,Rainy,Yes,4.0
2025-02-24,Monday,Lunch,Coffee,Drinks,532,175,169,6,25,Cloudy,No,3.7
2025-03-03,Monday,Evening,Vada Pav,Snacks,524,163,147,16,25,Sunny,No,4.0
2025-05-25,Sunday,Lunch,Coffee,Drinks,460,166,158,8,25,Sunny,No,4.9
2025-12-08,Monday,Evening,Pav Bhaji,Meals,485,136,92,44,70,Rainy,No,3.7
2025-11-06,Thursday,Evening,Idli,Breakfast,390,123,79,44,35,Sunny,Yes,3.1
2025-02-11,Tuesday,Evening,Masala Dosa,Meals,181,91,31,60,60,Rainy,No,4.3
2025-03-05,Wednesday,Breakfast,Tea,Drinks,564,166,158,8,15,Cloudy,Yes,3.8
2025-10-27,Monday,Evening,Masala Dosa,Meals,257,104,43,61,60,Cloudy,Yes,4.3
2025-05-06,Tuesday,Evening,Coffee,Drinks,435,131,86,45,25,Sunny,Yes,4.1
2025-09-21,Sunday,Evening,Coffee,Drinks,341,113,57,56,25,Sunny,Yes,3.4
2025-12-20,Saturday,Breakfast,Veg Sandwich,Snacks,219,98,39,59,40,Rainy,No,3.5
2025-09-16,Tuesday,Breakfast,Samosa,Snacks,245,97,44,53,20,Rainy,Yes,4.3
2025-04-11,Friday,Lunch,Pav Bhaji,Meals,212,98,35,63,70,Cloudy,Yes,4.6
2025-03-12,Wednesday,Evening,Masala Dosa,Meals,192,88,27,61,60,Cloudy,No,4.8
2025-01-05,Sunday,Breakfast,Idli,Breakfast,483,142,111,31,35,Cloudy,No,4.3
2025-01-29,Wednesday,Lunch,Pav Bhaji,Meals,396,145,118,27,70,Rainy,No,4.7
2025-02-10,Monday,Lunch,Veg Thali,Meals,254,110,51,59,90,Sunny,Yes,3.6
2025-06-13,Friday,Breakfast,Pav Bhaji,Meals,276,96,35,61,70,Rainy,Yes,4.0
2025-01-17,Friday,Evening,Vada Pav,Snacks,385,130,86,44,25,Sunny,Yes,3.1
2025-04-07,Monday,Lunch,Idli,Breakfast,509,170,164,6,35,Cloudy,No,3.4
2025-11-10,Monday,Lunch,Masala Dosa,Meals,252,104,46,58,60,Rainy,Yes,4.8
2025-08-24,Sunday,Breakfast,Cold Drink,Drinks,424,119,70,49,30,Cloudy,No,4.5
2025-04-27,Sunday,Evening,Veg Thali,Meals,286,113,53,60,90,Sunny,Yes,3.0
2025-03-16,Sunday,Lunch,Idli,Breakfast,392,133,97,36,35,Cloudy,Yes,4.2
2025-02-28,Friday,Breakfast,Samosa,Snacks,585,167,161,6,20,Rainy,Yes,4.2
2025-11-09,Sunday,Evening,Samosa,Snacks,259,99,39,60,20,Sunny,Yes,3.4
2025-06-07,Saturday,Evening,Samosa,Snacks,201,93,27,66,20,Sunny,No,4.7
2025-06-03,Tuesday,Lunch,Pav Bhaji,Meals,352,138,106,32,70,Sunny,Yes,3.8
2025-12-18,Thursday,Breakfast,Tea,Drinks,245,106,46,60,15,Cloudy,No,3.8
2025-03-25,Tuesday,Breakfast,Vada Pav,Snacks,213,95,41,54,25,Sunny,No,3.8
2025-12-30,Tuesday,Evening,Vada Pav,Snacks,223,95,29,66,25,Rainy,Yes,4.0
2025-02-12,Wednesday,Lunch,Masala Dosa,Meals,491,152,125,27,60,Cloudy,Yes,4.8
2025-11-16,Sunday,Lunch,Veg Thali,Meals,391,144,103,41,90,Rainy,Yes,3.8
2025-05-08,Thursday,Evening,Cold Drink,Drinks,586,164,157,7,30,Sunny,Yes,3.7
2025-07-20,Sunday,Breakfast,Pav Bhaji,Meals,218,95,40,55,70,Sunny,No,3.2
2025-04-01,Tuesday,Breakfast,Vada Pav,Snacks,234,96,36,60,25,Cloudy,Yes,3.1
2025-09-21,Sunday,Breakfast,Idli,Breakfast,322,118,60,58,35,Cloudy,No,4.1
2025-06-21,Saturday,Lunch,Samosa,Snacks,248,104,45,59,20,Sunny,Yes,4.5
2025-01-07,Tuesday,Breakfast,Cold Drink,Drinks,324,110,54,56,30,Rainy,Yes,4.4
2025-06-13,Friday,Evening,Samosa,Snacks,374,129,88,41,20,Rainy,Yes,3.9
2025-03-29,Saturday,Evening,Veg Sandwich,Snacks,510,161,142,19,40,Cloudy,Yes,4.2
2025-03-29,Saturday,Breakfast,Idli,Breakfast,591,174,167,7,35,Sunny,Yes,4.1
2025-11-08,Saturday,Lunch,Cold Drink,Drinks,207,93,39,54,30,Cloudy,Yes,3.2
2025-09-20,Saturday,Lunch,Tea,Drinks,445,152,124,28,15,Rainy,Yes,4.7
2025-07-31,Thursday,Lunch,Vada Pav,Snacks,152,87,21,66,25,Sunny,Yes,3.2
2025-06-04,Wednesday,Breakfast,Vada Pav,Snacks,176,87,27,60,25,Rainy,No,4.2
2025-09-15,Monday,Evening,Cold Drink,Drinks,350,123,75,48,30,Cloudy,No,3.1
2025-10-05,Sunday,Breakfast,Coffee,Drinks,245,94,34,60,25,Rainy,Yes,3.9
2025-12-09,Tuesday,Lunch,Idli,Breakfast,202,102,48,54,35,Cloudy,No,4.3
2025-03-05,Wednesday,Lunch,Masala Dosa,Meals,557,177,168,9,60,Sunny,Yes,4.8
2025-02-20,Thursday,Breakfast,Veg Sandwich,Snacks,414,124,73,51,40,Cloudy,Yes,3.8
2025-10-01,Wednesday,Breakfast,Masala Dosa,Meals,298,119,60,59,60,Sunny,No,4.5
2025-03-17,Monday,Evening,Veg Thali,Meals,352,119,62,57,90,Sunny,No,4.3
2025-03-22,Saturday,Breakfast,Vada Pav,Snacks,310,104,47,57,25,Sunny,No,3.8
2025-01-21,Tuesday,Lunch,Coffee,Drinks,347,135,95,40,25,Sunny,No,4.8
2025-04-12,Saturday,Evening,Idli,Breakfast,534,162,146,16,35,Rainy,No,4.4
2025-08-29,Friday,Lunch,Veg Sandwich,Snacks,426,145,107,38,40,Rainy,No,3.2
2025-08-18,Monday,Evening,Pav Bhaji,Meals,241,89,36,53,70,Cloudy,Yes,3.4
2025-01-19,Sunday,Lunch,Samosa,Snacks,159,91,27,64,20,Rainy,No,3.6
2025-08-25,Monday,Breakfast,Pav Bhaji,Meals,291,104,41,63,70,Sunny,No,3.9
2025-12-08,Monday,Evening,Idli,Breakfast,493,148,124,24,35,Sunny,Yes,3.9
2025-12-30,Tuesday,Evening,Masala Dosa,Meals,447,146,110,36,60,Rainy,No,4.1
2025-02-22,Saturday,Evening,Vada Pav,Snacks,557,178,178,0,25,Rainy,Yes,3.4
2025-12-10,Wednesday,Evening,Vada Pav,Snacks,547,160,142,18,25,Cloudy,No,4.8
2025-01-21,Tuesday,Lunch,Vada Pav,Snacks,483,173,171,2,25,Sunny,No,4.5
2025-04-29,Tuesday,Breakfast,Cold Drink,Drinks,464,145,106,39,30,Rainy,No,4.6
2025-08-07,Thursday,Evening,Idli,Breakfast,453,145,111,34,35,Sunny,Yes,3.5
2025-12-29,Monday,Lunch,Veg Sandwich,Snacks,327,135,97,38,40,Sunny,No,3.0
2025-09-03,Wednesday,Lunch,Veg Sandwich,Snacks,520,169,166,3,40,Rainy,No,4.2
2025-11-10,Monday,Lunch,Masala Dosa,Meals,550,168,160,8,60,Cloudy,No,4.4
2025-08-01,Friday,Breakfast,Samosa,Snacks,271,110,57,53,20,Rainy,Yes,3.7
2025-11-09,Sunday,Lunch,Cold Drink,Drinks,293,111,51,60,30,Rainy,No,3.3
2025-07-09,Wednesday,Evening,Pav Bhaji,Meals,322,122,78,44,70,Sunny,Yes,3.4
2025-01-18,Saturday,Evening,Pav Bhaji,Meals,463,135,96,39,70,Sunny,No,3.8
2025-12-04,Thursday,Evening,Pav Bhaji,Meals,206,83,23,60,70,Rainy,Yes,4.0
2025-06-25,Wednesday,Breakfast,Masala Dosa,Meals,590,163,148,15,60,Cloudy,Yes,4.5
2025-01-06,Monday,Lunch,Veg Sandwich,Snacks,278,107,45,62,40,Sunny,No,3.3
2025-05-14,Wednesday,Breakfast,Tea,Drinks,593,183,183,0,15,Rainy,No,4.6
2025-01-21,Tuesday,Evening,Masala Dosa,Meals,572,152,132,20,60,Rainy,Yes,4.1
2025-03-13,Thursday,Evening,Samosa,Snacks,375,120,76,44,20,Sunny,Yes,3.6
2025-08-15,Friday,Evening,Pav Bhaji,Meals,599,150,117,33,70,Sunny,Yes,3.9
2025-06-12,Thursday,Evening,Tea,Drinks,275,96,34,62,15,Cloudy,Yes,4.2
2025-04-16,Wednesday,Breakfast,Samosa,Snacks,158,77,14,63,20,Rainy,No,3.1
2025-08-10,Sunday,Evening,Pav Bhaji,Meals,550,167,151,16,70,Rainy,No,3.1
2025-09-30,Tuesday,Breakfast,Cold Drink,Drinks,560,170,163,7,30,Sunny,Yes,4.1
2025-07-10,Thursday,Evening,Samosa,Snacks,496,135,95,40,20,Sunny,Yes,3.3
2025-02-08,Saturday,Evening,Veg Thali,Meals,162,81,17,64,90,Rainy,Yes,4.0
2025-08-05,Tuesday,Breakfast,Tea,Drinks,474,145,116,29,15,Rainy,No,4.6
2025-04-09,Wednesday,Breakfast,Samosa,Snacks,294,116,69,47,20,Rainy,No,3.0
2025-12-07,Sunday,Breakfast,Veg Sandwich,Snacks,293,112,54,58,40,Sunny,No,3.4
2025-04-15,Tuesday,Lunch,Veg Thali,Meals,216,97,32,65,90,Sunny,Yes,4.7
2025-01-11,Saturday,Lunch,Tea,Drinks,150,85,19,66,15,Sunny,Yes,3.4
2025-05-01,Thursday,Lunch,Pav Bhaji,Meals,320,123,69,54,70,Rainy,No,3.1
2025-08-30,Saturday,Breakfast,Vada Pav,Snacks,497,146,120,26,25,Sunny,No,5.0
2025-08-26,Tuesday,Breakfast,Samosa,Snacks,400,136,100,36,20,Cloudy,Yes,4.5
2025-10-14,Tuesday,Evening,Cold Drink,Drinks,404,130,85,45,30,Rainy,No,4.5
2025-07-09,Wednesday,Breakfast,Masala Dosa,Meals,406,135,89,46,60,Cloudy,No,4.6
2025-11-07,Friday,Evening,Samosa,Snacks,422,138,102,36,20,Rainy,Yes,4.3
2025-03-24,Monday,Breakfast,Veg Thali,Meals,409,117,63,54,90,Cloudy,Yes,3.2
2025-05-10,Saturday,Lunch,Pav Bhaji,Meals,528,185,185,0,70,Rainy,No,4.7
2025-11-27,Thursday,Evening,Coffee,Drinks,574,155,133,22,25,Rainy,Yes,4.1
2025-12-18,Thursday,Breakfast,Coffee,Drinks,446,148,122,26,25,Rainy,No,4.4
2025-05-07,Wednesday,Evening,Samosa,Snacks,328,115,64,51,20,Cloudy,No,3.4
2025-10-19,Sunday,Breakfast,Cold Drink,Drinks,476,150,127,23,30,Cloudy,Yes,3.3
2025-07-05,Saturday,Lunch,Veg Thali,Meals,457,155,133,22,90,Sunny,Yes,3.2
2025-10-16,Thursday,Lunch,Veg Thali,Meals,165,87,33,54,90,Cloudy,Yes,3.8
2025-08-22,Friday,Breakfast,Vada Pav,Snacks,177,91,26,65,25,Rainy,No,4.5
2025-04-11,Friday,Lunch,Cold Drink,Drinks,486,143,106,37,30,Cloudy,Yes,3.7
2025-11-29,Saturday,Lunch,Pav Bhaji,Meals,536,161,150,11,70,Sunny,No,4.7
2025-08-19,Tuesday,Evening,Idli,Breakfast,496,148,119,29,35,Cloudy,No,4.7
2025-10-03,Friday,Evening,Vada Pav,Snacks,479,162,153,9,25,Rainy,Yes,3.2
2025-01-17,Friday,Evening,Veg Sandwich,Snacks,383,138,93,45,40,Sunny,Yes,4.5
2025-11-13,Thursday,Lunch,Coffee,Drinks,539,182,177,5,25,Sunny,Yes,3.8
2025-12-19,Friday,Lunch,Pav Bhaji,Meals,492,175,170,5,70,Cloudy,Yes,3.2
2025-01-12,Sunday,Evening,Veg Thali,Meals,432,135,95,40,90,Cloudy,No,3.8
2025-05-20,Tuesday,Breakfast,Tea,Drinks,214,97,39,58,15,Cloudy,No,3.1
2025-05-13,Tuesday,Evening,Cold Drink,Drinks,362,111,50,61,30,Cloudy,Yes,5.0
2025-09-15,Monday,Lunch,Coffee,Drinks,548,162,146,16,25,Sunny,Yes,3.9
2025-01-25,Saturday,Evening,Veg Thali,Meals,487,157,130,27,90,Cloudy,Yes,3.9
2025-03-10,Monday,Lunch,Tea,Drinks,487,165,151,14,15,Cloudy,No,4.2
2025-12-14,Sunday,Breakfast,Masala Dosa,Meals,477,156,130,26,60,Sunny,No,4.0
2025-02-21,Friday,Lunch,Coffee,Drinks,469,147,122,25,25,Rainy,Yes,4.1
2025-05-26,Monday,Lunch,Veg Sandwich,Snacks,294,107,54,53,40,Rainy,Yes,3.4
2025-02-17,Monday,Evening,Tea,Drinks,543,143,103,40,15,Cloudy,Yes,4.6
2025-07-02,Wednesday,Evening,Tea,Drinks,567,163,144,19,15,Cloudy,Yes,3.3
2025-07-08,Tuesday,Evening,Samosa,Snacks,568,143,105,38,20,Cloudy,Yes,3.5
2025-08-24,Sunday,Lunch,Masala Dosa,Meals,523,182,182,0,60,Sunny,No,4.4
2025-06-01,Sunday,Breakfast,Pav Bhaji,Meals,257,97,42,55,70,Cloudy,Yes,4.3
2025-04-16,Wednesday,Breakfast,Samosa,Snacks,570,147,110,37,20,Cloudy,No,3.2
2025-01-14,Tuesday,Evening,Vada Pav,Snacks,164,82,19,63,25,Cloudy,Yes,4.5
2025-11-29,Saturday,Evening,Masala Dosa,Meals,177,90,26,64,60,Sunny,No,3.2
2025-12-12,Friday,Lunch,Veg Thali,Meals,233,107,51,56,90,Rainy,No,4.3
2025-05-06,Tuesday,Evening,Pav Bhaji,Meals,567,170,164,6,70,Sunny,No,4.5
2025-03-03,Monday,Breakfast,Tea,Drinks,205,93,36,57,15,Rainy,No,4.1
2025-11-09,Sunday,Lunch,Veg Thali,Meals,526,179,171,8,90,Sunny,No,4.1
2025-06-18,Wednesday,Lunch,Masala Dosa,Meals,374,131,82,49,60,Cloudy,Yes,4.4
2025-11-16,Sunday,Lunch,Veg Sandwich,Snacks,423,156,136,20,40,Sunny,No,4.6
2025-12-03,Wednesday,Lunch,Veg Sandwich,Snacks,243,99,41,58,40,Sunny,Yes,3.7
2025-04-28,Monday,Lunch,Cold Drink,Drinks,178,96,41,55,30,Rainy,Yes,4.9
2025-06-20,Friday,Evening,Vada Pav,Snacks,410,126,84,42,25,Rainy,Yes,4.0
2025-01-24,Friday,Lunch,Cold Drink,Drinks,195,98,37,61,30,Rainy,No,3.5
2025-05-31,Saturday,Breakfast,Pav Bhaji,Meals,242,98,39,59,70,Cloudy,No,3.5
2025-05-21,Wednesday,Evening,Tea,Drinks,285,97,37,60,15,Rainy,Yes,3.6
2025-01-28,Tuesday,Breakfast,Tea,Drinks,154,79,21,58,15,Cloudy,Yes,3.9
2025-12-10,Wednesday,Lunch,Pav Bhaji,Meals,562,176,176,0,70,Cloudy,Yes,3.5
2025-10-15,Wednesday,Lunch,Veg Thali,Meals,484,161,141,20,90,Cloudy,Yes,3.2
2025-05-11,Sunday,Breakfast,Coffee,Drinks,230,101,41,60,25,Cloudy,No,4.5
2025-11-05,Wednesday,Lunch,Veg Sandwich,Snacks,197,95,38,57,40,Cloudy,Yes,4.7
2025-04-24,Thursday,Breakfast,Veg Thali,Meals,389,129,83,46,90,Sunny,No,4.9
2025-07-04,Friday,Evening,Samosa,Snacks,511,140,106,34,20,Cloudy,No,3.8
2025-01-30,Thursday,Breakfast,Vada Pav,Snacks,340,124,79,45,25,Sunny,Yes,4.6
2025-06-02,Monday,Breakfast,Idli,Breakfast,410,145,108,37,35,Rainy,No,3.9
2025-10-21,Tuesday,Lunch,Vada Pav,Snacks,501,147,122,25,25,Sunny,No,4.0
2025-05-16,Friday,Evening,Tea,Drinks,521,170,163,7,15,Cloudy,No,4.2
2025-07-01,Tuesday,Evening,Idli,Breakfast,331,108,56,52,35,Cloudy,Yes,3.4
2025-02-25,Tuesday,Lunch,Veg Thali,Meals,498,159,135,24,90,Rainy,Yes,4.1
2025-03-09,Sunday,Breakfast,Veg Thali,Meals,162,83,20,63,90,Sunny,Yes,3.8
2025-12-07,Sunday,Breakfast,Coffee,Drinks,348,117,70,47,25,Sunny,No,3.5
2025-01-16,Thursday,Evening,Veg Thali,Meals,170,81,20,61,90,Cloudy,No,3.2
2025-03-25,Tuesday,Evening,Tea,Drinks,268,112,51,61,15,Rainy,Yes,3.7
2025-03-11,Tuesday,Evening,Vada Pav,Snacks,422,119,73,46,25,Rainy,Yes,4.3
2025-12-14,Sunday,Evening,Pav Bhaji,Meals,450,149,122,27,70,Cloudy,Yes,5.0
2025-03-11,Tuesday,Lunch,Tea,Drinks,401,130,87,43,15,Cloudy,No,3.4
2025-12-24,Wednesday,Lunch,Masala Dosa,Meals,535,158,143,15,60,Sunny,No,3.3
2025-08-14,Thursday,Evening,Masala Dosa,Meals,461,127,78,49,60,Cloudy,Yes,3.2
2025-01-07,Tuesday,Breakfast,Tea,Drinks,150,82,17,65,15,Cloudy,No,3.5
2025-11-18,Tuesday,Evening,Veg Thali,Meals,506,168,163,5,90,Rainy,No,4.3
2025-07-15,Tuesday,Lunch,Masala Dosa,Meals,597,178,174,4,60,Cloudy,Yes,4.0
2025-02-27,Thursday,Breakfast,Pav Bhaji,Meals,242,90,31,59,70,Sunny,Yes,3.4
2025-12-07,Sunday,Evening,Pav Bhaji,Meals,176,89,30,59,70,Cloudy,Yes,3.9
2025-04-27,Sunday,Breakfast,Vada Pav,Snacks,463,156,131,25,25,Cloudy,Yes,4.9
2025-06-09,Monday,Evening,Pav Bhaji,Meals,176,87,26,61,70,Sunny,No,4.2
2025-12-23,Tuesday,Breakfast,Cold Drink,Drinks,226,86,20,66,30,Cloudy,Yes,3.9
2025-03-30,Sunday,Breakfast,Cold Drink,Drinks,485,131,82,49,30,Rainy,No,4.9
2025-03-04,Tuesday,Evening,Idli,Breakfast,582,152,128,24,35,Cloudy,No,5.0
2025-12-25,Thursday,Lunch,Idli,Breakfast,361,124,69,55,35,Sunny,Yes,4.6
2025-11-14,Friday,Evening,Cold Drink,Drinks,519,138,98,40,30,Cloudy,No,3.9
2025-11-14,Friday,Breakfast,Masala Dosa,Meals,235,102,45,57,60,Sunny,Yes,4.1
2025-01-30,Thursday,Lunch,Veg Sandwich,Snacks,459,152,119,33,40,Cloudy,Yes,3.3
2025-05-24,Saturday,Breakfast,Masala Dosa,Meals,162,82,24,58,60,Sunny,No,3.8
2025-11-29,Saturday,Lunch,Cold Drink,Drinks,508,158,139,19,30,Cloudy,No,3.7
2025-01-03,Friday,Evening,Pav Bhaji,Meals,444,133,87,46,70,Sunny,No,4.2
2025-08-13,Wednesday,Breakfast,Masala Dosa,Meals,350,124,71,53,60,Cloudy,No,3.9
2025-09-14,Sunday,Lunch,Pav Bhaji,Meals,203,92,37,55,70,Rainy,Yes,3.3
2025-06-07,Saturday,Breakfast,Cold Drink,Drinks,288,116,66,50,30,Rainy,No,4.9
2025-05-13,Tuesday,Lunch,Vada Pav,Snacks,204,92,29,63,25,Cloudy,No,4.9
2025-11-06,Thursday,Breakfast,Idli,Breakfast,296,115,66,49,35,Sunny,No,4.5
2025-07-13,Sunday,Lunch,Veg Thali,Meals,167,88,33,55,90,Cloudy,No,4.7
2025-12-23,Tuesday,Lunch,Cold Drink,Drinks,311,122,78,44,30,Cloudy,No,3.2
2025-07-22,Tuesday,Evening,Tea,Drinks,384,140,100,40,15,Rainy,Yes,4.9
2025-09-16,Tuesday,Lunch,Idli,Breakfast,270,111,54,57,35,Rainy,No,3.4
2025-08-31,Sunday,Breakfast,Samosa,Snacks,231,102,39,63,20,Cloudy,Yes,3.9
2025-05-17,Saturday,Lunch,Idli,Breakfast,417,158,139,19,35,Sunny,No,4.1
2025-05-19,Monday,Lunch,Veg Sandwich,Snacks,299,120,65,55,40,Sunny,No,3.8
2025-02-04,Tuesday,Evening,Coffee,Drinks,341,130,89,41,25,Cloudy,Yes,4.8
2025-03-13,Thursday,Breakfast,Masala Dosa,Meals,492,147,112,35,60,Rainy,Yes,4.9
2025-09-12,Friday,Breakfast,Vada Pav,Snacks,336,129,78,51,25,Cloudy,No,3.3
2025-05-08,Thursday,Breakfast,Veg Sandwich,Snacks,432,141,111,30,40,Cloudy,No,4.2
2025-10-28,Tuesday,Breakfast,Pav Bhaji,Meals,269,97,43,54,70,Sunny,No,3.8
2025-01-11,Saturday,Breakfast,Idli,Breakfast,426,147,114,33,35,Rainy,Yes,4.8
2025-10-03,Friday,Breakfast,Tea,Drinks,484,153,125,28,15,Rainy,Yes,3.1
2025-05-18,Sunday,Breakfast,Masala Dosa,Meals,570,157,132,25,60,Rainy,No,3.3
2025-09-21,Sunday,Lunch,Tea,Drinks,524,172,172,0,15,Rainy,No,4.2
2025-08-16,Saturday,Evening,Coffee,Drinks,567,176,173,3,25,Sunny,No,3.1
2025-09-13,Saturday,Lunch,Tea,Drinks,200,91,32,59,15,Cloudy,Yes,3.1
2025-01-27,Monday,Lunch,Idli,Breakfast,190,99,38,61,35,Rainy,No,3.4
2025-10-14,Tuesday,Lunch,Samosa,Snacks,488,150,126,24,20,Rainy,No,3.9
2025-04-06,Sunday,Breakfast,Pav Bhaji,Meals,394,137,104,33,70,Rainy,No,3.0
2025-06-16,Monday,Lunch,Pav Bhaji,Meals,576,176,175,1,70,Rainy,No,3.3
2025-10-04,Saturday,Evening,Coffee,Drinks,307,103,47,56,25,Sunny,No,3.7
2025-04-30,Wednesday,Evening,Samosa,Snacks,278,98,36,62,20,Sunny,No,4.4
2025-12-18,Thursday,Evening,Vada Pav,Snacks,192,83,28,55,25,Rainy,Yes,3.4
2025-10-27,Monday,Evening,Vada Pav,Snacks,212,84,29,55,25,Cloudy,Yes,4.6
2025-04-19,Saturday,Breakfast,Veg Sandwich,Snacks,298,119,65,54,40,Rainy,No,4.8
2025-06-29,Sunday,Lunch,Coffee,Drinks,557,169,169,0,25,Cloudy,Yes,4.3
2025-02-26,Wednesday,Evening,Coffee,Drinks,482,142,104,38,25,Rainy,No,3.6
2025-10-08,Wednesday,Evening,Masala Dosa,Meals,445,135,100,35,60,Sunny,Yes,4.5
2025-07-09,Wednesday,Lunch,Tea,Drinks,401,147,116,31,15,Rainy,No,4.9
2025-08-31,Sunday,Evening,Tea,Drinks,347,118,66,52,15,Cloudy,No,3.1
2025-06-30,Monday,Breakfast,Veg Sandwich,Snacks,406,141,100,41,40,Rainy,No,4.2
2025-06-09,Monday,Lunch,Pav Bhaji,Meals,244,102,41,61,70,Sunny,No,4.1
2025-10-03,Friday,Evening,Coffee,Drinks,420,149,120,29,25,Sunny,No,3.7
2025-05-22,Thursday,Breakfast,Vada Pav,Snacks,152,82,24,58,25,Cloudy,Yes,3.7
2025-01-21,Tuesday,Lunch,Idli,Breakfast,237,108,48,60,35,Rainy,No,4.3
2025-08-10,Sunday,Evening,Veg Thali,Meals,167,87,22,65,90,Sunny,No,3.6
2025-08-10,Sunday,Breakfast,Idli,Breakfast,169,87,22,65,35,Sunny,Yes,3.5
2025-01-29,Wednesday,Breakfast,Samosa,Snacks,428,151,130,21,20,Rainy,Yes,4.8
2025-05-04,Sunday,Breakfast,Samosa,Snacks,205,93,33,60,20,Sunny,No,3.7
2025-09-14,Sunday,Evening,Pav Bhaji,Meals,325,110,50,60,70,Rainy,No,4.4
2025-07-02,Wednesday,Breakfast,Idli,Breakfast,351,109,49,60,35,Sunny,No,3.8
2025-08-23,Saturday,Lunch,Pav Bhaji,Meals,382,130,85,45,70,Rainy,Yes,4.9
2025-10-07,Tuesday,Breakfast,Cold Drink,Drinks,383,131,84,47,30,Rainy,Yes,3.7
2025-07-23,Wednesday,Lunch,Idli,Breakfast,371,142,107,35,35,Sunny,Yes,4.4
2025-10-22,Wednesday,Lunch,Cold Drink,Drinks,373,121,74,47,30,Rainy,No,4.1
2025-03-14,Friday,Lunch,Tea,Drinks,173,90,34,56,15,Rainy,Yes,4.2
2025-02-26,Wednesday,Evening,Tea,Drinks,216,100,39,61,15,Cloudy,No,4.3
2025-08-04,Monday,Evening,Vada Pav,Snacks,453,150,126,24,25,Sunny,No,4.9
2025-05-26,Monday,Breakfast,Tea,Drinks,418,133,92,41,15,Cloudy,Yes,3.9
2025-08-11,Monday,Lunch,Idli,Breakfast,522,151,117,34,35,Rainy,Yes,3.3
2025-09-11,Thursday,Breakfast,Idli,Breakfast,538,171,171,0,35,Sunny,No,4.4
2025-03-07,Friday,Breakfast,Masala Dosa,Meals,426,124,70,54,60,Rainy,No,3.2
2025-07-07,Monday,Evening,Samosa,Snacks,442,151,128,23,20,Sunny,No,4.6
2025-03-29,Saturday,Lunch,Veg Thali,Meals,363,122,66,56,90,Rainy,Yes,3.8
2025-08-06,Wednesday,Lunch,Masala Dosa,Meals,473,173,169,4,60,Sunny,Yes,3.1
2025-03-21,Friday,Lunch,Masala Dosa,Meals,524,153,124,29,60,Sunny,No,4.3
2025-02-16,Sunday,Lunch,Veg Sandwich,Snacks,270,106,56,50,40,Sunny,No,4.2
2025-09-27,Saturday,Lunch,Samosa,Snacks,494,144,108,36,20,Cloudy,Yes,4.1
2025-04-08,Tuesday,Lunch,Veg Sandwich,Snacks,399,125,81,44,40,Cloudy,No,4.2
2025-05-07,Wednesday,Breakfast,Cold Drink,Drinks,177,79,17,62,30,Rainy,No,3.5
2025-06-04,Wednesday,Breakfast,Samosa,Snacks,162,82,16,66,20,Rainy,Yes,4.3
2025-03-31,Monday,Breakfast,Pav Bhaji,Meals,509,168,156,12,70,Rainy,Yes,4.5
2025-09-08,Monday,Lunch,Masala Dosa,Meals,400,135,94,41,60,Cloudy,No,3.8
2025-08-13,Wednesday,Breakfast,Coffee,Drinks,332,112,54,58,25,Cloudy,Yes,4.1
2025-02-24,Monday,Lunch,Coffee,Drinks,199,93,28,65,25,Sunny,No,3.7
2025-12-16,Tuesday,Breakfast,Idli,Breakfast,261,104,42,62,35,Rainy,Yes,3.9
2025-01-27,Monday,Breakfast,Samosa,Snacks,327,108,49,59,20,Sunny,Yes,4.7
2025-04-24,Thursday,Evening,Masala Dosa,Meals,441,126,81,45,60,Sunny,No,4.7
2025-10-04,Saturday,Evening,Pav Bhaji,Meals,408,141,104,37,70,Sunny,No,3.4
2025-12-27,Saturday,Evening,Samosa,Snacks,575,152,121,31,20,Sunny,Yes,4.4
2025-02-26,Wednesday,Breakfast,Coffee,Drinks,327,117,69,48,25,Rainy,Yes,3.7
2025-08-25,Monday,Evening,Samosa,Snacks,297,115,56,59,20,Sunny,Yes,3.8
2025-12-11,Thursday,Breakfast,Vada Pav,Snacks,167,87,32,55,25,Rainy,No,4.3
2025-11-03,Monday,Breakfast,Veg Sandwich,Snacks,151,83,20,63,40,Rainy,No,3.8
2025-04-21,Monday,Lunch,Veg Thali,Meals,298,124,79,45,90,Cloudy,Yes,4.6
2025-08-03,Sunday,Evening,Samosa,Snacks,279,109,58,51,20,Sunny,Yes,3.0
2025-01-29,Wednesday,Lunch,Vada Pav,Snacks,234,106,45,61,25,Cloudy,No,3.6
2025-08-25,Monday,Evening,Veg Sandwich,Snacks,583,185,181,4,40,Rainy,No,4.3
2025-02-24,Monday,Breakfast,Idli,Breakfast,261,96,30,66,35,Sunny,No,3.1
2025-01-23,Thursday,Breakfast,Tea,Drinks,258,98,44,54,15,Rainy,Yes,4.7
2025-11-27,Thursday,Lunch,Coffee,Drinks,319,118,65,53,25,Cloudy,No,3.2
2025-03-26,Wednesday,Evening,Veg Thali,Meals,386,119,65,54,90,Rainy,Yes,4.6
2025-11-23,Sunday,Breakfast,Masala Dosa,Meals,244,104,45,59,60,Rainy,No,4.3
2025-12-10,Wednesday,Lunch,Cold Drink,Drinks,295,111,55,56,30,Sunny,No,4.5
2025-06-20,Friday,Breakfast,Coffee,Drinks,310,107,56,51,25,Cloudy,Yes,3.1
2025-09-21,Sunday,Lunch,Samosa,Snacks,553,170,168,2,20,Rainy,No,3.8
2025-12-27,Saturday,Evening,Pav Bhaji,Meals,446,148,112,36,70,Cloudy,No,3.1
2025-11-24,Monday,Breakfast,Masala Dosa,Meals,379,115,64,51,60,Rainy,No,4.7
2025-05-20,Tuesday,Evening,Veg Thali,Meals,476,127,75,52,90,Sunny,Yes,3.4
2025-03-07,Friday,Lunch,Samosa,Snacks,524,162,149,13,20,Cloudy,No,4.3
2025-04-12,Saturday,Lunch,Vada Pav,Snacks,267,108,49,59,25,Cloudy,No,3.1
2025-03-15,Saturday,Lunch,Veg Thali,Meals,259,110,55,55,90,Sunny,Yes,3.1
2025-02-09,Sunday,Breakfast,Coffee,Drinks,229,89,31,58,25,Sunny,Yes,4.6
2025-07-05,Saturday,Evening,Vada Pav,Snacks,309,114,55,59,25,Rainy,Yes,4.2
2025-07-09,Wednesday,Breakfast,Samosa,Snacks,516,155,128,27,20,Rainy,No,4.1
2025-01-14,Tuesday,Lunch,Tea,Drinks,496,150,115,35,15,Rainy,No,4.8
2025-08-28,Thursday,Evening,Masala Dosa,Meals,487,156,134,22,60,Rainy,No,3.9
2025-11-16,Sunday,Breakfast,Veg Sandwich,Snacks,374,119,67,52,40,Rainy,Yes,3.9
2025-07-20,Sunday,Lunch,Idli,Breakfast,308,117,68,49,35,Rainy,Yes,4.6
2025-12-15,Monday,Evening,Veg Thali,Meals,257,101,46,55,90,Rainy,No,4.5
2025-01-09,Thursday,Evening,Pav Bhaji,Meals,321,110,57,53,70,Rainy,Yes,3.9
2025-10-20,Monday,Lunch,Vada Pav,Snacks,343,119,73,46,25,Cloudy,Yes,3.3
2025-08-18,Monday,Evening,Vada Pav,Snacks,399,136,94,42,25,Sunny,No,4.8
2025-11-07,Friday,Evening,Vada Pav,Snacks,392,127,76,51,25,Sunny,No,4.6
2025-12-15,Monday,Breakfast,Veg Thali,Meals,476,142,100,42,90,Cloudy,No,3.1
2025-02-21,Friday,Lunch,Idli,Breakfast,523,151,117,34,35,Rainy,No,5.0
2025-09-20,Saturday,Lunch,Vada Pav,Snacks,407,149,124,25,25,Rainy,No,4.0
2025-09-25,Thursday,Lunch,Idli,Breakfast,236,104,44,60,35,Cloudy,No,4.8
2025-05-06,Tuesday,Evening,Idli,Breakfast,334,119,66,53,35,Sunny,No,3.8
2025-02-14,Friday,Breakfast,Veg Thali,Meals,289,112,53,59,90,Sunny,Yes,4.7
2025-10-06,Monday,Breakfast,Cold Drink,Drinks,164,83,20,63,30,Sunny,No,3.5
2025-08-04,Monday,Evening,Samosa,Snacks,561,161,146,15,20,Sunny,Yes,4.2
2025-05-07,Wednesday,Evening,Idli,Breakfast,432,145,107,38,35,Sunny,Yes,3.3
2025-01-15,Wednesday,Breakfast,Tea,Drinks,260,95,29,66,15,Sunny,No,4.3
2025-05-04,Sunday,Evening,Samosa,Snacks,336,106,45,61,20,Sunny,Yes,3.5
2025-07-22,Tuesday,Evening,Masala Dosa,Meals,497,159,143,16,60,Sunny,No,4.1
2025-02-10,Monday,Breakfast,Coffee,Drinks,173,79,22,57,25,Sunny,Yes,4.8
2025-09-05,Friday,Breakfast,Veg Sandwich,Snacks,576,170,167,3,40,Sunny,Yes,3.0
2025-05-06,Tuesday,Breakfast,Coffee,Drinks,398,126,81,45,25,Rainy,No,4.4
2025-01-08,Wednesday,Breakfast,Veg Sandwich,Snacks,503,167,158,9,40,Sunny,Yes,4.7
2025-04-19,Saturday,Breakfast,Veg Thali,Meals,585,156,130,26,90,Cloudy,Yes,4.6
2025-09-19,Friday,Lunch,Samosa,Snacks,340,121,70,51,20,Sunny,No,3.6
2025-11-13,Thursday,Breakfast,Samosa,Snacks,388,139,105,34,20,Rainy,Yes,4.1
2025-01-06,Monday,Breakfast,Coffee,Drinks,222,101,49,52,25,Rainy,Yes,3.5
2025-01-24,Friday,Evening,Masala Dosa,Meals,486,160,144,16,60,Rainy,Yes,4.9
2025-04-14,Monday,Lunch,Idli,Breakfast,478,169,158,11,35,Sunny,Yes,3.2
2025-12-08,Monday,Evening,Veg Sandwich,Snacks,162,78,23,55,40,Cloudy,Yes,3.2
2025-04-30,Wednesday,Breakfast,Pav Bhaji,Meals,245,96,36,60,70,Rainy,No,3.3
2025-01-22,Wednesday,Breakfast,Samosa,Snacks,262,101,45,56,20,Sunny,Yes,3.7
2025-05-29,Thursday,Breakfast,Cold Drink,Drinks,531,171,168,3,30,Sunny,Yes,4.4
2025-02-21,Friday,Evening,Samosa,Snacks,355,110,54,56,20,Cloudy,Yes,5.0
2025-08-28,Thursday,Evening,Cold Drink,Drinks,360,134,85,49,30,Rainy,Yes,3.4
2025-02-19,Wednesday,Lunch,Masala Dosa,Meals,409,149,119,30,60,Cloudy,No,3.9
2025-01-09,Thursday,Breakfast,Vada Pav,Snacks,170,78,22,56,25,Rainy,No,4.6
2025-06-23,Monday,Breakfast,Veg Sandwich,Snacks,294,105,44,61,40,Rainy,Yes,3.2
2025-09-25,Thursday,Lunch,Samosa,Snacks,181,84,23,61,20,Rainy,No,4.6
2025-01-02,Thursday,Evening,Veg Thali,Meals,406,132,88,44,90,Cloudy,Yes,4.9
2025-08-17,Sunday,Breakfast,Masala Dosa,Meals,550,157,138,19,60,Cloudy,No,4.0
2025-01-04,Saturday,Evening,Masala Dosa,Meals,162,81,25,56,60,Rainy,No,3.6
2025-01-21,Tuesday,Lunch,Cold Drink,Drinks,268,114,53,61,30,Cloudy,No,3.2
2025-03-25,Tuesday,Lunch,Vada Pav,Snacks,382,128,86,42,25,Rainy,No,3.3
2025-04-06,Sunday,Evening,Veg Sandwich,Snacks,210,86,24,62,40,Rainy,Yes,3.2
2025-03-22,Saturday,Breakfast,Masala Dosa,Meals,280,114,66,48,60,Sunny,No,3.8
2025-01-16,Thursday,Breakfast,Idli,Breakfast,455,124,73,51,35,Sunny,No,3.1
2025-06-11,Wednesday,Breakfast,Samosa,Snacks,495,162,147,15,20,Cloudy,No,4.6
2025-02-15,Saturday,Lunch,Veg Sandwich,Snacks,492,162,152,10,40,Cloudy,No,4.7
2025-10-18,Saturday,Lunch,Cold Drink,Drinks,434,151,119,32,30,Cloudy,Yes,3.3
2025-05-11,Sunday,Breakfast,Coffee,Drinks,527,147,114,33,25,Rainy,Yes,4.1
2025-02-11,Tuesday,Breakfast,Cold Drink,Drinks,486,150,116,34,30,Rainy,Yes,3.2
2025-05-21,Wednesday,Lunch,Tea,Drinks,405,140,101,39,15,Rainy,No,4.8
2025-10-27,Monday,Lunch,Vada Pav,Snacks,287,119,62,57,25,Rainy,No,4.0
2025-10-18,Saturday,Breakfast,Samosa,Snacks,380,121,70,51,20,Cloudy,No,4.7
2025-08-27,Wednesday,Breakfast,Vada Pav,Snacks,228,96,34,62,25,Rainy,Yes,4.4
2025-06-29,Sunday,Breakfast,Veg Thali,Meals,381,124,78,46,90,Rainy,Yes,3.3
2025-04-08,Tuesday,Evening,Vada Pav,Snacks,180,87,31,56,25,Rainy,No,4.4
2025-09-30,Tuesday,Lunch,Cold Drink,Drinks,438,157,135,22,30,Rainy,No,4.4
2025-09-13,Saturday,Breakfast,Coffee,Drinks,237,92,37,55,25,Rainy,Yes,3.7
2025-08-30,Saturday,Evening,Veg Sandwich,Snacks,233,88,35,53,40,Rainy,No,4.2
2025-10-22,Wednesday,Evening,Tea,Drinks,490,155,138,17,15,Cloudy,Yes,4.1
2025-07-16,Wednesday,Lunch,Cold Drink,Drinks,296,120,65,55,30,Cloudy,Yes,4.2
2025-04-30,Wednesday,Lunch,Tea,Drinks,557,159,137,22,15,Rainy,No,4.2
2025-10-11,Saturday,Evening,Cold Drink,Drinks,363,120,74,46,30,Rainy,No,4.9
2025-08-31,Sunday,Breakfast,Pav Bhaji,Meals,593,184,175,9,70,Sunny,Yes,4.9
2025-11-19,Wednesday,Breakfast,Veg Sandwich,Snacks,586,163,146,17,40,Sunny,No,3.5
2025-01-31,Friday,Breakfast,Veg Thali,Meals,503,145,117,28,90,Sunny,Yes,3.4
2025-12-19,Friday,Lunch,Vada Pav,Snacks,597,179,179,0,25,Cloudy,Yes,4.7
2025-10-12,Sunday,Lunch,Vada Pav,Snacks,261,107,48,59,25,Sunny,No,3.6
2025-07-06,Sunday,Lunch,Samosa,Snacks,528,157,142,15,20,Rainy,No,3.6
2025-03-17,Monday,Breakfast,Samosa,Snacks,203,87,29,58,20,Cloudy,No,3.5
2025-10-18,Saturday,Lunch,Coffee,Drinks,478,167,152,15,25,Cloudy,Yes,4.3
2025-09-30,Tuesday,Evening,Veg Thali,Meals,241,96,38,58,90,Rainy,No,3.2
2025-07-07,Monday,Breakfast,Vada Pav,Snacks,469,160,142,18,25,Sunny,Yes,3.5
2025-09-09,Tuesday,Evening,Idli,Breakfast,238,93,36,57,35,Cloudy,No,4.2
2025-09-14,Sunday,Lunch,Vada Pav,Snacks,279,109,56,53,25,Cloudy,Yes,4.8
2025-11-13,Thursday,Evening,Coffee,Drinks,341,114,66,48,25,Rainy,Yes,3.0
2025-08-26,Tuesday,Lunch,Samosa,Snacks,283,119,64,55,20,Cloudy,Yes,4.7
2025-09-03,Wednesday,Evening,Vada Pav,Snacks,501,144,110,34,25,Sunny,Yes,4.6
2025-10-13,Monday,Breakfast,Veg Thali,Meals,316,124,69,55,90,Rainy,Yes,4.4
2025-02-16,Sunday,Breakfast,Veg Thali,Meals,357,127,82,45,90,Cloudy,Yes,4.3
2025-07-16,Wednesday,Breakfast,Veg Thali,Meals,255,110,58,52,90,Rainy,Yes,3.1
2025-05-18,Sunday,Evening,Tea,Drinks,156,83,26,57,15,Cloudy,No,3.8
2025-01-14,Tuesday,Lunch,Idli,Breakfast,470,164,149,15,35,Cloudy,Yes,4.2
2025-03-17,Monday,Breakfast,Cold Drink,Drinks,401,126,72,54,30,Rainy,Yes,3.8
2025-05-17,Saturday,Lunch,Samosa,Snacks,329,114,55,59,20,Rainy,Yes,3.6
2025-03-13,Thursday,Evening,Masala Dosa,Meals,191,81,19,62,60,Cloudy,Yes,4.5
2025-04-06,Sunday,Lunch,Vada Pav,Snacks,435,157,142,15,25,Rainy,No,4.0
2025-04-27,Sunday,Evening,Vada Pav,Snacks,207,92,27,65,25,Sunny,Yes,3.5
2025-12-26,Friday,Evening,Cold Drink,Drinks,301,99,41,58,30,Sunny,No,4.2
2025-07-14,Monday,Evening,Idli,Breakfast,566,163,146,17,35,Rainy,No,3.3
2025-02-01,Saturday,Evening,Samosa,Snacks,296,116,58,58,20,Sunny,No,3.5
2025-01-08,Wednesday,Evening,Coffee,Drinks,264,97,45,52,25,Cloudy,Yes,4.1
2025-08-05,Tuesday,Breakfast,Pav Bhaji,Meals,446,139,107,32,70,Cloudy,Yes,3.6
2025-11-03,Monday,Evening,Idli,Breakfast,289,111,60,51,35,Cloudy,No,3.9
2025-09-08,Monday,Evening,Idli,Breakfast,407,117,62,55,35,Sunny,Yes,4.0
2025-10-22,Wednesday,Lunch,Idli,Breakfast,478,153,127,26,35,Rainy,Yes,3.0
2025-06-09,Monday,Evening,Samosa,Snacks,170,85,30,55,20,Cloudy,Yes,4.3
2025-02-22,Saturday,Lunch,Veg Sandwich,Snacks,545,175,169,6,40,Cloudy,Yes,3.7
2025-08-11,Monday,Evening,Veg Sandwich,Snacks,597,181,181,0,40,Sunny,No,3.8
2025-11-20,Thursday,Lunch,Tea,Drinks,516,154,128,26,15,Sunny,No,4.4
2025-07-21,Monday,Breakfast,Coffee,Drinks,317,103,40,63,25,Sunny,Yes,4.0
2025-03-08,Saturday,Lunch,Vada Pav,Snacks,489,153,131,22,25,Sunny,No,3.6
2025-02-23,Sunday,Evening,Veg Sandwich,Snacks,598,162,145,17,40,Sunny,No,3.1
2025-06-28,Saturday,Evening,Masala Dosa,Meals,314,106,45,61,60,Cloudy,No,4.6
2025-11-25,Tuesday,Breakfast,Coffee,Drinks,545,140,102,38,25,Cloudy,No,4.4
2025-08-02,Saturday,Evening,Pav Bhaji,Meals,546,175,173,2,70,Cloudy,No,4.8
2025-05-10,Saturday,Evening,Pav Bhaji,Meals,522,147,111,36,70,Rainy,Yes,3.3
2025-06-19,Thursday,Evening,Cold Drink,Drinks,574,162,150,12,30,Cloudy,No,4.7
2025-01-27,Monday,Breakfast,Coffee,Drinks,562,177,177,0,25,Cloudy,Yes,4.0
2025-11-21,Friday,Breakfast,Idli,Breakfast,290,104,42,62,35,Rainy,No,3.4
2025-11-16,Sunday,Lunch,Coffee,Drinks,280,105,54,51,25,Rainy,Yes,3.4
2025-09-22,Monday,Lunch,Veg Thali,Meals,169,82,20,62,90,Cloudy,Yes,4.5
2025-06-25,Wednesday,Evening,Samosa,Snacks,215,91,36,55,20,Cloudy,Yes,3.6
2025-06-13,Friday,Breakfast,Cold Drink,Drinks,324,119,69,50,30,Sunny,Yes,4.7
2025-07-12,Saturday,Evening,Masala Dosa,Meals,320,112,54,58,60,Sunny,No,3.3
2025-08-11,Monday,Evening,Vada Pav,Snacks,161,82,18,64,25,Cloudy,Yes,3.0
2025-05-06,Tuesday,Breakfast,Veg Thali,Meals,358,122,72,50,90,Sunny,Yes,4.1
2025-04-07,Monday,Lunch,Vada Pav,Snacks,416,156,136,20,25,Sunny,No,4.8
2025-04-07,Monday,Evening,Masala Dosa,Meals,504,142,111,31,60,Rainy,Yes,4.9
2025-02-03,Monday,Lunch,Samosa,Snacks,561,196,190,6,20,Cloudy,Yes,5.0
2025-12-13,Saturday,Breakfast,Veg Sandwich,Snacks,408,124,77,47,40,Cloudy,No,4.3
2025-05-08,Thursday,Lunch,Tea,Drinks,177,92,36,56,15,Rainy,Yes,4.2
2025-04-12,Saturday,Breakfast,Masala Dosa,Meals,391,134,96,38,60,Rainy,Yes,4.8
2025-01-17,Friday,Evening,Masala Dosa,Meals,362,122,72,50,60,Cloudy,No,4.6
2025-08-21,Thursday,Breakfast,Tea,Drinks,325,110,53,57,15,Cloudy,No,3.6
2025-11-13,Thursday,Breakfast,Masala Dosa,Meals,278,107,56,51,60,Rainy,Yes,4.7
2025-05-09,Friday,Breakfast,Pav Bhaji,Meals,545,142,100,42,70,Rainy,Yes,3.3
2025-11-16,Sunday,Breakfast,Idli,Breakfast,311,106,42,64,35,Cloudy,Yes,4.1
2025-03-11,Tuesday,Breakfast,Masala Dosa,Meals,246,93,37,56,60,Rainy,Yes,4.5
2025-02-05,Wednesday,Lunch,Cold Drink,Drinks,311,119,62,57,30,Cloudy,Yes,3.8
2025-01-09,Thursday,Lunch,Vada Pav,Snacks,559,170,163,7,25,Cloudy,Yes,4.4
2025-06-13,Friday,Evening,Samosa,Snacks,532,168,161,7,20,Cloudy,No,3.9
2025-02-24,Monday,Lunch,Veg Thali,Meals,437,153,128,25,90,Sunny,No,4.4
2025-10-24,Friday,Lunch,Masala Dosa,Meals,177,83,26,57,60,Sunny,No,3.7
2025-09-02,Tuesday,Breakfast,Pav Bhaji,Meals,235,90,35,55,70,Rainy,Yes,4.6
2025-07-04,Friday,Evening,Idli,Breakfast,255,106,44,62,35,Cloudy,No,3.7
2025-04-03,Thursday,Evening,Veg Thali,Meals,421,137,103,34,90,Rainy,Yes,4.4
2025-06-03,Tuesday,Evening,Pav Bhaji,Meals,192,90,24,66,70,Cloudy,No,4.5
2025-12-25,Thursday,Evening,Veg Thali,Meals,310,123,73,50,90,Cloudy,No,3.5
2025-06-14,Saturday,Breakfast,Masala Dosa,Meals,572,144,104,40,60,Rainy,Yes,4.9
2025-03-28,Friday,Lunch,Vada Pav,Snacks,598,184,180,4,25,Rainy,No,3.7
2025-09-10,Wednesday,Breakfast,Samosa,Snacks,407,139,103,36,20,Rainy,No,4.4
2025-01-24,Friday,Breakfast,Veg Thali,Meals,342,124,78,46,90,Cloudy,Yes,4.4
2025-04-27,Sunday,Lunch,Coffee,Drinks,223,106,54,52,25,Rainy,No,3.3
2025-09-15,Monday,Evening,Veg Sandwich,Snacks,179,88,28,60,40,Rainy,No,4.0
2025-12-31,Wednesday,Breakfast,Coffee,Drinks,273,95,32,63,25,Cloudy,No,3.2
2025-02-20,Thursday,Breakfast,Veg Thali,Meals,156,82,18,64,90,Rainy,No,4.6
2025-02-14,Friday,Lunch,Veg Thali,Meals,329,132,89,43,90,Cloudy,No,3.7
2025-11-28,Friday,Breakfast,Cold Drink,Drinks,514,167,163,4,30,Rainy,Yes,4.1
2025-07-24,Thursday,Lunch,Cold Drink,Drinks,323,127,79,48,30,Sunny,No,4.8
2025-07-20,Sunday,Evening,Cold Drink,Drinks,185,90,25,65,30,Cloudy,No,4.4
2025-07-06,Sunday,Lunch,Tea,Drinks,191,93,36,57,15,Cloudy,No,4.8
2025-01-23,Thursday,Evening,Masala Dosa,Meals,365,119,67,52,60,Rainy,Yes,4.3
2025-06-24,Tuesday,Evening,Pav Bhaji,Meals,310,103,39,64,70,Sunny,No,3.4
2025-10-28,Tuesday,Lunch,Tea,Drinks,246,100,40,60,15,Sunny,Yes,4.9
2025-09-19,Friday,Breakfast,Pav Bhaji,Meals,352,108,47,61,70,Rainy,No,3.2
2025-03-16,Sunday,Evening,Tea,Drinks,440,139,106,33,15,Cloudy,No,4.4
2025-07-18,Friday,Evening,Coffee,Drinks,433,138,106,32,25,Cloudy,No,4.0
2025-11-07,Friday,Lunch,Masala Dosa,Meals,193,99,34,65,60,Rainy,No,3.7
2025-09-11,Thursday,Evening,Veg Sandwich,Snacks,283,104,53,51,40,Rainy,Yes,5.0
2025-04-03,Thursday,Lunch,Idli,Breakfast,524,158,134,24,35,Sunny,No,3.0
2025-03-03,Monday,Breakfast,Coffee,Drinks,294,100,41,59,25,Cloudy,Yes,3.4
2025-02-25,Tuesday,Evening,Samosa,Snacks,442,129,87,42,20,Rainy,No,4.3
2025-09-26,Friday,Lunch,Pav Bhaji,Meals,265,108,47,61,70,Cloudy,Yes,3.3
2025-01-07,Tuesday,Lunch,Masala Dosa,Meals,328,116,67,49,60,Cloudy,No,3.7
2025-08-21,Thursday,Lunch,Tea,Drinks,467,143,110,33,15,Rainy,No,4.0
2025-02-03,Monday,Breakfast,Veg Thali,Meals,600,157,140,17,90,Sunny,Yes,3.3
2025-04-15,Tuesday,Breakfast,Masala Dosa,Meals,535,167,154,13,60,Sunny,No,4.4
2025-06-05,Thursday,Evening,Tea,Drinks,255,93,38,55,15,Rainy,No,3.5
2025-06-24,Tuesday,Lunch,Samosa,Snacks,209,89,26,63,20,Rainy,Yes,4.7
2025-10-04,Saturday,Breakfast,Tea,Drinks,588,167,158,9,15,Rainy,No,4.9
2025-12-05,Friday,Breakfast,Cold Drink,Drinks,321,119,61,58,30,Sunny,Yes,4.3
2025-03-25,Tuesday,Evening,Samosa,Snacks,388,136,92,44,20,Cloudy,Yes,4.3
2025-08-06,Wednesday,Lunch,Tea,Drinks,267,109,55,54,15,Cloudy,No,3.1
2025-05-07,Wednesday,Breakfast,Tea,Drinks,584,159,137,22,15,Cloudy,No,3.4
2025-12-17,Wednesday,Lunch,Idli,Breakfast,175,91,34,57,35,Rainy,Yes,3.6
2025-01-16,Thursday,Breakfast,Coffee,Drinks,334,120,65,55,25,Sunny,No,4.3
2025-02-25,Tuesday,Evening,Masala Dosa,Meals,229,99,36,63,60,Rainy,No,4.7
2025-08-18,Monday,Evening,Pav Bhaji,Meals,362,124,74,50,70,Cloudy,Yes,3.1
2025-05-08,Thursday,Breakfast,Pav Bhaji,Meals,356,122,72,50,70,Rainy,No,4.6
2025-03-06,Thursday,Evening,Tea,Drinks,318,121,73,48,15,Sunny,No,3.6
2025-10-05,Sunday,Evening,Samosa,Snacks,406,140,105,35,20,Cloudy,Yes,4.9
2025-05-02,Friday,Evening,Cold Drink,Drinks,236,94,32,62,30,Sunny,Yes,4.2
2025-08-15,Friday,Lunch,Tea,Drinks,287,109,57,52,15,Rainy,Yes,3.2
2025-06-30,Monday,Lunch,Tea,Drinks,579,180,173,7,15,Cloudy,Yes,4.9
2025-12-27,Saturday,Lunch,Samosa,Snacks,579,187,187,0,20,Rainy,No,4.9
2025-12-08,Monday,Breakfast,Vada Pav,Snacks,438,140,100,40,25,Cloudy,No,3.4
2025-05-12,Monday,Evening,Pav Bhaji,Meals,384,137,91,46,70,Cloudy,No,4.4
2025-05-02,Friday,Evening,Cold Drink,Drinks,582,171,161,10,30,Cloudy,No,4.6
2025-01-18,Saturday,Evening,Idli,Breakfast,585,171,171,0,35,Sunny,No,3.8
2025-08-16,Saturday,Evening,Masala Dosa,Meals,222,102,49,53,60,Sunny,No,4.2
2025-04-07,Monday,Lunch,Veg Sandwich,Snacks,209,90,34,56,40,Rainy,No,3.9
2025-08-01,Friday,Lunch,Samosa,Snacks,437,145,116,29,20,Cloudy,Yes,4.1
2025-10-01,Wednesday,Breakfast,Coffee,Drinks,219,86,32,54,25,Sunny,Yes,4.8
2025-11-21,Friday,Evening,Masala Dosa,Meals,431,150,117,33,60,Rainy,Yes,3.0
2025-10-23,Thursday,Evening,Tea,Drinks,352,133,90,43,15,Cloudy,No,3.3
2025-01-09,Thursday,Breakfast,Coffee,Drinks,264,102,44,58,25,Cloudy,No,3.7
2025-09-05,Friday,Breakfast,Coffee,Drinks,477,139,105,34,25,Sunny,Yes,4.7
2025-09-09,Tuesday,Lunch,Masala Dosa,Meals,451,150,120,30,60,Cloudy,No,3.5
2025-08-19,Tuesday,Breakfast,Idli,Breakfast,274,99,43,56,35,Sunny,No,3.0
2025-06-24,Tuesday,Lunch,Tea,Drinks,431,154,127,27,15,Rainy,No,4.4
2025-01-26,Sunday,Lunch,Cold Drink,Drinks,407,128,76,52,30,Cloudy,Yes,3.7
2025-02-18,Tuesday,Breakfast,Idli,Breakfast,560,176,173,3,35,Sunny,No,3.3
2025-05-20,Tuesday,Lunch,Cold Drink,Drinks,174,89,31,58,30,Rainy,Yes,3.1
2025-01-08,Wednesday,Breakfast,Veg Thali,Meals,347,122,72,50,90,Sunny,No,4.5
2025-01-07,Tuesday,Breakfast,Veg Sandwich,Snacks,186,93,27,66,40,Rainy,Yes,3.9
2025-09-23,Tuesday,Evening,Pav Bhaji,Meals,281,115,65,50,70,Cloudy,No,3.5
2025-06-08,Sunday,Evening,Coffee,Drinks,294,114,56,58,25,Sunny,No,4.6
2025-11-22,Saturday,Breakfast,Cold Drink,Drinks,459,131,89,42,30,Cloudy,Yes,4.1
2025-10-22,Wednesday,Lunch,Coffee,Drinks,184,86,23,63,25,Rainy,Yes,4.9
2025-06-29,Sunday,Lunch,Vada Pav,Snacks,488,165,158,7,25,Rainy,No,3.4
2025-11-19,Wednesday,Breakfast,Samosa,Snacks,194,84,23,61,20,Rainy,Yes,4.2
2025-01-08,Wednesday,Evening,Veg Thali,Meals,235,89,24,65,90,Rainy,No,3.6
2025-08-18,Monday,Evening,Idli,Breakfast,528,164,148,16,35,Rainy,Yes,4.5
2025-03-13,Thursday,Breakfast,Cold Drink,Drinks,427,141,104,37,30,Rainy,No,3.8
2025-08-09,Saturday,Breakfast,Tea,Drinks,575,182,182,0,15,Sunny,No,3.1
2025-04-14,Monday,Lunch,Veg Sandwich,Snacks,481,160,143,17,40,Sunny,No,3.9
2025-05-29,Thursday,Evening,Masala Dosa,Meals,160,82,22,60,60,Rainy,Yes,3.5
2025-12-20,Saturday,Evening,Masala Dosa,Meals,474,152,121,31,60,Rainy,No,3.8
2025-07-15,Tuesday,Breakfast,Cold Drink,Drinks,235,90,28,62,30,Sunny,No,4.1
2025-10-10,Friday,Lunch,Samosa,Snacks,263,100,42,58,20,Sunny,Yes,4.0
2025-01-29,Wednesday,Lunch,Coffee,Drinks,574,193,191,2,25,Cloudy,No,3.1
2025-03-11,Tuesday,Evening,Cold Drink,Drinks,432,144,117,27,30,Rainy,Yes,3.5
2025-03-21,Friday,Evening,Coffee,Drinks,313,101,44,57,25,Cloudy,No,4.2
2025-04-06,Sunday,Breakfast,Veg Sandwich,Snacks,257,99,40,59,40,Cloudy,Yes,4.1
2025-02-26,Wednesday,Evening,Vada Pav,Snacks,286,110,50,60,25,Rainy,No,3.8
2025-06-24,Tuesday,Lunch,Samosa,Snacks,246,106,49,57,20,Cloudy,No,4.0
2025-05-13,Tuesday,Evening,Pav Bhaji,Meals,198,86,27,59,70,Rainy,No,3.7
2025-04-01,Tuesday,Lunch,Coffee,Drinks,518,173,173,0,25,Cloudy,No,4.0
2025-03-16,Sunday,Lunch,Vada Pav,Snacks,518,174,174,0,25,Cloudy,Yes,4.0
2025-02-23,Sunday,Breakfast,Samosa,Snacks,311,111,52,59,20,Rainy,No,4.6
2025-10-06,Monday,Lunch,Samosa,Snacks,313,115,61,54,20,Cloudy,No,4.0
2025-01-19,Sunday,Evening,Pav Bhaji,Meals,180,89,36,53,70,Rainy,No,5.0
2025-01-05,Sunday,Evening,Cold Drink,Drinks,253,109,60,49,30,Rainy,Yes,4.2
2025-05-13,Tuesday,Lunch,Pav Bhaji,Meals,509,174,170,4,70,Sunny,Yes,4.0
2025-08-08,Friday,Breakfast,Masala Dosa,Meals,470,139,105,34,60,Cloudy,No,3.5
2025-04-16,Wednesday,Evening,Idli,Breakfast,227,97,36,61,35,Sunny,No,3.3
2025-06-14,Saturday,Lunch,Veg Sandwich,Snacks,323,131,93,38,40,Sunny,No,3.7
2025-08-29,Friday,Evening,Vada Pav,Snacks,356,129,80,49,25,Sunny,Yes,4.6
2025-05-18,Sunday,Evening,Vada Pav,Snacks,387,116,64,52,25,Sunny,No,4.5
2025-07-19,Saturday,Breakfast,Cold Drink,Drinks,473,160,140,20,30,Cloudy,No,4.0
2025-04-03,Thursday,Breakfast,Coffee,Drinks,162,84,22,62,25,Sunny,No,3.9
2025-08-16,Saturday,Evening,Vada Pav,Snacks,361,124,81,43,25,Rainy,Yes,3.4
2025-03-04,Tuesday,Evening,Vada Pav,Snacks,241,90,36,54,25,Rainy,No,4.4
2025-03-31,Monday,Evening,Masala Dosa,Meals,221,100,47,53,60,Rainy,Yes,5.0
2025-07-20,Sunday,Breakfast,Pav Bhaji,Meals,273,112,51,61,70,Rainy,No,4.8
2025-07-04,Friday,Lunch,Pav Bhaji,Meals,338,134,94,40,70,Cloudy,Yes,3.3
2025-10-03,Friday,Evening,Masala Dosa,Meals,193,82,19,63,60,Cloudy,Yes,3.7
2025-04-26,Saturday,Breakfast,Masala Dosa,Meals,231,95,32,63,60,Rainy,Yes,3.7
2025-06-05,Thursday,Evening,Veg Sandwich,Snacks,307,108,46,62,40,Cloudy,No,3.9
2025-09-15,Monday,Evening,Tea,Drinks,484,135,99,36,15,Sunny,Yes,4.5
2025-07-07,Monday,Breakfast,Cold Drink,Drinks,363,133,89,44,30,Sunny,No,3.8
2025-11-17,Monday,Breakfast,Veg Thali,Meals,374,129,85,44,90,Cloudy,Yes,4.6
2025-10-03,Friday,Breakfast,Masala Dosa,Meals,160,86,27,59,60,Rainy,Yes,3.9
2025-09-24,Wednesday,Evening,Veg Thali,Meals,352,117,59,58,90,Cloudy,Yes,3.8
2025-05-05,Monday,Breakfast,Cold Drink,Drinks,300,101,38,63,30,Cloudy,Yes,4.5
2025-03-19,Wednesday,Evening,Veg Sandwich,Snacks,270,100,35,65,40,Sunny,No,4.0
2025-05-26,Monday,Evening,Coffee,Drinks,294,111,55,56,25,Rainy,Yes,4.6
2025-05-03,Saturday,Lunch,Masala Dosa,Meals,589,170,159,11,60,Rainy,Yes,3.1
2025-12-20,Saturday,Breakfast,Tea,Drinks,360,120,74,46,15,Sunny,No,4.9
2025-09-26,Friday,Lunch,Pav Bhaji,Meals,578,161,150,11,70,Cloudy,No,3.0
2025-11-22,Saturday,Lunch,Coffee,Drinks,465,142,109,33,25,Cloudy,Yes,3.7
2025-02-23,Sunday,Evening,Veg Sandwich,Snacks,411,119,66,53,40,Cloudy,No,4.5
2025-08-01,Friday,Evening,Veg Sandwich,Snacks,528,143,107,36,40,Rainy,Yes,4.8
2025-06-01,Sunday,Lunch,Idli,Breakfast,159,85,27,58,35,Rainy,Yes,4.3
2025-04-13,Sunday,Evening,Idli,Breakfast,204,96,32,64,35,Rainy,No,4.8
2025-05-23,Friday,Breakfast,Veg Sandwich,Snacks,363,123,71,52,40,Cloudy,No,3.6
2025-08-29,Friday,Breakfast,Vada Pav,Snacks,188,81,17,64,25,Cloudy,No,4.8
2025-05-21,Wednesday,Breakfast,Masala Dosa,Meals,546,152,131,21,60,Rainy,Yes,3.5
2025-01-08,Wednesday,Lunch,Samosa,Snacks,559,183,183,0,20,Sunny,Yes,3.3
2025-09-22,Monday,Lunch,Veg Sandwich,Snacks,236,111,59,52,40,Sunny,Yes,4.9
2025-01-16,Thursday,Lunch,Tea,Drinks,377,135,90,45,15,Sunny,No,4.9
2025-12-03,Wednesday,Breakfast,Samosa,Snacks,405,129,89,40,20,Sunny,No,3.6
2025-05-11,Sunday,Evening,Samosa,Snacks,237,93,39,54,20,Rainy,Yes,4.2
2025-03-22,Saturday,Breakfast,Vada Pav,Snacks,409,127,83,44,25,Rainy,Yes,3.4
2025-09-18,Thursday,Evening,Pav Bhaji,Meals,221,100,43,57,70,Sunny,No,3.0
2025-03-22,Saturday,Lunch,Idli,Breakfast,370,146,120,26,35,Sunny,No,3.7
2025-01-30,Thursday,Lunch,Masala Dosa,Meals,514,175,175,0,60,Sunny,No,3.1
2025-11-04,Tuesday,Lunch,Masala Dosa,Meals,177,88,32,56,60,Sunny,Yes,4.5
2025-09-07,Sunday,Lunch,Idli,Breakfast,353,131,87,44,35,Sunny,Yes,4.9
2025-06-01,Sunday,Breakfast,Masala Dosa,Meals,396,124,72,52,60,Rainy,No,4.2
2025-10-31,Friday,Lunch,Vada Pav,Snacks,581,191,182,9,25,Rainy,No,3.4
2025-01-14,Tuesday,Evening,Tea,Drinks,477,137,97,40,15,Cloudy,Yes,4.3
2025-03-07,Friday,Evening,Veg Sandwich,Snacks,413,127,73,54,40,Cloudy,Yes,4.5
2025-05-20,Tuesday,Evening,Cold Drink,Drinks,587,160,135,25,30,Cloudy,Yes,4.7
2025-03-02,Sunday,Evening,Vada Pav,Snacks,258,95,29,66,25,Cloudy,No,4.2
2025-09-05,Friday,Lunch,Veg Thali,Meals,281,114,64,50,90,Cloudy,Yes,3.1
2025-03-05,Wednesday,Lunch,Veg Thali,Meals,587,161,149,12,90,Rainy,Yes,3.5
2025-07-21,Monday,Evening,Cold Drink,Drinks,502,143,109,34,30,Cloudy,No,4.5
2025-09-03,Wednesday,Lunch,Veg Thali,Meals,456,148,111,37,90,Cloudy,No,3.9
2025-04-23,Wednesday,Lunch,Tea,Drinks,523,181,181,0,15,Sunny,No,3.9
2025-02-23,Sunday,Breakfast,Veg Sandwich,Snacks,435,126,80,46,40,Sunny,Yes,4.2
2025-09-14,Sunday,Evening,Vada Pav,Snacks,332,104,42,62,25,Sunny,No,4.2
2025-07-06,Sunday,Breakfast,Tea,Drinks,159,83,27,56,15,Sunny,No,3.7
2025-08-14,Thursday,Lunch,Vada Pav,Snacks,503,165,155,10,25,Cloudy,No,4.9
2025-04-22,Tuesday,Evening,Samosa,Snacks,368,122,67,55,20,Sunny,No,3.9
2025-03-18,Tuesday,Lunch,Cold Drink,Drinks,184,87,27,60,30,Sunny,No,4.8
2025-03-22,Saturday,Evening,Cold Drink,Drinks,267,93,36,57,30,Rainy,Yes,4.5
2025-07-03,Thursday,Breakfast,Idli,Breakfast,337,105,51,54,35,Sunny,No,4.1
2025-06-27,Friday,Breakfast,Vada Pav,Snacks,457,154,127,27,25,Rainy,No,4.4
2025-01-16,Thursday,Breakfast,Samosa,Snacks,280,113,55,58,20,Rainy,No,3.9
2025-06-18,Wednesday,Lunch,Coffee,Drinks,253,113,52,61,25,Rainy,No,3.6
2025-10-29,Wednesday,Evening,Veg Sandwich,Snacks,444,139,104,35,40,Cloudy,No,3.6
2025-07-19,Saturday,Lunch,Idli,Breakfast,395,142,100,42,35,Cloudy,Yes,4.6
2025-01-17,Friday,Evening,Masala Dosa,Meals,545,139,101,38,60,Rainy,No,3.4
2025-07-25,Friday,Evening,Idli,Breakfast,199,86,21,65,35,Sunny,Yes,4.4
2025-09-12,Friday,Lunch,Tea,Drinks,469,169,156,13,15,Rainy,No,3.9
2025-03-24,Monday,Breakfast,Cold Drink,Drinks,488,153,133,20,30,Rainy,No,3.1
2025-08-06,Wednesday,Evening,Idli,Breakfast,201,90,26,64,35,Cloudy,No,3.5
2025-05-07,Wednesday,Lunch,Samosa,Snacks,210,97,37,60,20,Sunny,No,3.9
2025-10-12,Sunday,Evening,Tea,Drinks,380,122,77,45,15,Sunny,Yes,4.0
2025-03-23,Sunday,Evening,Samosa,Snacks,433,125,77,48,20,Sunny,Yes,4.5
2025-11-16,Sunday,Evening,Cold Drink,Drinks,410,124,78,46,30,Cloudy,Yes,4.2
2025-11-16,Sunday,Lunch,Veg Sandwich,Snacks,476,142,111,31,40,Rainy,No,3.7
2025-10-14,Tuesday,Lunch,Pav Bhaji,Meals,248,97,43,54,70,Cloudy,Yes,3.6
2025-08-22,Friday,Lunch,Masala Dosa,Meals,213,95,35,60,60,Rainy,No,4.9
2025-01-12,Sunday,Lunch,Samosa,Snacks,372,126,83,43,20,Rainy,No,4.8
2025-02-18,Tuesday,Lunch,Veg Thali,Meals,151,86,24,62,90,Sunny,Yes,3.1
2025-08-16,Saturday,Lunch,Tea,Drinks,173,92,27,65,15,Sunny,Yes,3.1
2025-08-05,Tuesday,Lunch,Veg Sandwich,Snacks,377,125,76,49,40,Rainy,No,4.0
2025-03-24,Monday,Breakfast,Cold Drink,Drinks,407,139,97,42,30,Rainy,No,3.3
2025-04-16,Wednesday,Evening,Veg Thali,Meals,282,108,56,52,90,Rainy,No,4.2
2025-07-11,Friday,Breakfast,Idli,Breakfast,395,138,98,40,35,Rainy,Yes,4.3
2025-06-14,Saturday,Lunch,Coffee,Drinks,525,181,181,0,25,Cloudy,No,5.0
2025-12-08,Monday,Evening,Masala Dosa,Meals,491,163,155,8,60,Cloudy,Yes,4.4
2025-04-07,Monday,Evening,Vada Pav,Snacks,331,123,78,45,25,Rainy,Yes,4.6
2025-08-24,Sunday,Breakfast,Cold Drink,Drinks,315,101,46,55,30,Sunny,No,3.2
2025-05-29,Thursday,Breakfast,Veg Sandwich,Snacks,281,103,50,53,40,Sunny,Yes,3.1
2025-05-31,Saturday,Breakfast,Masala Dosa,Meals,200,95,36,59,60,Cloudy,No,3.7
2025-09-03,Wednesday,Breakfast,Coffee,Drinks,206,92,37,55,25,Sunny,No,4.5
2025-08-28,Thursday,Breakfast,Coffee,Drinks,370,110,61,49,25,Sunny,No,4.6
2025-06-01,Sunday,Breakfast,Coffee,Drinks,230,99,36,63,25,Rainy,Yes,4.0
2025-11-19,Wednesday,Breakfast,Coffee,Drinks,518,149,126,23,25,Cloudy,No,3.3
2025-08-13,Wednesday,Breakfast,Vada Pav,Snacks,527,145,106,39,25,Cloudy,No,3.8
2025-04-29,Tuesday,Evening,Samosa,Snacks,313,124,72,52,20,Rainy,No,4.8
2025-03-06,Thursday,Lunch,Tea,Drinks,177,93,35,58,15,Cloudy,No,3.3
2025-12-01,Monday,Breakfast,Masala Dosa,Meals,373,121,65,56,60,Rainy,Yes,3.6
2025-12-26,Friday,Lunch,Veg Sandwich,Snacks,489,175,169,6,40,Sunny,No,3.5
2025-12-26,Friday,Evening,Coffee,Drinks,265,96,42,54,25,Sunny,Yes,4.3
2025-12-31,Wednesday,Lunch,Tea,Drinks,374,147,113,34,15,Cloudy,No,4.3
2025-06-16,Monday,Breakfast,Vada Pav,Snacks,292,112,57,55,25,Sunny,Yes,5.0
2025-05-23,Friday,Breakfast,Pav Bhaji,Meals,264,111,57,54,70,Rainy,Yes,4.5
2025-02-07,Friday,Lunch,Cold Drink,Drinks,490,162,141,21,30,Sunny,No,3.5
2025-09-23,Tuesday,Breakfast,Pav Bhaji,Meals,381,115,61,54,70,Sunny,Yes,4.6
2025-08-16,Saturday,Evening,Cold Drink,Drinks,347,115,59,56,30,Cloudy,No,3.3
2025-02-26,Wednesday,Lunch,Samosa,Snacks,165,93,32,61,20,Cloudy,Yes,4.3
2025-09-12,Friday,Breakfast,Pav Bhaji,Meals,230,87,27,60,70,Rainy,No,4.1
2025-05-17,Saturday,Lunch,Samosa,Snacks,214,105,50,55,20,Sunny,No,4.2
2025-12-24,Wednesday,Evening,Idli,Breakfast,372,136,94,42,35,Rainy,Yes,4.1
2025-11-02,Sunday,Breakfast,Tea,Drinks,276,95,35,60,15,Cloudy,No,4.3
2025-06-21,Saturday,Evening,Pav Bhaji,Meals,182,86,31,55,70,Cloudy,Yes,4.9
2025-08-17,Sunday,Evening,Pav Bhaji,Meals,188,87,28,59,70,Rainy,Yes,3.5
2025-06-21,Saturday,Breakfast,Samosa,Snacks,577,178,173,5,20,Sunny,No,4.5
2025-05-09,Friday,Lunch,Cold Drink,Drinks,480,162,147,15,30,Sunny,Yes,3.8
2025-03-23,Sunday,Breakfast,Masala Dosa,Meals,287,105,51,54,60,Cloudy,Yes,3.8
2025-06-13,Friday,Breakfast,Tea,Drinks,544,144,105,39,15,Cloudy,Yes,3.3
2025-12-12,Friday,Lunch,Coffee,Drinks,170,94,28,66,25,Rainy,Yes,3.2
2025-09-28,Sunday,Evening,Samosa,Snacks,235,89,31,58,20,Rainy,No,4.1
2025-01-23,Thursday,Evening,Idli,Breakfast,600,158,144,14,35,Rainy,No,4.6
2025-06-04,Wednesday,Evening,Samosa,Snacks,564,163,149,14,20,Sunny,No,4.5
2025-11-04,Tuesday,Breakfast,Veg Sandwich,Snacks,522,147,117,30,40,Sunny,Yes,4.6
2025-11-08,Saturday,Breakfast,Pav Bhaji,Meals,586,169,160,9,70,Rainy,Yes,3.0
2025-04-21,Monday,Lunch,Veg Sandwich,Snacks,324,127,73,54,40,Sunny,Yes,3.7
2025-12-30,Tuesday,Breakfast,Pav Bhaji,Meals,478,156,137,19,70,Rainy,No,4.2
2025-11-21,Friday,Breakfast,Samosa,Snacks,548,143,112,31,20,Sunny,Yes,3.8
2025-06-05,Thursday,Lunch,Veg Sandwich,Snacks,220,93,31,62,40,Rainy,Yes,4.8
2025-08-18,Monday,Lunch,Veg Thali,Meals,223,94,38,56,90,Rainy,Yes,4.4
2025-06-27,Friday,Evening,Cold Drink,Drinks,592,180,171,9,30,Sunny,No,3.9
2025-05-17,Saturday,Evening,Cold Drink,Drinks,571,167,163,4,30,Rainy,No,4.4
2025-11-03,Monday,Breakfast,Vada Pav,Snacks,349,106,46,60,25,Sunny,Yes,3.2
2025-05-13,Tuesday,Evening,Tea,Drinks,339,117,71,46,15,Cloudy,No,3.2
2025-08-03,Sunday,Lunch,Pav Bhaji,Meals,401,131,84,47,70,Rainy,Yes,5.0
2025-11-16,Sunday,Lunch,Veg Sandwich,Snacks,305,113,53,60,40,Sunny,No,3.8
2025-06-30,Monday,Breakfast,Cold Drink,Drinks,347,111,51,60,30,Sunny,No,4.5
2025-04-26,Saturday,Breakfast,Coffee,Drinks,225,93,28,65,25,Cloudy,No,4.8
2025-07-31,Thursday,Breakfast,Masala Dosa,Meals,492,160,147,13,60,Rainy,No,3.7
2025-05-09,Friday,Lunch,Cold Drink,Drinks,353,134,98,36,30,Sunny,Yes,4.0
2025-10-23,Thursday,Breakfast,Veg Thali,Meals,168,81,25,56,90,Rainy,Yes,4.6
2025-05-23,Friday,Breakfast,Coffee,Drinks,413,134,93,41,25,Rainy,No,3.2
2025-03-30,Sunday,Breakfast,Tea,Drinks,463,138,95,43,15,Cloudy,No,3.4
2025-12-07,Sunday,Evening,Tea,Drinks,564,160,137,23,15,Sunny,No,3.3
2025-08-01,Friday,Evening,Masala Dosa,Meals,192,86,23,63,60,Sunny,No,3.2
2025-04-16,Wednesday,Evening,Idli,Breakfast,510,157,136,21,35,Cloudy,No,4.7
2025-01-17,Friday,Breakfast,Vada Pav,Snacks,413,143,109,34,25,Sunny,Yes,3.2
2025-01-14,Tuesday,Lunch,Vada Pav,Snacks,438,160,136,24,25,Cloudy,No,3.3
2025-07-17,Thursday,Evening,Idli,Breakfast,296,103,43,60,35,Cloudy,No,4.3
2025-05-23,Friday,Breakfast,Veg Thali,Meals,506,133,86,47,90,Sunny,Yes,3.4
2025-05-03,Saturday,Evening,Samosa,Snacks,573,179,179,0,20,Rainy,No,3.9
2025-08-28,Thursday,Evening,Veg Sandwich,Snacks,367,136,92,44,40,Cloudy,No,3.9
2025-11-27,Thursday,Evening,Vada Pav,Snacks,534,139,108,31,25,Sunny,Yes,3.1
2025-01-01,Wednesday,Evening,Masala Dosa,Meals,410,139,107,32,60,Cloudy,Yes,4.1
2025-07-21,Monday,Breakfast,Samosa,Snacks,478,144,110,34,20,Rainy,No,4.6
2025-06-27,Friday,Evening,Masala Dosa,Meals,246,92,31,61,60,Rainy,No,3.4
2025-04-26,Saturday,Evening,Vada Pav,Snacks,218,91,37,54,25,Cloudy,Yes,4.0
2025-08-19,Tuesday,Breakfast,Coffee,Drinks,383,125,75,50,25,Cloudy,No,3.1
2025-02-24,Monday,Evening,Cold Drink,Drinks,419,121,67,54,30,Cloudy,Yes,4.1
2025-08-10,Sunday,Breakfast,Masala Dosa,Meals,514,154,132,22,60,Cloudy,Yes,4.7
2025-12-31,Wednesday,Evening,Coffee,Drinks,427,125,82,43,25,Rainy,No,3.0
2025-12-08,Monday,Lunch,Coffee,Drinks,319,118,67,51,25,Rainy,Yes,4.6
2025-06-09,Monday,Lunch,Coffee,Drinks,178,92,28,64,25,Cloudy,Yes,4.1
2025-05-04,Sunday,Breakfast,Veg Sandwich,Snacks,226,93,40,53,40,Cloudy,No,3.8
2025-12-07,Sunday,Evening,Coffee,Drinks,453,148,119,29,25,Cloudy,No,4.3
2025-09-26,Friday,Evening,Samosa,Snacks,416,124,74,50,20,Rainy,No,4.5
2025-02-10,Monday,Breakfast,Idli,Breakfast,316,119,66,53,35,Rainy,No,5.0
2025-10-27,Monday,Breakfast,Samosa,Snacks,208,95,31,64,20,Rainy,No,3.5
2025-11-20,Thursday,Lunch,Veg Sandwich,Snacks,194,93,34,59,40,Rainy,No,4.0
2025-08-05,Tuesday,Breakfast,Tea,Drinks,495,163,147,16,15,Sunny,No,3.6
2025-10-16,Thursday,Evening,Coffee,Drinks,497,157,137,20,25,Cloudy,Yes,4.3
2025-03-20,Thursday,Breakfast,Veg Sandwich,Snacks,172,78,12,66,40,Rainy,Yes,3.2
2025-05-11,Sunday,Breakfast,Cold Drink,Drinks,568,167,158,9,30,Cloudy,No,3.4
2025-02-13,Thursday,Lunch,Coffee,Drinks,315,111,62,49,25,Rainy,No,4.2
2025-01-22,Wednesday,Evening,Tea,Drinks,377,130,78,52,15,Sunny,Yes,3.0
2025-05-16,Friday,Evening,Pav Bhaji,Meals,413,144,108,36,70,Rainy,No,3.3
2025-03-31,Monday,Lunch,Veg Thali,Meals,598,181,181,0,90,Rainy,No,4.3
2025-11-14,Friday,Lunch,Cold Drink,Drinks,251,99,34,65,30,Sunny,No,4.2
2025-03-21,Friday,Evening,Pav Bhaji,Meals,182,91,29,62,70,Sunny,Yes,3.4
2025-05-01,Thursday,Lunch,Masala Dosa,Meals,371,138,102,36,60,Cloudy,No,4.0
2025-08-16,Saturday,Breakfast,Veg Thali,Meals,519,165,159,6,90,Sunny,No,3.7
2025-09-04,Thursday,Lunch,Veg Sandwich,Snacks,255,97,43,54,40,Rainy,Yes,4.3
2025-08-13,Wednesday,Evening,Samosa,Snacks,281,114,55,59,20,Sunny,No,4.3
2025-12-18,Thursday,Evening,Vada Pav,Snacks,594,189,186,3,25,Rainy,Yes,3.2
2025-12-05,Friday,Evening,Idli,Breakfast,168,89,29,60,35,Cloudy,No,4.8
2025-07-31,Thursday,Evening,Coffee,Drinks,576,164,156,8,25,Rainy,No,4.7
2025-02-16,Sunday,Lunch,Samosa,Snacks,534,180,176,4,20,Sunny,No,3.8
2025-09-14,Sunday,Evening,Masala Dosa,Meals,550,148,116,32,60,Rainy,Yes,4.5
2025-07-18,Friday,Evening,Pav Bhaji,Meals,516,146,114,32,70,Sunny,No,4.5
2025-07-14,Monday,Lunch,Masala Dosa,Meals,313,119,69,50,60,Rainy,Yes,4.5
2025-01-29,Wednesday,Evening,Coffee,Drinks,240,100,39,61,25,Rainy,Yes,4.6
2025-07-17,Thursday,Lunch,Tea,Drinks,533,157,135,22,15,Rainy,Yes,3.2
2025-11-09,Sunday,Evening,Idli,Breakfast,254,104,42,62,35,Rainy,No,3.2
2025-10-21,Tuesday,Lunch,Vada Pav,Snacks,590,178,173,5,25,Cloudy,No,3.5
2025-10-25,Saturday,Breakfast,Idli,Breakfast,313,110,53,57,35,Sunny,No,3.4
2025-01-09,Thursday,Breakfast,Tea,Drinks,252,104,41,63,15,Cloudy,Yes,4.6
2025-01-28,Tuesday,Lunch,Samosa,Snacks,349,127,80,47,20,Cloudy,Yes,4.7
2025-12-31,Wednesday,Evening,Veg Sandwich,Snacks,596,150,127,23,40,Cloudy,Yes,4.3
2025-04-11,Friday,Evening,Coffee,Drinks,533,160,141,19,25,Rainy,Yes,4.9
2025-09-05,Friday,Evening,Vada Pav,Snacks,541,161,146,15,25,Rainy,No,3.8
2025-08-24,Sunday,Lunch,Veg Sandwich,Snacks,321,122,74,48,40,Cloudy,No,4.4
2025-01-19,Sunday,Lunch,Samosa,Snacks,243,106,52,54,20,Rainy,No,4.9
2025-06-16,Monday,Lunch,Cold Drink,Drinks,243,96,32,64,30,Cloudy,Yes,4.1
2025-04-22,Tuesday,Evening,Samosa,Snacks,258,101,39,62,20,Sunny,No,3.9
2025-05-15,Thursday,Lunch,Veg Sandwich,Snacks,230,100,43,57,40,Sunny,Yes,4.7
2025-05-28,Wednesday,Breakfast,Pav Bhaji,Meals,405,136,100,36,70,Cloudy,Yes,4.2
2025-02-04,Tuesday,Evening,Veg Thali,Meals,238,89,32,57,90,Rainy,No,3.7
2025-07-31,Thursday,Breakfast,Coffee,Drinks,373,120,71,49,25,Rainy,No,3.3
2025-04-23,Wednesday,Evening,Pav Bhaji,Meals,335,118,69,49,70,Sunny,No,3.1
2025-08-12,Tuesday,Breakfast,Veg Sandwich,Snacks,551,171,168,3,40,Rainy,Yes,4.6
2025-04-01,Tuesday,Evening,Masala Dosa,Meals,558,180,179,1,60,Sunny,No,4.7
2025-09-27,Saturday,Evening,Coffee,Drinks,203,88,30,58,25,Cloudy,Yes,4.3
2025-06-03,Tuesday,Lunch,Vada Pav,Snacks,360,140,103,37,25,Rainy,No,3.5
2025-05-22,Thursday,Evening,Pav Bhaji,Meals,314,117,65,52,70,Sunny,No,3.5
2025-01-06,Monday,Breakfast,Cold Drink,Drinks,330,116,56,60,30,Rainy,Yes,4.9
2025-09-03,Wednesday,Lunch,Tea,Drinks,528,178,178,0,15,Cloudy,No,4.4
2025-10-05,Sunday,Breakfast,Veg Sandwich,Snacks,313,103,47,56,40,Rainy,Yes,4.8
2025-10-12,Sunday,Evening,Tea,Drinks,399,138,97,41,15,Rainy,No,3.5
2025-08-11,Monday,Breakfast,Idli,Breakfast,258,99,46,53,35,Cloudy,No,3.8
2025-11-21,Friday,Lunch,Tea,Drinks,540,189,183,6,15,Cloudy,Yes,3.6
2025-08-16,Saturday,Lunch,Veg Thali,Meals,530,188,182,6,90,Rainy,No,4.9
2025-10-23,Thursday,Breakfast,Vada Pav,Snacks,556,178,171,7,25,Rainy,No,4.0
2025-11-12,Wednesday,Breakfast,Pav Bhaji,Meals,150,79,16,63,70,Sunny,Yes,4.1
2025-11-24,Monday,Lunch,Masala Dosa,Meals,297,112,53,59,60,Cloudy,Yes,3.2
2025-05-29,Thursday,Breakfast,Pav Bhaji,Meals,474,143,114,29,70,Sunny,No,3.8
2025-11-16,Sunday,Lunch,Idli,Breakfast,368,126,81,45,35,Sunny,Yes,4.0
2025-05-01,Thursday,Lunch,Tea,Drinks,158,86,29,57,15,Rainy,No,4.1
2025-08-13,Wednesday,Lunch,Coffee,Drinks,518,164,147,17,25,Sunny,No,4.2
2025-11-27,Thursday,Evening,Cold Drink,Drinks,329,123,75,48,30,Rainy,No,4.5
2025-12-16,Tuesday,Evening,Pav Bhaji,Meals,485,133,84,49,70,Cloudy,No,4.6
2025-11-10,Monday,Evening,Veg Thali,Meals,284,97,37,60,90,Cloudy,No,3.5
2025-10-17,Friday,Lunch,Vada Pav,Snacks,323,122,72,50,25,Cloudy,No,3.6
2025-08-13,Wednesday,Evening,Vada Pav,Snacks,190,88,29,59,25,Sunny,Yes,3.9
2025-07-09,Wednesday,Lunch,Samosa,Snacks,552,191,191,0,20,Rainy,Yes,4.1
2025-09-23,Tuesday,Lunch,Pav Bhaji,Meals,341,117,59,58,70,Cloudy,Yes,4.6
2025-01-21,Tuesday,Evening,Veg Sandwich,Snacks,180,83,22,61,40,Cloudy,Yes,4.5
2025-08-13,Wednesday,Breakfast,Tea,Drinks,314,107,49,58,15,Rainy,No,4.5
2025-02-04,Tuesday,Evening,Masala Dosa,Meals,291,103,41,62,60,Cloudy,Yes,4.7
2025-08-29,Friday,Breakfast,Vada Pav,Snacks,246,94,28,66,25,Rainy,Yes,4.5
2025-07-28,Monday,Lunch,Masala Dosa,Meals,253,114,58,56,60,Cloudy,Yes,4.2
2025-08-30,Saturday,Lunch,Idli,Breakfast,493,163,155,8,35,Rainy,Yes,3.3
2025-04-06,Sunday,Evening,Samosa,Snacks,454,141,106,35,20,Cloudy,Yes,4.0
2025-11-19,Wednesday,Lunch,Coffee,Drinks,408,150,127,23,25,Rainy,Yes,4.0
2025-04-08,Tuesday,Lunch,Tea,Drinks,276,111,58,53,15,Sunny,No,4.3
2025-09-21,Sunday,Evening,Masala Dosa,Meals,594,164,154,10,60,Cloudy,No,4.0
2025-10-19,Sunday,Lunch,Cold Drink,Drinks,564,197,197,0,30,Cloudy,No,4.8
2025-01-29,Wednesday,Evening,Veg Thali,Meals,292,107,45,62,90,Cloudy,Yes,4.2
2025-03-22,Saturday,Evening,Veg Sandwich,Snacks,501,166,158,8,40,Sunny,Yes,3.5
2025-04-04,Friday,Evening,Vada Pav,Snacks,357,120,64,56,25,Cloudy,Yes,3.7
2025-07-17,Thursday,Breakfast,Veg Sandwich,Snacks,320,118,70,48,40,Rainy,No,3.7
2025-09-13,Saturday,Breakfast,Samosa,Snacks,384,118,67,51,20,Cloudy,No,4.7
2025-08-15,Friday,Breakfast,Veg Thali,Meals,560,164,155,9,90,Rainy,No,4.8
2025-10-11,Saturday,Lunch,Veg Sandwich,Snacks,409,126,77,49,40,Rainy,No,4.4
2025-04-13,Sunday,Evening,Cold Drink,Drinks,562,149,119,30,30,Sunny,No,3.7
2025-11-17,Monday,Lunch,Vada Pav,Snacks,373,144,108,36,25,Rainy,Yes,3.1
2025-08-21,Thursday,Evening,Veg Sandwich,Snacks,328,124,74,50,40,Sunny,Yes,4.2
2025-08-18,Monday,Breakfast,Samosa,Snacks,549,152,127,25,20,Sunny,Yes,3.5
2025-08-19,Tuesday,Breakfast,Vada Pav,Snacks,397,121,72,49,25,Rainy,No,4.8
2025-10-13,Monday,Breakfast,Samosa,Snacks,297,105,44,61,20,Rainy,Yes,3.9
2025-09-03,Wednesday,Breakfast,Veg Sandwich,Snacks,595,171,171,0,40,Cloudy,Yes,4.9
2025-07-10,Thursday,Evening,Masala Dosa,Meals,167,85,27,58,60,Cloudy,No,3.4
2025-08-06,Wednesday,Evening,Samosa,Snacks,366,114,60,54,20,Cloudy,Yes,3.9
2025-12-08,Monday,Lunch,Veg Sandwich,Snacks,354,126,76,50,40,Cloudy,No,4.1
2025-08-18,Monday,Breakfast,Pav Bhaji,Meals,298,105,52,53,70,Sunny,Yes,4.5
2025-12-09,Tuesday,Lunch,Coffee,Drinks,487,177,172,5,25,Sunny,No,3.1
2025-06-18,Wednesday,Evening,Cold Drink,Drinks,483,129,84,45,30,Rainy,Yes,4.8
2025-06-16,Monday,Evening,Coffee,Drinks,227,95,33,62,25,Sunny,No,4.5
2025-08-30,Saturday,Evening,Vada Pav,Snacks,173,80,15,65,25,Rainy,Yes,3.0
2025-05-27,Tuesday,Breakfast,Pav Bhaji,Meals,180,87,21,66,70,Cloudy,No,3.8
2025-01-08,Wednesday,Evening,Samosa,Snacks,369,112,60,52,20,Rainy,Yes,3.7
2025-07-15,Tuesday,Lunch,Samosa,Snacks,268,100,39,61,20,Rainy,No,3.9
2025-12-02,Tuesday,Lunch,Veg Sandwich,Snacks,171,86,24,62,40,Sunny,No,3.1
2025-11-25,Tuesday,Evening,Idli,Breakfast,220,86,32,54,35,Sunny,No,4.8
2025-11-15,Saturday,Evening,Veg Sandwich,Snacks,483,150,119,31,40,Cloudy,No,4.2
2025-06-20,Friday,Lunch,Pav Bhaji,Meals,528,185,179,6,70,Rainy,Yes,4.6
2025-07-21,Monday,Breakfast,Cold Drink,Drinks,261,101,49,52,30,Cloudy,No,3.3
2025-07-05,Saturday,Lunch,Cold Drink,Drinks,530,150,127,23,30,Sunny,No,3.4
2025-06-28,Saturday,Breakfast,Veg Thali,Meals,596,158,142,16,90,Rainy,Yes,4.3
2025-11-10,Monday,Evening,Tea,Drinks,355,125,70,55,15,Rainy,Yes,4.5
2025-01-18,Saturday,Lunch,Pav Bhaji,Meals,258,103,52,51,70,Rainy,Yes,4.8
2025-10-09,Thursday,Evening,Tea,Drinks,403,140,97,43,15,Rainy,Yes,3.6
2025-12-18,Thursday,Evening,Tea,Drinks,206,84,27,57,15,Rainy,No,4.0
2025-08-18,Monday,Breakfast,Samosa,Snacks,404,142,106,36,20,Sunny,Yes,4.9
2025-10-15,Wednesday,Breakfast,Masala Dosa,Meals,159,80,15,65,60,Sunny,No,4.4
2025-10-09,Thursday,Breakfast,Pav Bhaji,Meals,177,82,20,62,70,Sunny,No,4.9
2025-07-17,Thursday,Breakfast,Pav Bhaji,Meals,374,115,59,56,70,Sunny,Yes,3.4
2025-02-25,Tuesday,Breakfast,Coffee,Drinks,356,118,71,47,25,Rainy,No,4.7
2025-10-27,Monday,Lunch,Coffee,Drinks,555,174,170,4,25,Rainy,No,3.1
2025-01-31,Friday,Evening,Idli,Breakfast,481,132,85,47,35,Rainy,No,4.3
2025-02-15,Saturday,Lunch,Coffee,Drinks,198,100,37,63,25,Cloudy,Yes,3.8
2025-02-12,Wednesday,Lunch,Veg Thali,Meals,379,130,91,39,90,Sunny,No,3.5
2025-02-23,Sunday,Lunch,Vada Pav,Snacks,370,146,117,29,25,Cloudy,No,4.3
2025-11-21,Friday,Breakfast,Idli,Breakfast,555,170,163,7,35,Cloudy,No,3.5
2025-12-04,Thursday,Evening,Idli,Breakfast,558,179,179,0,35,Sunny,Yes,3.9
2025-01-23,Thursday,Lunch,Idli,Breakfast,409,130,88,42,35,Cloudy,No,3.4
2025-10-08,Wednesday,Breakfast,Coffee,Drinks,276,114,64,50,25,Rainy,No,3.3
2025-03-30,Sunday,Lunch,Tea,Drinks,151,81,25,56,15,Rainy,No,3.2
2025-08-12,Tuesday,Lunch,Veg Thali,Meals,151,86,22,64,90,Sunny,No,3.7
2025-05-25,Sunday,Breakfast,Pav Bhaji,Meals,330,105,44,61,70,Cloudy,No,3.3
2025-08-09,Saturday,Evening,Vada Pav,Snacks,575,166,150,16,25,Sunny,Yes,4.7
2025-07-04,Friday,Lunch,Samosa,Snacks,581,170,161,9,20,Sunny,No,4.7
2025-11-18,Tuesday,Lunch,Vada Pav,Snacks,593,161,144,17,25,Cloudy,No,4.8
2025-09-15,Monday,Evening,Veg Sandwich,Snacks,411,138,99,39,40,Cloudy,Yes,3.3
2025-02-06,Thursday,Breakfast,Tea,Drinks,246,90,34,56,15,Sunny,No,3.4
2025-11-13,Thursday,Breakfast,Coffee,Drinks,421,123,74,49,25,Sunny,Yes,3.3
2025-05-07,Wednesday,Breakfast,Vada Pav,Snacks,599,167,162,5,25,Cloudy,Yes,3.9
2025-05-30,Friday,Lunch,Idli,Breakfast,321,124,81,43,35,Rainy,Yes,3.6
2025-07-17,Thursday,Evening,Coffee,Drinks,477,154,132,22,25,Rainy,No,4.4
2025-10-22,Wednesday,Lunch,Veg Thali,Meals,460,163,145,18,90,Rainy,Yes,3.8
2025-06-27,Friday,Evening,Coffee,Drinks,230,94,32,62,25,Rainy,No,4.4
2025-11-06,Thursday,Breakfast,Pav Bhaji,Meals,267,111,59,52,70,Cloudy,No,4.0
2025-04-06,Sunday,Breakfast,Masala Dosa,Meals,188,93,38,55,60,Cloudy,Yes,4.6
2025-02-24,Monday,Lunch,Coffee,Drinks,455,143,102,41,25,Sunny,No,4.8
2025-10-11,Saturday,Evening,Cold Drink,Drinks,263,94,33,61,30,Sunny,Yes,4.6
2025-12-07,Sunday,Evening,Samosa,Snacks,412,129,80,49,20,Sunny,Yes,4.1
2025-01-06,Monday,Breakfast,Masala Dosa,Meals,366,133,96,37,60,Sunny,Yes,4.2
2025-09-14,Sunday,Evening,Idli,Breakfast,479,130,83,47,35,Cloudy,Yes,3.6
2025-12-09,Tuesday,Breakfast,Idli,Breakfast,397,125,73,52,35,Rainy,Yes,3.5
2025-02-14,Friday,Lunch,Idli,Breakfast,561,183,183,0,35,Sunny,Yes,3.9
2025-09-14,Sunday,Lunch,Vada Pav,Snacks,270,107,48,59,25,Rainy,No,3.8
2025-03-14,Friday,Lunch,Vada Pav,Snacks,564,192,190,2,25,Sunny,No,4.1
2025-11-06,Thursday,Breakfast,Vada Pav,Snacks,322,123,73,50,25,Sunny,Yes,4.9
2025-02-20,Thursday,Breakfast,Pav Bhaji,Meals,172,78,20,58,70,Cloudy,Yes,3.6
2025-02-09,Sunday,Lunch,Coffee,Drinks,582,199,190,9,25,Rainy,No,3.8
2025-12-30,Tuesday,Evening,Cold Drink,Drinks,182,88,23,65,30,Sunny,No,4.7
2025-08-05,Tuesday,Evening,Tea,Drinks,364,135,90,45,15,Cloudy,Yes,3.8
2025-02-17,Monday,Lunch,Cold Drink,Drinks,564,160,136,24,30,Rainy,Yes,3.9
2025-04-26,Saturday,Lunch,Masala Dosa,Meals,177,84,22,62,60,Rainy,No,4.5
2025-10-24,Friday,Breakfast,Masala Dosa,Meals,466,126,72,54,60,Sunny,Yes,3.7
2025-12-07,Sunday,Lunch,Vada Pav,Snacks,353,116,58,58,25,Sunny,No,5.0
2025-05-26,Monday,Lunch,Veg Thali,Meals,412,146,118,28,90,Cloudy,No,4.1
2025-09-29,Monday,Evening,Vada Pav,Snacks,182,85,27,58,25,Sunny,Yes,3.2
2025-06-19,Thursday,Breakfast,Vada Pav,Snacks,455,128,82,46,25,Sunny,Yes,4.3
2025-03-31,Monday,Lunch,Veg Thali,Meals,169,89,35,54,90,Sunny,No,4.4
2025-10-09,Thursday,Evening,Veg Thali,Meals,400,122,66,56,90,Cloudy,No,4.0
2025-07-25,Friday,Lunch,Pav Bhaji,Meals,457,154,123,31,70,Cloudy,No,4.0
2025-11-19,Wednesday,Evening,Vada Pav,Snacks,527,144,109,35,25,Cloudy,No,5.0
2025-09-25,Thursday,Breakfast,Coffee,Drinks,581,187,187,0,25,Cloudy,No,3.7
2025-01-09,Thursday,Lunch,Pav Bhaji,Meals,428,141,98,43,70,Sunny,No,4.7
2025-09-13,Saturday,Evening,Coffee,Drinks,166,86,20,66,25,Rainy,Yes,3.9
2025-03-16,Sunday,Breakfast,Samosa,Snacks,556,181,181,0,20,Sunny,No,4.0
2025-05-25,Sunday,Breakfast,Masala Dosa,Meals,271,107,53,54,60,Sunny,No,3.8
2025-01-10,Friday,Breakfast,Veg Sandwich,Snacks,192,81,24,57,40,Cloudy,No,4.4
2025-04-17,Thursday,Lunch,Vada Pav,Snacks,153,90,35,55,25,Cloudy,Yes,4.9
2025-01-28,Tuesday,Evening,Idli,Breakfast,256,105,43,62,35,Sunny,No,4.5
2025-07-24,Thursday,Breakfast,Masala Dosa,Meals,209,88,30,58,60,Cloudy,Yes,4.9
2025-04-08,Tuesday,Breakfast,Veg Sandwich,Snacks,182,89,23,66,40,Cloudy,Yes,4.2
2025-10-26,Sunday,Lunch,Pav Bhaji,Meals,388,124,80,44,70,Rainy,No,3.2
2025-12-07,Sunday,Evening,Idli,Breakfast,335,119,72,47,35,Sunny,Yes,3.0
2025-06-20,Friday,Lunch,Coffee,Drinks,558,161,144,17,25,Sunny,No,5.0
2025-07-06,Sunday,Evening,Pav Bhaji,Meals,194,84,20,64,70,Cloudy,No,3.5
2025-05-03,Saturday,Evening,Veg Sandwich,Snacks,226,100,43,57,40,Rainy,Yes,4.6
2025-07-12,Saturday,Lunch,Samosa,Snacks,177,87,27,60,20,Cloudy,No,3.0
2025-05-31,Saturday,Evening,Vada Pav,Snacks,248,98,37,61,25,Cloudy,No,3.2
2025-06-04,Wednesday,Evening,Veg Sandwich,Snacks,338,117,61,56,40,Cloudy,Yes,3.3
2025-09-11,Thursday,Evening,Idli,Breakfast,466,131,81,50,35,Cloudy,No,3.6
2025-08-26,Tuesday,Evening,Idli,Breakfast,510,148,122,26,35,Rainy,Yes,4.1
2025-05-08,Thursday,Breakfast,Coffee,Drinks,204,84,22,62,25,Cloudy,Yes,3.3
2025-05-15,Thursday,Breakfast,Vada Pav,Snacks,299,120,67,53,25,Rainy,No,4.9
2025-08-14,Thursday,Breakfast,Samosa,Snacks,494,133,94,39,20,Sunny,No,3.9
2025-05-16,Friday,Breakfast,Idli,Breakfast,150,78,18,60,35,Rainy,No,3.6
2025-06-12,Thursday,Evening,Veg Sandwich,Snacks,427,143,101,42,40,Cloudy,No,3.4
2025-01-04,Saturday,Breakfast,Samosa,Snacks,402,129,82,47,20,Cloudy,Yes,3.2
2025-11-29,Saturday,Breakfast,Samosa,Snacks,203,89,31,58,20,Rainy,Yes,3.4
2025-02-16,Sunday,Evening,Cold Drink,Drinks,473,143,101,42,30,Rainy,Yes,4.9
2025-06-12,Thursday,Lunch,Idli,Breakfast,344,121,63,58,35,Cloudy,No,3.1
2025-02-02,Sunday,Evening,Pav Bhaji,Meals,298,114,64,50,70,Sunny,No,4.8
2025-08-13,Wednesday,Evening,Vada Pav,Snacks,586,150,128,22,25,Cloudy,Yes,3.6
2025-05-19,Monday,Evening,Vada Pav,Snacks,305,118,63,55,25,Rainy,Yes,4.8
2025-08-31,Sunday,Lunch,Veg Thali,Meals,487,146,119,27,90,Cloudy,No,4.1
2025-03-06,Thursday,Breakfast,Veg Sandwich,Snacks,479,132,82,50,40,Cloudy,No,4.6
2025-08-05,Tuesday,Evening,Veg Thali,Meals,354,121,73,48,90,Sunny,Yes,4.6
2025-02-20,Thursday,Evening,Pav Bhaji,Meals,464,135,97,38,70,Sunny,Yes,3.8
2025-06-13,Friday,Breakfast,Samosa,Snacks,582,163,147,16,20,Cloudy,No,3.4
2025-04-30,Wednesday,Breakfast,Tea,Drinks,535,137,90,47,15,Cloudy,No,4.6
2025-11-27,Thursday,Lunch,Samosa,Snacks,199,94,38,56,20,Rainy,Yes,3.2
2025-04-25,Friday,Evening,Veg Thali,Meals,478,150,127,23,90,Cloudy,Yes,4.4
2025-09-12,Friday,Evening,Idli,Breakfast,584,172,171,1,35,Rainy,Yes,3.9
2025-12-17,Wednesday,Evening,Pav Bhaji,Meals,381,113,60,53,70,Rainy,No,4.6
2025-09-27,Saturday,Breakfast,Veg Sandwich,Snacks,290,110,52,58,40,Sunny,No,4.3
2025-09-08,Monday,Lunch,Coffee,Drinks,273,115,60,55,25,Sunny,No,5.0
2025-12-01,Monday,Evening,Coffee,Drinks,277,95,39,56,25,Cloudy,No,3.9
2025-07-04,Friday,Breakfast,Pav Bhaji,Meals,578,172,172,0,70,Sunny,Yes,4.4
2025-06-13,Friday,Breakfast,Veg Thali,Meals,152,80,15,65,90,Rainy,Yes,4.8
2025-03-01,Saturday,Evening,Pav Bhaji,Meals,468,135,87,48,70,Cloudy,No,4.5
2025-07-03,Thursday,Breakfast,Idli,Breakfast,160,76,16,60,35,Cloudy,No,4.0
2025-10-20,Monday,Breakfast,Cold Drink,Drinks,184,86,21,65,30,Rainy,No,3.8
2025-09-16,Tuesday,Breakfast,Tea,Drinks,255,96,37,59,15,Rainy,Yes,4.9
2025-02-18,Tuesday,Breakfast,Idli,Breakfast,327,123,77,46,35,Cloudy,Yes,4.4
2025-11-22,Saturday,Lunch,Vada Pav,Snacks,528,169,164,5,25,Cloudy,Yes,5.0
2025-12-02,Tuesday,Breakfast,Tea,Drinks,407,139,96,43,15,Sunny,Yes,4.9
2025-03-02,Sunday,Lunch,Idli,Breakfast,320,131,81,50,35,Rainy,Yes,4.6
2025-03-24,Monday,Breakfast,Masala Dosa,Meals,191,86,27,59,60,Sunny,No,3.3
2025-01-02,Thursday,Evening,Masala Dosa,Meals,415,121,65,56,60,Cloudy,No,4.4
2025-12-25,Thursday,Breakfast,Veg Thali,Meals,197,93,34,59,90,Sunny,No,4.3
2025-09-11,Thursday,Breakfast,Vada Pav,Snacks,253,95,36,59,25,Cloudy,No,4.7
2025-04-03,Thursday,Breakfast,Veg Thali,Meals,519,158,133,25,90,Sunny,Yes,3.1
2025-11-01,Saturday,Breakfast,Coffee,Drinks,283,109,54,55,25,Sunny,No,3.1
2025-12-29,Monday,Evening,Veg Thali,Meals,223,102,47,55,90,Cloudy,Yes,3.7
2025-10-18,Saturday,Breakfast,Pav Bhaji,Meals,265,110,56,54,70,Rainy,Yes,3.7
2025-12-19,Friday,Evening,Cold Drink,Drinks,401,127,83,44,30,Cloudy,Yes,4.6
2025-09-08,Monday,Breakfast,Coffee,Drinks,449,127,82,45,25,Cloudy,No,4.4
2025-02-20,Thursday,Lunch,Samosa,Snacks,215,91,30,61,20,Rainy,Yes,3.2
2025-12-04,Thursday,Evening,Samosa,Snacks,272,95,29,66,20,Rainy,Yes,4.0
2025-04-07,Monday,Lunch,Veg Sandwich,Snacks,241,112,55,57,40,Cloudy,No,4.9
2025-05-28,Wednesday,Evening,Samosa,Snacks,237,103,40,63,20,Sunny,Yes,3.4
2025-03-29,Saturday,Breakfast,Cold Drink,Drinks,397,140,109,31,30,Sunny,No,4.6
2025-01-31,Friday,Evening,Idli,Breakfast,305,105,41,64,35,Sunny,Yes,5.0
2025-06-30,Monday,Evening,Coffee,Drinks,415,136,90,46,25,Sunny,No,3.5
2025-02-27,Thursday,Lunch,Cold Drink,Drinks,245,107,52,55,30,Sunny,No,3.0
2025-11-02,Sunday,Breakfast,Coffee,Drinks,184,88,23,65,25,Cloudy,Yes,4.9
2025-10-06,Monday,Lunch,Veg Thali,Meals,515,167,154,13,90,Rainy,Yes,3.9
2025-05-23,Friday,Evening,Coffee,Drinks,529,139,106,33,25,Sunny,Yes,3.4
2025-02-01,Saturday,Evening,Veg Thali,Meals,444,127,87,40,90,Cloudy,No,3.7
2025-06-07,Saturday,Breakfast,Coffee,Drinks,588,146,110,36,25,Cloudy,Yes,4.8
2025-06-14,Saturday,Evening,Cold Drink,Drinks,415,145,114,31,30,Sunny,Yes,4.4
2025-12-08,Monday,Breakfast,Cold Drink,Drinks,164,83,28,55,30,Rainy,Yes,3.5
2025-06-14,Saturday,Breakfast,Vada Pav,Snacks,523,154,132,22,25,Rainy,No,5.0
2025-03-26,Wednesday,Lunch,Cold Drink,Drinks,398,131,81,50,30,Rainy,No,5.0
2025-08-07,Thursday,Lunch,Samosa,Snacks,314,126,78,48,20,Sunny,Yes,4.5
2025-07-15,Tuesday,Lunch,Tea,Drinks,498,167,161,6,15,Cloudy,Yes,4.4
2025-04-20,Sunday,Breakfast,Samosa,Snacks,201,93,38,55,20,Rainy,Yes,3.2
2025-02-23,Sunday,Evening,Pav Bhaji,Meals,322,102,41,61,70,Rainy,Yes,4.0
2025-02-28,Friday,Breakfast,Veg Thali,Meals,500,149,122,27,90,Sunny,Yes,3.2
2025-08-27,Wednesday,Breakfast,Masala Dosa,Meals,398,115,56,59,60,Rainy,Yes,4.6
2025-10-25,Saturday,Breakfast,Veg Sandwich,Snacks,157,81,15,66,40,Cloudy,No,4.0
2025-02-19,Wednesday,Lunch,Vada Pav,Snacks,574,199,194,5,25,Cloudy,No,3.3
2025-08-09,Saturday,Evening,Veg Thali,Meals,394,124,81,43,90,Sunny,Yes,4.8
2025-02-01,Saturday,Lunch,Pav Bhaji,Meals,577,172,166,6,70,Sunny,Yes,3.8
2025-08-14,Thursday,Evening,Samosa,Snacks,216,101,47,54,20,Sunny,No,4.5
2025-11-15,Saturday,Lunch,Coffee,Drinks,430,157,135,22,25,Rainy,Yes,4.4
2025-12-26,Friday,Lunch,Veg Sandwich,Snacks,425,146,120,26,40,Sunny,No,4.9
2025-05-15,Thursday,Lunch,Pav Bhaji,Meals,372,147,120,27,70,Cloudy,No,4.4
2025-10-03,Friday,Breakfast,Coffee,Drinks,284,96,35,61,25,Cloudy,Yes,3.5
2025-11-22,Saturday,Lunch,Samosa,Snacks,339,124,80,44,20,Rainy,No,5.0
2025-01-05,Sunday,Evening,Vada Pav,Snacks,174,86,32,54,25,Sunny,No,3.6
2025-11-02,Sunday,Evening,Masala Dosa,Meals,168,80,18,62,60,Sunny,Yes,4.7
2025-02-10,Monday,Lunch,Veg Sandwich,Snacks,328,121,70,51,40,Rainy,Yes,3.0
2025-02-06,Thursday,Lunch,Veg Thali,Meals,371,134,85,49,90,Cloudy,No,5.0
2025-01-07,Tuesday,Breakfast,Veg Thali,Meals,169,86,24,62,90,Sunny,No,4.7
2025-05-09,Friday,Evening,Coffee,Drinks,347,114,61,53,25,Rainy,Yes,4.6
2025-06-29,Sunday,Breakfast,Pav Bhaji,Meals,358,134,93,41,70,Sunny,No,4.2
2025-03-14,Friday,Lunch,Tea,Drinks,367,131,79,52,15,Sunny,No,3.2
2025-04-09,Wednesday,Evening,Veg Sandwich,Snacks,506,160,137,23,40,Cloudy,No,5.0
2025-02-27,Thursday,Breakfast,Samosa,Snacks,555,147,119,28,20,Cloudy,No,3.7
2025-10-13,Monday,Evening,Samosa,Snacks,338,120,66,54,20,Rainy,No,3.5
2025-06-23,Monday,Breakfast,Coffee,Drinks,594,157,140,17,25,Sunny,No,3.9
2025-05-21,Wednesday,Lunch,Coffee,Drinks,588,198,198,0,25,Rainy,No,4.5
2025-02-21,Friday,Evening,Veg Sandwich,Snacks,503,158,132,26,40,Sunny,Yes,4.2
2025-07-25,Friday,Lunch,Veg Sandwich,Snacks,233,110,49,61,40,Cloudy,No,3.8
2025-05-11,Sunday,Lunch,Veg Thali,Meals,344,121,76,45,90,Rainy,No,4.9
2025-09-16,Tuesday,Evening,Vada Pav,Snacks,278,96,41,55,25,Rainy,No,4.1
2025-04-05,Saturday,Evening,Samosa,Snacks,593,184,184,0,20,Sunny,Yes,3.3
2025-12-16,Tuesday,Evening,Veg Thali,Meals,542,169,164,5,90,Cloudy,Yes,4.5
2025-06-16,Monday,Evening,Samosa,Snacks,517,171,170,1,20,Cloudy,No,5.0
2025-01-11,Saturday,Breakfast,Idli,Breakfast,488,141,110,31,35,Cloudy,No,4.7
2025-05-11,Sunday,Lunch,Masala Dosa,Meals,557,181,176,5,60,Rainy,Yes,4.1
2025-09-15,Monday,Lunch,Cold Drink,Drinks,159,88,29,59,30,Rainy,No,3.8
2025-11-23,Sunday,Evening,Coffee,Drinks,364,134,92,42,25,Cloudy,No,4.1
2025-06-14,Saturday,Breakfast,Veg Thali,Meals,588,150,116,34,90,Sunny,No,4.7
2025-08-21,Thursday,Breakfast,Tea,Drinks,214,89,29,60,15,Rainy,No,4.6
2025-08-10,Sunday,Lunch,Tea,Drinks,535,173,173,0,15,Sunny,Yes,3.4
2025-07-06,Sunday,Breakfast,Tea,Drinks,579,158,142,16,15,Cloudy,Yes,4.3
2025-04-18,Friday,Breakfast,Coffee,Drinks,372,134,98,36,25,Rainy,No,3.0
2025-07-01,Tuesday,Lunch,Coffee,Drinks,313,109,51,58,25,Rainy,Yes,4.7
2025-08-12,Tuesday,Evening,Masala Dosa,Meals,557,160,146,14,60,Rainy,No,3.6
2025-05-23,Friday,Lunch,Coffee,Drinks,396,125,82,43,25,Sunny,No,3.9
2025-08-28,Thursday,Breakfast,Vada Pav,Snacks,336,122,70,52,25,Rainy,Yes,3.7
2025-05-25,Sunday,Lunch,Idli,Breakfast,294,115,60,55,35,Sunny,No,3.3
2025-07-19,Saturday,Evening,Masala Dosa,Meals,401,143,109,34,60,Cloudy,No,3.5
2025-06-22,Sunday,Evening,Pav Bhaji,Meals,513,148,124,24,70,Rainy,No,4.9
2025-12-11,Thursday,Lunch,Masala Dosa,Meals,273,121,63,58,60,Cloudy,No,4.4
2025-06-20,Friday,Breakfast,Idli,Breakfast,324,119,62,57,35,Sunny,Yes,3.9
2025-08-29,Friday,Breakfast,Cold Drink,Drinks,470,143,110,33,30,Rainy,Yes,3.7
2025-09-17,Wednesday,Evening,Coffee,Drinks,180,90,37,53,25,Rainy,No,3.3
2025-11-27,Thursday,Lunch,Tea,Drinks,161,91,37,54,15,Sunny,No,4.2
2025-01-16,Thursday,Evening,Vada Pav,Snacks,548,167,155,12,25,Cloudy,No,3.5
2025-03-30,Sunday,Evening,Idli,Breakfast,571,172,163,9,35,Cloudy,Yes,3.1
2025-09-04,Thursday,Evening,Tea,Drinks,560,155,133,22,15,Sunny,No,4.0
2025-08-28,Thursday,Evening,Cold Drink,Drinks,281,106,48,58,30,Sunny,No,5.0
2025-10-16,Thursday,Breakfast,Idli,Breakfast,207,98,38,60,35,Cloudy,Yes,4.2
2025-01-12,Sunday,Evening,Coffee,Drinks,561,166,155,11,25,Sunny,No,3.1
2025-07-18,Friday,Evening,Samosa,Snacks,328,116,63,53,20,Cloudy,No,4.2
2025-03-14,Friday,Breakfast,Veg Sandwich,Snacks,394,114,54,60,40,Rainy,Yes,3.4
2025-06-07,Saturday,Evening,Idli,Breakfast,159,87,27,60,35,Sunny,Yes,3.6
2025-04-02,Wednesday,Lunch,Idli,Breakfast,590,194,189,5,35,Rainy,Yes,4.2
2025-02-20,Thursday,Evening,Veg Sandwich,Snacks,196,91,35,56,40,Rainy,No,3.7
2025-11-09,Sunday,Evening,Samosa,Snacks,210,93,31,62,20,Rainy,Yes,3.8
2025-05-15,Thursday,Breakfast,Masala Dosa,Meals,184,87,30,57,60,Sunny,Yes,4.8
2025-05-15,Thursday,Lunch,Pav Bhaji,Meals,452,167,162,5,70,Cloudy,Yes,3.3
2025-04-07,Monday,Breakfast,Idli,Breakfast,566,184,184,0,35,Rainy,Yes,4.9
2025-08-10,Sunday,Evening,Tea,Drinks,480,133,92,41,15,Rainy,No,4.9
2025-05-29,Thursday,Breakfast,Cold Drink,Drinks,495,143,115,28,30,Sunny,No,4.4
2025-05-27,Tuesday,Breakfast,Cold Drink,Drinks,406,123,78,45,30,Cloudy,No,4.0
2025-06-06,Friday,Evening,Cold Drink,Drinks,472,152,119,33,30,Cloudy,Yes,4.6
2025-04-02,Wednesday,Lunch,Coffee,Drinks,554,195,195,0,25,Sunny,Yes,3.4
2025-02-08,Saturday,Lunch,Vada Pav,Snacks,333,121,65,56,25,Sunny,No,3.8
2025-11-13,Thursday,Evening,Vada Pav,Snacks,292,112,61,51,25,Rainy,No,4.0
2025-12-20,Saturday,Lunch,Vada Pav,Snacks,352,136,95,41,25,Rainy,No,4.2
2025-05-04,Sunday,Evening,Cold Drink,Drinks,600,186,178,8,30,Rainy,No,4.6
2025-09-27,Saturday,Lunch,Coffee,Drinks,234,102,44,58,25,Rainy,No,4.6
2025-07-16,Wednesday,Evening,Samosa,Snacks,176,84,29,55,20,Cloudy,Yes,4.7
2025-03-26,Wednesday,Evening,Tea,Drinks,593,160,149,11,15,Rainy,No,4.5
2025-02-21,Friday,Evening,Pav Bhaji,Meals,398,134,85,49,70,Sunny,Yes,3.3
2025-05-27,Tuesday,Breakfast,Veg Thali,Meals,189,87,21,66,90,Rainy,Yes,4.1
2025-03-10,Monday,Evening,Veg Thali,Meals,277,104,42,62,90,Rainy,Yes,3.8
2025-08-13,Wednesday,Evening,Samosa,Snacks,299,103,44,59,20,Rainy,No,3.6
2025-02-10,Monday,Evening,Masala Dosa,Meals,339,121,64,57,60,Sunny,Yes,4.8
2025-06-15,Sunday,Evening,Veg Thali,Meals,339,126,73,53,90,Cloudy,No,4.6
2025-09-02,Tuesday,Breakfast,Veg Sandwich,Snacks,520,172,172,0,40,Rainy,Yes,3.9
2025-10-18,Saturday,Breakfast,Samosa,Snacks,380,138,105,33,20,Cloudy,No,4.0
2025-04-30,Wednesday,Breakfast,Vada Pav,Snacks,203,86,22,64,25,Rainy,No,3.5
2025-11-01,Saturday,Lunch,Veg Sandwich,Snacks,192,95,33,62,40,Sunny,Yes,4.1
2025-07-31,Thursday,Breakfast,Samosa,Snacks,573,182,175,7,20,Rainy,Yes,4.9
2025-12-13,Saturday,Lunch,Veg Sandwich,Snacks,150,80,20,60,40,Cloudy,Yes,3.7
2025-12-21,Sunday,Evening,Tea,Drinks,356,132,86,46,15,Sunny,Yes,4.7
2025-05-19,Monday,Breakfast,Pav Bhaji,Meals,427,146,120,26,70,Rainy,Yes,3.9
2025-02-02,Sunday,Evening,Veg Sandwich,Snacks,552,153,122,31,40,Sunny,No,4.8
2025-05-05,Monday,Breakfast,Samosa,Snacks,442,123,69,54,20,Cloudy,No,4.0
2025-11-04,Tuesday,Breakfast,Veg Thali,Meals,557,165,153,12,90,Cloudy,No,3.1
2025-06-17,Tuesday,Lunch,Cold Drink,Drinks,581,165,154,11,30,Cloudy,No,3.7
2025-05-20,Tuesday,Breakfast,Vada Pav,Snacks,308,117,64,53,25,Cloudy,No,4.2
2025-05-15,Thursday,Evening,Cold Drink,Drinks,362,117,62,55,30,Sunny,No,4.8
2025-09-23,Tuesday,Breakfast,Coffee,Drinks,547,171,165,6,25,Cloudy,Yes,4.1
2025-02-19,Wednesday,Lunch,Veg Sandwich,Snacks,338,137,99,38,40,Rainy,Yes,4.0
2025-06-19,Thursday,Lunch,Coffee,Drinks,171,87,31,56,25,Rainy,Yes,4.1
2025-06-16,Monday,Breakfast,Veg Thali,Meals,288,98,37,61,90,Rainy,No,4.8
2025-05-23,Friday,Evening,Vada Pav,Snacks,469,152,126,26,25,Cloudy,Yes,4.6
2025-01-10,Friday,Evening,Cold Drink,Drinks,181,90,25,65,30,Rainy,No,3.7
2025-03-05,Wednesday,Breakfast,Coffee,Drinks,492,166,151,15,25,Rainy,No,3.8
2025-05-10,Saturday,Evening,Coffee,Drinks,172,81,21,60,25,Cloudy,Yes,4.5
2025-12-07,Sunday,Evening,Samosa,Snacks,300,108,51,57,20,Sunny,Yes,4.3
2025-02-10,Monday,Lunch,Veg Sandwich,Snacks,172,93,30,63,40,Cloudy,Yes,3.9
2025-10-23,Thursday,Lunch,Vada Pav,Snacks,493,156,139,17,25,Sunny,No,3.2
2025-01-25,Saturday,Lunch,Veg Thali,Meals,212,94,28,66,90,Cloudy,Yes,4.6
2025-08-10,Sunday,Breakfast,Samosa,Snacks,502,160,136,24,20,Cloudy,No,4.4
2025-10-02,Thursday,Breakfast,Veg Sandwich,Snacks,379,116,60,56,40,Cloudy,No,4.9
2025-07-05,Saturday,Lunch,Tea,Drinks,202,101,43,58,15,Rainy,No,4.6
2025-08-10,Sunday,Lunch,Coffee,Drinks,217,100,37,63,25,Rainy,Yes,4.6
2025-04-01,Tuesday,Evening,Masala Dosa,Meals,303,105,41,64,60,Rainy,Yes,4.9
2025-10-31,Friday,Breakfast,Samosa,Snacks,335,128,86,42,20,Sunny,No,3.7
2025-09-06,Saturday,Evening,Masala Dosa,Meals,250,107,48,59,60,Cloudy,No,4.6
2025-01-28,Tuesday,Evening,Idli,Breakfast,202,88,30,58,35,Sunny,Yes,4.6
2025-05-27,Tuesday,Evening,Coffee,Drinks,471,129,87,42,25,Cloudy,Yes,4.5
2025-06-25,Wednesday,Lunch,Vada Pav,Snacks,181,89,34,55,25,Rainy,Yes,3.0
2025-10-14,Tuesday,Evening,Veg Sandwich,Snacks,226,100,35,65,40,Cloudy,No,4.6
2025-07-26,Saturday,Evening,Vada Pav,Snacks,517,161,146,15,25,Sunny,No,3.1
2025-07-10,Thursday,Lunch,Idli,Breakfast,330,119,67,52,35,Rainy,Yes,3.9
2025-07-13,Sunday,Breakfast,Tea,Drinks,511,170,165,5,15,Cloudy,Yes,4.8
2025-06-27,Friday,Evening,Tea,Drinks,597,164,144,20,15,Rainy,Yes,3.3
2025-07-04,Friday,Breakfast,Tea,Drinks,412,145,117,28,15,Cloudy,Yes,3.1
2025-03-17,Monday,Breakfast,Pav Bhaji,Meals,597,149,121,28,70,Cloudy,No,5.0
2025-01-11,Saturday,Lunch,Idli,Breakfast,287,115,62,53,35,Sunny,No,4.6
2025-11-29,Saturday,Evening,Coffee,Drinks,199,91,29,62,25,Rainy,Yes,4.8
2025-01-29,Wednesday,Breakfast,Veg Sandwich,Snacks,373,125,78,47,40,Cloudy,No,3.6
2025-05-04,Sunday,Evening,Idli,Breakfast,268,99,33,66,35,Sunny,Yes,3.5
2025-06-10,Tuesday,Evening,Tea,Drinks,150,84,24,60,15,Rainy,No,3.6
2025-12-16,Tuesday,Breakfast,Coffee,Drinks,340,112,58,54,25,Rainy,Yes,4.8
2025-01-27,Monday,Evening,Pav Bhaji,Meals,532,138,99,39,70,Rainy,Yes,3.0
2025-09-08,Monday,Evening,Cold Drink,Drinks,445,150,121,29,30,Sunny,Yes,3.5
2025-02-28,Friday,Breakfast,Veg Sandwich,Snacks,501,166,161,5,40,Sunny,No,3.1
2025-03-02,Sunday,Evening,Cold Drink,Drinks,317,108,48,60,30,Cloudy,No,4.8
2025-09-18,Thursday,Breakfast,Cold Drink,Drinks,294,104,46,58,30,Sunny,No,3.3
2025-03-26,Wednesday,Evening,Pav Bhaji,Meals,551,146,112,34,70,Sunny,No,3.4
2025-01-07,Tuesday,Lunch,Vada Pav,Snacks,424,139,99,40,25,Cloudy,Yes,4.8
2025-03-01,Saturday,Breakfast,Pav Bhaji,Meals,230,88,34,54,70,Cloudy,No,3.9
2025-09-19,Friday,Lunch,Pav Bhaji,Meals,156,80,27,53,70,Rainy,No,4.2
2025-12-21,Sunday,Breakfast,Cold Drink,Drinks,475,145,110,35,30,Cloudy,Yes,4.5
2025-05-29,Thursday,Breakfast,Vada Pav,Snacks,161,82,26,56,25,Rainy,Yes,4.9
2025-05-21,Wednesday,Evening,Pav Bhaji,Meals,184,87,34,53,70,Cloudy,No,3.4
2025-03-20,Thursday,Lunch,Tea,Drinks,508,175,172,3,15,Rainy,Yes,4.1
2025-10-26,Sunday,Lunch,Coffee,Drinks,265,116,59,57,25,Rainy,No,3.1
2025-03-19,Wednesday,Evening,Pav Bhaji,Meals,241,95,29,66,70,Sunny,Yes,3.7
2025-04-12,Saturday,Lunch,Veg Sandwich,Snacks,374,128,88,40,40,Sunny,Yes,4.7
2025-04-15,Tuesday,Lunch,Masala Dosa,Meals,462,141,103,38,60,Cloudy,Yes,4.1
2025-02-05,Wednesday,Evening,Masala Dosa,Meals,370,134,91,43,60,Cloudy,No,3.6
2025-08-07,Thursday,Lunch,Masala Dosa,Meals,193,99,38,61,60,Rainy,No,4.4
2025-11-02,Sunday,Lunch,Pav Bhaji,Meals,365,128,87,41,70,Rainy,Yes,4.1
2025-06-13,Friday,Breakfast,Veg Thali,Meals,345,126,73,53,90,Rainy,Yes,4.1
2025-11-13,Thursday,Evening,Idli,Breakfast,395,121,74,47,35,Cloudy,Yes,4.5
2025-03-07,Friday,Breakfast,Veg Sandwich,Snacks,293,102,41,61,40,Sunny,Yes,4.4
2025-09-26,Friday,Evening,Masala Dosa,Meals,203,83,18,65,60,Rainy,No,3.6
2025-11-09,Sunday,Evening,Vada Pav,Snacks,403,115,67,48,25,Sunny,No,3.6
2025-10-07,Tuesday,Lunch,Tea,Drinks,369,132,93,39,15,Rainy,No,4.0
2025-03-20,Thursday,Lunch,Veg Sandwich,Snacks,527,161,149,12,40,Sunny,No,4.0
2025-08-03,Sunday,Lunch,Masala Dosa,Meals,361,127,80,47,60,Rainy,Yes,3.4
2025-01-30,Thursday,Evening,Cold Drink,Drinks,225,101,36,65,30,Sunny,Yes,4.1
2025-01-16,Thursday,Breakfast,Idli,Breakfast,558,153,128,25,35,Rainy,Yes,3.1
2025-12-18,Thursday,Lunch,Pav Bhaji,Meals,200,89,23,66,70,Rainy,No,4.1
2025-12-05,Friday,Evening,Tea,Drinks,579,164,154,10,15,Sunny,No,3.3
2025-11-29,Saturday,Evening,Samosa,Snacks,600,148,117,31,20,Cloudy,No,4.6
2025-07-24,Thursday,Evening,Cold Drink,Drinks,182,87,25,62,30,Sunny,No,4.5
2025-03-25,Tuesday,Lunch,Vada Pav,Snacks,428,142,107,35,25,Rainy,No,4.9
2025-08-05,Tuesday,Evening,Samosa,Snacks,496,136,93,43,20,Cloudy,Yes,3.2
2025-11-09,Sunday,Evening,Coffee,Drinks,459,132,81,51,25,Cloudy,Yes,4.1
2025-09-29,Monday,Breakfast,Veg Thali,Meals,436,141,110,31,90,Rainy,Yes,3.7
2025-05-13,Tuesday,Lunch,Cold Drink,Drinks,383,148,124,24,30,Rainy,Yes,4.9
2025-10-01,Wednesday,Breakfast,Masala Dosa,Meals,280,106,54,52,60,Cloudy,No,3.9
2025-11-21,Friday,Breakfast,Tea,Drinks,180,82,26,56,15,Sunny,Yes,5.0
2025-12-19,Friday,Breakfast,Tea,Drinks,510,144,108,36,15,Cloudy,No,4.8
2025-11-07,Friday,Evening,Coffee,Drinks,475,135,86,49,25,Rainy,No,4.1
2025-10-12,Sunday,Breakfast,Masala Dosa,Meals,377,137,100,37,60,Rainy,Yes,4.6
2025-12-28,Sunday,Breakfast,Coffee,Drinks,204,94,41,53,25,Sunny,No,4.1
2025-09-12,Friday,Breakfast,Veg Thali,Meals,191,88,31,57,90,Cloudy,No,3.2
2025-11-20,Thursday,Evening,Coffee,Drinks,252,96,32,64,25,Rainy,Yes,4.9
2025-03-03,Monday,Lunch,Pav Bhaji,Meals,348,127,83,44,70,Sunny,No,3.6
2025-05-10,Saturday,Breakfast,Masala Dosa,Meals,577,186,179,7,60,Sunny,No,3.9
2025-01-20,Monday,Lunch,Idli,Breakfast,394,127,82,45,35,Cloudy,No,3.6
2025-01-08,Wednesday,Lunch,Cold Drink,Drinks,290,109,47,62,30,Rainy,No,4.5
2025-06-20,Friday,Lunch,Coffee,Drinks,300,109,55,54,25,Cloudy,No,4.2
2025-09-06,Saturday,Evening,Pav Bhaji,Meals,581,171,166,5,70,Cloudy,No,4.8
2025-12-06,Saturday,Lunch,Vada Pav,Snacks,284,111,51,60,25,Cloudy,No,4.2
2025-10-21,Tuesday,Evening,Veg Sandwich,Snacks,387,141,104,37,40,Sunny,Yes,3.9
2025-05-19,Monday,Breakfast,Tea,Drinks,491,141,110,31,15,Sunny,Yes,3.5
2025-04-27,Sunday,Evening,Vada Pav,Snacks,374,126,82,44,25,Rainy,Yes,4.1
2025-04-22,Tuesday,Breakfast,Idli,Breakfast,219,87,26,61,35,Sunny,No,4.3
2025-05-10,Saturday,Lunch,Cold Drink,Drinks,528,171,166,5,30,Cloudy,Yes,5.0
2025-01-31,Friday,Breakfast,Pav Bhaji,Meals,355,114,62,52,70,Cloudy,No,3.1
2025-06-09,Monday,Breakfast,Coffee,Drinks,483,158,141,17,25,Sunny,No,3.3
2025-03-16,Sunday,Lunch,Masala Dosa,Meals,470,160,137,23,60,Cloudy,Yes,3.1
2025-02-09,Sunday,Breakfast,Tea,Drinks,361,125,70,55,15,Cloudy,No,4.2
2025-08-11,Monday,Breakfast,Veg Thali,Meals,459,124,78,46,90,Sunny,Yes,3.2
2025-07-20,Sunday,Lunch,Idli,Breakfast,596,176,171,5,35,Cloudy,No,4.9
2025-05-08,Thursday,Breakfast,Veg Sandwich,Snacks,199,95,31,64,40,Cloudy,No,4.3
2025-09-09,Tuesday,Evening,Veg Thali,Meals,591,181,172,9,90,Rainy,Yes,4.8
2025-06-11,Wednesday,Breakfast,Vada Pav,Snacks,324,119,74,45,25,Rainy,No,3.4
2025-09-13,Saturday,Breakfast,Vada Pav,Snacks,205,89,34,55,25,Cloudy,No,4.8
2025-10-19,Sunday,Breakfast,Veg Sandwich,Snacks,533,161,148,13,40,Cloudy,Yes,4.3
2025-02-03,Monday,Breakfast,Coffee,Drinks,197,82,18,64,25,Sunny,No,3.7
2025-01-12,Sunday,Lunch,Veg Thali,Meals,240,112,63,49,90,Sunny,No,3.5
2025-06-08,Sunday,Evening,Veg Thali,Meals,540,151,123,28,90,Rainy,No,4.3
2025-07-02,Wednesday,Breakfast,Pav Bhaji,Meals,248,106,53,53,70,Cloudy,No,4.7
2025-02-10,Monday,Breakfast,Tea,Drinks,157,83,22,61,15,Sunny,No,3.4
2025-10-09,Thursday,Evening,Coffee,Drinks,325,125,79,46,25,Cloudy,No,4.9
2025-04-06,Sunday,Breakfast,Veg Thali,Meals,520,168,156,12,90,Sunny,No,4.9
2025-09-29,Monday,Evening,Vada Pav,Snacks,540,170,159,11,25,Sunny,Yes,3.8
2025-05-21,Wednesday,Evening,Masala Dosa,Meals,160,83,19,64,60,Rainy,Yes,4.2
2025-09-11,Thursday,Lunch,Veg Thali,Meals,300,111,61,50,90,Rainy,No,4.4
2025-03-16,Sunday,Evening,Veg Thali,Meals,326,115,62,53,90,Rainy,No,4.4
2025-05-25,Sunday,Evening,Veg Sandwich,Snacks,301,101,46,55,40,Cloudy,No,4.3
2025-07-21,Monday,Evening,Veg Thali,Meals,467,153,133,20,90,Cloudy,Yes,4.5
2025-09-19,Friday,Breakfast,Veg Thali,Meals,202,89,32,57,90,Rainy,Yes,4.8
2025-12-04,Thursday,Breakfast,Veg Sandwich,Snacks,166,83,21,62,40,Rainy,No,5.0
2025-11-11,Tuesday,Evening,Vada Pav,Snacks,446,124,79,45,25,Rainy,Yes,3.5
2025-03-04,Tuesday,Breakfast,Cold Drink,Drinks,214,92,35,57,30,Cloudy,No,3.9
2025-01-26,Sunday,Breakfast,Veg Thali,Meals,414,117,68,49,90,Rainy,Yes,3.7
2025-10-16,Thursday,Evening,Idli,Breakfast,195,85,28,57,35,Cloudy,No,5.0
2025-07-13,Sunday,Lunch,Samosa,Snacks,483,150,120,30,20,Sunny,Yes,3.6
2025-08-28,Thursday,Evening,Veg Sandwich,Snacks,413,143,105,38,40,Sunny,No,3.1
2025-05-03,Saturday,Evening,Pav Bhaji,Meals,462,133,90,43,70,Rainy,No,4.1
2025-12-02,Tuesday,Lunch,Pav Bhaji,Meals,467,144,115,29,70,Sunny,No,4.5
2025-03-05,Wednesday,Breakfast,Cold Drink,Drinks,233,101,38,63,30,Sunny,Yes,3.8
2025-11-23,Sunday,Breakfast,Samosa,Snacks,487,140,100,40,20,Rainy,Yes,4.5
2025-10-11,Saturday,Evening,Idli,Breakfast,261,93,27,66,35,Cloudy,No,3.7
2025-01-15,Wednesday,Lunch,Veg Sandwich,Snacks,468,160,138,22,40,Cloudy,Yes,3.8
2025-04-22,Tuesday,Breakfast,Coffee,Drinks,357,127,86,41,25,Sunny,No,4.5
2025-04-14,Monday,Breakfast,Tea,Drinks,321,102,49,53,15,Cloudy,Yes,4.0
2025-09-26,Friday,Breakfast,Veg Thali,Meals,528,154,133,21,90,Cloudy,Yes,5.0
2025-11-25,Tuesday,Breakfast,Coffee,Drinks,459,141,103,38,25,Rainy,No,3.3
2025-11-30,Sunday,Breakfast,Idli,Breakfast,451,151,120,31,35,Rainy,No,3.8
2025-02-25,Tuesday,Evening,Veg Thali,Meals,335,107,53,54,90,Cloudy,No,4.6
2025-10-07,Tuesday,Evening,Masala Dosa,Meals,409,146,116,30,60,Cloudy,No,3.3
2025-03-26,Wednesday,Lunch,Vada Pav,Snacks,530,153,133,20,25,Rainy,Yes,4.8
2025-02-23,Sunday,Lunch,Idli,Breakfast,520,153,126,27,35,Rainy,No,3.9
2025-10-06,Monday,Evening,Coffee,Drinks,200,93,30,63,25,Cloudy,No,4.9
2025-02-06,Thursday,Evening,Coffee,Drinks,443,148,114,34,25,Sunny,Yes,4.3
2025-09-11,Thursday,Lunch,Tea,Drinks,600,196,196,0,15,Sunny,No,3.9
2025-07-04,Friday,Evening,Veg Sandwich,Snacks,222,99,46,53,40,Sunny,Yes,3.1
2025-09-13,Saturday,Evening,Tea,Drinks,307,120,75,45,15,Rainy,No,4.0
2025-08-26,Tuesday,Breakfast,Veg Sandwich,Snacks,329,126,75,51,40,Sunny,Yes,4.0
2025-11-30,Sunday,Breakfast,Tea,Drinks,248,96,33,63,15,Sunny,Yes,4.8
2025-07-16,Wednesday,Evening,Masala Dosa,Meals,237,99,47,52,60,Rainy,No,4.4
2025-12-29,Monday,Lunch,Veg Thali,Meals,495,149,121,28,90,Cloudy,Yes,4.4
2025-09-01,Monday,Lunch,Masala Dosa,Meals,195,88,26,62,60,Sunny,No,4.5
2025-04-16,Wednesday,Evening,Coffee,Drinks,218,92,33,59,25,Rainy,Yes,4.2
2025-02-19,Wednesday,Lunch,Veg Thali,Meals,278,118,72,46,90,Rainy,No,3.2
2025-12-28,Sunday,Evening,Tea,Drinks,487,164,154,10,15,Cloudy,No,4.9
2025-11-30,Sunday,Lunch,Vada Pav,Snacks,474,158,132,26,25,Cloudy,Yes,4.9
2025-03-14,Friday,Lunch,Coffee,Drinks,490,158,135,23,25,Sunny,No,4.3
2025-07-31,Thursday,Evening,Pav Bhaji,Meals,152,75,20,55,70,Rainy,No,3.2
2025-10-05,Sunday,Breakfast,Pav Bhaji,Meals,195,93,30,63,70,Rainy,Yes,3.2
2025-09-30,Tuesday,Lunch,Coffee,Drinks,216,96,31,65,25,Sunny,No,3.5
2025-07-11,Friday,Lunch,Tea,Drinks,189,96,41,55,15,Rainy,No,3.9
2025-07-12,Saturday,Breakfast,Samosa,Snacks,518,162,143,19,20,Cloudy,Yes,3.5
2025-01-01,Wednesday,Breakfast,Veg Sandwich,Snacks,244,95,35,60,40,Cloudy,No,4.4
2025-08-25,Monday,Lunch,Tea,Drinks,582,174,172,2,15,Rainy,No,4.8
2025-03-13,Thursday,Evening,Coffee,Drinks,395,136,94,42,25,Cloudy,Yes,3.0
2025-09-24,Wednesday,Lunch,Idli,Breakfast,160,82,16,66,35,Rainy,Yes,4.2
2025-06-02,Monday,Lunch,Vada Pav,Snacks,210,99,47,52,25,Cloudy,No,3.8
2025-02-20,Thursday,Lunch,Pav Bhaji,Meals,262,115,67,48,70,Cloudy,Yes,3.0
2025-04-15,Tuesday,Lunch,Vada Pav,Snacks,428,160,147,13,25,Rainy,Yes,4.1
2025-11-22,Saturday,Lunch,Vada Pav,Snacks,446,164,157,7,25,Sunny,Yes,4.3
2025-02-27,Thursday,Lunch,Veg Sandwich,Snacks,395,136,90,46,40,Sunny,Yes,3.8
2025-01-28,Tuesday,Breakfast,Tea,Drinks,583,159,133,26,15,Cloudy,Yes,3.5
2025-03-03,Monday,Lunch,Idli,Breakfast,477,155,131,24,35,Rainy,No,4.3
2025-02-23,Sunday,Evening,Idli,Breakfast,295,98,42,56,35,Cloudy,No,3.8
2025-01-25,Saturday,Evening,Coffee,Drinks,288,114,66,48,25,Rainy,No,3.3
2025-11-06,Thursday,Evening,Masala Dosa,Meals,159,82,20,62,60,Rainy,No,4.4
2025-08-20,Wednesday,Evening,Cold Drink,Drinks,410,124,71,53,30,Rainy,Yes,3.9
2025-11-15,Saturday,Lunch,Cold Drink,Drinks,529,188,186,2,30,Cloudy,No,5.0
2025-09-15,Monday,Breakfast,Masala Dosa,Meals,156,76,15,61,60,Sunny,No,3.5
2025-06-20,Friday,Evening,Pav Bhaji,Meals,158,85,31,54,70,Sunny,Yes,4.9
2025-07-16,Wednesday,Lunch,Vada Pav,Snacks,522,150,120,30,25,Rainy,Yes,3.8
2025-09-25,Thursday,Breakfast,Veg Thali,Meals,159,86,22,64,90,Rainy,Yes,4.9
2025-07-27,Sunday,Lunch,Idli,Breakfast,478,155,132,23,35,Sunny,Yes,4.6
2025-01-29,Wednesday,Evening,Veg Thali,Meals,493,154,135,19,90,Rainy,Yes,3.4
2025-02-24,Monday,Lunch,Idli,Breakfast,359,129,85,44,35,Rainy,Yes,3.2
2025-04-25,Friday,Breakfast,Idli,Breakfast,182,86,21,65,35,Cloudy,Yes,4.4
2025-07-15,Tuesday,Evening,Veg Sandwich,Snacks,163,83,21,62,40,Cloudy,No,3.9
2025-06-06,Friday,Lunch,Idli,Breakfast,284,117,66,51,35,Sunny,No,3.1
2025-02-20,Thursday,Evening,Masala Dosa,Meals,465,142,109,33,60,Cloudy,Yes,4.8
2025-12-27,Saturday,Evening,Samosa,Snacks,468,141,110,31,20,Rainy,Yes,4.1
2025-01-28,Tuesday,Breakfast,Idli,Breakfast,406,135,100,35,35,Cloudy,Yes,4.8
2025-02-07,Friday,Lunch,Veg Thali,Meals,590,200,197,3,90,Sunny,No,4.7
2025-07-19,Saturday,Breakfast,Samosa,Snacks,394,138,96,42,20,Cloudy,Yes,3.3
2025-01-02,Thursday,Lunch,Coffee,Drinks,175,87,28,59,25,Rainy,Yes,4.5
2025-06-26,Thursday,Evening,Vada Pav,Snacks,293,103,48,55,25,Rainy,Yes,4.0
2025-12-31,Wednesday,Evening,Idli,Breakfast,509,139,94,45,35,Cloudy,No,3.1
2025-01-31,Friday,Breakfast,Samosa,Snacks,337,107,48,59,20,Sunny,No,4.2
2025-11-08,Saturday,Lunch,Vada Pav,Snacks,545,177,177,0,25,Sunny,No,4.9
2025-08-03,Sunday,Lunch,Samosa,Snacks,462,166,152,14,20,Cloudy,No,3.4
2025-07-05,Saturday,Breakfast,Idli,Breakfast,443,122,78,44,35,Sunny,Yes,4.7
2025-07-26,Saturday,Breakfast,Masala Dosa,Meals,284,117,64,53,60,Rainy,Yes,4.8
2025-09-06,Saturday,Evening,Coffee,Drinks,178,86,33,53,25,Rainy,No,4.4
2025-08-05,Tuesday,Evening,Vada Pav,Snacks,270,108,49,59,25,Rainy,No,3.4
2025-05-23,Friday,Lunch,Cold Drink,Drinks,553,163,153,10,30,Sunny,Yes,3.0
2025-03-03,Monday,Lunch,Pav Bhaji,Meals,394,146,118,28,70,Cloudy,No,4.9
2025-02-22,Saturday,Breakfast,Idli,Breakfast,429,145,108,37,35,Cloudy,No,3.3
2025-04-15,Tuesday,Lunch,Pav Bhaji,Meals,157,86,23,63,70,Rainy,Yes,3.2
2025-06-13,Friday,Breakfast,Pav Bhaji,Meals,226,89,25,64,70,Rainy,Yes,3.5
2025-03-16,Sunday,Breakfast,Masala Dosa,Meals,441,147,116,31,60,Cloudy,No,3.7
2025-08-12,Tuesday,Breakfast,Cold Drink,Drinks,153,85,23,62,30,Cloudy,Yes,3.0
2025-08-04,Monday,Evening,Veg Thali,Meals,588,179,179,0,90,Rainy,No,4.0
2025-06-06,Friday,Evening,Vada Pav,Snacks,463,141,108,33,25,Cloudy,Yes,4.1
2025-09-23,Tuesday,Lunch,Vada Pav,Snacks,337,126,82,44,25,Rainy,No,3.4
2025-04-07,Monday,Evening,Coffee,Drinks,161,83,22,61,25,Cloudy,Yes,4.7
2025-08-26,Tuesday,Evening,Masala Dosa,Meals,344,115,63,52,60,Sunny,Yes,3.3
2025-12-13,Saturday,Breakfast,Tea,Drinks,223,102,44,58,15,Sunny,Yes,3.7
2025-01-11,Saturday,Breakfast,Samosa,Snacks,339,121,70,51,20,Sunny,Yes,4.5
2025-04-21,Monday,Lunch,Samosa,Snacks,574,178,174,4,20,Cloudy,No,4.5
2025-12-24,Wednesday,Evening,Cold Drink,Drinks,506,140,103,37,30,Rainy,No,3.2
2025-08-14,Thursday,Evening,Idli,Breakfast,425,135,100,35,35,Cloudy,Yes,4.6
2025-06-20,Friday,Breakfast,Cold Drink,Drinks,244,104,51,53,30,Rainy,Yes,3.3
2025-04-25,Friday,Evening,Idli,Breakfast,349,124,74,50,35,Cloudy,No,4.7
2025-11-27,Thursday,Lunch,Tea,Drinks,288,106,52,54,15,Cloudy,No,3.7
2025-07-16,Wednesday,Breakfast,Vada Pav,Snacks,228,100,47,53,25,Sunny,Yes,3.8
2025-05-12,Monday,Evening,Veg Thali,Meals,559,145,114,31,90,Sunny,No,3.1
2025-02-08,Saturday,Evening,Tea,Drinks,172,85,31,54,15,Rainy,No,4.3
2025-11-06,Thursday,Evening,Veg Thali,Meals,324,125,80,45,90,Sunny,Yes,4.7
2025-04-13,Sunday,Evening,Vada Pav,Snacks,465,138,102,36,25,Sunny,Yes,4.0
2025-07-13,Sunday,Breakfast,Veg Thali,Meals,505,151,128,23,90,Sunny,No,4.0
2025-02-24,Monday,Breakfast,Masala Dosa,Meals,365,126,77,49,60,Rainy,Yes,3.8
2025-06-20,Friday,Evening,Tea,Drinks,240,101,42,59,15,Cloudy,Yes,4.2
2025-02-07,Friday,Breakfast,Masala Dosa,Meals,313,116,64,52,60,Sunny,Yes,4.8
2025-09-23,Tuesday,Lunch,Veg Sandwich,Snacks,418,156,127,29,40,Sunny,Yes,3.9
2025-05-25,Sunday,Evening,Vada Pav,Snacks,254,91,37,54,25,Rainy,No,4.9
2025-09-19,Friday,Breakfast,Cold Drink,Drinks,482,137,103,34,30,Cloudy,No,3.5
2025-09-07,Sunday,Breakfast,Samosa,Snacks,580,163,154,9,20,Sunny,Yes,4.4
2025-09-11,Thursday,Lunch,Tea,Drinks,258,113,53,60,15,Rainy,Yes,4.4
2025-02-08,Saturday,Evening,Cold Drink,Drinks,178,85,23,62,30,Cloudy,Yes,4.4
2025-01-24,Friday,Evening,Coffee,Drinks,441,153,127,26,25,Cloudy,No,4.0
2025-05-14,Wednesday,Breakfast,Samosa,Snacks,434,122,73,49,20,Sunny,Yes,4.7
2025-08-30,Saturday,Lunch,Coffee,Drinks,235,106,54,52,25,Rainy,Yes,4.8
2025-02-23,Sunday,Breakfast,Vada Pav,Snacks,347,114,53,61,25,Cloudy,No,3.4
2025-03-09,Sunday,Evening,Masala Dosa,Meals,204,90,25,65,60,Sunny,Yes,3.9
2025-01-09,Thursday,Lunch,Vada Pav,Snacks,510,164,150,14,25,Sunny,Yes,4.1
2025-10-10,Friday,Breakfast,Samosa,Snacks,422,119,64,55,20,Cloudy,Yes,3.0
2025-05-14,Wednesday,Breakfast,Tea,Drinks,326,107,49,58,15,Sunny,No,3.2
2025-10-18,Saturday,Breakfast,Veg Sandwich,Snacks,444,125,70,55,40,Cloudy,Yes,3.0
2025-02-05,Wednesday,Lunch,Idli,Breakfast,487,143,108,35,35,Sunny,No,4.7
2025-03-28,Friday,Breakfast,Masala Dosa,Meals,428,121,74,47,60,Rainy,Yes,3.9
2025-01-17,Friday,Breakfast,Veg Sandwich,Snacks,585,181,176,5,40,Rainy,Yes,3.0
2025-05-22,Thursday,Lunch,Idli,Breakfast,348,136,89,47,35,Sunny,Yes,4.9
2025-09-11,Thursday,Breakfast,Coffee,Drinks,230,93,38,55,25,Sunny,No,4.4
2025-10-10,Friday,Breakfast,Tea,Drinks,526,144,106,38,15,Sunny,No,3.7
2025-02-27,Thursday,Lunch,Vada Pav,Snacks,365,145,105,40,25,Sunny,No,3.6
2025-10-23,Thursday,Lunch,Tea,Drinks,211,90,28,62,15,Cloudy,Yes,4.3
2025-06-23,Monday,Breakfast,Masala Dosa,Meals,263,93,33,60,60,Rainy,Yes,3.9
2025-01-29,Wednesday,Evening,Vada Pav,Snacks,300,105,51,54,25,Sunny,No,4.7
2025-06-23,Monday,Evening,Tea,Drinks,362,115,55,60,15,Cloudy,Yes,3.4
2025-07-16,Wednesday,Breakfast,Cold Drink,Drinks,335,109,55,54,30,Cloudy,No,3.2
2025-06-13,Friday,Evening,Veg Sandwich,Snacks,509,163,146,17,40,Sunny,Yes,3.2
2025-03-14,Friday,Evening,Tea,Drinks,399,117,62,55,15,Cloudy,Yes,3.9
2025-05-04,Sunday,Evening,Samosa,Snacks,287,96,43,53,20,Cloudy,No,4.6
2025-04-26,Saturday,Evening,Veg Thali,Meals,543,173,169,4,90,Rainy,No,4.0
2025-12-12,Friday,Evening,Veg Thali,Meals,348,123,67,56,90,Rainy,No,3.2
2025-02-24,Monday,Evening,Idli,Breakfast,160,78,13,65,35,Sunny,Yes,3.8
2025-06-28,Saturday,Breakfast,Idli,Breakfast,417,130,78,52,35,Rainy,Yes,4.7
2025-02-27,Thursday,Lunch,Pav Bhaji,Meals,166,82,27,55,70,Cloudy,No,4.2
2025-03-24,Monday,Lunch,Coffee,Drinks,392,147,113,34,25,Rainy,No,3.8
2025-07-20,Sunday,Evening,Vada Pav,Snacks,488,165,158,7,25,Sunny,No,4.2
2025-08-09,Saturday,Lunch,Tea,Drinks,425,154,125,29,15,Rainy,No,3.0
2025-01-02,Thursday,Lunch,Cold Drink,Drinks,398,149,119,30,30,Sunny,Yes,4.6
2025-06-23,Monday,Breakfast,Veg Thali,Meals,399,117,62,55,90,Cloudy,No,4.6
2025-12-30,Tuesday,Evening,Coffee,Drinks,208,98,37,61,25,Rainy,No,3.4
2025-06-01,Sunday,Lunch,Idli,Breakfast,338,137,91,46,35,Cloudy,Yes,3.1
2025-11-18,Tuesday,Evening,Veg Sandwich,Snacks,368,118,62,56,40,Rainy,No,4.9
2025-08-06,Wednesday,Lunch,Vada Pav,Snacks,565,181,175,6,25,Cloudy,Yes,3.8
2025-02-17,Monday,Breakfast,Idli,Breakfast,162,79,13,66,35,Rainy,Yes,4.3
2025-03-01,Saturday,Lunch,Tea,Drinks,490,143,114,29,15,Cloudy,No,3.4
2025-01-04,Saturday,Lunch,Veg Thali,Meals,207,100,35,65,90,Cloudy,Yes,3.3
2025-07-05,Saturday,Breakfast,Pav Bhaji,Meals,315,105,52,53,70,Sunny,Yes,3.2
2025-08-04,Monday,Breakfast,Vada Pav,Snacks,429,129,77,52,25,Sunny,No,4.0
2025-05-17,Saturday,Evening,Veg Sandwich,Snacks,199,96,38,58,40,Cloudy,Yes,4.2
2025-06-29,Sunday,Evening,Veg Thali,Meals,433,134,94,40,90,Sunny,Yes,3.4
2025-11-09,Sunday,Evening,Tea,Drinks,466,126,84,42,15,Rainy,Yes,4.8
2025-10-06,Monday,Breakfast,Idli,Breakfast,366,121,65,56,35,Rainy,No,3.3
2025-02-01,Saturday,Lunch,Veg Thali,Meals,347,136,96,40,90,Cloudy,No,3.8
2025-08-26,Tuesday,Evening,Pav Bhaji,Meals,345,129,84,45,70,Sunny,No,3.5
2025-06-30,Monday,Breakfast,Samosa,Snacks,482,157,142,15,20,Cloudy,Yes,4.9
2025-10-25,Saturday,Evening,Vada Pav,Snacks,332,125,79,46,25,Cloudy,Yes,4.8
2025-09-21,Sunday,Lunch,Samosa,Snacks,154,86,31,55,20,Sunny,No,4.7
2025-05-09,Friday,Breakfast,Cold Drink,Drinks,496,156,129,27,30,Sunny,No,3.0
2025-04-06,Sunday,Evening,Cold Drink,Drinks,539,171,161,10,30,Cloudy,No,4.1
2025-03-04,Tuesday,Evening,Cold Drink,Drinks,168,83,20,63,30,Cloudy,Yes,4.6
2025-01-22,Wednesday,Lunch,Masala Dosa,Meals,157,82,16,66,60,Cloudy,No,4.5
2025-10-05,Sunday,Breakfast,Veg Sandwich,Snacks,266,93,38,55,40,Rainy,No,3.9
2025-09-01,Monday,Lunch,Tea,Drinks,453,154,133,21,15,Sunny,Yes,3.2
2025-01-09,Thursday,Lunch,Veg Sandwich,Snacks,582,184,175,9,40,Cloudy,Yes,4.2
2025-09-06,Saturday,Lunch,Veg Thali,Meals,328,112,56,56,90,Rainy,No,4.2
2025-03-01,Saturday,Lunch,Masala Dosa,Meals,411,141,106,35,60,Cloudy,No,4.3
2025-05-06,Tuesday,Breakfast,Pav Bhaji,Meals,531,156,136,20,70,Cloudy,No,3.6
2025-08-25,Monday,Evening,Vada Pav,Snacks,438,145,108,37,25,Cloudy,Yes,3.3
2025-09-01,Monday,Breakfast,Vada Pav,Snacks,285,112,53,59,25,Sunny,No,4.4
2025-11-21,Friday,Evening,Samosa,Snacks,442,132,88,44,20,Rainy,Yes,4.5
2025-12-16,Tuesday,Breakfast,Veg Thali,Meals,182,83,17,66,90,Rainy,Yes,4.8
2025-07-23,Wednesday,Evening,Masala Dosa,Meals,226,93,38,55,60,Rainy,No,4.1
2025-11-25,Tuesday,Evening,Tea,Drinks,167,84,25,59,15,Cloudy,Yes,4.6
2025-03-23,Sunday,Evening,Veg Thali,Meals,245,103,46,57,90,Sunny,No,3.5
2025-12-05,Friday,Breakfast,Coffee,Drinks,277,96,31,65,25,Rainy,Yes,4.1
2025-05-15,Thursday,Breakfast,Veg Thali,Meals,188,92,33,59,90,Sunny,No,4.4
2025-08-12,Tuesday,Evening,Cold Drink,Drinks,223,87,31,56,30,Cloudy,Yes,5.0
2025-08-25,Monday,Lunch,Vada Pav,Snacks,162,83,25,58,25,Cloudy,Yes,4.0
2025-04-28,Monday,Evening,Pav Bhaji,Meals,309,119,65,54,70,Sunny,No,4.9
2025-08-02,Saturday,Lunch,Coffee,Drinks,249,111,57,54,25,Sunny,Yes,4.1
2025-10-31,Friday,Breakfast,Tea,Drinks,356,124,69,55,15,Sunny,No,3.0
2025-11-28,Friday,Evening,Idli,Breakfast,287,97,35,62,35,Sunny,Yes,4.1
2025-07-07,Monday,Lunch,Cold Drink,Drinks,526,163,148,15,30,Sunny,No,3.0
2025-09-29,Monday,Breakfast,Veg Thali,Meals,185,90,34,56,90,Rainy,Yes,3.3
2025-05-26,Monday,Lunch,Vada Pav,Snacks,434,145,112,33,25,Rainy,Yes,3.4
2025-12-21,Sunday,Lunch,Veg Sandwich,Snacks,565,165,159,6,40,Rainy,No,3.9
2025-04-14,Monday,Breakfast,Veg Thali,Meals,438,138,95,43,90,Sunny,Yes,3.9
2025-03-10,Monday,Breakfast,Idli,Breakfast,527,147,109,38,35,Sunny,Yes,4.3
2025-01-02,Thursday,Evening,Cold Drink,Drinks,553,151,118,33,30,Rainy,Yes,4.3
2025-07-25,Friday,Lunch,Coffee,Drinks,361,137,93,44,25,Cloudy,Yes,4.1
2025-07-28,Monday,Evening,Samosa,Snacks,254,103,50,53,20,Sunny,No,3.3
2025-09-07,Sunday,Evening,Cold Drink,Drinks,202,88,24,64,30,Rainy,Yes,4.3
2025-04-05,Saturday,Lunch,Cold Drink,Drinks,423,158,133,25,30,Sunny,Yes,3.4
2025-09-07,Sunday,Breakfast,Tea,Drinks,176,81,19,62,15,Rainy,Yes,3.1
2025-08-31,Sunday,Evening,Coffee,Drinks,356,121,68,53,25,Sunny,Yes,4.2
2025-01-08,Wednesday,Lunch,Vada Pav,Snacks,361,132,82,50,25,Rainy,No,3.0
2025-12-22,Monday,Breakfast,Masala Dosa,Meals,450,139,95,44,60,Sunny,No,3.3
2025-09-19,Friday,Evening,Masala Dosa,Meals,377,128,83,45,60,Rainy,Yes,3.7
2025-11-21,Friday,Evening,Masala Dosa,Meals,537,176,176,0,60,Sunny,Yes,3.4
2025-08-18,Monday,Evening,Cold Drink,Drinks,199,90,27,63,30,Cloudy,No,4.2
2025-05-06,Tuesday,Lunch,Idli,Breakfast,414,135,98,37,35,Rainy,Yes,3.3
2025-08-13,Wednesday,Breakfast,Veg Thali,Meals,566,146,117,29,90,Rainy,No,3.2
2025-08-10,Sunday,Evening,Vada Pav,Snacks,268,103,39,64,25,Sunny,No,3.1
2025-10-22,Wednesday,Lunch,Tea,Drinks,401,133,84,49,15,Sunny,Yes,4.7
2025-10-15,Wednesday,Breakfast,Veg Thali,Meals,300,121,76,45,90,Cloudy,Yes,3.3
2025-10-15,Wednesday,Breakfast,Tea,Drinks,215,89,28,61,15,Cloudy,No,3.8
2025-04-20,Sunday,Lunch,Cold Drink,Drinks,481,165,154,11,30,Rainy,No,4.9
2025-03-08,Saturday,Lunch,Coffee,Drinks,358,143,104,39,25,Sunny,No,4.2
2025-11-29,Saturday,Evening,Pav Bhaji,Meals,477,142,108,34,70,Sunny,Yes,4.7
2025-01-26,Sunday,Lunch,Pav Bhaji,Meals,545,155,131,24,70,Cloudy,No,4.2
2025-05-09,Friday,Evening,Masala Dosa,Meals,362,127,80,47,60,Cloudy,Yes,4.5
2025-07-10,Thursday,Lunch,Samosa,Snacks,590,176,172,4,20,Rainy,No,4.0
2025-09-04,Thursday,Evening,Coffee,Drinks,418,139,98,41,25,Cloudy,Yes,4.9
2025-09-16,Tuesday,Breakfast,Tea,Drinks,187,86,24,62,15,Rainy,Yes,4.1
2025-10-17,Friday,Breakfast,Masala Dosa,Meals,538,138,95,43,60,Rainy,No,3.5
2025-06-16,Monday,Breakfast,Vada Pav,Snacks,329,119,62,57,25,Cloudy,No,3.2
2025-09-03,Wednesday,Evening,Vada Pav,Snacks,466,157,142,15,25,Cloudy,Yes,3.2
2025-01-02,Thursday,Breakfast,Coffee,Drinks,519,164,153,11,25,Cloudy,Yes,3.6
2025-04-25,Friday,Evening,Veg Sandwich,Snacks,305,105,51,54,40,Sunny,No,3.3
2025-11-09,Sunday,Evening,Veg Sandwich,Snacks,412,126,85,41,40,Rainy,No,3.2
2025-09-26,Friday,Lunch,Samosa,Snacks,464,168,154,14,20,Rainy,No,4.7
2025-09-15,Monday,Breakfast,Idli,Breakfast,554,149,122,27,35,Sunny,Yes,3.6
2025-03-27,Thursday,Evening,Coffee,Drinks,556,147,110,37,25,Cloudy,No,3.1
2025-07-26,Saturday,Lunch,Coffee,Drinks,336,124,77,47,25,Cloudy,No,3.8
2025-11-21,Friday,Breakfast,Cold Drink,Drinks,186,89,35,54,30,Sunny,No,3.0
2025-06-24,Tuesday,Lunch,Veg Sandwich,Snacks,596,183,182,1,40,Cloudy,No,4.4
2025-05-26,Monday,Breakfast,Veg Sandwich,Snacks,442,147,120,27,40,Cloudy,Yes,3.9
2025-07-14,Monday,Breakfast,Tea,Drinks,599,176,170,6,15,Rainy,Yes,5.0
2025-08-14,Thursday,Lunch,Tea,Drinks,160,83,28,55,15,Rainy,Yes,3.7
2025-11-04,Tuesday,Lunch,Idli,Breakfast,196,91,27,64,35,Rainy,Yes,4.5
2025-07-18,Friday,Evening,Coffee,Drinks,318,121,69,52,25,Cloudy,No,3.5
2025-01-09,Thursday,Lunch,Cold Drink,Drinks,247,104,44,60,30,Cloudy,Yes,3.4
2025-09-26,Friday,Evening,Vada Pav,Snacks,566,167,161,6,25,Rainy,No,4.9
2025-10-29,Wednesday,Lunch,Tea,Drinks,521,167,164,3,15,Sunny,Yes,3.6
2025-10-12,Sunday,Breakfast,Veg Thali,Meals,205,86,22,64,90,Cloudy,Yes,4.9
2025-09-27,Saturday,Lunch,Veg Thali,Meals,320,129,82,47,90,Sunny,Yes,3.2
2025-10-16,Thursday,Breakfast,Coffee,Drinks,463,130,89,41,25,Sunny,Yes,4.8
2025-04-17,Thursday,Breakfast,Idli,Breakfast,481,138,94,44,35,Rainy,No,4.4
2025-02-13,Thursday,Breakfast,Veg Thali,Meals,585,159,141,18,90,Rainy,No,4.2
2025-11-02,Sunday,Breakfast,Veg Sandwich,Snacks,393,125,82,43,40,Sunny,No,4.7
2025-10-13,Monday,Lunch,Vada Pav,Snacks,277,115,61,54,25,Sunny,No,3.7
2025-09-27,Saturday,Breakfast,Coffee,Drinks,507,136,101,35,25,Sunny,No,3.1
2025-02-20,Thursday,Breakfast,Tea,Drinks,398,143,108,35,15,Cloudy,No,4.2
2025-10-24,Friday,Evening,Masala Dosa,Meals,530,146,117,29,60,Sunny,Yes,3.8
2025-04-22,Tuesday,Lunch,Samosa,Snacks,451,145,117,28,20,Cloudy,No,3.9
2025-03-02,Sunday,Breakfast,Veg Sandwich,Snacks,578,158,142,16,40,Rainy,No,3.0
2025-03-25,Tuesday,Evening,Idli,Breakfast,502,139,105,34,35,Cloudy,No,4.1
2025-07-13,Sunday,Evening,Coffee,Drinks,356,133,86,47,25,Rainy,No,4.4
2025-07-18,Friday,Lunch,Veg Thali,Meals,542,185,185,0,90,Rainy,No,5.0
2025-07-20,Sunday,Evening,Veg Sandwich,Snacks,415,124,70,54,40,Cloudy,No,5.0
2025-06-02,Monday,Breakfast,Cold Drink,Drinks,504,153,133,20,30,Sunny,No,4.4
2025-11-16,Sunday,Lunch,Idli,Breakfast,177,93,31,62,35,Rainy,No,3.9
2025-04-06,Sunday,Lunch,Veg Sandwich,Snacks,381,130,83,47,40,Sunny,No,4.5
2025-09-03,Wednesday,Evening,Tea,Drinks,182,83,29,54,15,Sunny,No,4.3
2025-10-09,Thursday,Lunch,Veg Thali,Meals,178,96,43,53,90,Cloudy,No,4.2
2025-11-09,Sunday,Breakfast,Veg Thali,Meals,345,117,60,57,90,Sunny,Yes,5.0
2025-01-16,Thursday,Breakfast,Pav Bhaji,Meals,361,126,72,54,70,Rainy,Yes,4.1
2025-11-28,Friday,Lunch,Cold Drink,Drinks,403,125,81,44,30,Cloudy,No,3.9
2025-01-16,Thursday,Breakfast,Masala Dosa,Meals,444,150,124,26,60,Rainy,Yes,4.3
2025-06-15,Sunday,Lunch,Coffee,Drinks,578,188,183,5,25,Rainy,No,4.5
2025-07-21,Monday,Breakfast,Samosa,Snacks,540,140,102,38,20,Cloudy,No,3.4
2025-07-28,Monday,Evening,Coffee,Drinks,526,138,95,43,25,Rainy,No,4.6
2025-10-15,Wednesday,Lunch,Masala Dosa,Meals,555,164,147,17,60,Rainy,Yes,3.3
2025-07-29,Tuesday,Breakfast,Veg Thali,Meals,500,142,109,33,90,Rainy,No,3.5
2025-07-23,Wednesday,Lunch,Veg Thali,Meals,440,133,88,45,90,Cloudy,No,3.4
2025-06-02,Monday,Lunch,Masala Dosa,Meals,568,168,156,12,60,Cloudy,No,3.2
2025-08-27,Wednesday,Lunch,Vada Pav,Snacks,174,93,38,55,25,Rainy,Yes,3.4
2025-09-29,Monday,Evening,Masala Dosa,Meals,280,106,43,63,60,Rainy,Yes,4.6
2025-10-29,Wednesday,Breakfast,Veg Sandwich,Snacks,331,111,53,58,40,Sunny,No,4.3
2025-07-24,Thursday,Evening,Tea,Drinks,466,127,74,53,15,Cloudy,Yes,4.2
2025-04-22,Tuesday,Breakfast,Samosa,Snacks,552,173,164,9,20,Cloudy,Yes,4.9
2025-03-04,Tuesday,Lunch,Coffee,Drinks,317,125,72,53,25,Rainy,No,3.9
2025-09-22,Monday,Lunch,Samosa,Snacks,483,156,139,17,20,Sunny,No,4.9
2025-10-20,Monday,Evening,Masala Dosa,Meals,561,151,122,29,60,Sunny,Yes,3.9
2025-11-12,Wednesday,Lunch,Vada Pav,Snacks,160,83,21,62,25,Sunny,No,3.9
2025-07-13,Sunday,Breakfast,Tea,Drinks,594,185,185,0,15,Rainy,Yes,4.7
2025-07-06,Sunday,Breakfast,Tea,Drinks,294,102,45,57,15,Sunny,Yes,3.6
2025-11-22,Saturday,Evening,Coffee,Drinks,275,107,49,58,25,Rainy,Yes,4.7
2025-04-19,Saturday,Lunch,Tea,Drinks,339,120,73,47,15,Rainy,No,3.1
2025-12-04,Thursday,Breakfast,Masala Dosa,Meals,539,167,157,10,60,Rainy,No,3.9
2025-03-30,Sunday,Lunch,Veg Thali,Meals,304,108,54,54,90,Rainy,Yes,4.9
2025-09-20,Saturday,Evening,Vada Pav,Snacks,511,167,161,6,25,Rainy,Yes,3.4
2025-06-20,Friday,Breakfast,Pav Bhaji,Meals,598,184,180,4,70,Rainy,No,4.3
2025-08-09,Saturday,Breakfast,Cold Drink,Drinks,492,148,119,29,30,Cloudy,Yes,3.2
2025-05-08,Thursday,Evening,Veg Thali,Meals,514,166,152,14,90,Cloudy,No,4.5
2025-05-12,Monday,Breakfast,Coffee,Drinks,494,148,123,25,25,Cloudy,Yes,3.6
2025-07-11,Friday,Evening,Cold Drink,Drinks,220,86,25,61,30,Rainy,No,4.3
2025-06-11,Wednesday,Lunch,Tea,Drinks,514,151,123,28,15,Cloudy,Yes,4.2
2025-12-05,Friday,Evening,Tea,Drinks,205,95,36,59,15,Sunny,No,3.4
2025-08-14,Thursday,Breakfast,Pav Bhaji,Meals,272,96,38,58,70,Sunny,Yes,3.5
2025-06-08,Sunday,Breakfast,Idli,Breakfast,550,176,176,0,35,Cloudy,No,3.3
2025-01-09,Thursday,Evening,Pav Bhaji,Meals,280,96,32,64,70,Rainy,Yes,4.6
2025-04-18,Friday,Breakfast,Idli,Breakfast,331,117,61,56,35,Sunny,No,3.0
2025-06-25,Wednesday,Evening,Masala Dosa,Meals,447,130,82,48,60,Sunny,Yes,4.3
2025-11-20,Thursday,Breakfast,Vada Pav,Snacks,531,171,162,9,25,Rainy,Yes,3.1
2025-06-19,Thursday,Evening,Pav Bhaji,Meals,543,167,162,5,70,Rainy,No,5.0
2025-03-17,Monday,Evening,Veg Thali,Meals,460,138,97,41,90,Cloudy,No,4.5
2025-08-15,Friday,Evening,Masala Dosa,Meals,577,169,169,0,60,Sunny,Yes,3.6
2025-02-06,Thursday,Breakfast,Idli,Breakfast,499,167,159,8,35,Cloudy,Yes,4.0
2025-08-16,Saturday,Evening,Coffee,Drinks,421,139,103,36,25,Sunny,Yes,3.7
2025-04-03,Thursday,Evening,Cold Drink,Drinks,274,105,41,64,30,Rainy,No,4.4
2025-02-06,Thursday,Evening,Idli,Breakfast,437,141,107,34,35,Cloudy,No,4.7
2025-12-15,Monday,Evening,Veg Thali,Meals,356,130,90,40,90,Rainy,Yes,3.6
2025-08-03,Sunday,Breakfast,Pav Bhaji,Meals,497,154,123,31,70,Rainy,No,4.8
2025-03-22,Saturday,Lunch,Samosa,Snacks,423,140,103,37,20,Rainy,No,4.6
2025-01-28,Tuesday,Evening,Cold Drink,Drinks,595,148,116,32,30,Sunny,Yes,4.8
2025-12-06,Saturday,Breakfast,Veg Sandwich,Snacks,279,113,56,57,40,Cloudy,Yes,3.4
2025-01-11,Saturday,Evening,Tea,Drinks,572,163,150,13,15,Cloudy,No,3.4
2025-03-27,Thursday,Breakfast,Vada Pav,Snacks,302,117,70,47,25,Rainy,No,3.5
2025-12-16,Tuesday,Lunch,Masala Dosa,Meals,475,141,106,35,60,Sunny,No,4.3
2025-12-11,Thursday,Breakfast,Samosa,Snacks,184,90,36,54,20,Sunny,Yes,3.8
2025-04-03,Thursday,Evening,Samosa,Snacks,526,172,168,4,20,Cloudy,No,3.2
2025-11-23,Sunday,Lunch,Tea,Drinks,489,159,134,25,15,Cloudy,No,4.0
2025-10-21,Tuesday,Breakfast,Pav Bhaji,Meals,243,97,33,64,70,Cloudy,No,5.0
2025-12-29,Monday,Breakfast,Cold Drink,Drinks,276,95,29,66,30,Sunny,Yes,3.2
2025-07-17,Thursday,Breakfast,Cold Drink,Drinks,263,99,43,56,30,Sunny,Yes,4.9
2025-01-31,Friday,Lunch,Veg Thali,Meals,185,96,41,55,90,Rainy,No,4.4
2025-04-18,Friday,Breakfast,Cold Drink,Drinks,343,109,59,50,30,Sunny,No,4.3
2025-02-19,Wednesday,Lunch,Coffee,Drinks,221,105,45,60,25,Sunny,Yes,3.8
2025-05-10,Saturday,Lunch,Coffee,Drinks,209,89,29,60,25,Sunny,No,3.1
2025-08-21,Thursday,Evening,Masala Dosa,Meals,401,117,59,58,60,Cloudy,Yes,4.1
2025-01-21,Tuesday,Breakfast,Coffee,Drinks,232,96,34,62,25,Rainy,Yes,3.9
2025-09-30,Tuesday,Evening,Veg Sandwich,Snacks,521,152,130,22,40,Sunny,Yes,3.7
2025-07-20,Sunday,Lunch,Coffee,Drinks,476,165,155,10,25,Rainy,No,4.3
2025-08-21,Thursday,Lunch,Coffee,Drinks,453,162,143,19,25,Sunny,Yes,3.8
2025-08-25,Monday,Evening,Pav Bhaji,Meals,474,154,132,22,70,Rainy,No,5.0
2025-01-11,Saturday,Evening,Idli,Breakfast,516,162,147,15,35,Rainy,Yes,4.1
2025-10-04,Saturday,Evening,Tea,Drinks,311,118,67,51,15,Sunny,Yes,3.0
2025-06-11,Wednesday,Breakfast,Masala Dosa,Meals,285,101,49,52,60,Sunny,Yes,4.1
2025-01-14,Tuesday,Lunch,Veg Sandwich,Snacks,151,82,28,54,40,Sunny,Yes,3.9
2025-06-22,Sunday,Lunch,Coffee,Drinks,327,131,91,40,25,Sunny,No,4.4
2025-08-06,Wednesday,Breakfast,Cold Drink,Drinks,221,87,34,53,30,Cloudy,Yes,4.6
2025-11-21,Friday,Breakfast,Veg Sandwich,Snacks,248,91,37,54,40,Cloudy,Yes,4.9
2025-07-18,Friday,Breakfast,Masala Dosa,Meals,593,181,181,0,60,Sunny,Yes,4.8
2025-10-11,Saturday,Evening,Veg Sandwich,Snacks,424,146,109,37,40,Rainy,No,3.2
2025-07-08,Tuesday,Evening,Veg Sandwich,Snacks,304,100,40,60,40,Cloudy,Yes,4.4
2025-08-26,Tuesday,Lunch,Vada Pav,Snacks,197,93,38,55,25,Sunny,Yes,3.8
2025-02-24,Monday,Breakfast,Idli,Breakfast,421,149,120,29,35,Sunny,No,4.9
2025-07-08,Tuesday,Breakfast,Samosa,Snacks,320,113,65,48,20,Sunny,No,4.3
2025-02-28,Friday,Breakfast,Veg Sandwich,Snacks,381,127,81,46,40,Sunny,No,4.3
2025-05-21,Wednesday,Lunch,Veg Thali,Meals,201,101,41,60,90,Cloudy,No,4.7
2025-06-09,Monday,Lunch,Cold Drink,Drinks,441,153,125,28,30,Cloudy,Yes,5.0
2025-06-25,Wednesday,Breakfast,Pav Bhaji,Meals,385,128,87,41,70,Cloudy,No,4.1
2025-12-22,Monday,Lunch,Coffee,Drinks,565,159,144,15,25,Sunny,No,4.8
2025-01-18,Saturday,Breakfast,Vada Pav,Snacks,492,154,134,20,25,Rainy,Yes,4.7
2025-02-21,Friday,Lunch,Veg Sandwich,Snacks,464,160,148,12,40,Cloudy,Yes,4.3
2025-02-09,Sunday,Lunch,Samosa,Snacks,467,163,152,11,20,Rainy,No,4.5
2025-03-14,Friday,Breakfast,Veg Sandwich,Snacks,483,161,140,21,40,Cloudy,No,3.7
2025-10-30,Thursday,Lunch,Samosa,Snacks,509,169,166,3,20,Sunny,No,4.2
2025-12-28,Sunday,Lunch,Masala Dosa,Meals,267,101,38,63,60,Rainy,No,4.8
2025-12-16,Tuesday,Evening,Veg Sandwich,Snacks,372,119,72,47,40,Sunny,Yes,4.5
2025-07-23,Wednesday,Breakfast,Masala Dosa,Meals,163,80,15,65,60,Rainy,Yes,4.3
2025-04-21,Monday,Lunch,Masala Dosa,Meals,290,113,57,56,60,Rainy,Yes,3.9
2025-02-01,Saturday,Evening,Cold Drink,Drinks,405,124,70,54,30,Cloudy,Yes,3.6
2025-12-26,Friday,Lunch,Samosa,Snacks,510,160,137,23,20,Cloudy,No,4.6
2025-09-09,Tuesday,Evening,Veg Thali,Meals,273,100,39,61,90,Sunny,No,3.3
2025-11-24,Monday,Breakfast,Vada Pav,Snacks,350,126,79,47,25,Rainy,Yes,4.0
2025-11-06,Thursday,Evening,Vada Pav,Snacks,448,136,91,45,25,Cloudy,Yes,4.1
2025-10-29,Wednesday,Breakfast,Cold Drink,Drinks,309,112,52,60,30,Cloudy,No,3.8
2025-08-13,Wednesday,Lunch,Masala Dosa,Meals,264,106,43,63,60,Sunny,Yes,3.3
2025-10-14,Tuesday,Lunch,Tea,Drinks,356,116,69,47,15,Sunny,No,3.2
2025-08-15,Friday,Evening,Veg Thali,Meals,283,103,40,63,90,Cloudy,No,4.7
2025-03-08,Saturday,Lunch,Tea,Drinks,582,181,177,4,15,Rainy,No,4.9
2025-02-28,Friday,Lunch,Idli,Breakfast,241,101,43,58,35,Sunny,No,3.2
2025-07-10,Thursday,Evening,Vada Pav,Snacks,472,138,102,36,25,Rainy,No,3.9
2025-12-31,Wednesday,Evening,Pav Bhaji,Meals,153,78,20,58,70,Rainy,Yes,3.5
2025-06-20,Friday,Evening,Cold Drink,Drinks,172,83,25,58,30,Cloudy,No,3.9
2025-06-02,Monday,Breakfast,Masala Dosa,Meals,429,123,74,49,60,Rainy,Yes,3.9
2025-09-11,Thursday,Evening,Masala Dosa,Meals,250,100,45,55,60,Cloudy,No,4.8
2025-03-07,Friday,Lunch,Pav Bhaji,Meals,214,96,30,66,70,Cloudy,Yes,4.3
2025-07-06,Sunday,Breakfast,Veg Thali,Meals,205,94,33,61,90,Cloudy,No,3.6
2025-02-24,Monday,Lunch,Samosa,Snacks,202,88,23,65,20,Rainy,Yes,3.6
2025-08-25,Monday,Breakfast,Idli,Breakfast,478,150,128,22,35,Rainy,Yes,4.2
2025-11-30,Sunday,Breakfast,Pav Bhaji,Meals,416,135,97,38,70,Cloudy,No,3.0
2025-02-20,Thursday,Breakfast,Coffee,Drinks,393,139,102,37,25,Sunny,Yes,4.4
2025-06-14,Saturday,Lunch,Cold Drink,Drinks,323,130,79,51,30,Sunny,Yes,4.4
2025-05-25,Sunday,Lunch,Coffee,Drinks,441,162,141,21,25,Cloudy,Yes,4.3
2025-01-15,Wednesday,Evening,Idli,Breakfast,525,157,130,27,35,Sunny,Yes,4.7
2025-05-14,Wednesday,Breakfast,Idli,Breakfast,466,145,109,36,35,Cloudy,No,3.1
2025-12-22,Monday,Evening,Masala Dosa,Meals,387,122,78,44,60,Cloudy,No,3.8
2025-06-13,Friday,Evening,Coffee,Drinks,216,100,38,62,25,Rainy,Yes,4.1
2025-07-17,Thursday,Lunch,Tea,Drinks,241,113,59,54,15,Cloudy,Yes,3.0
2025-10-24,Friday,Evening,Veg Sandwich,Snacks,492,130,81,49,40,Sunny,Yes,3.0
2025-06-20,Friday,Breakfast,Coffee,Drinks,425,146,118,28,25,Sunny,No,4.0
2025-03-24,Monday,Evening,Vada Pav,Snacks,176,84,18,66,25,Sunny,Yes,5.0
2025-10-05,Sunday,Breakfast,Tea,Drinks,442,152,123,29,15,Rainy,Yes,4.7
2025-10-30,Thursday,Lunch,Tea,Drinks,481,144,107,37,15,Cloudy,Yes,3.1
2025-12-23,Tuesday,Breakfast,Idli,Breakfast,437,121,75,46,35,Sunny,No,4.4
2025-03-06,Thursday,Lunch,Vada Pav,Snacks,467,166,160,6,25,Rainy,Yes,4.2
2025-03-21,Friday,Evening,Cold Drink,Drinks,359,122,79,43,30,Sunny,No,3.5
2025-10-26,Sunday,Breakfast,Tea,Drinks,252,103,42,61,15,Rainy,No,4.2
2025-06-29,Sunday,Evening,Samosa,Snacks,177,89,33,56,20,Rainy,Yes,3.5
2025-05-03,Saturday,Lunch,Pav Bhaji,Meals,584,179,172,7,70,Rainy,No,4.8
2025-11-29,Saturday,Breakfast,Veg Thali,Meals,354,124,82,42,90,Rainy,Yes,4.2
2025-08-11,Monday,Breakfast,Idli,Breakfast,163,88,29,59,35,Cloudy,No,4.0
2025-04-17,Thursday,Breakfast,Vada Pav,Snacks,450,132,90,42,25,Cloudy,Yes,4.2
2025-01-30,Thursday,Evening,Idli,Breakfast,302,109,52,57,35,Sunny,No,4.3
2025-03-22,Saturday,Evening,Veg Sandwich,Snacks,245,94,41,53,40,Cloudy,Yes,3.5
2025-10-05,Sunday,Breakfast,Samosa,Snacks,437,136,91,45,20,Rainy,Yes,4.0
2025-06-22,Sunday,Evening,Veg Thali,Meals,424,127,77,50,90,Rainy,No,3.1
2025-01-23,Thursday,Evening,Vada Pav,Snacks,365,118,67,51,25,Sunny,No,4.7
2025-09-10,Wednesday,Evening,Vada Pav,Snacks,160,80,26,54,25,Sunny,Yes,3.0
2025-10-19,Sunday,Lunch,Veg Thali,Meals,592,180,180,0,90,Sunny,No,3.3
2025-11-12,Wednesday,Breakfast,Pav Bhaji,Meals,326,124,74,50,70,Rainy,No,4.0
2025-12-26,Friday,Evening,Cold Drink,Drinks,287,96,35,61,30,Cloudy,Yes,4.4
2025-10-15,Wednesday,Breakfast,Vada Pav,Snacks,549,174,169,5,25,Sunny,No,4.4
2025-05-31,Saturday,Evening,Veg Thali,Meals,551,139,99,40,90,Cloudy,Yes,3.2
2025-12-21,Sunday,Breakfast,Tea,Drinks,483,139,98,41,15,Cloudy,Yes,4.6
2025-01-26,Sunday,Evening,Pav Bhaji,Meals,564,179,179,0,70,Cloudy,No,3.6
2025-09-03,Wednesday,Lunch,Veg Thali,Meals,384,149,113,36,90,Cloudy,Yes,4.9
2025-09-30,Tuesday,Breakfast,Pav Bhaji,Meals,375,137,91,46,70,Sunny,Yes,4.7
2025-12-12,Friday,Breakfast,Veg Sandwich,Snacks,516,143,111,32,40,Rainy,No,3.9
2025-11-18,Tuesday,Evening,Samosa,Snacks,408,143,103,40,20,Sunny,No,3.1
2025-03-20,Thursday,Breakfast,Masala Dosa,Meals,157,85,26,59,60,Cloudy,No,3.5
2025-08-10,Sunday,Evening,Vada Pav,Snacks,406,126,79,47,25,Cloudy,No,3.7
2025-07-02,Wednesday,Lunch,Vada Pav,Snacks,319,123,72,51,25,Rainy,No,4.8
2025-07-04,Friday,Breakfast,Tea,Drinks,540,177,176,1,15,Cloudy,No,4.0
2025-03-27,Thursday,Evening,Tea,Drinks,308,102,37,65,15,Rainy,No,3.1
2025-03-31,Monday,Lunch,Pav Bhaji,Meals,283,110,51,59,70,Cloudy,No,3.5
2025-08-16,Saturday,Evening,Cold Drink,Drinks,328,118,68,50,30,Sunny,No,3.6
2025-08-22,Friday,Breakfast,Veg Thali,Meals,568,158,136,22,90,Sunny,No,4.3
2025-07-17,Thursday,Breakfast,Masala Dosa,Meals,396,132,86,46,60,Sunny,No,4.3
2025-02-03,Monday,Evening,Samosa,Snacks,452,130,88,42,20,Cloudy,Yes,3.9
2025-07-06,Sunday,Evening,Idli,Breakfast,328,107,53,54,35,Cloudy,No,4.0
2025-02-22,Saturday,Evening,Masala Dosa,Meals,276,100,44,56,60,Rainy,Yes,4.3
2025-08-24,Sunday,Lunch,Samosa,Snacks,191,98,43,55,20,Rainy,Yes,4.4
2025-08-15,Friday,Evening,Coffee,Drinks,300,99,38,61,25,Sunny,No,4.1
2025-01-02,Thursday,Evening,Cold Drink,Drinks,319,112,54,58,30,Rainy,Yes,3.4
2025-08-01,Friday,Evening,Veg Thali,Meals,390,141,102,39,90,Cloudy,Yes,4.6
2025-07-19,Saturday,Evening,Cold Drink,Drinks,423,141,104,37,30,Rainy,Yes,3.2
2025-11-20,Thursday,Evening,Samosa,Snacks,508,163,148,15,20,Rainy,No,3.6
2025-06-11,Wednesday,Evening,Veg Sandwich,Snacks,426,121,73,48,40,Cloudy,Yes,3.8
2025-06-12,Thursday,Breakfast,Samosa,Snacks,505,156,127,29,20,Cloudy,Yes,4.7
2025-04-10,Thursday,Evening,Samosa,Snacks,218,91,36,55,20,Cloudy,Yes,4.7
2025-06-03,Tuesday,Breakfast,Vada Pav,Snacks,471,159,142,17,25,Rainy,No,3.7
2025-08-15,Friday,Lunch,Idli,Breakfast,314,123,73,50,35,Cloudy,Yes,4.0
2025-04-27,Sunday,Breakfast,Coffee,Drinks,415,144,104,40,25,Sunny,No,4.6
2025-12-22,Monday,Evening,Masala Dosa,Meals,328,105,53,52,60,Rainy,No,3.5
2025-05-14,Wednesday,Lunch,Idli,Breakfast,517,153,127,26,35,Sunny,Yes,4.4
2025-01-29,Wednesday,Evening,Vada Pav,Snacks,297,116,58,58,25,Cloudy,No,4.8
2025-07-16,Wednesday,Breakfast,Coffee,Drinks,288,99,45,54,25,Sunny,No,3.6
2025-03-06,Thursday,Evening,Tea,Drinks,252,104,42,62,15,Sunny,No,3.4
2025-08-26,Tuesday,Lunch,Veg Sandwich,Snacks,216,91,31,60,40,Rainy,Yes,3.0
2025-11-20,Thursday,Lunch,Tea,Drinks,268,104,44,60,15,Cloudy,No,4.4
2025-01-02,Thursday,Breakfast,Tea,Drinks,256,99,35,64,15,Sunny,No,4.4
2025-11-23,Sunday,Breakfast,Idli,Breakfast,562,142,102,40,35,Rainy,No,3.7
2025-02-18,Tuesday,Lunch,Samosa,Snacks,287,124,81,43,20,Rainy,Yes,4.7
2025-09-01,Monday,Breakfast,Masala Dosa,Meals,492,131,91,40,60,Cloudy,No,4.5
2025-12-04,Thursday,Lunch,Cold Drink,Drinks,336,114,65,49,30,Sunny,No,3.3
2025-05-06,Tuesday,Lunch,Veg Thali,Meals,485,172,167,5,90,Cloudy,Yes,3.1
2025-06-13,Friday,Evening,Pav Bhaji,Meals,561,173,165,8,70,Sunny,Yes,4.9
2025-04-26,Saturday,Evening,Veg Sandwich,Snacks,152,82,25,57,40,Cloudy,No,3.3
2025-07-06,Sunday,Evening,Vada Pav,Snacks,250,100,35,65,25,Cloudy,Yes,4.5
2025-08-03,Sunday,Evening,Masala Dosa,Meals,262,111,55,56,60,Cloudy,No,3.5
2025-07-09,Wednesday,Evening,Cold Drink,Drinks,182,87,23,64,30,Rainy,Yes,4.2
2025-08-13,Wednesday,Lunch,Cold Drink,Drinks,554,155,131,24,30,Cloudy,Yes,4.4
2025-09-08,Monday,Evening,Masala Dosa,Meals,572,162,152,10,60,Sunny,Yes,4.9
2025-07-27,Sunday,Evening,Tea,Drinks,150,74,13,61,15,Rainy,No,3.9
2025-07-09,Wednesday,Breakfast,Samosa,Snacks,382,121,74,47,20,Cloudy,Yes,4.7
2025-06-27,Friday,Lunch,Cold Drink,Drinks,454,157,134,23,30,Rainy,Yes,4.1
2025-07-23,Wednesday,Evening,Coffee,Drinks,593,153,123,30,25,Rainy,Yes,3.6
2025-01-22,Wednesday,Lunch,Masala Dosa,Meals,159,82,17,65,60,Sunny,No,4.1
2025-01-20,Monday,Lunch,Idli,Breakfast,390,134,88,46,35,Sunny,Yes,3.7
2025-02-10,Monday,Evening,Samosa,Snacks,582,180,180,0,20,Cloudy,Yes,3.3
2025-07-23,Wednesday,Breakfast,Vada Pav,Snacks,567,148,118,30,25,Sunny,Yes,4.4
2025-03-03,Monday,Lunch,Veg Sandwich,Snacks,516,182,177,5,40,Sunny,No,3.3
2025-05-14,Wednesday,Evening,Idli,Breakfast,229,91,27,64,35,Sunny,No,3.5
2025-03-09,Sunday,Evening,Veg Sandwich,Snacks,157,77,19,58,40,Sunny,Yes,4.1
2025-11-06,Thursday,Breakfast,Cold Drink,Drinks,487,138,96,42,30,Rainy,Yes,3.7
2025-11-25,Tuesday,Evening,Coffee,Drinks,440,132,94,38,25,Sunny,Yes,3.3
2025-06-15,Sunday,Lunch,Samosa,Snacks,475,145,109,36,20,Cloudy,No,4.8
2025-12-23,Tuesday,Evening,Veg Thali,Meals,358,129,81,48,90,Rainy,No,3.1
2025-10-03,Friday,Evening,Coffee,Drinks,384,118,60,58,25,Rainy,No,4.8
2025-01-02,Thursday,Evening,Masala Dosa,Meals,150,74,9,65,60,Rainy,No,3.8
2025-05-02,Friday,Lunch,Veg Sandwich,Snacks,215,104,51,53,40,Cloudy,Yes,4.9
2025-08-05,Tuesday,Lunch,Vada Pav,Snacks,365,138,105,33,25,Sunny,No,3.4
2025-04-06,Sunday,Evening,Vada Pav,Snacks,299,114,66,48,25,Cloudy,No,3.9
2025-10-06,Monday,Evening,Vada Pav,Snacks,503,167,153,14,25,Cloudy,Yes,3.1
2025-08-10,Sunday,Breakfast,Idli,Breakfast,231,104,48,56,35,Sunny,Yes,4.7
2025-04-11,Friday,Evening,Samosa,Snacks,250,93,29,64,20,Rainy,No,3.4
2025-11-04,Tuesday,Breakfast,Tea,Drinks,224,99,47,52,15,Cloudy,Yes,4.4
2025-01-22,Wednesday,Evening,Samosa,Snacks,292,101,41,60,20,Cloudy,Yes,4.8
2025-04-05,Saturday,Evening,Vada Pav,Snacks,278,104,40,64,25,Cloudy,No,4.0
2025-11-27,Thursday,Evening,Masala Dosa,Meals,444,152,130,22,60,Rainy,Yes,4.3
2025-01-18,Saturday,Lunch,Tea,Drinks,230,96,37,59,15,Rainy,Yes,3.6
2025-06-30,Monday,Breakfast,Pav Bhaji,Meals,433,127,81,46,70,Rainy,Yes,3.9
2025-11-26,Wednesday,Evening,Pav Bhaji,Meals,553,170,170,0,70,Rainy,Yes,4.9
2025-01-12,Sunday,Lunch,Masala Dosa,Meals,540,165,153,12,60,Sunny,No,3.7
2025-06-26,Thursday,Breakfast,Cold Drink,Drinks,508,163,149,14,30,Sunny,No,3.3
2025-04-04,Friday,Evening,Masala Dosa,Meals,157,75,16,59,60,Sunny,No,4.7
2025-02-05,Wednesday,Evening,Tea,Drinks,458,137,98,39,15,Cloudy,No,3.6
2025-11-19,Wednesday,Lunch,Vada Pav,Snacks,530,160,138,22,25,Rainy,Yes,4.5
2025-11-27,Thursday,Lunch,Pav Bhaji,Meals,171,89,33,56,70,Rainy,No,4.7
2025-08-23,Saturday,Evening,Veg Sandwich,Snacks,532,169,166,3,40,Sunny,No,4.4
2025-11-22,Saturday,Evening,Veg Thali,Meals,470,152,119,33,90,Sunny,Yes,4.8
2025-07-08,Tuesday,Lunch,Tea,Drinks,241,112,53,59,15,Rainy,No,3.8
2025-07-28,Monday,Lunch,Tea,Drinks,480,168,162,6,15,Rainy,Yes,4.7
2025-01-26,Sunday,Evening,Pav Bhaji,Meals,441,137,94,43,70,Cloudy,No,3.4
2025-05-17,Saturday,Breakfast,Veg Thali,Meals,581,187,180,7,90,Cloudy,Yes,3.0
2025-06-13,Friday,Lunch,Masala Dosa,Meals,221,96,33,63,60,Cloudy,Yes,3.6
2025-01-31,Friday,Evening,Masala Dosa,Meals,394,118,72,46,60,Sunny,No,4.4
2025-04-08,Tuesday,Breakfast,Veg Sandwich,Snacks,461,148,117,31,40,Sunny,No,4.1
2025-11-30,Sunday,Breakfast,Idli,Breakfast,527,164,146,18,35,Cloudy,Yes,4.5
2025-04-06,Sunday,Breakfast,Pav Bhaji,Meals,233,92,33,59,70,Rainy,No,3.6
2025-10-09,Thursday,Lunch,Veg Sandwich,Snacks,372,127,76,51,40,Cloudy,No,4.0
2025-11-18,Tuesday,Breakfast,Veg Sandwich,Snacks,388,126,73,53,40,Rainy,Yes,4.5
2025-02-05,Wednesday,Evening,Veg Sandwich,Snacks,205,98,37,61,40,Sunny,No,4.0
2025-01-05,Sunday,Lunch,Tea,Drinks,460,168,155,13,15,Rainy,No,3.2
2025-09-18,Thursday,Lunch,Veg Thali,Meals,516,147,113,34,90,Rainy,Yes,4.2
2025-01-28,Tuesday,Evening,Veg Sandwich,Snacks,374,130,89,41,40,Sunny,Yes,4.7
2025-05-31,Saturday,Evening,Vada Pav,Snacks,165,77,17,60,25,Cloudy,Yes,3.6
2025-05-16,Friday,Breakfast,Vada Pav,Snacks,187,80,27,53,25,Sunny,No,3.5
2025-04-16,Wednesday,Breakfast,Veg Sandwich,Snacks,559,173,167,6,40,Cloudy,No,3.2
2025-09-25,Thursday,Evening,Coffee,Drinks,431,132,82,50,25,Cloudy,Yes,4.5
2025-08-16,Saturday,Lunch,Samosa,Snacks,286,114,59,55,20,Sunny,No,4.9
2025-06-20,Friday,Lunch,Veg Sandwich,Snacks,440,141,99,42,40,Cloudy,Yes,4.9
2025-08-31,Sunday,Breakfast,Vada Pav,Snacks,183,87,21,66,25,Cloudy,Yes,3.2
2025-06-21,Saturday,Breakfast,Samosa,Snacks,190,83,28,55,20,Rainy,No,3.9
2025-02-19,Wednesday,Lunch,Masala Dosa,Meals,534,160,136,24,60,Cloudy,Yes,3.8
2025-11-28,Friday,Lunch,Pav Bhaji,Meals,155,90,36,54,70,Rainy,No,4.0
2025-06-12,Thursday,Lunch,Masala Dosa,Meals,212,97,38,59,60,Rainy,Yes,4.8
2025-04-06,Sunday,Breakfast,Veg Sandwich,Snacks,374,131,88,43,40,Sunny,No,4.3
2025-06-06,Friday,Lunch,Vada Pav,Snacks,303,123,66,57,25,Sunny,No,4.5
2025-08-08,Friday,Evening,Idli,Breakfast,215,98,38,60,35,Cloudy,Yes,3.1
2025-12-11,Thursday,Breakfast,Idli,Breakfast,526,166,162,4,35,Rainy,Yes,4.7
2025-02-20,Thursday,Evening,Veg Thali,Meals,545,171,170,1,90,Sunny,Yes,4.4
2025-02-28,Friday,Breakfast,Idli,Breakfast,381,140,105,35,35,Rainy,Yes,3.3
2025-12-25,Thursday,Evening,Vada Pav,Snacks,414,143,106,37,25,Rainy,No,4.5
2025-06-21,Saturday,Evening,Idli,Breakfast,592,181,176,5,35,Cloudy,Yes,4.3
2025-06-02,Monday,Evening,Pav Bhaji,Meals,570,159,138,21,70,Sunny,Yes,4.3
2025-09-03,Wednesday,Breakfast,Cold Drink,Drinks,513,165,151,14,30,Cloudy,No,4.1
2025-02-12,Wednesday,Breakfast,Pav Bhaji,Meals,185,89,30,59,70,Sunny,Yes,3.3
2025-05-19,Monday,Breakfast,Veg Sandwich,Snacks,526,154,132,22,40,Cloudy,No,4.0
2025-12-06,Saturday,Lunch,Coffee,Drinks,384,122,65,57,25,Rainy,Yes,4.0
2025-03-10,Monday,Lunch,Veg Sandwich,Snacks,407,145,106,39,40,Rainy,Yes,4.4
2025-04-23,Wednesday,Breakfast,Samosa,Snacks,331,105,43,62,20,Cloudy,Yes,4.3
2025-08-10,Sunday,Lunch,Samosa,Snacks,574,185,176,9,20,Rainy,No,3.2
2025-03-19,Wednesday,Evening,Pav Bhaji,Meals,525,150,128,22,70,Sunny,Yes,4.7
2025-01-30,Thursday,Evening,Cold Drink,Drinks,592,180,172,8,30,Cloudy,No,4.7
2025-01-11,Saturday,Evening,Veg Thali,Meals,150,81,26,55,90,Rainy,Yes,4.1
2025-12-04,Thursday,Evening,Coffee,Drinks,350,126,72,54,25,Cloudy,Yes,4.5
2025-08-02,Saturday,Breakfast,Masala Dosa,Meals,261,93,33,60,60,Rainy,No,4.4
2025-11-26,Wednesday,Lunch,Tea,Drinks,154,82,24,58,15,Rainy,No,4.3
2025-11-29,Saturday,Breakfast,Pav Bhaji,Meals,575,167,151,16,70,Sunny,Yes,3.8
2025-11-15,Saturday,Breakfast,Pav Bhaji,Meals,174,82,21,61,70,Rainy,Yes,4.8
2025-06-01,Sunday,Lunch,Samosa,Snacks,449,160,149,11,20,Rainy,No,3.3
2025-04-19,Saturday,Lunch,Samosa,Snacks,350,115,57,58,20,Sunny,No,4.2
2025-10-27,Monday,Evening,Veg Sandwich,Snacks,375,127,85,42,40,Cloudy,Yes,4.3
2025-02-26,Wednesday,Evening,Veg Thali,Meals,462,139,102,37,90,Rainy,Yes,3.5
2025-01-08,Wednesday,Breakfast,Vada Pav,Snacks,578,163,151,12,25,Sunny,No,4.7
2025-12-23,Tuesday,Breakfast,Samosa,Snacks,542,155,131,24,20,Cloudy,No,3.0
2025-12-21,Sunday,Evening,Veg Sandwich,Snacks,292,104,53,51,40,Sunny,No,3.4
2025-02-23,Sunday,Lunch,Coffee,Drinks,331,134,94,40,25,Rainy,Yes,3.6
2025-10-03,Friday,Breakfast,Cold Drink,Drinks,351,131,80,51,30,Sunny,Yes,3.4
2025-09-11,Thursday,Lunch,Cold Drink,Drinks,369,143,109,34,30,Cloudy,No,4.9
2025-04-15,Tuesday,Lunch,Samosa,Snacks,311,123,74,49,20,Sunny,No,3.6
2025-11-03,Monday,Breakfast,Coffee,Drinks,150,76,17,59,25,Rainy,Yes,4.1
2025-01-14,Tuesday,Breakfast,Coffee,Drinks,426,122,69,53,25,Sunny,Yes,4.3
2025-01-03,Friday,Evening,Vada Pav,Snacks,583,184,184,0,25,Sunny,No,4.5
2025-01-05,Sunday,Evening,Idli,Breakfast,162,80,25,55,35,Rainy,No,4.0
2025-07-01,Tuesday,Breakfast,Tea,Drinks,354,120,68,52,15,Sunny,Yes,3.5
2025-05-17,Saturday,Evening,Veg Sandwich,Snacks,293,113,63,50,40,Sunny,No,4.8
2025-07-24,Thursday,Evening,Samosa,Snacks,372,113,54,59,20,Rainy,Yes,5.0
2025-12-20,Saturday,Lunch,Vada Pav,Snacks,370,128,87,41,25,Sunny,Yes,4.3
2025-01-20,Monday,Breakfast,Tea,Drinks,159,82,20,62,15,Rainy,Yes,4.7
2025-07-31,Thursday,Lunch,Pav Bhaji,Meals,449,158,140,18,70,Sunny,Yes,3.6
2025-10-04,Saturday,Evening,Tea,Drinks,278,112,61,51,15,Rainy,Yes,4.2
2025-05-21,Wednesday,Lunch,Masala Dosa,Meals,598,185,178,7,60,Rainy,Yes,3.5
2025-05-31,Saturday,Evening,Coffee,Drinks,360,116,59,57,25,Sunny,No,4.5
2025-04-25,Friday,Evening,Coffee,Drinks,268,106,55,51,25,Cloudy,Yes,3.1
2025-06-18,Wednesday,Lunch,Pav Bhaji,Meals,264,111,56,55,70,Rainy,No,3.8
2025-04-21,Monday,Breakfast,Cold Drink,Drinks,516,140,105,35,30,Sunny,No,3.0
2025-03-23,Sunday,Lunch,Idli,Breakfast,234,103,50,53,35,Rainy,No,3.7
2025-04-14,Monday,Lunch,Tea,Drinks,520,159,146,13,15,Rainy,Yes,5.0
2025-03-23,Sunday,Breakfast,Tea,Drinks,401,139,103,36,15,Cloudy,Yes,3.8
2025-02-15,Saturday,Breakfast,Tea,Drinks,368,123,69,54,15,Cloudy,No,4.4
2025-03-08,Saturday,Evening,Pav Bhaji,Meals,583,168,166,2,70,Cloudy,No,4.2
2025-10-13,Monday,Lunch,Veg Thali,Meals,509,169,160,9,90,Rainy,Yes,4.4
2025-11-17,Monday,Lunch,Veg Sandwich,Snacks,502,151,120,31,40,Sunny,No,4.5
2025-07-13,Sunday,Lunch,Idli,Breakfast,536,190,185,5,35,Sunny,Yes,4.2
2025-07-20,Sunday,Breakfast,Vada Pav,Snacks,459,151,121,30,25,Rainy,No,3.4
2025-10-12,Sunday,Evening,Masala Dosa,Meals,593,175,169,6,60,Sunny,No,3.0
2025-01-09,Thursday,Lunch,Idli,Breakfast,558,187,187,0,35,Sunny,Yes,4.1
2025-09-12,Friday,Evening,Tea,Drinks,161,76,22,54,15,Sunny,No,4.5
2025-04-26,Saturday,Breakfast,Veg Thali,Meals,564,149,121,28,90,Cloudy,Yes,3.3
2025-11-27,Thursday,Evening,Veg Thali,Meals,327,115,58,57,90,Cloudy,Yes,4.6
2025-10-14,Tuesday,Evening,Samosa,Snacks,305,116,67,49,20,Rainy,No,3.6
2025-06-29,Sunday,Breakfast,Coffee,Drinks,561,163,144,19,25,Cloudy,Yes,3.1
2025-04-13,Sunday,Evening,Pav Bhaji,Meals,572,170,170,0,70,Rainy,Yes,3.1
2025-09-18,Thursday,Lunch,Coffee,Drinks,378,120,75,45,25,Cloudy,No,3.6
2025-06-13,Friday,Lunch,Tea,Drinks,515,161,145,16,15,Sunny,Yes,3.4
2025-07-19,Saturday,Breakfast,Veg Thali,Meals,242,94,33,61,90,Cloudy,No,4.5
2025-02-17,Monday,Lunch,Masala Dosa,Meals,226,99,45,54,60,Rainy,No,3.1
2025-05-21,Wednesday,Evening,Vada Pav,Snacks,508,148,119,29,25,Cloudy,Yes,3.7
2025-08-16,Saturday,Evening,Vada Pav,Snacks,506,160,143,17,25,Cloudy,No,3.4
2025-07-18,Friday,Breakfast,Veg Thali,Meals,595,150,125,25,90,Cloudy,Yes,3.5
2025-02-14,Friday,Evening,Tea,Drinks,306,101,47,54,15,Sunny,Yes,4.2
2025-06-17,Tuesday,Lunch,Cold Drink,Drinks,554,192,192,0,30,Sunny,No,4.8
2025-03-06,Thursday,Lunch,Cold Drink,Drinks,277,111,55,56,30,Rainy,No,3.7
2025-01-01,Wednesday,Breakfast,Masala Dosa,Meals,302,105,42,63,60,Cloudy,Yes,4.8
2025-08-20,Wednesday,Lunch,Veg Sandwich,Snacks,549,170,163,7,40,Sunny,Yes,4.6
2025-11-27,Thursday,Lunch,Pav Bhaji,Meals,242,111,56,55,70,Rainy,Yes,4.0
2025-07-18,Friday,Breakfast,Coffee,Drinks,339,122,69,53,25,Cloudy,No,3.0
2025-06-06,Friday,Evening,Cold Drink,Drinks,537,161,143,18,30,Rainy,Yes,4.2
2025-06-18,Wednesday,Breakfast,Tea,Drinks,486,135,87,48,15,Cloudy,Yes,4.7
2025-05-15,Thursday,Lunch,Veg Sandwich,Snacks,319,121,70,51,40,Cloudy,No,3.7
2025-12-29,Monday,Evening,Masala Dosa,Meals,462,127,81,46,60,Rainy,Yes,4.5
2025-08-28,Thursday,Lunch,Idli,Breakfast,234,98,36,62,35,Cloudy,Yes,4.0
2025-06-19,Thursday,Evening,Vada Pav,Snacks,593,149,118,31,25,Rainy,No,4.5
2025-09-23,Tuesday,Breakfast,Veg Thali,Meals,483,136,91,45,90,Rainy,No,4.6
2025-11-14,Friday,Evening,Coffee,Drinks,517,146,120,26,25,Sunny,No,4.7
2025-05-24,Saturday,Breakfast,Vada Pav,Snacks,465,136,94,42,25,Cloudy,Yes,4.0
2025-07-17,Thursday,Evening,Idli,Breakfast,514,154,130,24,35,Rainy,Yes,3.8
2025-05-11,Sunday,Evening,Vada Pav,Snacks,399,127,81,46,25,Sunny,No,3.2
2025-06-29,Sunday,Lunch,Cold Drink,Drinks,383,144,111,33,30,Sunny,No,3.2
2025-07-28,Monday,Breakfast,Tea,Drinks,230,91,31,60,15,Sunny,No,4.7
2025-05-01,Thursday,Evening,Cold Drink,Drinks,519,136,89,47,30,Cloudy,Yes,4.4
2025-04-21,Monday,Breakfast,Idli,Breakfast,503,147,122,25,35,Sunny,No,4.5
2025-03-03,Monday,Lunch,Vada Pav,Snacks,309,122,73,49,25,Rainy,No,4.0
2025-10-23,Thursday,Evening,Tea,Drinks,395,141,99,42,15,Cloudy,Yes,4.0
2025-04-03,Thursday,Lunch,Coffee,Drinks,441,136,96,40,25,Rainy,Yes,3.8
2025-10-10,Friday,Lunch,Coffee,Drinks,171,83,30,53,25,Rainy,No,3.9
2025-11-23,Sunday,Lunch,Cold Drink,Drinks,490,158,134,24,30,Rainy,No,3.7
2025-10-02,Thursday,Lunch,Vada Pav,Snacks,248,107,44,63,25,Cloudy,Yes,5.0
2025-01-14,Tuesday,Evening,Masala Dosa,Meals,299,116,59,57,60,Sunny,Yes,3.5
2025-05-18,Sunday,Breakfast,Veg Thali,Meals,394,124,73,51,90,Sunny,Yes,4.0
2025-04-06,Sunday,Breakfast,Samosa,Snacks,435,123,68,55,20,Sunny,No,4.6
2025-01-01,Wednesday,Lunch,Veg Sandwich,Snacks,372,137,101,36,40,Cloudy,No,4.2
2025-03-01,Saturday,Breakfast,Samosa,Snacks,556,153,129,24,20,Cloudy,No,3.4
2025-07-24,Thursday,Lunch,Vada Pav,Snacks,328,132,87,45,25,Cloudy,Yes,3.5
2025-12-22,Monday,Evening,Vada Pav,Snacks,567,143,104,39,25,Rainy,Yes,3.7
2025-06-03,Tuesday,Evening,Tea,Drinks,380,120,71,49,15,Cloudy,Yes,4.3
2025-07-03,Thursday,Evening,Coffee,Drinks,391,116,68,48,25,Sunny,Yes,4.0
2025-07-04,Friday,Lunch,Cold Drink,Drinks,486,154,126,28,30,Rainy,Yes,3.4
2025-02-04,Tuesday,Lunch,Masala Dosa,Meals,318,118,73,45,60,Cloudy,No,3.4
2025-07-22,Tuesday,Lunch,Idli,Breakfast,411,140,102,38,35,Rainy,Yes,3.5
2025-11-20,Thursday,Lunch,Veg Thali,Meals,518,148,117,31,90,Cloudy,Yes,4.9
2025-04-10,Thursday,Breakfast,Tea,Drinks,590,170,169,1,15,Cloudy,Yes,3.1
2025-12-30,Tuesday,Breakfast,Veg Thali,Meals,221,88,30,58,90,Rainy,No,4.7
2025-02-09,Sunday,Breakfast,Idli,Breakfast,574,162,143,19,35,Sunny,No,4.3
2025-11-19,Wednesday,Lunch,Veg Sandwich,Snacks,370,134,87,47,40,Rainy,No,3.1
2025-10-24,Friday,Evening,Masala Dosa,Meals,407,142,101,41,60,Cloudy,Yes,3.3
2025-01-10,Friday,Breakfast,Cold Drink,Drinks,227,96,44,52,30,Rainy,Yes,4.9
2025-01-21,Tuesday,Breakfast,Pav Bhaji,Meals,151,81,19,62,70,Rainy,No,4.0
2025-08-07,Thursday,Breakfast,Tea,Drinks,436,137,94,43,15,Sunny,No,3.1
2025-01-16,Thursday,Breakfast,Pav Bhaji,Meals,499,163,151,12,70,Rainy,No,3.0
2025-12-25,Thursday,Breakfast,Samosa,Snacks,569,181,178,3,20,Cloudy,Yes,3.0
2025-07-03,Thursday,Lunch,Veg Thali,Meals,250,110,49,61,90,Sunny,Yes,3.2
2025-06-26,Thursday,Lunch,Idli,Breakfast,320,123,79,44,35,Rainy,Yes,4.4
2025-11-01,Saturday,Evening,Samosa,Snacks,455,144,104,40,20,Cloudy,Yes,3.5
2025-05-30,Friday,Breakfast,Coffee,Drinks,479,162,149,13,25,Cloudy,No,3.3
2025-07-08,Tuesday,Evening,Veg Thali,Meals,427,144,103,41,90,Rainy,Yes,4.8
2025-01-14,Tuesday,Breakfast,Tea,Drinks,572,147,110,37,15,Rainy,Yes,3.7
2025-12-05,Friday,Breakfast,Tea,Drinks,159,79,22,57,15,Rainy,No,3.6
2025-11-20,Thursday,Breakfast,Veg Thali,Meals,461,129,76,53,90,Cloudy,Yes,4.7
2025-07-31,Thursday,Breakfast,Samosa,Snacks,340,110,58,52,20,Sunny,No,5.0
2025-01-15,Wednesday,Lunch,Masala Dosa,Meals,241,108,49,59,60,Cloudy,No,4.4
2025-10-15,Wednesday,Evening,Cold Drink,Drinks,481,159,138,21,30,Rainy,Yes,5.0
2025-09-11,Thursday,Breakfast,Veg Thali,Meals,360,117,58,59,90,Cloudy,No,4.4
2025-10-19,Sunday,Evening,Masala Dosa,Meals,233,88,27,61,60,Rainy,No,4.8
2025-11-23,Sunday,Lunch,Veg Thali,Meals,201,93,36,57,90,Sunny,Yes,3.2
2025-01-01,Wednesday,Breakfast,Cold Drink,Drinks,479,152,132,20,30,Rainy,Yes,4.5
2025-09-12,Friday,Lunch,Veg Sandwich,Snacks,469,143,109,34,40,Rainy,No,4.8
2025-06-20,Friday,Evening,Cold Drink,Drinks,585,156,130,26,30,Cloudy,Yes,4.2
2025-03-15,Saturday,Evening,Veg Sandwich,Snacks,166,81,27,54,40,Rainy,Yes,4.1
2025-11-21,Friday,Lunch,Coffee,Drinks,413,133,83,50,25,Sunny,Yes,3.4
2025-08-30,Saturday,Breakfast,Samosa,Snacks,228,103,51,52,20,Sunny,No,4.1
2025-10-18,Saturday,Evening,Veg Thali,Meals,415,138,100,38,90,Cloudy,Yes,3.5
2025-08-23,Saturday,Evening,Samosa,Snacks,561,182,182,0,20,Sunny,No,4.2
2025-12-20,Saturday,Evening,Samosa,Snacks,290,98,33,65,20,Sunny,No,4.1
2025-05-05,Monday,Evening,Tea,Drinks,188,80,18,62,15,Cloudy,Yes,4.0
2025-07-03,Thursday,Lunch,Samosa,Snacks,520,174,174,0,20,Rainy,Yes,3.5
2025-02-23,Sunday,Breakfast,Idli,Breakfast,295,101,41,60,35,Rainy,No,4.8
2025-12-25,Thursday,Evening,Tea,Drinks,224,93,31,62,15,Cloudy,No,3.5
2025-03-21,Friday,Evening,Idli,Breakfast,427,121,77,44,35,Cloudy,Yes,3.1
2025-04-08,Tuesday,Evening,Vada Pav,Snacks,212,93,28,65,25,Cloudy,Yes,4.0
2025-08-09,Saturday,Breakfast,Samosa,Snacks,199,84,30,54,20,Cloudy,Yes,4.4
2025-11-03,Monday,Lunch,Pav Bhaji,Meals,537,183,176,7,70,Sunny,No,3.2
2025-07-31,Thursday,Evening,Idli,Breakfast,302,119,74,45,35,Rainy,Yes,4.3
2025-01-01,Wednesday,Breakfast,Samosa,Snacks,234,91,36,55,20,Rainy,Yes,3.0
2025-08-03,Sunday,Lunch,Idli,Breakfast,572,199,199,0,35,Cloudy,No,5.0
2025-11-30,Sunday,Lunch,Masala Dosa,Meals,245,103,42,61,60,Sunny,Yes,3.2
2025-05-04,Sunday,Lunch,Veg Thali,Meals,351,136,89,47,90,Sunny,Yes,4.5
2025-05-16,Friday,Evening,Idli,Breakfast,479,163,150,13,35,Sunny,No,4.3
2025-10-20,Monday,Evening,Veg Sandwich,Snacks,325,102,50,52,40,Rainy,No,4.8
2025-05-19,Monday,Breakfast,Cold Drink,Drinks,478,147,115,32,30,Sunny,No,3.3
2025-08-17,Sunday,Lunch,Vada Pav,Snacks,193,88,26,62,25,Sunny,No,4.9
2025-03-04,Tuesday,Breakfast,Pav Bhaji,Meals,448,147,122,25,70,Sunny,No,4.1
2025-02-13,Thursday,Lunch,Pav Bhaji,Meals,322,124,80,44,70,Sunny,No,4.9
2025-07-08,Tuesday,Breakfast,Idli,Breakfast,367,126,74,52,35,Cloudy,Yes,3.3
2025-09-05,Friday,Breakfast,Vada Pav,Snacks,432,128,83,45,25,Cloudy,Yes,4.0
2025-11-26,Wednesday,Evening,Vada Pav,Snacks,440,143,101,42,25,Rainy,Yes,4.8
2025-11-13,Thursday,Breakfast,Coffee,Drinks,238,102,47,55,25,Cloudy,No,4.3
2025-05-15,Thursday,Breakfast,Veg Sandwich,Snacks,309,119,69,50,40,Rainy,No,4.5
2025-05-06,Tuesday,Breakfast,Veg Thali,Meals,335,122,68,54,90,Cloudy,Yes,3.1
2025-01-31,Friday,Breakfast,Veg Thali,Meals,585,145,107,38,90,Sunny,Yes,3.2
2025-02-03,Monday,Lunch,Tea,Drinks,304,108,48,60,15,Cloudy,Yes,3.9
2025-09-02,Tuesday,Evening,Veg Sandwich,Snacks,584,173,173,0,40,Cloudy,No,3.3
2025-03-10,Monday,Lunch,Coffee,Drinks,162,85,30,55,25,Rainy,Yes,3.6
2025-08-27,Wednesday,Lunch,Idli,Breakfast,483,165,152,13,35,Cloudy,No,3.8
2025-10-30,Thursday,Lunch,Veg Thali,Meals,189,90,37,53,90,Sunny,Yes,3.9
2025-08-11,Monday,Lunch,Idli,Breakfast,468,143,109,34,35,Cloudy,No,4.4
2025-04-08,Tuesday,Breakfast,Idli,Breakfast,360,134,92,42,35,Rainy,Yes,3.2
2025-02-24,Monday,Evening,Veg Thali,Meals,405,135,99,36,90,Cloudy,Yes,3.7
2025-04-05,Saturday,Breakfast,Veg Sandwich,Snacks,198,95,41,54,40,Sunny,Yes,4.7
2025-01-05,Sunday,Evening,Veg Thali,Meals,222,101,47,54,90,Sunny,No,3.4
2025-11-29,Saturday,Evening,Vada Pav,Snacks,257,107,47,60,25,Rainy,Yes,3.4
2025-07-28,Monday,Breakfast,Tea,Drinks,357,116,60,56,15,Rainy,No,4.8
2025-07-31,Thursday,Evening,Coffee,Drinks,170,79,21,58,25,Cloudy,Yes,4.6
2025-10-24,Friday,Lunch,Samosa,Snacks,555,169,164,5,20,Sunny,Yes,4.8
2025-03-07,Friday,Breakfast,Idli,Breakfast,180,80,24,56,35,Sunny,No,3.7
2025-09-22,Monday,Lunch,Veg Sandwich,Snacks,243,97,38,59,40,Cloudy,No,4.7
2025-06-04,Wednesday,Lunch,Cold Drink,Drinks,425,152,130,22,30,Rainy,No,4.2
2025-04-16,Wednesday,Lunch,Samosa,Snacks,565,183,181,2,20,Cloudy,No,3.7
2025-01-14,Tuesday,Evening,Veg Sandwich,Snacks,332,119,62,57,40,Rainy,No,4.8
2025-09-12,Friday,Evening,Veg Thali,Meals,473,128,77,51,90,Cloudy,No,4.5
2025-05-14,Wednesday,Evening,Idli,Breakfast,280,101,39,62,35,Sunny,No,3.9
2025-04-15,Tuesday,Lunch,Tea,Drinks,369,127,85,42,15,Sunny,No,3.8
2025-08-23,Saturday,Breakfast,Samosa,Snacks,425,132,89,43,20,Rainy,Yes,3.3
2025-09-08,Monday,Evening,Coffee,Drinks,480,157,137,20,25,Sunny,No,3.6
2025-08-02,Saturday,Lunch,Cold Drink,Drinks,529,176,174,2,30,Cloudy,No,4.8
2025-12-21,Sunday,Breakfast,Samosa,Snacks,477,138,100,38,20,Rainy,Yes,3.7
2025-05-26,Monday,Breakfast,Masala Dosa,Meals,555,166,162,4,60,Cloudy,No,4.3
2025-06-25,Wednesday,Evening,Coffee,Drinks,455,148,120,28,25,Cloudy,Yes,4.6
2025-02-01,Saturday,Lunch,Coffee,Drinks,478,162,145,17,25,Sunny,No,3.7
2025-04-18,Friday,Breakfast,Veg Sandwich,Snacks,186,81,19,62,40,Cloudy,Yes,3.2
2025-08-30,Saturday,Breakfast,Pav Bhaji,Meals,450,144,113,31,70,Sunny,Yes,4.3
2025-07-02,Wednesday,Lunch,Coffee,Drinks,503,146,112,34,25,Sunny,No,3.7
2025-11-27,Thursday,Evening,Vada Pav,Snacks,317,112,61,51,25,Sunny,No,4.1
2025-08-09,Saturday,Lunch,Vada Pav,Snacks,482,173,173,0,25,Cloudy,No,4.8
2025-05-19,Monday,Breakfast,Coffee,Drinks,307,117,58,59,25,Sunny,Yes,3.4
2025-01-27,Monday,Lunch,Samosa,Snacks,151,88,28,60,20,Cloudy,No,3.1
2025-03-24,Monday,Lunch,Pav Bhaji,Meals,230,109,56,53,70,Rainy,Yes,3.2
2025-05-23,Friday,Evening,Coffee,Drinks,364,121,67,54,25,Sunny,No,3.9
2025-07-11,Friday,Breakfast,Veg Sandwich,Snacks,443,154,134,20,40,Sunny,Yes,4.1
2025-07-19,Saturday,Evening,Idli,Breakfast,249,97,31,66,35,Sunny,Yes,3.8
2025-06-27,Friday,Breakfast,Tea,Drinks,440,143,114,29,15,Cloudy,Yes,5.0
2025-10-04,Saturday,Evening,Veg Thali,Meals,289,99,40,59,90,Rainy,No,3.5
2025-05-16,Friday,Breakfast,Samosa,Snacks,530,167,162,5,20,Sunny,Yes,3.3
2025-10-03,Friday,Evening,Tea,Drinks,401,124,80,44,15,Cloudy,Yes,3.8
2025-05-06,Tuesday,Breakfast,Samosa,Snacks,578,174,174,0,20,Cloudy,Yes,3.9
2025-03-05,Wednesday,Evening,Tea,Drinks,392,139,100,39,15,Rainy,Yes,3.1
2025-09-25,Thursday,Lunch,Pav Bhaji,Meals,269,114,56,58,70,Sunny,No,3.5
2025-04-02,Wednesday,Breakfast,Veg Sandwich,Snacks,403,122,77,45,40,Sunny,No,4.4
2025-08-22,Friday,Lunch,Vada Pav,Snacks,234,98,41,57,25,Sunny,No,4.7
2025-09-17,Wednesday,Evening,Masala Dosa,Meals,525,172,164,8,60,Cloudy,No,4.1
2025-07-23,Wednesday,Breakfast,Samosa,Snacks,398,134,93,41,20,Cloudy,No,3.9
2025-04-20,Sunday,Evening,Cold Drink,Drinks,179,79,16,63,30,Sunny,Yes,3.1
2025-06-29,Sunday,Breakfast,Idli,Breakfast,227,93,29,64,35,Sunny,Yes,3.3
2025-08-27,Wednesday,Lunch,Pav Bhaji,Meals,172,92,38,54,70,Cloudy,No,3.1
2025-12-01,Monday,Breakfast,Vada Pav,Snacks,285,108,51,57,25,Cloudy,No,3.1
2025-02-26,Wednesday,Evening,Vada Pav,Snacks,364,128,80,48,25,Sunny,No,3.6
2025-06-09,Monday,Breakfast,Coffee,Drinks,449,145,114,31,25,Sunny,Yes,3.9
2025-03-09,Sunday,Breakfast,Veg Thali,Meals,493,157,139,18,90,Cloudy,Yes,4.7
2025-01-18,Saturday,Lunch,Coffee,Drinks,492,144,112,32,25,Cloudy,Yes,4.7
2025-12-05,Friday,Evening,Pav Bhaji,Meals,284,108,45,63,70,Cloudy,Yes,4.5
2025-05-16,Friday,Breakfast,Coffee,Drinks,388,131,85,46,25,Sunny,Yes,3.9
2025-01-17,Friday,Lunch,Veg Sandwich,Snacks,255,112,64,48,40,Cloudy,No,3.3
2025-08-19,Tuesday,Breakfast,Veg Thali,Meals,353,127,86,41,90,Rainy,No,3.8
2025-05-31,Saturday,Evening,Pav Bhaji,Meals,596,173,164,9,70,Sunny,Yes,4.8
2025-06-13,Friday,Lunch,Masala Dosa,Meals,240,103,40,63,60,Sunny,No,4.5
2025-02-09,Sunday,Lunch,Cold Drink,Drinks,322,118,70,48,30,Sunny,Yes,3.3
2025-08-21,Thursday,Breakfast,Idli,Breakfast,189,94,40,54,35,Cloudy,No,3.3
2025-11-07,Friday,Breakfast,Pav Bhaji,Meals,276,96,37,59,70,Rainy,No,3.7
2025-09-02,Tuesday,Lunch,Samosa,Snacks,400,145,107,38,20,Cloudy,No,3.3
2025-05-13,Tuesday,Lunch,Cold Drink,Drinks,568,175,166,9,30,Rainy,Yes,4.0
2025-10-14,Tuesday,Breakfast,Masala Dosa,Meals,489,148,122,26,60,Cloudy,Yes,4.6
2025-04-10,Thursday,Lunch,Cold Drink,Drinks,261,105,51,54,30,Cloudy,Yes,4.2
2025-07-19,Saturday,Lunch,Cold Drink,Drinks,357,131,80,51,30,Cloudy,Yes,4.0
2025-07-09,Wednesday,Lunch,Pav Bhaji,Meals,272,102,49,53,70,Sunny,Yes,3.3
2025-07-06,Sunday,Breakfast,Idli,Breakfast,253,103,39,64,35,Rainy,No,3.6
2025-01-03,Friday,Evening,Vada Pav,Snacks,436,150,122,28,25,Sunny,Yes,4.6
2025-05-16,Friday,Breakfast,Samosa,Snacks,260,101,38,63,20,Cloudy,No,4.0
2025-10-19,Sunday,Breakfast,Idli,Breakfast,239,101,47,54,35,Rainy,Yes,4.4
2025-11-15,Saturday,Lunch,Idli,Breakfast,317,121,70,51,35,Cloudy,Yes,4.5
2025-03-06,Thursday,Evening,Masala Dosa,Meals,523,171,171,0,60,Rainy,Yes,4.1
2025-09-19,Friday,Breakfast,Vada Pav,Snacks,535,164,146,18,25,Cloudy,Yes,4.6
2025-09-21,Sunday,Breakfast,Idli,Breakfast,574,170,168,2,35,Cloudy,Yes,3.8
2025-02-08,Saturday,Evening,Cold Drink,Drinks,163,83,25,58,30,Rainy,Yes,4.4
2025-05-15,Thursday,Breakfast,Idli,Breakfast,256,105,48,57,35,Sunny,No,3.3
2025-05-18,Sunday,Lunch,Pav Bhaji,Meals,574,178,178,0,70,Sunny,Yes,3.5
2025-07-19,Saturday,Lunch,Masala Dosa,Meals,558,162,142,20,60,Sunny,No,3.2
2025-06-11,Wednesday,Lunch,Masala Dosa,Meals,224,105,47,58,60,Cloudy,Yes,4.2
2025-10-24,Friday,Breakfast,Vada Pav,Snacks,440,133,84,49,25,Cloudy,No,4.4
2025-07-22,Tuesday,Lunch,Samosa,Snacks,366,123,71,52,20,Sunny,No,4.7
2025-06-16,Monday,Breakfast,Masala Dosa,Meals,252,99,44,55,60,Rainy,No,3.0
2025-06-24,Tuesday,Lunch,Pav Bhaji,Meals,582,176,171,5,70,Sunny,No,4.8
2025-09-03,Wednesday,Breakfast,Samosa,Snacks,412,145,107,38,20,Sunny,Yes,4.3
2025-08-21,Thursday,Breakfast,Masala Dosa,Meals,527,158,133,25,60,Rainy,Yes,4.1
2025-07-24,Thursday,Lunch,Pav Bhaji,Meals,590,202,198,4,70,Sunny,No,4.2
2025-12-07,Sunday,Evening,Pav Bhaji,Meals,553,158,143,15,70,Sunny,No,4.7
2025-11-29,Saturday,Lunch,Pav Bhaji,Meals,467,170,167,3,70,Rainy,Yes,3.8
2025-07-31,Thursday,Evening,Coffee,Drinks,357,111,55,56,25,Sunny,Yes,3.5
2025-06-06,Friday,Evening,Idli,Breakfast,556,175,169,6,35,Cloudy,Yes,3.9
2025-01-03,Friday,Evening,Veg Thali,Meals,250,108,49,59,90,Rainy,No,4.2
2025-08-03,Sunday,Breakfast,Tea,Drinks,251,99,46,53,15,Sunny,No,3.5
2025-05-20,Tuesday,Breakfast,Vada Pav,Snacks,224,97,34,63,25,Sunny,Yes,4.9
2025-02-25,Tuesday,Evening,Idli,Breakfast,580,186,178,8,35,Cloudy,Yes,4.3
2025-12-16,Tuesday,Evening,Veg Sandwich,Snacks,269,97,39,58,40,Cloudy,No,3.7
2025-01-17,Friday,Evening,Vada Pav,Snacks,452,148,116,32,25,Cloudy,Yes,3.0
2025-04-16,Wednesday,Breakfast,Vada Pav,Snacks,392,122,68,54,25,Sunny,Yes,4.5
2025-06-15,Sunday,Breakfast,Masala Dosa,Meals,312,117,68,49,60,Rainy,No,4.4
2025-04-26,Saturday,Breakfast,Coffee,Drinks,189,93,33,60,25,Rainy,Yes,3.5
2025-04-11,Friday,Lunch,Veg Thali,Meals,378,140,109,31,90,Rainy,Yes,3.5
2025-04-19,Saturday,Breakfast,Cold Drink,Drinks,235,90,35,55,30,Cloudy,No,3.8
2025-10-20,Monday,Breakfast,Vada Pav,Snacks,166,84,27,57,25,Cloudy,Yes,4.2
2025-05-11,Sunday,Lunch,Cold Drink,Drinks,502,179,174,5,30,Sunny,Yes,3.7
2025-03-02,Sunday,Evening,Cold Drink,Drinks,363,129,87,42,30,Rainy,Yes,4.3
2025-02-13,Thursday,Lunch,Vada Pav,Snacks,339,116,60,56,25,Cloudy,Yes,3.6
2025-08-03,Sunday,Lunch,Samosa,Snacks,252,99,37,62,20,Sunny,No,3.8
2025-12-21,Sunday,Lunch,Tea,Drinks,191,91,25,66,15,Cloudy,Yes,3.6
2025-05-04,Sunday,Breakfast,Coffee,Drinks,499,159,145,14,25,Sunny,No,4.4
2025-05-02,Friday,Lunch,Coffee,Drinks,190,95,36,59,25,Sunny,No,3.0
2025-11-07,Friday,Lunch,Masala Dosa,Meals,561,159,146,13,60,Sunny,Yes,4.1
2025-11-01,Saturday,Lunch,Veg Sandwich,Snacks,489,164,152,12,40,Rainy,No,3.3
2025-11-01,Saturday,Lunch,Coffee,Drinks,222,93,33,60,25,Sunny,No,3.3
2025-04-11,Friday,Breakfast,Idli,Breakfast,537,173,172,1,35,Sunny,No,4.9
2025-11-20,Thursday,Lunch,Pav Bhaji,Meals,530,176,174,2,70,Rainy,No,4.9
2025-01-08,Wednesday,Breakfast,Idli,Breakfast,570,157,130,27,35,Sunny,No,3.9
2025-06-21,Saturday,Lunch,Veg Sandwich,Snacks,283,112,54,58,40,Cloudy,Yes,4.4
2025-10-05,Sunday,Evening,Veg Thali,Meals,175,80,20,60,90,Sunny,No,4.0
2025-05-25,Sunday,Lunch,Coffee,Drinks,364,134,86,48,25,Rainy,Yes,3.5
2025-07-02,Wednesday,Evening,Veg Sandwich,Snacks,465,132,92,40,40,Cloudy,No,4.5
2025-04-22,Tuesday,Evening,Pav Bhaji,Meals,480,146,115,31,70,Cloudy,Yes,3.4
2025-03-01,Saturday,Breakfast,Vada Pav,Snacks,466,142,103,39,25,Rainy,No,4.8
2025-06-08,Sunday,Breakfast,Pav Bhaji,Meals,424,138,93,45,70,Rainy,No,4.7
2025-08-26,Tuesday,Lunch,Tea,Drinks,276,112,56,56,15,Rainy,No,4.4
2025-12-03,Wednesday,Evening,Vada Pav,Snacks,222,89,34,55,25,Cloudy,No,3.8
2025-08-04,Monday,Lunch,Vada Pav,Snacks,407,128,87,41,25,Cloudy,Yes,3.2
2025-08-12,Tuesday,Lunch,Masala Dosa,Meals,476,151,120,31,60,Cloudy,No,4.2
2025-07-09,Wednesday,Breakfast,Tea,Drinks,490,148,121,27,15,Rainy,No,3.3
2025-05-15,Thursday,Evening,Tea,Drinks,270,108,53,55,15,Sunny,No,3.7
2025-12-22,Monday,Evening,Veg Thali,Meals,212,95,41,54,90,Cloudy,Yes,4.2
2025-04-23,Wednesday,Breakfast,Veg Thali,Meals,439,130,79,51,90,Rainy,Yes,3.7
2025-06-08,Sunday,Evening,Veg Sandwich,Snacks,446,150,117,33,40,Cloudy,No,3.6
2025-03-15,Saturday,Evening,Pav Bhaji,Meals,403,124,81,43,70,Cloudy,Yes,3.7
2025-12-09,Tuesday,Evening,Coffee,Drinks,475,162,152,10,25,Rainy,No,3.0
2025-07-08,Tuesday,Lunch,Coffee,Drinks,370,120,69,51,25,Cloudy,Yes,4.6
2025-12-04,Thursday,Lunch,Idli,Breakfast,565,169,166,3,35,Rainy,No,4.3
2025-10-26,Sunday,Breakfast,Tea,Drinks,510,162,141,21,15,Rainy,No,4.2
2025-05-25,Sunday,Breakfast,Coffee,Drinks,236,105,47,58,25,Sunny,No,3.2
2025-01-22,Wednesday,Lunch,Samosa,Snacks,514,165,155,10,20,Rainy,Yes,3.3
2025-03-19,Wednesday,Breakfast,Veg Sandwich,Snacks,450,126,82,44,40,Sunny,No,3.4
2025-01-15,Wednesday,Breakfast,Vada Pav,Snacks,449,124,80,44,25,Rainy,No,4.5
2025-06-05,Thursday,Lunch,Veg Thali,Meals,495,165,147,18,90,Cloudy,Yes,4.4
2025-07-09,Wednesday,Lunch,Vada Pav,Snacks,273,115,55,60,25,Cloudy,Yes,3.5
2025-09-11,Thursday,Lunch,Coffee,Drinks,509,159,142,17,25,Cloudy,No,3.6
2025-03-11,Tuesday,Lunch,Masala Dosa,Meals,250,111,62,49,60,Sunny,Yes,4.3
2025-10-06,Monday,Lunch,Tea,Drinks,325,115,59,56,15,Sunny,Yes,4.1
2025-01-28,Tuesday,Evening,Vada Pav,Snacks,300,99,40,59,25,Sunny,Yes,4.6
2025-07-27,Sunday,Evening,Veg Thali,Meals,488,158,132,26,90,Rainy,No,3.4
2025-11-24,Monday,Evening,Idli,Breakfast,274,114,63,51,35,Cloudy,Yes,4.0
2025-11-17,Monday,Breakfast,Masala Dosa,Meals,295,118,70,48,60,Rainy,Yes,4.3
2025-12-27,Saturday,Lunch,Samosa,Snacks,430,157,130,27,20,Rainy,Yes,4.3
2025-09-30,Tuesday,Breakfast,Samosa,Snacks,560,178,178,0,20,Cloudy,Yes,3.4
2025-03-26,Wednesday,Breakfast,Samosa,Snacks,420,149,123,26,20,Cloudy,No,4.0
2025-12-12,Friday,Breakfast,Veg Sandwich,Snacks,428,149,116,33,40,Sunny,Yes,4.8
2025-10-13,Monday,Breakfast,Tea,Drinks,445,152,131,21,15,Rainy,No,4.4
2025-12-10,Wednesday,Lunch,Coffee,Drinks,461,163,148,15,25,Cloudy,Yes,3.6
2025-12-04,Thursday,Breakfast,Samosa,Snacks,460,136,101,35,20,Rainy,Yes,3.9
2025-04-05,Saturday,Evening,Tea,Drinks,277,98,44,54,15,Rainy,No,3.0
2025-03-22,Saturday,Breakfast,Cold Drink,Drinks,509,134,87,47,30,Cloudy,Yes,3.9
2025-06-26,Thursday,Evening,Samosa,Snacks,283,108,54,54,20,Cloudy,Yes,4.3
2025-12-02,Tuesday,Breakfast,Idli,Breakfast,495,135,93,42,35,Cloudy,No,4.2
2025-11-11,Tuesday,Lunch,Masala Dosa,Meals,445,134,98,36,60,Rainy,Yes,4.4
2025-04-26,Saturday,Breakfast,Masala Dosa,Meals,416,129,82,47,60,Sunny,No,4.6
2025-06-01,Sunday,Evening,Veg Sandwich,Snacks,589,171,166,5,40,Sunny,No,4.0
2025-10-22,Wednesday,Evening,Vada Pav,Snacks,270,104,51,53,25,Rainy,No,3.7
2025-04-04,Friday,Breakfast,Samosa,Snacks,150,85,30,55,20,Rainy,Yes,4.9
2025-12-21,Sunday,Evening,Pav Bhaji,Meals,497,159,142,17,70,Cloudy,No,4.7
2025-09-09,Tuesday,Evening,Vada Pav,Snacks,152,75,11,64,25,Cloudy,No,4.6
2025-12-20,Saturday,Evening,Coffee,Drinks,157,77,22,55,25,Sunny,Yes,4.3
2025-08-22,Friday,Lunch,Idli,Breakfast,463,148,115,33,35,Sunny,Yes,4.5
2025-11-18,Tuesday,Evening,Cold Drink,Drinks,273,94,31,63,30,Rainy,Yes,3.4
2025-12-20,Saturday,Lunch,Samosa,Snacks,520,172,165,7,20,Sunny,Yes,4.0
2025-02-04,Tuesday,Breakfast,Vada Pav,Snacks,535,143,107,36,25,Rainy,No,4.6
2025-08-18,Monday,Lunch,Pav Bhaji,Meals,208,92,26,66,70,Sunny,No,4.3
2025-09-10,Wednesday,Evening,Tea,Drinks,544,146,108,38,15,Rainy,Yes,4.6
2025-03-23,Sunday,Lunch,Samosa,Snacks,389,135,95,40,20,Cloudy,No,4.2
2025-03-31,Monday,Breakfast,Vada Pav,Snacks,400,119,74,45,25,Cloudy,No,3.4
2025-06-05,Thursday,Lunch,Idli,Breakfast,517,171,166,5,35,Cloudy,Yes,4.9
2025-06-29,Sunday,Lunch,Vada Pav,Snacks,182,92,37,55,25,Rainy,Yes,3.7
2025-11-03,Monday,Breakfast,Idli,Breakfast,525,169,157,12,35,Rainy,No,4.5
2025-09-13,Saturday,Lunch,Masala Dosa,Meals,539,185,185,0,60,Cloudy,No,3.9
2025-10-12,Sunday,Evening,Vada Pav,Snacks,328,122,70,52,25,Cloudy,No,4.1
2025-06-09,Monday,Lunch,Tea,Drinks,363,142,105,37,15,Rainy,No,4.4
2025-09-06,Saturday,Evening,Veg Sandwich,Snacks,314,121,77,44,40,Sunny,No,3.1
2025-08-26,Tuesday,Evening,Idli,Breakfast,361,110,53,57,35,Cloudy,No,4.2
2025-01-03,Friday,Lunch,Idli,Breakfast,220,99,34,65,35,Cloudy,No,3.6
2025-03-26,Wednesday,Lunch,Veg Thali,Meals,343,130,78,52,90,Rainy,No,4.7
2025-10-07,Tuesday,Breakfast,Veg Thali,Meals,502,163,153,10,90,Cloudy,No,4.9
2025-07-19,Saturday,Breakfast,Cold Drink,Drinks,510,134,89,45,30,Sunny,No,3.2
2025-03-14,Friday,Lunch,Pav Bhaji,Meals,150,78,21,57,70,Rainy,Yes,3.3
2025-06-21,Saturday,Breakfast,Samosa,Snacks,244,92,39,53,20,Sunny,Yes,4.3
2025-05-25,Sunday,Lunch,Tea,Drinks,599,179,175,4,15,Sunny,No,4.9
2025-02-19,Wednesday,Lunch,Cold Drink,Drinks,387,140,101,39,30,Cloudy,No,4.3
2025-03-09,Sunday,Evening,Idli,Breakfast,318,119,69,50,35,Cloudy,No,4.2
2025-10-07,Tuesday,Lunch,Masala Dosa,Meals,473,156,137,19,60,Sunny,No,3.6
2025-11-08,Saturday,Evening,Idli,Breakfast,499,147,114,33,35,Rainy,Yes,3.4
2025-06-28,Saturday,Evening,Idli,Breakfast,514,138,103,35,35,Cloudy,Yes,3.9
2025-12-14,Sunday,Lunch,Samosa,Snacks,216,91,26,65,20,Sunny,Yes,4.0
2025-06-04,Wednesday,Evening,Coffee,Drinks,277,96,39,57,25,Sunny,Yes,3.8
2025-04-18,Friday,Lunch,Veg Sandwich,Snacks,439,162,141,21,40,Rainy,Yes,3.6
2025-01-02,Thursday,Lunch,Pav Bhaji,Meals,459,157,136,21,70,Cloudy,Yes,4.8
2025-05-18,Sunday,Breakfast,Veg Sandwich,Snacks,583,171,166,5,40,Rainy,No,4.6
2025-04-17,Thursday,Lunch,Veg Thali,Meals,333,116,56,60,90,Rainy,No,4.4
2025-03-25,Tuesday,Breakfast,Cold Drink,Drinks,300,111,55,56,30,Sunny,Yes,3.6
2025-10-19,Sunday,Breakfast,Coffee,Drinks,430,130,78,52,25,Cloudy,Yes,4.4
2025-06-09,Monday,Breakfast,Pav Bhaji,Meals,211,93,34,59,70,Rainy,Yes,3.7
2025-08-18,Monday,Lunch,Veg Sandwich,Snacks,578,186,177,9,40,Cloudy,No,5.0
2025-12-16,Tuesday,Lunch,Samosa,Snacks,493,146,119,27,20,Cloudy,No,3.7
2025-02-21,Friday,Breakfast,Cold Drink,Drinks,284,104,49,55,30,Rainy,Yes,3.6
2025-07-04,Friday,Evening,Pav Bhaji,Meals,425,133,84,49,70,Sunny,No,4.4
2025-10-26,Sunday,Evening,Vada Pav,Snacks,219,99,39,60,25,Cloudy,Yes,4.1
2025-12-10,Wednesday,Lunch,Idli,Breakfast,164,91,35,56,35,Cloudy,Yes,3.4
2025-08-06,Wednesday,Breakfast,Veg Sandwich,Snacks,155,79,14,65,40,Sunny,Yes,4.3
2025-01-14,Tuesday,Evening,Veg Thali,Meals,337,119,66,53,90,Rainy,No,4.9
2025-08-29,Friday,Breakfast,Veg Thali,Meals,457,143,112,31,90,Cloudy,Yes,4.3
2025-04-13,Sunday,Breakfast,Coffee,Drinks,333,118,61,57,25,Rainy,No,3.5
2025-10-04,Saturday,Evening,Coffee,Drinks,511,166,150,16,25,Rainy,No,4.1
2025-02-15,Saturday,Evening,Samosa,Snacks,211,87,28,59,20,Rainy,Yes,4.2
2025-12-09,Tuesday,Breakfast,Masala Dosa,Meals,253,95,33,62,60,Sunny,No,3.2
2025-08-15,Friday,Breakfast,Coffee,Drinks,599,169,163,6,25,Sunny,Yes,4.5
2025-08-02,Saturday,Breakfast,Masala Dosa,Meals,531,166,158,8,60,Rainy,No,4.3
2025-09-20,Saturday,Evening,Samosa,Snacks,248,93,27,66,20,Rainy,Yes,4.7
2025-03-14,Friday,Breakfast,Veg Sandwich,Snacks,306,114,65,49,40,Cloudy,No,3.5
2025-06-12,Thursday,Breakfast,Idli,Breakfast,401,127,77,50,35,Rainy,Yes,4.2
2025-09-01,Monday,Breakfast,Veg Sandwich,Snacks,560,169,160,9,40,Cloudy,Yes,5.0
2025-10-30,Thursday,Breakfast,Veg Sandwich,Snacks,510,152,121,31,40,Rainy,Yes,3.3
2025-02-19,Wednesday,Lunch,Veg Sandwich,Snacks,511,178,178,0,40,Sunny,Yes,3.2
2025-09-11,Thursday,Lunch,Veg Thali,Meals,257,102,37,65,90,Cloudy,Yes,4.7
2025-12-08,Monday,Lunch,Idli,Breakfast,237,103,41,62,35,Cloudy,Yes,3.5
2025-06-27,Friday,Evening,Samosa,Snacks,269,109,46,63,20,Cloudy,Yes,3.2
2025-06-21,Saturday,Breakfast,Idli,Breakfast,502,152,123,29,35,Cloudy,No,3.8
2025-02-11,Tuesday,Breakfast,Tea,Drinks,381,123,67,56,15,Sunny,Yes,4.0
2025-02-24,Monday,Breakfast,Veg Thali,Meals,155,80,25,55,90,Cloudy,No,4.3
2025-06-22,Sunday,Evening,Masala Dosa,Meals,349,109,58,51,60,Sunny,Yes,3.5
2025-06-20,Friday,Breakfast,Samosa,Snacks,203,86,29,57,20,Sunny,No,3.8
2025-12-19,Friday,Evening,Pav Bhaji,Meals,163,86,21,65,70,Rainy,Yes,4.7
2025-09-27,Saturday,Lunch,Cold Drink,Drinks,449,146,117,29,30,Rainy,No,4.8
2025-10-26,Sunday,Lunch,Idli,Breakfast,374,128,88,40,35,Sunny,No,3.3
2025-01-29,Wednesday,Lunch,Coffee,Drinks,278,116,63,53,25,Cloudy,Yes,4.7
2025-07-30,Wednesday,Breakfast,Idli,Breakfast,281,115,68,47,35,Rainy,Yes,3.8
2025-02-21,Friday,Lunch,Veg Thali,Meals,282,117,63,54,90,Cloudy,No,4.0
2025-09-22,Monday,Breakfast,Veg Thali,Meals,528,148,122,26,90,Cloudy,Yes,4.8
2025-09-19,Friday,Evening,Tea,Drinks,302,118,67,51,15,Cloudy,No,4.2
2025-01-13,Monday,Lunch,Masala Dosa,Meals,192,88,24,64,60,Cloudy,No,4.9
2025-02-20,Thursday,Breakfast,Tea,Drinks,509,145,114,31,15,Rainy,No,3.4
2025-04-20,Sunday,Lunch,Coffee,Drinks,397,146,112,34,25,Sunny,No,3.5
2025-03-19,Wednesday,Breakfast,Veg Thali,Meals,209,99,45,54,90,Sunny,No,3.0
2025-04-15,Tuesday,Evening,Masala Dosa,Meals,290,103,40,63,60,Sunny,Yes,3.4
2025-08-22,Friday,Breakfast,Veg Sandwich,Snacks,377,128,80,48,40,Cloudy,Yes,3.4
2025-09-02,Tuesday,Breakfast,Veg Sandwich,Snacks,588,152,128,24,40,Cloudy,Yes,4.8
2025-11-06,Thursday,Evening,Cold Drink,Drinks,400,121,69,52,30,Cloudy,Yes,3.3
2025-01-01,Wednesday,Evening,Pav Bhaji,Meals,421,129,87,42,70,Sunny,No,4.9
2025-04-02,Wednesday,Lunch,Masala Dosa,Meals,231,107,55,52,60,Sunny,No,4.5
2025-02-21,Friday,Evening,Veg Sandwich,Snacks,435,145,114,31,40,Rainy,No,4.4
2025-10-24,Friday,Evening,Samosa,Snacks,420,143,110,33,20,Sunny,Yes,4.2
2025-04-03,Thursday,Evening,Samosa,Snacks,404,124,80,44,20,Rainy,Yes,4.3
2025-07-30,Wednesday,Lunch,Masala Dosa,Meals,252,103,51,52,60,Rainy,No,3.6
2025-04-07,Monday,Lunch,Idli,Breakfast,496,171,168,3,35,Cloudy,Yes,3.3
2025-01-07,Tuesday,Lunch,Veg Sandwich,Snacks,574,165,149,16,40,Rainy,Yes,3.6
2025-04-11,Friday,Evening,Veg Sandwich,Snacks,593,176,176,0,40,Sunny,Yes,3.9
2025-02-27,Thursday,Lunch,Masala Dosa,Meals,263,112,50,62,60,Sunny,No,4.3
2025-12-02,Tuesday,Evening,Coffee,Drinks,541,148,119,29,25,Sunny,No,3.5
2025-10-21,Tuesday,Evening,Veg Sandwich,Snacks,398,117,59,58,40,Sunny,Yes,3.7
2025-11-14,Friday,Evening,Idli,Breakfast,371,111,53,58,35,Rainy,Yes,4.7
2025-10-19,Sunday,Evening,Vada Pav,Snacks,391,122,74,48,25,Sunny,No,3.7
2025-01-20,Monday,Lunch,Tea,Drinks,442,144,117,27,15,Rainy,Yes,4.8
2025-04-18,Friday,Breakfast,Samosa,Snacks,546,158,141,17,20,Rainy,No,3.7
2025-08-07,Thursday,Lunch,Pav Bhaji,Meals,587,198,189,9,70,Sunny,Yes,3.1
2025-05-22,Thursday,Lunch,Veg Sandwich,Snacks,534,167,152,15,40,Sunny,No,3.2
2025-03-06,Thursday,Breakfast,Samosa,Snacks,349,128,80,48,20,Sunny,No,3.2
2025-01-18,Saturday,Breakfast,Masala Dosa,Meals,347,118,63,55,60,Cloudy,No,3.5
2025-09-01,Monday,Evening,Masala Dosa,Meals,430,151,130,21,60,Cloudy,No,4.6
2025-12-21,Sunday,Evening,Veg Thali,Meals,560,177,171,6,90,Cloudy,Yes,4.7
2025-04-01,Tuesday,Breakfast,Vada Pav,Snacks,453,130,81,49,25,Sunny,Yes,5.0
2025-08-31,Sunday,Breakfast,Pav Bhaji,Meals,572,148,122,26,70,Sunny,Yes,4.0
2025-01-17,Friday,Evening,Masala Dosa,Meals,536,139,100,39,60,Rainy,Yes,3.3
2025-08-14,Thursday,Breakfast,Pav Bhaji,Meals,168,85,27,58,70,Cloudy,No,4.4
2025-03-31,Monday,Evening,Pav Bhaji,Meals,231,93,40,53,70,Sunny,Yes,4.8
2025-07-21,Monday,Lunch,Veg Thali,Meals,403,150,121,29,90,Cloudy,Yes,4.2
2025-06-02,Monday,Lunch,Pav Bhaji,Meals,454,148,114,34,70,Sunny,Yes,3.7
2025-05-25,Sunday,Breakfast,Masala Dosa,Meals,375,123,74,49,60,Sunny,No,4.7
2025-03-06,Thursday,Breakfast,Tea,Drinks,507,135,91,44,15,Cloudy,No,4.3
2025-10-29,Wednesday,Breakfast,Veg Thali,Meals,562,180,180,0,90,Cloudy,No,3.3
2025-03-29,Saturday,Evening,Veg Sandwich,Snacks,334,110,50,60,40,Rainy,No,3.7
2025-11-06,Thursday,Lunch,Cold Drink,Drinks,176,86,20,66,30,Cloudy,No,4.2
2025-12-02,Tuesday,Lunch,Veg Sandwich,Snacks,505,155,138,17,40,Rainy,Yes,4.6
2025-11-15,Saturday,Lunch,Masala Dosa,Meals,185,85,24,61,60,Sunny,No,3.8
2025-06-25,Wednesday,Breakfast,Idli,Breakfast,458,156,128,28,35,Cloudy,Yes,4.5
2025-11-24,Monday,Evening,Pav Bhaji,Meals,293,97,37,60,70,Sunny,No,3.0
2025-05-14,Wednesday,Breakfast,Coffee,Drinks,462,154,123,31,25,Sunny,No,4.1
2025-09-20,Saturday,Breakfast,Pav Bhaji,Meals,419,146,115,31,70,Rainy,No,4.3
2025-04-25,Friday,Lunch,Veg Thali,Meals,314,117,67,50,90,Cloudy,No,3.9
2025-10-17,Friday,Evening,Coffee,Drinks,283,111,51,60,25,Sunny,No,4.3
2025-11-28,Friday,Breakfast,Veg Thali,Meals,259,107,49,58,90,Cloudy,Yes,3.8
2025-05-11,Sunday,Evening,Coffee,Drinks,494,132,93,39,25,Rainy,No,4.8
2025-08-20,Wednesday,Evening,Tea,Drinks,560,173,167,6,15,Cloudy,Yes,3.1
2025-09-19,Friday,Breakfast,Pav Bhaji,Meals,421,148,120,28,70,Sunny,No,4.3
2025-11-01,Saturday,Lunch,Pav Bhaji,Meals,205,98,46,52,70,Sunny,Yes,3.3
2025-05-26,Monday,Lunch,Coffee,Drinks,186,91,27,64,25,Rainy,Yes,3.4
2025-02-24,Monday,Breakfast,Veg Sandwich,Snacks,520,168,164,4,40,Sunny,No,3.8
2025-06-12,Thursday,Breakfast,Cold Drink,Drinks,583,164,150,14,30,Cloudy,No,3.4
2025-04-03,Thursday,Breakfast,Idli,Breakfast,517,136,99,37,35,Sunny,No,4.3
2025-02-03,Monday,Lunch,Veg Thali,Meals,563,188,180,8,90,Cloudy,No,4.2
2025-09-04,Thursday,Breakfast,Idli,Breakfast,575,146,107,39,35,Rainy,No,3.4
2025-09-10,Wednesday,Lunch,Cold Drink,Drinks,157,81,26,55,30,Cloudy,Yes,4.5
2025-09-26,Friday,Evening,Veg Thali,Meals,170,83,30,53,90,Sunny,Yes,3.4
2025-01-18,Saturday,Breakfast,Coffee,Drinks,164,77,16,61,25,Rainy,No,3.8
2025-08-23,Saturday,Evening,Veg Sandwich,Snacks,432,146,110,36,40,Cloudy,No,4.0
2025-11-23,Sunday,Breakfast,Tea,Drinks,560,159,143,16,15,Rainy,Yes,3.3
2025-06-08,Sunday,Lunch,Veg Sandwich,Snacks,193,100,45,55,40,Sunny,Yes,4.2
2025-11-30,Sunday,Lunch,Coffee,Drinks,299,119,68,51,25,Sunny,Yes,3.1
2025-09-20,Saturday,Breakfast,Vada Pav,Snacks,339,114,67,47,25,Rainy,No,3.1
2025-01-05,Sunday,Lunch,Samosa,Snacks,151,87,32,55,20,Rainy,No,3.9
2025-01-04,Saturday,Lunch,Veg Sandwich,Snacks,574,157,132,25,40,Sunny,Yes,4.5
2025-03-09,Sunday,Evening,Samosa,Snacks,236,98,35,63,20,Rainy,No,4.7
2025-11-11,Tuesday,Breakfast,Pav Bhaji,Meals,199,84,30,54,70,Rainy,Yes,3.2
2025-10-07,Tuesday,Breakfast,Tea,Drinks,439,145,106,39,15,Sunny,No,3.0
2025-07-15,Tuesday,Lunch,Tea,Drinks,465,166,149,17,15,Rainy,No,4.7
2025-02-26,Wednesday,Lunch,Idli,Breakfast,306,125,82,43,35,Sunny,Yes,5.0
2025-04-28,Monday,Breakfast,Cold Drink,Drinks,226,92,35,57,30,Rainy,Yes,3.8
2025-03-11,Tuesday,Evening,Pav Bhaji,Meals,409,120,69,51,70,Rainy,No,3.3
2025-02-02,Sunday,Lunch,Veg Sandwich,Snacks,594,172,167,5,40,Sunny,No,4.6
2025-11-01,Saturday,Lunch,Pav Bhaji,Meals,317,126,82,44,70,Sunny,Yes,3.3
2025-02-12,Wednesday,Evening,Vada Pav,Snacks,316,109,53,56,25,Cloudy,Yes,4.9
2025-11-13,Thursday,Lunch,Veg Sandwich,Snacks,600,168,158,10,40,Sunny,No,4.3
2025-03-12,Wednesday,Lunch,Masala Dosa,Meals,275,106,52,54,60,Cloudy,Yes,3.9
2025-06-14,Saturday,Lunch,Cold Drink,Drinks,376,144,106,38,30,Cloudy,Yes,3.3
2025-03-21,Friday,Breakfast,Tea,Drinks,196,90,34,56,15,Rainy,Yes,3.3
2025-05-01,Thursday,Breakfast,Cold Drink,Drinks,362,131,92,39,30,Cloudy,No,4.6
2025-05-24,Saturday,Lunch,Cold Drink,Drinks,235,103,46,57,30,Sunny,No,4.8
2025-11-11,Tuesday,Breakfast,Veg Sandwich,Snacks,577,153,132,21,40,Cloudy,No,4.2
2025-07-17,Thursday,Lunch,Tea,Drinks,593,168,160,8,15,Cloudy,No,3.1
2025-03-22,Saturday,Evening,Idli,Breakfast,584,181,181,0,35,Cloudy,No,3.1
2025-11-23,Sunday,Breakfast,Veg Thali,Meals,555,145,111,34,90,Rainy,No,3.6
2025-11-01,Saturday,Lunch,Veg Thali,Meals,575,189,186,3,90,Cloudy,No,3.7
2025-08-25,Monday,Evening,Samosa,Snacks,275,96,34,62,20,Rainy,No,3.5
2025-08-27,Wednesday,Evening,Idli,Breakfast,258,102,50,52,35,Rainy,Yes,3.9
2025-04-21,Monday,Breakfast,Vada Pav,Snacks,562,159,139,20,25,Cloudy,No,3.5
2025-10-01,Wednesday,Evening,Veg Thali,Meals,215,97,43,54,90,Cloudy,No,4.6
2025-08-08,Friday,Evening,Veg Thali,Meals,325,118,62,56,90,Rainy,No,4.8
2025-01-16,Thursday,Evening,Veg Sandwich,Snacks,229,101,39,62,40,Rainy,Yes,3.8
2025-06-17,Tuesday,Evening,Veg Thali,Meals,333,128,78,50,90,Sunny,Yes,3.3
2025-05-08,Thursday,Lunch,Pav Bhaji,Meals,520,161,144,17,70,Sunny,Yes,4.0
2025-03-24,Monday,Breakfast,Cold Drink,Drinks,456,152,131,21,30,Rainy,No,4.0
2025-07-08,Tuesday,Lunch,Idli,Breakfast,474,173,167,6,35,Sunny,Yes,4.7
2025-11-11,Tuesday,Evening,Veg Sandwich,Snacks,207,96,37,59,40,Sunny,Yes,4.3
2025-02-07,Friday,Evening,Samosa,Snacks,337,116,57,59,20,Rainy,No,3.2
2025-06-09,Monday,Breakfast,Samosa,Snacks,190,89,36,53,20,Cloudy,Yes,3.3
2025-02-05,Wednesday,Lunch,Masala Dosa,Meals,462,155,126,29,60,Cloudy,Yes,3.7
2025-08-25,Monday,Evening,Tea,Drinks,322,111,58,53,15,Sunny,Yes,3.9
2025-11-23,Sunday,Lunch,Veg Sandwich,Snacks,338,116,68,48,40,Cloudy,Yes,3.7
2025-01-20,Monday,Evening,Idli,Breakfast,435,121,73,48,35,Sunny,Yes,4.7
2025-05-31,Saturday,Breakfast,Veg Sandwich,Snacks,168,83,19,64,40,Sunny,No,4.5
2025-12-13,Saturday,Lunch,Pav Bhaji,Meals,353,120,72,48,70,Rainy,No,3.8
2025-04-07,Monday,Evening,Veg Sandwich,Snacks,577,160,139,21,40,Rainy,Yes,4.9
2025-07-21,Monday,Lunch,Tea,Drinks,527,152,122,30,15,Sunny,Yes,3.2
2025-02-01,Saturday,Lunch,Pav Bhaji,Meals,267,119,65,54,70,Rainy,No,3.2
2025-04-06,Sunday,Lunch,Veg Thali,Meals,218,91,31,60,90,Rainy,Yes,4.3
2025-05-12,Monday,Evening,Tea,Drinks,207,91,28,63,15,Cloudy,Yes,4.7
2025-09-17,Wednesday,Evening,Samosa,Snacks,361,127,76,51,20,Cloudy,No,4.4
2025-11-01,Saturday,Lunch,Veg Thali,Meals,596,185,185,0,90,Sunny,No,3.9
2025-05-07,Wednesday,Evening,Idli,Breakfast,299,101,44,57,35,Cloudy,No,4.9
2025-09-05,Friday,Breakfast,Veg Thali,Meals,320,123,75,48,90,Rainy,No,4.9
2025-10-06,Monday,Breakfast,Vada Pav,Snacks,558,155,129,26,25,Cloudy,No,3.1
2025-11-30,Sunday,Lunch,Vada Pav,Snacks,212,91,35,56,25,Sunny,Yes,4.2
2025-07-24,Thursday,Breakfast,Samosa,Snacks,539,158,144,14,20,Cloudy,No,3.6
2025-04-17,Thursday,Evening,Veg Sandwich,Snacks,519,161,146,15,40,Cloudy,No,3.8
2025-03-07,Friday,Evening,Tea,Drinks,454,131,85,46,15,Sunny,Yes,4.6
2025-01-05,Sunday,Breakfast,Vada Pav,Snacks,485,163,151,12,25,Cloudy,No,3.7
2025-12-04,Thursday,Breakfast,Pav Bhaji,Meals,354,119,74,45,70,Rainy,Yes,4.0
2025-04-22,Tuesday,Breakfast,Vada Pav,Snacks,568,155,133,22,25,Cloudy,Yes,4.4
2025-09-08,Monday,Breakfast,Samosa,Snacks,263,93,32,61,20,Sunny,Yes,3.2
2025-05-02,Friday,Evening,Masala Dosa,Meals,336,114,58,56,60,Rainy,Yes,4.7
2025-11-20,Thursday,Breakfast,Samosa,Snacks,322,112,55,57,20,Sunny,No,3.6
2025-10-11,Saturday,Lunch,Cold Drink,Drinks,393,151,120,31,30,Sunny,No,3.6
2025-12-17,Wednesday,Evening,Masala Dosa,Meals,328,125,75,50,60,Rainy,Yes,4.6
2025-05-23,Friday,Evening,Vada Pav,Snacks,319,119,67,52,25,Cloudy,Yes,3.4
2025-08-06,Wednesday,Lunch,Masala Dosa,Meals,494,158,144,14,60,Sunny,Yes,3.3
2025-11-26,Wednesday,Evening,Idli,Breakfast,222,97,41,56,35,Rainy,No,4.4
2025-09-01,Monday,Evening,Veg Thali,Meals,228,95,30,65,90,Rainy,No,3.6
2025-07-23,Wednesday,Evening,Coffee,Drinks,554,168,161,7,25,Sunny,Yes,4.7
2025-07-01,Tuesday,Breakfast,Tea,Drinks,342,123,76,47,15,Rainy,Yes,3.3
2025-10-07,Tuesday,Lunch,Tea,Drinks,415,136,95,41,15,Cloudy,No,3.6
2025-10-20,Monday,Breakfast,Masala Dosa,Meals,200,87,32,55,60,Sunny,Yes,4.3
2025-10-05,Sunday,Lunch,Veg Thali,Meals,164,89,25,64,90,Sunny,No,3.2
2025-01-22,Wednesday,Lunch,Veg Sandwich,Snacks,516,156,130,26,40,Sunny,No,4.4
2025-03-04,Tuesday,Evening,Pav Bhaji,Meals,593,172,164,8,70,Sunny,Yes,3.9
2025-07-01,Tuesday,Lunch,Samosa,Snacks,252,113,63,50,20,Rainy,Yes,4.6
2025-11-14,Friday,Evening,Coffee,Drinks,190,88,31,57,25,Rainy,No,3.6
2025-05-19,Monday,Lunch,Masala Dosa,Meals,165,88,34,54,60,Sunny,No,3.7
2025-12-12,Friday,Lunch,Coffee,Drinks,390,142,103,39,25,Cloudy,Yes,4.8
2025-06-27,Friday,Breakfast,Cold Drink,Drinks,257,96,42,54,30,Sunny,No,3.4
2025-07-07,Monday,Breakfast,Masala Dosa,Meals,511,134,92,42,60,Cloudy,Yes,4.5
2025-08-26,Tuesday,Evening,Cold Drink,Drinks,566,179,177,2,30,Cloudy,No,5.0
2025-04-06,Sunday,Lunch,Veg Sandwich,Snacks,383,134,85,49,40,Rainy,No,4.9
2025-10-22,Wednesday,Evening,Pav Bhaji,Meals,159,84,24,60,70,Rainy,No,3.2
2025-01-25,Saturday,Lunch,Cold Drink,Drinks,465,149,126,23,30,Cloudy,No,4.5
2025-03-11,Tuesday,Lunch,Veg Thali,Meals,404,145,109,36,90,Cloudy,Yes,3.1
2025-12-11,Thursday,Lunch,Veg Sandwich,Snacks,495,163,151,12,40,Cloudy,Yes,3.6
2025-04-18,Friday,Lunch,Idli,Breakfast,553,153,123,30,35,Cloudy,Yes,4.1
2025-12-18,Thursday,Breakfast,Veg Sandwich,Snacks,412,128,78,50,40,Cloudy,Yes,4.1
2025-10-10,Friday,Breakfast,Idli,Breakfast,260,101,45,56,35,Rainy,Yes,3.2
2025-10-31,Friday,Evening,Masala Dosa,Meals,436,149,115,34,60,Sunny,No,3.2
2025-06-20,Friday,Breakfast,Samosa,Snacks,584,165,152,13,20,Rainy,Yes,3.9
2025-01-05,Sunday,Breakfast,Cold Drink,Drinks,166,85,29,56,30,Rainy,No,4.7
2025-03-06,Thursday,Breakfast,Tea,Drinks,217,90,34,56,15,Cloudy,Yes,4.0
2025-04-26,Saturday,Breakfast,Cold Drink,Drinks,204,88,32,56,30,Cloudy,No,3.2
2025-09-08,Monday,Breakfast,Samosa,Snacks,255,108,54,54,20,Sunny,No,3.5
2025-05-03,Saturday,Lunch,Vada Pav,Snacks,515,172,169,3,25,Rainy,No,4.6
2025-06-26,Thursday,Lunch,Idli,Breakfast,276,115,56,59,35,Cloudy,No,3.2
2025-09-23,Tuesday,Breakfast,Pav Bhaji,Meals,373,113,55,58,70,Cloudy,No,4.2
2025-08-22,Friday,Breakfast,Coffee,Drinks,198,90,26,64,25,Cloudy,No,3.8
2025-10-01,Wednesday,Breakfast,Masala Dosa,Meals,297,115,55,60,60,Sunny,Yes,3.4
2025-05-26,Monday,Lunch,Veg Sandwich,Snacks,515,184,181,3,40,Cloudy,No,4.7
2025-09-16,Tuesday,Lunch,Pav Bhaji,Meals,378,133,88,45,70,Cloudy,No,3.6
2025-05-10,Saturday,Evening,Vada Pav,Snacks,208,87,28,59,25,Rainy,No,4.3
2025-02-24,Monday,Breakfast,Pav Bhaji,Meals,316,124,72,52,70,Rainy,No,4.6
2025-06-29,Sunday,Breakfast,Masala Dosa,Meals,543,140,100,40,60,Sunny,No,4.5
2025-07-14,Monday,Lunch,Veg Sandwich,Snacks,429,140,102,38,40,Rainy,No,4.2
2025-08-08,Friday,Evening,Masala Dosa,Meals,429,129,83,46,60,Cloudy,No,3.2
2025-06-07,Saturday,Breakfast,Vada Pav,Snacks,323,118,67,51,25,Rainy,Yes,4.7
2025-11-24,Monday,Breakfast,Veg Thali,Meals,592,165,158,7,90,Sunny,Yes,3.9
2025-03-11,Tuesday,Evening,Idli,Breakfast,378,121,76,45,35,Cloudy,No,3.3
2025-01-22,Wednesday,Lunch,Coffee,Drinks,473,170,161,9,25,Sunny,Yes,3.4
2025-07-12,Saturday,Lunch,Coffee,Drinks,382,145,106,39,25,Cloudy,No,4.7
2025-12-17,Wednesday,Evening,Veg Thali,Meals,253,108,56,52,90,Rainy,No,4.5
2025-02-27,Thursday,Evening,Vada Pav,Snacks,510,141,101,40,25,Sunny,Yes,3.1
2025-05-06,Tuesday,Lunch,Cold Drink,Drinks,243,112,57,55,30,Cloudy,Yes,3.4
2025-03-11,Tuesday,Breakfast,Masala Dosa,Meals,190,87,26,61,60,Rainy,Yes,3.6
2025-08-12,Tuesday,Evening,Pav Bhaji,Meals,199,89,35,54,70,Rainy,No,4.0
2025-11-25,Tuesday,Evening,Coffee,Drinks,419,129,84,45,25,Rainy,No,4.3
2025-09-09,Tuesday,Evening,Pav Bhaji,Meals,388,115,59,56,70,Rainy,No,4.7
2025-02-14,Friday,Lunch,Idli,Breakfast,581,161,152,9,35,Cloudy,No,4.2
2025-07-12,Saturday,Evening,Vada Pav,Snacks,559,144,112,32,25,Sunny,No,4.7
2025-04-15,Tuesday,Breakfast,Coffee,Drinks,493,144,117,27,25,Rainy,No,3.9
2025-12-05,Friday,Evening,Idli,Breakfast,418,118,62,56,35,Cloudy,Yes,3.4
2025-07-17,Thursday,Lunch,Veg Sandwich,Snacks,478,171,162,9,40,Sunny,Yes,3.5
2025-02-19,Wednesday,Lunch,Vada Pav,Snacks,170,94,33,61,25,Rainy,No,4.7
2025-04-25,Friday,Breakfast,Pav Bhaji,Meals,241,100,42,58,70,Rainy,No,3.9
2025-05-08,Thursday,Evening,Idli,Breakfast,363,136,96,40,35,Rainy,Yes,3.5
2025-11-20,Thursday,Evening,Idli,Breakfast,234,88,34,54,35,Rainy,No,3.6
2025-09-25,Thursday,Lunch,Cold Drink,Drinks,377,124,81,43,30,Cloudy,Yes,4.1
2025-07-30,Wednesday,Lunch,Tea,Drinks,227,98,42,56,15,Sunny,Yes,3.6
2025-02-04,Tuesday,Lunch,Masala Dosa,Meals,585,192,192,0,60,Sunny,No,4.8
2025-11-17,Monday,Breakfast,Veg Thali,Meals,435,128,76,52,90,Rainy,No,3.4
2025-01-26,Sunday,Breakfast,Cold Drink,Drinks,542,150,127,23,30,Cloudy,Yes,3.1
2025-03-31,Monday,Lunch,Samosa,Snacks,496,150,127,23,20,Cloudy,Yes,3.5
2025-05-05,Monday,Lunch,Masala Dosa,Meals,261,104,50,54,60,Sunny,Yes,3.3
2025-02-02,Sunday,Lunch,Coffee,Drinks,213,103,45,58,25,Rainy,No,3.3
2025-02-08,Saturday,Lunch,Coffee,Drinks,460,161,148,13,25,Rainy,No,4.2
2025-02-20,Thursday,Breakfast,Samosa,Snacks,403,142,108,34,20,Sunny,No,4.5
2025-02-11,Tuesday,Evening,Pav Bhaji,Meals,194,95,40,55,70,Cloudy,No,4.9
2025-12-17,Wednesday,Evening,Tea,Drinks,270,96,40,56,15,Sunny,Yes,3.1
2025-05-21,Wednesday,Evening,Tea,Drinks,568,172,172,0,15,Sunny,No,3.6
2025-11-09,Sunday,Lunch,Tea,Drinks,237,99,41,58,15,Cloudy,Yes,3.1
2025-08-06,Wednesday,Lunch,Cold Drink,Drinks,502,150,127,23,30,Cloudy,No,4.8
2025-04-20,Sunday,Lunch,Cold Drink,Drinks,340,125,80,45,30,Rainy,No,4.8
2025-08-26,Tuesday,Breakfast,Vada Pav,Snacks,183,91,35,56,25,Rainy,Yes,4.7
2025-02-14,Friday,Lunch,Tea,Drinks,519,147,122,25,15,Rainy,No,4.5
2025-09-08,Monday,Evening,Veg Sandwich,Snacks,150,81,24,57,40,Sunny,Yes,4.7
2025-03-24,Monday,Evening,Veg Thali,Meals,306,109,60,49,90,Cloudy,Yes,3.6
2025-04-11,Friday,Breakfast,Veg Sandwich,Snacks,262,102,49,53,40,Rainy,No,3.1
2025-05-27,Tuesday,Lunch,Pav Bhaji,Meals,576,189,181,8,70,Rainy,No,4.3
2025-10-04,Saturday,Lunch,Cold Drink,Drinks,480,161,146,15,30,Rainy,No,4.0
2025-05-20,Tuesday,Evening,Masala Dosa,Meals,507,140,105,35,60,Sunny,Yes,3.3
2025-07-13,Sunday,Evening,Tea,Drinks,406,135,90,45,15,Cloudy,Yes,3.9
2025-07-10,Thursday,Evening,Coffee,Drinks,422,128,86,42,25,Cloudy,No,4.4
2025-07-17,Thursday,Lunch,Masala Dosa,Meals,152,81,21,60,60,Rainy,Yes,3.6
2025-01-10,Friday,Evening,Samosa,Snacks,263,96,37,59,20,Sunny,Yes,3.7
2025-05-13,Tuesday,Breakfast,Vada Pav,Snacks,233,93,30,63,25,Cloudy,No,4.4
2025-07-11,Friday,Evening,Veg Sandwich,Snacks,442,134,96,38,40,Cloudy,No,4.3
2025-08-16,Saturday,Breakfast,Samosa,Snacks,296,112,57,55,20,Rainy,Yes,3.8
2025-03-16,Sunday,Evening,Veg Thali,Meals,401,115,63,52,90,Cloudy,No,3.3
2025-12-15,Monday,Evening,Veg Sandwich,Snacks,396,115,59,56,40,Sunny,Yes,3.6
2025-09-28,Sunday,Evening,Tea,Drinks,289,111,52,59,15,Sunny,No,4.2
2025-07-19,Saturday,Evening,Coffee,Drinks,458,150,124,26,25,Sunny,Yes,4.5
2025-05-06,Tuesday,Evening,Masala Dosa,Meals,520,166,157,9,60,Sunny,No,4.0
2025-10-10,Friday,Evening,Tea,Drinks,417,128,76,52,15,Rainy,Yes,4.9
2025-04-18,Friday,Evening,Tea,Drinks,425,130,89,41,15,Sunny,No,3.3
2025-06-20,Friday,Breakfast,Coffee,Drinks,563,161,145,16,25,Rainy,Yes,3.5
2025-11-20,Thursday,Lunch,Vada Pav,Snacks,208,94,36,58,25,Rainy,Yes,3.5
2025-11-02,Sunday,Lunch,Veg Sandwich,Snacks,491,176,169,7,40,Sunny,Yes,4.2
2025-11-12,Wednesday,Evening,Pav Bhaji,Meals,179,85,30,55,70,Rainy,No,3.3
2025-12-06,Saturday,Evening,Tea,Drinks,244,106,49,57,15,Rainy,Yes,3.8
2025-08-22,Friday,Evening,Coffee,Drinks,562,181,181,0,25,Rainy,No,4.4
2025-12-26,Friday,Evening,Coffee,Drinks,188,94,28,66,25,Rainy,Yes,3.7
2025-10-23,Thursday,Lunch,Veg Thali,Meals,370,125,75,50,90,Rainy,Yes,3.4
2025-09-06,Saturday,Lunch,Veg Sandwich,Snacks,492,178,171,7,40,Cloudy,Yes,3.8
2025-01-29,Wednesday,Evening,Masala Dosa,Meals,273,114,64,50,60,Sunny,No,3.9
2025-04-07,Monday,Lunch,Pav Bhaji,Meals,205,100,36,64,70,Rainy,No,4.2
2025-07-29,Tuesday,Lunch,Samosa,Snacks,258,98,36,62,20,Sunny,No,4.9
2025-08-30,Saturday,Breakfast,Veg Thali,Meals,389,130,83,47,90,Cloudy,Yes,4.0
2025-03-17,Monday,Lunch,Cold Drink,Drinks,315,120,70,50,30,Sunny,Yes,4.9
2025-12-28,Sunday,Lunch,Masala Dosa,Meals,410,143,114,29,60,Rainy,No,4.6
2025-01-14,Tuesday,Evening,Idli,Breakfast,565,160,146,14,35,Rainy,No,4.9
2025-10-19,Sunday,Breakfast,Veg Thali,Meals,480,161,139,22,90,Cloudy,Yes,4.7
2025-11-12,Wednesday,Breakfast,Veg Thali,Meals,407,126,81,45,90,Cloudy,Yes,4.0
2025-05-20,Tuesday,Breakfast,Veg Thali,Meals,556,181,181,0,90,Cloudy,Yes,3.6
2025-10-17,Friday,Lunch,Samosa,Snacks,516,166,158,8,20,Sunny,No,4.2
2025-08-16,Saturday,Lunch,Vada Pav,Snacks,226,104,44,60,25,Sunny,Yes,4.7
2025-07-13,Sunday,Evening,Samosa,Snacks,537,146,108,38,20,Cloudy,Yes,3.0
2025-09-12,Friday,Breakfast,Vada Pav,Snacks,385,137,97,40,25,Cloudy,Yes,4.7
2025-11-10,Monday,Lunch,Tea,Drinks,505,177,177,0,15,Rainy,Yes,3.1
2025-06-13,Friday,Breakfast,Veg Thali,Meals,333,120,72,48,90,Sunny,No,3.0
2025-08-11,Monday,Evening,Samosa,Snacks,229,93,27,66,20,Sunny,No,3.1
2025-07-26,Saturday,Evening,Idli,Breakfast,500,144,109,35,35,Sunny,No,4.9
2025-04-23,Wednesday,Evening,Vada Pav,Snacks,592,157,135,22,25,Sunny,No,4.9
2025-06-23,Monday,Breakfast,Masala Dosa,Meals,242,94,36,58,60,Sunny,Yes,5.0
2025-06-08,Sunday,Lunch,Samosa,Snacks,247,108,52,56,20,Rainy,No,3.8
2025-11-04,Tuesday,Breakfast,Masala Dosa,Meals,176,82,25,57,60,Sunny,Yes,3.7
2025-01-22,Wednesday,Lunch,Veg Sandwich,Snacks,328,126,82,44,40,Rainy,No,3.1
2025-08-09,Saturday,Breakfast,Tea,Drinks,207,96,38,58,15,Rainy,Yes,4.7
2025-05-30,Friday,Breakfast,Cold Drink,Drinks,481,144,106,38,30,Sunny,Yes,5.0
2025-12-18,Thursday,Lunch,Idli,Breakfast,556,188,181,7,35,Rainy,Yes,3.1
2025-06-10,Tuesday,Breakfast,Cold Drink,Drinks,375,114,63,51,30,Rainy,No,4.9
2025-05-01,Thursday,Breakfast,Vada Pav,Snacks,432,131,81,50,25,Cloudy,Yes,4.0
2025-01-25,Saturday,Lunch,Tea,Drinks,592,194,194,0,15,Sunny,Yes,3.2
2025-12-01,Monday,Lunch,Veg Sandwich,Snacks,284,119,68,51,40,Rainy,No,4.1
2025-06-16,Monday,Lunch,Idli,Breakfast,432,139,94,45,35,Sunny,No,4.2
2025-05-04,Sunday,Evening,Tea,Drinks,330,105,53,52,15,Cloudy,No,3.4
2025-09-13,Saturday,Evening,Veg Sandwich,Snacks,501,150,119,31,40,Cloudy,No,4.1
2025-01-19,Sunday,Lunch,Tea,Drinks,344,115,66,49,15,Sunny,Yes,4.9
2025-01-25,Saturday,Lunch,Tea,Drinks,153,81,21,60,15,Rainy,No,4.7
2025-07-04,Friday,Breakfast,Samosa,Snacks,220,100,35,65,20,Rainy,Yes,3.8
2025-11-18,Tuesday,Lunch,Tea,Drinks,371,120,67,53,15,Sunny,No,4.2
2025-09-19,Friday,Lunch,Pav Bhaji,Meals,506,157,137,20,70,Cloudy,No,4.8
2025-04-19,Saturday,Lunch,Idli,Breakfast,508,180,175,5,35,Sunny,Yes,4.0
2025-04-26,Saturday,Lunch,Vada Pav,Snacks,598,193,189,4,25,Rainy,Yes,4.7
2025-02-12,Wednesday,Evening,Idli,Breakfast,524,158,132,26,35,Cloudy,Yes,3.3
2025-08-05,Tuesday,Lunch,Coffee,Drinks,186,88,32,56,25,Cloudy,Yes,3.5
2025-02-11,Tuesday,Breakfast,Samosa,Snacks,566,147,119,28,20,Rainy,Yes,3.8
2025-12-11,Thursday,Breakfast,Masala Dosa,Meals,398,144,111,33,60,Cloudy,Yes,3.2
2025-04-23,Wednesday,Breakfast,Veg Sandwich,Snacks,463,128,79,49,40,Rainy,Yes,3.7
2025-03-25,Tuesday,Breakfast,Coffee,Drinks,423,128,78,50,25,Sunny,Yes,4.6
2025-04-03,Thursday,Evening,Coffee,Drinks,285,113,58,55,25,Rainy,Yes,3.6
2025-10-10,Friday,Lunch,Tea,Drinks,539,181,177,4,15,Rainy,Yes,4.8
2025-01-21,Tuesday,Breakfast,Veg Sandwich,Snacks,516,169,167,2,40,Cloudy,No,4.5
2025-10-06,Monday,Breakfast,Pav Bhaji,Meals,390,140,108,32,70,Cloudy,Yes,3.6
2025-04-24,Thursday,Evening,Cold Drink,Drinks,502,148,112,36,30,Rainy,No,4.1
2025-01-26,Sunday,Lunch,Coffee,Drinks,467,159,144,15,25,Rainy,No,4.8
2025-05-25,Sunday,Evening,Cold Drink,Drinks,596,176,176,0,30,Sunny,No,4.3
2025-02-28,Friday,Lunch,Veg Thali,Meals,368,143,111,32,90,Cloudy,Yes,4.2
2025-05-10,Saturday,Breakfast,Coffee,Drinks,197,94,34,60,25,Sunny,Yes,4.8
2025-08-01,Friday,Breakfast,Tea,Drinks,350,114,65,49,15,Cloudy,No,3.6
2025-06-20,Friday,Breakfast,Tea,Drinks,262,100,40,60,15,Cloudy,No,4.2
2025-06-30,Monday,Evening,Idli,Breakfast,173,81,27,54,35,Sunny,Yes,4.6
2025-04-30,Wednesday,Evening,Samosa,Snacks,577,151,123,28,20,Cloudy,Yes,4.9
2025-09-19,Friday,Lunch,Idli,Breakfast,480,143,107,36,35,Sunny,No,4.8
2025-10-08,Wednesday,Evening,Masala Dosa,Meals,356,122,65,57,60,Sunny,No,4.3
2025-04-16,Wednesday,Breakfast,Samosa,Snacks,487,152,120,32,20,Cloudy,Yes,4.4
2025-04-11,Friday,Lunch,Tea,Drinks,208,102,40,62,15,Sunny,No,4.0
2025-05-29,Thursday,Lunch,Masala Dosa,Meals,302,128,84,44,60,Cloudy,No,4.6
2025-08-17,Sunday,Breakfast,Vada Pav,Snacks,266,102,44,58,25,Rainy,Yes,3.2
2025-12-24,Wednesday,Lunch,Cold Drink,Drinks,232,102,42,60,30,Sunny,No,4.3
2025-09-25,Thursday,Lunch,Masala Dosa,Meals,211,100,45,55,60,Sunny,No,4.0
2025-01-08,Wednesday,Evening,Coffee,Drinks,307,100,42,58,25,Cloudy,No,3.4
2025-09-02,Tuesday,Breakfast,Idli,Breakfast,471,152,125,27,35,Cloudy,Yes,3.8
2025-08-13,Wednesday,Lunch,Idli,Breakfast,442,137,93,44,35,Sunny,No,4.5
2025-05-15,Thursday,Breakfast,Pav Bhaji,Meals,213,94,32,62,70,Sunny,Yes,3.7
2025-02-09,Sunday,Evening,Vada Pav,Snacks,298,119,68,51,25,Sunny,No,4.9
2025-05-02,Friday,Lunch,Cold Drink,Drinks,278,122,78,44,30,Sunny,Yes,4.5
2025-12-10,Wednesday,Lunch,Veg Sandwich,Snacks,575,168,155,13,40,Rainy,No,3.6
2025-06-16,Monday,Breakfast,Masala Dosa,Meals,402,140,96,44,60,Rainy,No,3.2
2025-07-04,Friday,Lunch,Idli,Breakfast,198,101,37,64,35,Cloudy,No,3.8
2025-06-02,Monday,Breakfast,Pav Bhaji,Meals,392,127,81,46,70,Sunny,Yes,3.5
2025-11-13,Thursday,Breakfast,Masala Dosa,Meals,286,107,44,63,60,Sunny,No,4.2
2025-09-07,Sunday,Breakfast,Idli,Breakfast,341,122,69,53,35,Cloudy,Yes,4.8
2025-02-22,Saturday,Lunch,Idli,Breakfast,333,126,83,43,35,Sunny,No,4.3
2025-06-17,Tuesday,Evening,Masala Dosa,Meals,427,131,80,51,60,Cloudy,Yes,4.9
2025-08-28,Thursday,Breakfast,Idli,Breakfast,351,129,84,45,35,Cloudy,Yes,3.1
2025-05-12,Monday,Breakfast,Cold Drink,Drinks,415,143,105,38,30,Sunny,No,4.1
2025-08-28,Thursday,Evening,Vada Pav,Snacks,250,106,51,55,25,Rainy,Yes,3.1
2025-01-09,Thursday,Lunch,Tea,Drinks,291,104,40,64,15,Cloudy,No,4.3
2025-07-13,Sunday,Evening,Veg Sandwich,Snacks,283,110,57,53,40,Cloudy,Yes,3.1
2025-02-12,Wednesday,Evening,Coffee,Drinks,268,94,35,59,25,Sunny,Yes,4.3
2025-07-13,Sunday,Breakfast,Vada Pav,Snacks,563,148,123,25,25,Cloudy,Yes,4.0
2025-08-07,Thursday,Evening,Pav Bhaji,Meals,180,81,25,56,70,Cloudy,Yes,3.8
2025-01-23,Thursday,Lunch,Idli,Breakfast,174,85,22,63,35,Cloudy,No,3.7
2025-03-14,Friday,Breakfast,Tea,Drinks,537,147,112,35,15,Rainy,No,3.1
2025-06-26,Thursday,Breakfast,Idli,Breakfast,389,137,92,45,35,Sunny,No,3.4
2025-12-04,Thursday,Lunch,Idli,Breakfast,450,139,94,45,35,Cloudy,No,4.3
2025-02-01,Saturday,Evening,Veg Sandwich,Snacks,462,130,82,48,40,Rainy,No,4.8
2025-12-25,Thursday,Lunch,Samosa,Snacks,282,105,54,51,20,Rainy,Yes,3.8
2025-02-16,Sunday,Breakfast,Idli,Breakfast,464,140,102,38,35,Sunny,Yes,3.6
2025-01-26,Sunday,Evening,Vada Pav,Snacks,507,166,151,15,25,Cloudy,No,3.9
2025-01-22,Wednesday,Lunch,Vada Pav,Snacks,426,135,95,40,25,Rainy,Yes,3.5
2025-07-04,Friday,Lunch,Idli,Breakfast,465,169,160,9,35,Sunny,No,3.7
2025-10-15,Wednesday,Evening,Vada Pav,Snacks,229,98,36,62,25,Cloudy,Yes,4.7
2025-06-14,Saturday,Breakfast,Idli,Breakfast,288,106,49,57,35,Rainy,No,3.7
2025-02-22,Saturday,Breakfast,Cold Drink,Drinks,583,188,182,6,30,Rainy,No,4.1
2025-08-08,Friday,Lunch,Tea,Drinks,366,120,63,57,15,Cloudy,No,4.5
2025-02-10,Monday,Breakfast,Vada Pav,Snacks,471,134,97,37,25,Sunny,Yes,4.9
2025-09-22,Monday,Lunch,Pav Bhaji,Meals,552,160,140,20,70,Sunny,No,3.6
2025-09-19,Friday,Breakfast,Pav Bhaji,Meals,297,115,61,54,70,Rainy,No,3.6
2025-09-17,Wednesday,Evening,Masala Dosa,Meals,466,145,107,38,60,Cloudy,Yes,3.7
2025-07-10,Thursday,Lunch,Masala Dosa,Meals,168,93,38,55,60,Rainy,Yes,3.5
2025-06-23,Monday,Breakfast,Samosa,Snacks,330,108,49,59,20,Sunny,No,4.6
2025-08-04,Monday,Breakfast,Tea,Drinks,422,149,117,32,15,Rainy,Yes,3.9
2025-07-03,Thursday,Lunch,Pav Bhaji,Meals,362,132,92,40,70,Sunny,Yes,4.8
2025-01-20,Monday,Breakfast,Veg Sandwich,Snacks,233,100,38,62,40,Sunny,Yes,4.2
2025-07-06,Sunday,Breakfast,Vada Pav,Snacks,199,84,20,64,25,Cloudy,Yes,4.1
2025-05-13,Tuesday,Breakfast,Veg Thali,Meals,214,97,42,55,90,Sunny,No,3.3
2025-03-07,Friday,Breakfast,Veg Thali,Meals,285,115,56,59,90,Cloudy,Yes,3.7
2025-01-19,Sunday,Lunch,Pav Bhaji,Meals,213,97,45,52,70,Rainy,No,3.9
2025-10-09,Thursday,Evening,Veg Sandwich,Snacks,542,164,156,8,40,Sunny,Yes,4.2
2025-04-17,Thursday,Breakfast,Tea,Drinks,424,125,72,53,15,Cloudy,Yes,4.4
2025-07-21,Monday,Breakfast,Pav Bhaji,Meals,331,118,60,58,70,Cloudy,No,3.4
2025-07-18,Friday,Evening,Idli,Breakfast,511,134,98,36,35,Sunny,Yes,3.7
2025-02-12,Wednesday,Evening,Coffee,Drinks,276,109,47,62,25,Sunny,Yes,3.7
2025-06-24,Tuesday,Lunch,Vada Pav,Snacks,382,134,97,37,25,Rainy,No,3.3
2025-07-15,Tuesday,Breakfast,Vada Pav,Snacks,599,166,149,17,25,Sunny,No,5.0
2025-10-26,Sunday,Breakfast,Veg Sandwich,Snacks,468,143,103,40,40,Rainy,No,4.2
2025-07-11,Friday,Breakfast,Coffee,Drinks,506,151,126,25,25,Rainy,No,5.0
2025-10-19,Sunday,Evening,Idli,Breakfast,439,154,133,21,35,Sunny,Yes,3.2
2025-11-18,Tuesday,Evening,Veg Thali,Meals,437,129,78,51,90,Rainy,No,3.3
2025-12-04,Thursday,Breakfast,Idli,Breakfast,506,133,87,46,35,Rainy,Yes,3.2
2025-06-22,Sunday,Breakfast,Coffee,Drinks,584,184,182,2,25,Cloudy,No,3.4
2025-04-15,Tuesday,Breakfast,Vada Pav,Snacks,600,153,133,20,25,Cloudy,Yes,4.6
2025-11-06,Thursday,Lunch,Tea,Drinks,372,142,107,35,15,Rainy,No,3.7
2025-10-04,Saturday,Evening,Veg Thali,Meals,258,99,35,64,90,Sunny,Yes,3.1
2025-12-10,Wednesday,Evening,Tea,Drinks,331,121,67,54,15,Sunny,No,4.7
2025-04-16,Wednesday,Evening,Tea,Drinks,525,164,146,18,15,Cloudy,No,3.0
2025-07-01,Tuesday,Lunch,Coffee,Drinks,183,97,41,56,25,Rainy,Yes,3.1
2025-12-05,Friday,Breakfast,Coffee,Drinks,319,102,48,54,25,Rainy,No,4.1
2025-10-24,Friday,Lunch,Cold Drink,Drinks,346,130,83,47,30,Rainy,No,4.7
2025-06-03,Tuesday,Breakfast,Veg Thali,Meals,232,92,30,62,90,Sunny,Yes,4.5
2025-03-27,Thursday,Evening,Samosa,Snacks,236,89,24,65,20,Cloudy,No,4.3
2025-01-03,Friday,Evening,Cold Drink,Drinks,205,93,27,66,30,Rainy,Yes,4.3
2025-11-13,Thursday,Evening,Samosa,Snacks,312,118,63,55,20,Sunny,No,3.0
2025-01-31,Friday,Evening,Pav Bhaji,Meals,157,83,27,56,70,Rainy,Yes,3.5
2025-11-19,Wednesday,Lunch,Vada Pav,Snacks,457,166,162,4,25,Rainy,No,3.8
2025-02-06,Thursday,Breakfast,Vada Pav,Snacks,561,160,141,19,25,Cloudy,No,4.4
2025-12-19,Friday,Breakfast,Idli,Breakfast,528,149,122,27,35,Sunny,No,4.9
2025-07-23,Wednesday,Breakfast,Veg Thali,Meals,214,93,28,65,90,Cloudy,Yes,3.9
2025-12-29,Monday,Evening,Veg Thali,Meals,220,101,47,54,90,Cloudy,Yes,4.4
2025-07-24,Thursday,Evening,Pav Bhaji,Meals,534,154,137,17,70,Rainy,Yes,4.9
2025-08-10,Sunday,Evening,Vada Pav,Snacks,159,82,24,58,25,Rainy,Yes,3.2
2025-03-20,Thursday,Lunch,Tea,Drinks,349,138,104,34,15,Sunny,No,4.5
2025-01-21,Tuesday,Evening,Coffee,Drinks,150,81,28,53,25,Sunny,Yes,3.9
2025-12-28,Sunday,Breakfast,Idli,Breakfast,372,120,63,57,35,Rainy,Yes,4.7
2025-12-18,Thursday,Lunch,Idli,Breakfast,189,90,27,63,35,Sunny,No,3.5
2025-08-14,Thursday,Breakfast,Vada Pav,Snacks,493,138,102,36,25,Cloudy,Yes,3.9
2025-09-30,Tuesday,Lunch,Veg Sandwich,Snacks,307,118,66,52,40,Rainy,Yes,4.8
2025-10-09,Thursday,Lunch,Vada Pav,Snacks,543,170,166,4,25,Cloudy,Yes,3.3
2025-12-17,Wednesday,Breakfast,Pav Bhaji,Meals,267,93,30,63,70,Sunny,Yes,4.8
2025-04-06,Sunday,Lunch,Tea,Drinks,444,148,115,33,15,Cloudy,No,4.8
2025-02-04,Tuesday,Breakfast,Masala Dosa,Meals,185,81,21,60,60,Sunny,No,4.0
2025-11-09,Sunday,Lunch,Cold Drink,Drinks,534,156,133,23,30,Rainy,No,4.3
2025-04-12,Saturday,Breakfast,Pav Bhaji,Meals,304,112,64,48,70,Sunny,Yes,4.2
2025-04-16,Wednesday,Evening,Veg Thali,Meals,504,141,102,39,90,Rainy,Yes,4.6
2025-11-24,Monday,Lunch,Masala Dosa,Meals,589,179,171,8,60,Rainy,No,3.4
2025-06-06,Friday,Lunch,Masala Dosa,Meals,318,117,60,57,60,Sunny,No,4.0
2025-11-24,Monday,Breakfast,Masala Dosa,Meals,221,99,42,57,60,Cloudy,Yes,4.3
2025-04-06,Sunday,Evening,Idli,Breakfast,378,131,89,42,35,Rainy,Yes,4.7
2025-07-01,Tuesday,Lunch,Coffee,Drinks,311,131,83,48,25,Rainy,Yes,3.7
2025-03-03,Monday,Evening,Idli,Breakfast,404,124,74,50,35,Sunny,No,3.6
2025-03-15,Saturday,Breakfast,Samosa,Snacks,315,104,44,60,20,Cloudy,Yes,5.0
2025-09-15,Monday,Breakfast,Veg Sandwich,Snacks,381,114,57,57,40,Cloudy,Yes,3.3
2025-11-21,Friday,Breakfast,Masala Dosa,Meals,483,137,104,33,60,Cloudy,Yes,3.0
2025-06-27,Friday,Breakfast,Tea,Drinks,459,131,86,45,15,Rainy,No,4.9
2025-03-27,Thursday,Lunch,Vada Pav,Snacks,523,183,180,3,25,Sunny,Yes,4.9
2025-05-14,Wednesday,Evening,Pav Bhaji,Meals,295,108,53,55,70,Sunny,No,4.3
2025-09-04,Thursday,Evening,Tea,Drinks,395,125,80,45,15,Rainy,No,4.7
2025-04-06,Sunday,Lunch,Idli,Breakfast,413,127,85,42,35,Cloudy,Yes,3.2
2025-04-30,Wednesday,Breakfast,Masala Dosa,Meals,217,98,46,52,60,Cloudy,Yes,3.9
2025-03-29,Saturday,Evening,Tea,Drinks,491,151,124,27,15,Cloudy,Yes,3.1
2025-11-05,Wednesday,Lunch,Idli,Breakfast,198,88,33,55,35,Rainy,No,3.9
2025-08-05,Tuesday,Breakfast,Tea,Drinks,528,157,138,19,15,Sunny,Yes,4.9
2025-12-20,Saturday,Breakfast,Tea,Drinks,164,86,28,58,15,Cloudy,Yes,3.9
2025-06-10,Tuesday,Evening,Tea,Drinks,186,90,33,57,15,Cloudy,Yes,4.8
2025-07-15,Tuesday,Breakfast,Pav Bhaji,Meals,464,130,84,46,70,Sunny,Yes,4.9
2025-08-20,Wednesday,Evening,Idli,Breakfast,173,88,22,66,35,Rainy,No,3.8
2025-01-08,Wednesday,Breakfast,Veg Sandwich,Snacks,566,154,134,20,40,Rainy,Yes,4.9
2025-02-06,Thursday,Breakfast,Vada Pav,Snacks,175,81,28,53,25,Sunny,No,4.7
2025-03-13,Thursday,Breakfast,Cold Drink,Drinks,470,151,130,21,30,Cloudy,No,3.2
2025-12-18,Thursday,Breakfast,Idli,Breakfast,470,142,102,40,35,Sunny,Yes,3.4
2025-04-15,Tuesday,Breakfast,Pav Bhaji,Meals,526,144,112,32,70,Rainy,Yes,4.1
2025-12-12,Friday,Lunch,Samosa,Snacks,204,102,48,54,20,Rainy,Yes,4.5
2025-11-14,Friday,Evening,Coffee,Drinks,540,174,168,6,25,Rainy,No,4.1
2025-12-05,Friday,Lunch,Idli,Breakfast,230,99,41,58,35,Cloudy,No,4.9
2025-03-22,Saturday,Breakfast,Tea,Drinks,153,76,20,56,15,Rainy,No,4.5
2025-07-28,Monday,Lunch,Samosa,Snacks,305,125,76,49,20,Cloudy,No,3.7
2025-05-19,Monday,Breakfast,Veg Sandwich,Snacks,356,118,60,58,40,Sunny,Yes,3.6
2025-12-13,Saturday,Evening,Veg Thali,Meals,564,166,160,6,90,Rainy,Yes,3.9
2025-01-26,Sunday,Breakfast,Idli,Breakfast,413,123,79,44,35,Sunny,Yes,3.0
2025-05-20,Tuesday,Breakfast,Masala Dosa,Meals,449,153,130,23,60,Sunny,No,4.4
2025-03-01,Saturday,Breakfast,Coffee,Drinks,452,153,121,32,25,Cloudy,Yes,4.3
2025-01-01,Wednesday,Lunch,Veg Thali,Meals,442,161,142,19,90,Cloudy,Yes,3.5
2025-03-29,Saturday,Lunch,Samosa,Snacks,572,181,181,0,20,Rainy,Yes,4.9
2025-03-14,Friday,Evening,Cold Drink,Drinks,293,114,54,60,30,Rainy,No,4.6
2025-07-29,Tuesday,Breakfast,Tea,Drinks,453,151,121,30,15,Sunny,No,4.7
2025-09-24,Wednesday,Evening,Cold Drink,Drinks,542,176,176,0,30,Cloudy,Yes,4.3
2025-04-30,Wednesday,Breakfast,Masala Dosa,Meals,409,131,91,40,60,Sunny,Yes,3.6
2025-12-31,Wednesday,Evening,Veg Thali,Meals,189,87,23,64,90,Sunny,Yes,3.4
2025-06-21,Saturday,Evening,Veg Thali,Meals,212,86,32,54,90,Rainy,No,4.1
2025-09-27,Saturday,Lunch,Samosa,Snacks,560,168,161,7,20,Cloudy,Yes,3.1
2025-03-02,Sunday,Lunch,Veg Thali,Meals,553,170,167,3,90,Cloudy,No,3.5
2025-09-03,Wednesday,Breakfast,Masala Dosa,Meals,237,102,38,64,60,Rainy,Yes,4.6
2025-04-02,Wednesday,Evening,Samosa,Snacks,323,119,73,46,20,Rainy,No,3.2
2025-07-08,Tuesday,Evening,Samosa,Snacks,211,88,22,66,20,Sunny,Yes,3.3
2025-07-09,Wednesday,Breakfast,Pav Bhaji,Meals,474,145,113,32,70,Rainy,No,4.2
2025-02-19,Wednesday,Lunch,Veg Sandwich,Snacks,425,151,122,29,40,Sunny,Yes,3.9
2025-02-11,Tuesday,Lunch,Coffee,Drinks,568,158,139,19,25,Cloudy,No,3.2
2025-10-15,Wednesday,Evening,Vada Pav,Snacks,387,138,100,38,25,Rainy,No,4.5
2025-08-24,Sunday,Breakfast,Cold Drink,Drinks,189,92,34,58,30,Rainy,Yes,3.5
2025-09-13,Saturday,Evening,Coffee,Drinks,532,175,166,9,25,Sunny,No,4.3
2025-05-11,Sunday,Lunch,Masala Dosa,Meals,150,80,22,58,60,Rainy,Yes,3.3
2025-02-18,Tuesday,Breakfast,Samosa,Snacks,510,164,147,17,20,Sunny,No,3.6
2025-02-17,Monday,Evening,Veg Thali,Meals,527,146,111,35,90,Sunny,Yes,3.6
2025-10-18,Saturday,Lunch,Cold Drink,Drinks,470,143,106,37,30,Rainy,No,4.1
2025-04-24,Thursday,Lunch,Idli,Breakfast,578,198,198,0,35,Sunny,Yes,3.9
2025-09-27,Saturday,Evening,Idli,Breakfast,265,100,35,65,35,Sunny,No,3.5
2025-11-13,Thursday,Lunch,Samosa,Snacks,491,165,150,15,20,Sunny,Yes,3.1
2025-07-19,Saturday,Lunch,Samosa,Snacks,394,144,105,39,20,Sunny,No,3.8
2025-07-25,Friday,Evening,Veg Thali,Meals,587,180,179,1,90,Cloudy,No,4.3
2025-03-11,Tuesday,Evening,Veg Sandwich,Snacks,456,128,79,49,40,Rainy,No,4.5
2025-02-06,Thursday,Evening,Samosa,Snacks,423,137,94,43,20,Cloudy,No,4.6
2025-05-11,Sunday,Lunch,Veg Sandwich,Snacks,317,112,55,57,40,Cloudy,No,4.0
2025-08-25,Monday,Breakfast,Samosa,Snacks,554,175,175,0,20,Sunny,No,4.9
2025-03-20,Thursday,Breakfast,Idli,Breakfast,188,93,31,62,35,Cloudy,Yes,4.2
2025-05-31,Saturday,Breakfast,Coffee,Drinks,526,169,157,12,25,Rainy,Yes,4.8
2025-01-15,Wednesday,Breakfast,Coffee,Drinks,178,84,31,53,25,Rainy,No,4.1
2025-07-12,Saturday,Breakfast,Coffee,Drinks,218,98,41,57,25,Sunny,No,3.4
2025-06-27,Friday,Evening,Veg Thali,Meals,522,166,153,13,90,Rainy,Yes,4.0
2025-07-07,Monday,Evening,Coffee,Drinks,195,86,24,62,25,Sunny,No,3.8
2025-12-21,Sunday,Lunch,Samosa,Snacks,498,158,137,21,20,Cloudy,No,3.9
2025-06-21,Saturday,Lunch,Samosa,Snacks,192,86,27,59,20,Sunny,Yes,3.0
2025-09-25,Thursday,Evening,Veg Sandwich,Snacks,504,160,145,15,40,Cloudy,Yes,3.8
2025-11-20,Thursday,Evening,Vada Pav,Snacks,561,156,140,16,25,Cloudy,Yes,3.7
2025-06-26,Thursday,Lunch,Tea,Drinks,190,95,42,53,15,Cloudy,Yes,5.0
2025-05-02,Friday,Breakfast,Pav Bhaji,Meals,596,170,170,0,70,Rainy,No,4.0
2025-02-03,Monday,Evening,Tea,Drinks,494,158,144,14,15,Rainy,Yes,3.5
2025-05-24,Saturday,Breakfast,Vada Pav,Snacks,453,141,101,40,25,Rainy,No,3.3
2025-03-05,Wednesday,Evening,Veg Sandwich,Snacks,183,82,25,57,40,Rainy,Yes,4.1
2025-04-22,Tuesday,Breakfast,Idli,Breakfast,157,76,17,59,35,Cloudy,Yes,4.9
2025-08-04,Monday,Lunch,Cold Drink,Drinks,308,110,51,59,30,Rainy,Yes,3.1
2025-06-23,Monday,Lunch,Pav Bhaji,Meals,526,181,179,2,70,Sunny,Yes,4.1
2025-01-20,Monday,Evening,Idli,Breakfast,173,86,21,65,35,Rainy,No,4.4
2025-08-25,Monday,Evening,Idli,Breakfast,438,134,91,43,35,Sunny,No,4.2
2025-02-04,Tuesday,Evening,Idli,Breakfast,207,95,35,60,35,Rainy,Yes,4.8
2025-09-29,Monday,Evening,Masala Dosa,Meals,344,121,69,52,60,Sunny,No,3.2
2025-12-25,Thursday,Breakfast,Tea,Drinks,377,136,95,41,15,Rainy,No,4.8
2025-08-23,Saturday,Lunch,Vada Pav,Snacks,456,167,163,4,25,Cloudy,No,3.4
2025-07-16,Wednesday,Evening,Samosa,Snacks,333,127,81,46,20,Cloudy,No,4.5
2025-12-10,Wednesday,Evening,Veg Thali,Meals,199,86,32,54,90,Rainy,Yes,3.3
2025-08-16,Saturday,Lunch,Veg Sandwich,Snacks,335,121,69,52,40,Sunny,No,3.1
2025-08-09,Saturday,Breakfast,Veg Thali,Meals,301,111,61,50,90,Rainy,Yes,4.7
2025-10-02,Thursday,Evening,Tea,Drinks,376,135,88,47,15,Rainy,No,3.5
2025-10-21,Tuesday,Breakfast,Idli,Breakfast,252,92,30,62,35,Rainy,No,4.7
2025-02-11,Tuesday,Lunch,Vada Pav,Snacks,161,83,26,57,25,Sunny,Yes,4.6
2025-10-03,Friday,Lunch,Masala Dosa,Meals,432,148,123,25,60,Rainy,Yes,4.9
2025-06-09,Monday,Breakfast,Veg Thali,Meals,349,119,66,53,90,Sunny,No,4.4
2025-04-11,Friday,Lunch,Coffee,Drinks,535,166,152,14,25,Sunny,Yes,4.0
2025-04-27,Sunday,Breakfast,Veg Sandwich,Snacks,406,123,72,51,40,Rainy,Yes,4.6
2025-06-08,Sunday,Lunch,Cold Drink,Drinks,295,123,78,45,30,Sunny,Yes,4.9
2025-01-22,Wednesday,Evening,Pav Bhaji,Meals,301,111,50,61,70,Rainy,No,4.0
2025-12-07,Sunday,Breakfast,Veg Sandwich,Snacks,550,163,143,20,40,Cloudy,Yes,4.4
2025-10-20,Monday,Evening,Cold Drink,Drinks,582,164,145,19,30,Cloudy,No,3.9
2025-11-02,Sunday,Evening,Pav Bhaji,Meals,210,87,34,53,70,Sunny,Yes,3.7
2025-03-25,Tuesday,Lunch,Coffee,Drinks,504,147,120,27,25,Cloudy,Yes,4.3
2025-01-18,Saturday,Breakfast,Cold Drink,Drinks,163,85,32,53,30,Cloudy,No,4.2
2025-12-26,Friday,Lunch,Pav Bhaji,Meals,161,89,27,62,70,Sunny,Yes,3.5
2025-06-26,Thursday,Lunch,Tea,Drinks,498,178,174,4,15,Sunny,Yes,4.5
2025-03-22,Saturday,Lunch,Pav Bhaji,Meals,372,120,63,57,70,Sunny,Yes,3.9
2025-10-04,Saturday,Evening,Vada Pav,Snacks,571,166,150,16,25,Rainy,Yes,3.6
2025-08-24,Sunday,Breakfast,Samosa,Snacks,531,164,156,8,20,Sunny,No,4.5
2025-12-07,Sunday,Lunch,Vada Pav,Snacks,152,80,25,55,25,Rainy,Yes,3.6
2025-11-08,Saturday,Breakfast,Vada Pav,Snacks,266,111,56,55,25,Rainy,No,4.8
2025-08-04,Monday,Lunch,Coffee,Drinks,463,150,123,27,25,Cloudy,No,3.7
2025-04-06,Sunday,Lunch,Samosa,Snacks,540,157,140,17,20,Cloudy,No,5.0
2025-11-06,Thursday,Evening,Cold Drink,Drinks,522,152,126,26,30,Sunny,No,4.7
2025-05-27,Tuesday,Lunch,Pav Bhaji,Meals,421,146,113,33,70,Cloudy,No,4.6
2025-07-07,Monday,Breakfast,Idli,Breakfast,241,97,34,63,35,Cloudy,Yes,3.5
2025-10-03,Friday,Evening,Vada Pav,Snacks,583,148,116,32,25,Rainy,No,3.3
2025-12-08,Monday,Evening,Coffee,Drinks,256,93,34,59,25,Cloudy,Yes,4.0
2025-07-21,Monday,Breakfast,Veg Thali,Meals,471,136,96,40,90,Sunny,No,4.3
2025-08-14,Thursday,Lunch,Coffee,Drinks,358,134,86,48,25,Sunny,No,4.9
2025-01-10,Friday,Breakfast,Samosa,Snacks,418,144,117,27,20,Rainy,No,3.4
2025-09-07,Sunday,Evening,Tea,Drinks,178,84,29,55,15,Cloudy,No,4.6
2025-03-31,Monday,Breakfast,Pav Bhaji,Meals,501,156,140,16,70,Rainy,Yes,3.6
2025-10-01,Wednesday,Lunch,Tea,Drinks,239,102,41,61,15,Sunny,Yes,4.5
2025-06-19,Thursday,Breakfast,Cold Drink,Drinks,519,164,150,14,30,Cloudy,No,3.5
2025-03-09,Sunday,Breakfast,Veg Thali,Meals,186,90,25,65,90,Rainy,Yes,4.3
2025-09-14,Sunday,Evening,Coffee,Drinks,469,149,119,30,25,Sunny,No,3.6
2025-02-25,Tuesday,Evening,Veg Thali,Meals,373,132,83,49,90,Cloudy,Yes,4.0
2025-06-29,Sunday,Evening,Masala Dosa,Meals,464,126,85,41,60,Cloudy,No,4.4
2025-07-09,Wednesday,Evening,Vada Pav,Snacks,244,91,26,65,25,Cloudy,No,3.5
2025-07-17,Thursday,Lunch,Pav Bhaji,Meals,228,105,49,56,70,Rainy,No,3.9
2025-04-11,Friday,Lunch,Samosa,Snacks,344,118,72,46,20,Rainy,Yes,3.4
2025-08-26,Tuesday,Evening,Samosa,Snacks,192,88,22,66,20,Sunny,Yes,3.3
2025-05-23,Friday,Evening,Cold Drink,Drinks,176,84,28,56,30,Sunny,No,3.6
2025-06-20,Friday,Lunch,Coffee,Drinks,500,154,133,21,25,Cloudy,Yes,3.4
2025-10-14,Tuesday,Breakfast,Masala Dosa,Meals,460,129,86,43,60,Sunny,Yes,4.4
2025-02-03,Monday,Evening,Masala Dosa,Meals,362,125,73,52,60,Cloudy,No,3.7
2025-09-20,Saturday,Evening,Veg Sandwich,Snacks,418,136,102,34,40,Cloudy,No,4.5
2025-04-16,Wednesday,Breakfast,Idli,Breakfast,550,160,148,12,35,Cloudy,No,3.7
2025-03-14,Friday,Lunch,Samosa,Snacks,481,142,101,41,20,Sunny,No,3.5
2025-06-03,Tuesday,Lunch,Idli,Breakfast,418,146,116,30,35,Cloudy,No,4.5
2025-11-05,Wednesday,Breakfast,Tea,Drinks,354,119,64,55,15,Sunny,No,4.9
2025-08-02,Saturday,Breakfast,Tea,Drinks,298,109,55,54,15,Cloudy,No,4.8
2025-10-30,Thursday,Evening,Coffee,Drinks,240,102,43,59,25,Cloudy,No,4.8
2025-05-05,Monday,Breakfast,Vada Pav,Snacks,522,166,159,7,25,Rainy,No,4.9
2025-10-24,Friday,Breakfast,Coffee,Drinks,306,115,68,47,25,Rainy,Yes,3.1
2025-09-22,Monday,Breakfast,Samosa,Snacks,223,89,34,55,20,Sunny,Yes,3.1
2025-12-02,Tuesday,Breakfast,Vada Pav,Snacks,480,130,85,45,25,Rainy,No,4.0
2025-01-17,Friday,Lunch,Veg Thali,Meals,580,187,180,7,90,Sunny,No,5.0
2025-09-08,Monday,Breakfast,Veg Sandwich,Snacks,542,158,136,22,40,Rainy,No,3.2
2025-01-28,Tuesday,Breakfast,Masala Dosa,Meals,240,89,26,63,60,Sunny,No,3.6
2025-08-26,Tuesday,Evening,Veg Thali,Meals,272,103,43,60,90,Sunny,No,4.8
2025-06-08,Sunday,Lunch,Veg Thali,Meals,475,166,163,3,90,Sunny,Yes,4.6
2025-04-17,Thursday,Breakfast,Masala Dosa,Meals,268,109,50,59,60,Rainy,No,3.9
2025-08-11,Monday,Lunch,Masala Dosa,Meals,178,90,32,58,60,Rainy,No,3.3
2025-11-14,Friday,Lunch,Veg Thali,Meals,540,173,166,7,90,Cloudy,No,3.5
2025-02-17,Monday,Breakfast,Samosa,Snacks,226,102,45,57,20,Cloudy,No,4.2
2025-04-11,Friday,Evening,Idli,Breakfast,236,88,30,58,35,Rainy,Yes,3.2
2025-02-26,Wednesday,Breakfast,Pav Bhaji,Meals,389,126,71,55,70,Sunny,No,3.9
2025-11-14,Friday,Evening,Vada Pav,Snacks,580,183,183,0,25,Cloudy,No,3.7
2025-08-29,Friday,Lunch,Idli,Breakfast,374,126,73,53,35,Sunny,Yes,3.7
2025-12-22,Monday,Lunch,Cold Drink,Drinks,576,163,142,21,30,Cloudy,Yes,3.3
2025-03-22,Saturday,Lunch,Veg Thali,Meals,312,129,85,44,90,Rainy,No,4.9
2025-08-07,Thursday,Evening,Veg Thali,Meals,340,123,79,44,90,Rainy,Yes,3.0
2025-10-21,Tuesday,Breakfast,Masala Dosa,Meals,588,167,159,8,60,Cloudy,No,3.3
2025-04-08,Tuesday,Evening,Vada Pav,Snacks,505,133,85,48,25,Cloudy,No,4.0
2025-02-06,Thursday,Evening,Vada Pav,Snacks,349,109,46,63,25,Cloudy,Yes,3.3
2025-10-09,Thursday,Lunch,Vada Pav,Snacks,587,181,178,3,25,Rainy,Yes,5.0
2025-11-23,Sunday,Lunch,Idli,Breakfast,402,144,117,27,35,Sunny,No,3.6
2025-12-30,Tuesday,Evening,Veg Sandwich,Snacks,522,156,134,22,40,Rainy,Yes,4.3
2025-05-17,Saturday,Breakfast,Masala Dosa,Meals,326,107,49,58,60,Cloudy,Yes,4.6
2025-03-30,Sunday,Breakfast,Samosa,Snacks,591,146,107,39,20,Sunny,No,4.9
2025-01-21,Tuesday,Evening,Vada Pav,Snacks,241,95,31,64,25,Sunny,Yes,4.5
2025-01-22,Wednesday,Evening,Idli,Breakfast,270,101,48,53,35,Rainy,No,3.1
2025-10-20,Monday,Evening,Veg Sandwich,Snacks,299,100,42,58,40,Cloudy,No,3.2
2025-01-08,Wednesday,Breakfast,Veg Thali,Meals,390,121,70,51,90,Rainy,Yes,4.6
2025-10-17,Friday,Evening,Samosa,Snacks,543,146,107,39,20,Sunny,No,4.6
2025-08-03,Sunday,Lunch,Veg Sandwich,Snacks,526,166,156,10,40,Cloudy,No,4.6
2025-04-04,Friday,Lunch,Masala Dosa,Meals,212,93,32,61,60,Cloudy,Yes,3.1
2025-12-19,Friday,Lunch,Pav Bhaji,Meals,157,80,21,59,70,Cloudy,Yes,4.6
2025-02-01,Saturday,Evening,Pav Bhaji,Meals,229,98,39,59,70,Cloudy,Yes,4.2
2025-05-12,Monday,Evening,Pav Bhaji,Meals,370,125,76,49,70,Cloudy,No,3.9
2025-11-22,Saturday,Evening,Veg Thali,Meals,360,116,67,49,90,Rainy,Yes,4.0
2025-01-05,Sunday,Breakfast,Veg Sandwich,Snacks,577,152,127,25,40,Sunny,Yes,3.5
2025-08-18,Monday,Evening,Veg Thali,Meals,400,115,62,53,90,Rainy,Yes,3.5
2025-04-02,Wednesday,Breakfast,Vada Pav,Snacks,225,90,30,60,25,Cloudy,Yes,4.6
2025-03-26,Wednesday,Evening,Vada Pav,Snacks,595,158,132,26,25,Sunny,Yes,3.2
2025-05-22,Thursday,Breakfast,Coffee,Drinks,402,129,82,47,25,Cloudy,No,5.0
2025-08-12,Tuesday,Breakfast,Veg Sandwich,Snacks,507,133,89,44,40,Rainy,Yes,4.2
2025-03-04,Tuesday,Evening,Tea,Drinks,233,96,42,54,15,Rainy,No,3.5
2025-04-21,Monday,Evening,Masala Dosa,Meals,304,105,43,62,60,Rainy,Yes,3.8
2025-10-29,Wednesday,Evening,Tea,Drinks,265,112,55,57,15,Sunny,No,4.3
2025-12-13,Saturday,Evening,Veg Sandwich,Snacks,482,141,110,31,40,Sunny,No,3.7
2025-06-18,Wednesday,Breakfast,Masala Dosa,Meals,206,94,36,58,60,Rainy,Yes,3.3
2025-04-09,Wednesday,Lunch,Veg Sandwich,Snacks,490,151,124,27,40,Rainy,No,4.1
2025-11-23,Sunday,Lunch,Veg Sandwich,Snacks,203,97,32,65,40,Rainy,Yes,3.5
2025-07-07,Monday,Evening,Veg Thali,Meals,586,153,124,29,90,Sunny,No,3.3
2025-07-26,Saturday,Evening,Veg Thali,Meals,315,102,51,51,90,Cloudy,Yes,4.6
2025-08-18,Monday,Breakfast,Masala Dosa,Meals,580,147,115,32,60,Cloudy,Yes,3.7
2025-07-25,Friday,Breakfast,Pav Bhaji,Meals,300,100,42,58,70,Rainy,No,4.2
2025-02-10,Monday,Evening,Veg Sandwich,Snacks,423,123,77,46,40,Sunny,No,4.0
2025-06-10,Tuesday,Lunch,Idli,Breakfast,460,151,117,34,35,Rainy,Yes,3.6
2025-09-16,Tuesday,Lunch,Idli,Breakfast,570,182,178,4,35,Cloudy,Yes,3.8
2025-02-21,Friday,Breakfast,Cold Drink,Drinks,245,105,52,53,30,Rainy,Yes,3.0
2025-09-04,Thursday,Lunch,Cold Drink,Drinks,370,129,88,41,30,Cloudy,Yes,3.5
2025-10-27,Monday,Lunch,Pav Bhaji,Meals,264,103,43,60,70,Sunny,No,4.2
2025-03-10,Monday,Evening,Idli,Breakfast,358,122,71,51,35,Rainy,Yes,3.2
2025-09-01,Monday,Lunch,Tea,Drinks,429,138,97,41,15,Cloudy,Yes,4.3
2025-10-30,Thursday,Lunch,Veg Thali,Meals,491,148,117,31,90,Rainy,Yes,4.6
2025-10-18,Saturday,Evening,Vada Pav,Snacks,323,103,42,61,25,Cloudy,Yes,4.6
2025-06-29,Sunday,Evening,Veg Sandwich,Snacks,489,142,110,32,40,Rainy,No,5.0
2025-05-06,Tuesday,Lunch,Veg Thali,Meals,465,154,129,25,90,Sunny,Yes,4.7
2025-05-29,Thursday,Evening,Cold Drink,Drinks,272,103,40,63,30,Sunny,Yes,4.9
2025-08-15,Friday,Evening,Masala Dosa,Meals,297,111,59,52,60,Sunny,No,4.3
2025-04-07,Monday,Breakfast,Cold Drink,Drinks,190,86,27,59,30,Rainy,Yes,3.2
2025-09-09,Tuesday,Lunch,Samosa,Snacks,211,94,30,64,20,Sunny,Yes,3.1
2025-09-09,Tuesday,Breakfast,Tea,Drinks,183,84,29,55,15,Cloudy,No,5.0
2025-02-24,Monday,Lunch,Idli,Breakfast,183,93,27,66,35,Rainy,No,3.0
2025-02-01,Saturday,Breakfast,Veg Sandwich,Snacks,598,157,143,14,40,Sunny,Yes,4.7
2025-11-23,Sunday,Breakfast,Samosa,Snacks,291,102,38,64,20,Rainy,Yes,3.2
2025-05-07,Wednesday,Evening,Idli,Breakfast,232,99,41,58,35,Sunny,No,4.7
2025-02-09,Sunday,Evening,Vada Pav,Snacks,388,120,65,55,25,Cloudy,Yes,4.3
2025-12-30,Tuesday,Lunch,Veg Thali,Meals,315,121,75,46,90,Cloudy,Yes,4.8
2025-06-08,Sunday,Lunch,Cold Drink,Drinks,443,163,152,11,30,Sunny,No,4.1
2025-04-11,Friday,Breakfast,Tea,Drinks,318,109,46,63,15,Rainy,No,4.9
2025-11-19,Wednesday,Evening,Samosa,Snacks,299,115,66,49,20,Rainy,No,3.2
2025-04-05,Saturday,Evening,Idli,Breakfast,535,145,114,31,35,Sunny,Yes,4.8
2025-07-12,Saturday,Lunch,Tea,Drinks,212,98,44,54,15,Rainy,No,4.6
2025-07-13,Sunday,Evening,Samosa,Snacks,219,92,35,57,20,Cloudy,No,4.2
2025-07-17,Thursday,Evening,Idli,Breakfast,582,176,174,2,35,Rainy,Yes,4.7
2025-12-12,Friday,Breakfast,Cold Drink,Drinks,565,171,166,5,30,Rainy,No,3.7
2025-06-01,Sunday,Evening,Tea,Drinks,340,116,61,55,15,Rainy,No,4.2
2025-08-26,Tuesday,Lunch,Tea,Drinks,396,125,77,48,15,Sunny,Yes,3.6
2025-07-30,Wednesday,Evening,Vada Pav,Snacks,248,104,43,61,25,Rainy,Yes,4.7
2025-04-25,Friday,Evening,Masala Dosa,Meals,292,112,61,51,60,Cloudy,No,4.4
2025-08-11,Monday,Lunch,Cold Drink,Drinks,406,139,101,38,30,Cloudy,No,3.5
2025-10-06,Monday,Lunch,Veg Thali,Meals,580,191,191,0,90,Cloudy,Yes,3.7
2025-02-11,Tuesday,Lunch,Masala Dosa,Meals,219,94,38,56,60,Sunny,Yes,3.7
2025-08-13,Wednesday,Evening,Cold Drink,Drinks,448,155,137,18,30,Sunny,Yes,4.6
2025-03-22,Saturday,Evening,Pav Bhaji,Meals,320,116,60,56,70,Cloudy,No,3.1
2025-09-25,Thursday,Evening,Masala Dosa,Meals,405,129,87,42,60,Rainy,Yes,4.2
2025-02-05,Wednesday,Evening,Idli,Breakfast,551,156,131,25,35,Rainy,Yes,4.4
2025-11-29,Saturday,Breakfast,Pav Bhaji,Meals,529,166,153,13,70,Cloudy,Yes,4.2
2025-10-16,Thursday,Lunch,Veg Thali,Meals,585,187,182,5,90,Cloudy,Yes,4.1
2025-07-23,Wednesday,Lunch,Samosa,Snacks,207,100,37,63,20,Rainy,No,3.6
2025-09-28,Sunday,Evening,Pav Bhaji,Meals,574,153,124,29,70,Rainy,No,3.8
2025-01-25,Saturday,Evening,Veg Thali,Meals,203,92,38,54,90,Cloudy,Yes,4.4
2025-07-20,Sunday,Lunch,Vada Pav,Snacks,286,107,53,54,25,Sunny,No,4.0
2025-02-12,Wednesday,Evening,Masala Dosa,Meals,223,100,41,59,60,Sunny,No,3.8
2025-02-01,Saturday,Breakfast,Idli,Breakfast,189,82,17,65,35,Rainy,No,3.0
2025-06-20,Friday,Evening,Idli,Breakfast,443,145,106,39,35,Rainy,Yes,4.0
2025-02-10,Monday,Evening,Idli,Breakfast,431,124,70,54,35,Rainy,Yes,3.5
2025-10-12,Sunday,Evening,Tea,Drinks,166,79,17,62,15,Cloudy,Yes,3.8
2025-11-21,Friday,Breakfast,Coffee,Drinks,271,113,59,54,25,Cloudy,Yes,4.8
2025-05-12,Monday,Breakfast,Veg Thali,Meals,358,116,57,59,90,Cloudy,No,4.6
2025-04-04,Friday,Breakfast,Masala Dosa,Meals,324,112,63,49,60,Cloudy,Yes,3.6
2025-11-14,Friday,Breakfast,Pav Bhaji,Meals,485,135,98,37,70,Cloudy,No,3.4
2025-04-13,Sunday,Breakfast,Cold Drink,Drinks,360,122,70,52,30,Rainy,No,3.0
2025-08-17,Sunday,Lunch,Veg Thali,Meals,256,115,60,55,90,Cloudy,Yes,4.7
2025-01-01,Wednesday,Breakfast,Idli,Breakfast,194,84,22,62,35,Cloudy,No,3.9
2025-07-21,Monday,Evening,Tea,Drinks,464,142,109,33,15,Cloudy,No,3.2
2025-04-17,Thursday,Lunch,Samosa,Snacks,308,114,66,48,20,Cloudy,Yes,3.6
2025-08-10,Sunday,Lunch,Idli,Breakfast,183,87,20,67,35,Rainy,No,4.1
2025-12-09,Tuesday,Lunch,Masala Dosa,Meals,329,132,85,47,60,Rainy,Yes,3.1
2025-07-13,Sunday,Breakfast,Idli,Breakfast,228,97,38,59,35,Rainy,No,3.7
2025-04-15,Tuesday,Breakfast,Coffee,Drinks,193,85,29,56,25,Sunny,Yes,4.2
2025-03-30,Sunday,Lunch,Veg Thali,Meals,535,180,180,0,90,Sunny,No,3.1
2025-11-09,Sunday,Evening,Samosa,Snacks,444,134,94,40,20,Sunny,Yes,3.2
2025-07-16,Wednesday,Breakfast,Masala Dosa,Meals,440,143,114,29,60,Rainy,Yes,4.9
2025-07-20,Sunday,Breakfast,Pav Bhaji,Meals,448,152,125,27,70,Sunny,Yes,3.7
2025-03-03,Monday,Breakfast,Idli,Breakfast,236,105,52,53,35,Rainy,No,3.2
2025-09-19,Friday,Evening,Masala Dosa,Meals,151,76,14,62,60,Sunny,No,4.5
2025-02-27,Thursday,Evening,Masala Dosa,Meals,485,138,93,45,60,Rainy,Yes,3.8
2025-10-20,Monday,Breakfast,Coffee,Drinks,380,131,89,42,25,Cloudy,Yes,3.9
2025-09-09,Tuesday,Evening,Samosa,Snacks,198,91,38,53,20,Cloudy,Yes,3.3
2025-04-27,Sunday,Evening,Pav Bhaji,Meals,439,145,110,35,70,Sunny,Yes,3.4
2025-07-11,Friday,Breakfast,Pav Bhaji,Meals,371,130,89,41,70,Sunny,No,3.6
2025-07-01,Tuesday,Evening,Veg Sandwich,Snacks,544,161,140,21,40,Cloudy,Yes,3.5
2025-08-17,Sunday,Evening,Coffee,Drinks,196,89,32,57,25,Cloudy,Yes,4.1
2025-02-09,Sunday,Evening,Vada Pav,Snacks,298,110,61,49,25,Cloudy,No,4.8
2025-07-24,Thursday,Breakfast,Tea,Drinks,216,85,26,59,15,Rainy,No,3.9
2025-11-25,Tuesday,Lunch,Coffee,Drinks,599,205,197,8,25,Sunny,Yes,3.4
2025-03-13,Thursday,Breakfast,Veg Thali,Meals,231,95,42,53,90,Cloudy,Yes,4.1
2025-04-20,Sunday,Lunch,Cold Drink,Drinks,532,163,143,20,30,Sunny,Yes,3.6
2025-03-11,Tuesday,Evening,Coffee,Drinks,566,162,149,13,25,Rainy,No,3.0
2025-05-13,Tuesday,Lunch,Veg Thali,Meals,506,160,140,20,90,Sunny,No,3.5
2025-02-09,Sunday,Breakfast,Pav Bhaji,Meals,384,131,80,51,70,Rainy,No,3.8
2025-06-14,Saturday,Breakfast,Pav Bhaji,Meals,261,104,44,60,70,Sunny,Yes,3.6
2025-05-18,Sunday,Evening,Cold Drink,Drinks,536,166,150,16,30,Sunny,No,4.2
2025-10-28,Tuesday,Lunch,Pav Bhaji,Meals,152,84,29,55,70,Rainy,No,3.5
2025-03-11,Tuesday,Evening,Cold Drink,Drinks,551,167,151,16,30,Sunny,No,4.8
2025-08-05,Tuesday,Breakfast,Pav Bhaji,Meals,555,144,109,35,70,Rainy,Yes,4.9
2025-04-06,Sunday,Breakfast,Veg Thali,Meals,249,98,34,64,90,Rainy,No,3.5
2025-05-27,Tuesday,Evening,Coffee,Drinks,234,98,34,64,25,Cloudy,No,3.9
2025-06-28,Saturday,Breakfast,Cold Drink,Drinks,596,147,121,26,30,Rainy,Yes,3.8
2025-03-10,Monday,Evening,Veg Sandwich,Snacks,590,168,154,14,40,Rainy,Yes,4.4
2025-11-25,Tuesday,Evening,Veg Sandwich,Snacks,454,129,77,52,40,Rainy,Yes,4.2
2025-03-08,Saturday,Lunch,Vada Pav,Snacks,470,160,148,12,25,Sunny,Yes,4.2
2025-03-15,Saturday,Breakfast,Pav Bhaji,Meals,497,151,120,31,70,Cloudy,No,3.1
2025-03-22,Saturday,Lunch,Idli,Breakfast,216,93,28,65,35,Rainy,Yes,3.0
2025-12-11,Thursday,Breakfast,Vada Pav,Snacks,395,139,107,32,25,Rainy,Yes,3.9
2025-10-20,Monday,Evening,Cold Drink,Drinks,276,114,55,59,30,Cloudy,No,3.9
2025-01-18,Saturday,Breakfast,Vada Pav,Snacks,580,146,107,39,25,Sunny,No,4.7
2025-08-28,Thursday,Lunch,Veg Sandwich,Snacks,156,88,22,66,40,Sunny,No,4.0
2025-06-27,Friday,Breakfast,Tea,Drinks,427,128,75,53,15,Cloudy,Yes,4.0
2025-10-15,Wednesday,Evening,Pav Bhaji,Meals,570,183,174,9,70,Rainy,Yes,4.1
2025-03-01,Saturday,Lunch,Samosa,Snacks,549,179,178,1,20,Sunny,Yes,3.8
2025-07-16,Wednesday,Breakfast,Veg Sandwich,Snacks,443,154,127,27,40,Rainy,No,4.2
2025-02-26,Wednesday,Breakfast,Coffee,Drinks,206,87,24,63,25,Cloudy,Yes,4.7
2025-09-14,Sunday,Evening,Coffee,Drinks,277,109,55,54,25,Cloudy,Yes,4.3
2025-12-06,Saturday,Breakfast,Samosa,Snacks,224,94,36,58,20,Cloudy,No,4.4
2025-05-18,Sunday,Breakfast,Vada Pav,Snacks,438,138,103,35,25,Rainy,No,3.9
2025-09-09,Tuesday,Breakfast,Pav Bhaji,Meals,309,118,71,47,70,Rainy,Yes,4.6
2025-12-20,Saturday,Lunch,Idli,Breakfast,454,137,100,37,35,Cloudy,No,3.6
2025-12-10,Wednesday,Evening,Coffee,Drinks,176,91,34,57,25,Sunny,No,4.6
2025-11-26,Wednesday,Evening,Veg Sandwich,Snacks,268,97,45,52,40,Cloudy,Yes,3.4
2025-06-28,Saturday,Evening,Vada Pav,Snacks,208,86,24,62,25,Rainy,No,3.0
2025-06-23,Monday,Evening,Samosa,Snacks,340,115,68,47,20,Cloudy,No,4.9
2025-12-04,Thursday,Evening,Veg Thali,Meals,491,131,81,50,90,Sunny,No,3.1
2025-06-05,Thursday,Breakfast,Samosa,Snacks,207,93,36,57,20,Rainy,No,4.4
2025-02-28,Friday,Evening,Vada Pav,Snacks,521,147,118,29,25,Rainy,No,3.7
2025-09-01,Monday,Breakfast,Masala Dosa,Meals,351,118,67,51,60,Rainy,No,3.2
2025-04-25,Friday,Breakfast,Masala Dosa,Meals,553,140,108,32,60,Cloudy,No,4.5
2025-12-25,Thursday,Breakfast,Idli,Breakfast,429,146,107,39,35,Sunny,Yes,4.8
2025-05-07,Wednesday,Evening,Vada Pav,Snacks,242,93,33,60,25,Cloudy,No,3.7
2025-05-16,Friday,Evening,Pav Bhaji,Meals,191,90,30,60,70,Rainy,Yes,4.0
2025-12-06,Saturday,Lunch,Pav Bhaji,Meals,183,89,35,54,70,Cloudy,Yes,3.5
2025-10-24,Friday,Evening,Veg Sandwich,Snacks,478,140,107,33,40,Sunny,No,3.5
2025-11-01,Saturday,Breakfast,Veg Sandwich,Snacks,295,99,33,66,40,Rainy,No,4.2
2025-02-05,Wednesday,Breakfast,Veg Sandwich,Snacks,363,119,69,50,40,Rainy,No,3.2
2025-10-02,Thursday,Evening,Masala Dosa,Meals,246,97,40,57,60,Sunny,Yes,4.9
2025-03-28,Friday,Lunch,Tea,Drinks,297,121,71,50,15,Sunny,Yes,3.7
2025-06-22,Sunday,Evening,Idli,Breakfast,440,130,86,44,35,Sunny,No,3.2
2025-07-12,Saturday,Lunch,Samosa,Snacks,179,89,29,60,20,Rainy,Yes,3.7
2025-01-10,Friday,Lunch,Idli,Breakfast,233,99,45,54,35,Sunny,No,4.0
2025-10-24,Friday,Lunch,Pav Bhaji,Meals,503,166,151,15,70,Cloudy,Yes,4.1
2025-08-11,Monday,Lunch,Pav Bhaji,Meals,281,108,52,56,70,Rainy,Yes,4.9
2025-02-24,Monday,Breakfast,Tea,Drinks,414,117,68,49,15,Rainy,Yes,4.8
2025-11-19,Wednesday,Evening,Cold Drink,Drinks,597,154,125,29,30,Cloudy,Yes,4.2
2025-01-21,Tuesday,Evening,Masala Dosa,Meals,161,81,21,60,60,Cloudy,Yes,3.3
2025-03-30,Sunday,Lunch,Pav Bhaji,Meals,421,131,91,40,70,Rainy,Yes,4.4
2025-11-15,Saturday,Evening,Samosa,Snacks,234,96,31,65,20,Rainy,No,4.8
2025-02-18,Tuesday,Evening,Veg Sandwich,Snacks,380,120,66,54,40,Rainy,No,3.8
2025-08-11,Monday,Evening,Veg Sandwich,Snacks,181,90,29,61,40,Cloudy,Yes,4.2
2025-07-30,Wednesday,Lunch,Coffee,Drinks,197,90,37,53,25,Sunny,No,3.7
2025-06-04,Wednesday,Lunch,Idli,Breakfast,490,163,144,19,35,Cloudy,Yes,3.5
2025-11-12,Wednesday,Breakfast,Samosa,Snacks,574,144,112,32,20,Rainy,No,4.9
2025-06-21,Saturday,Lunch,Veg Thali,Meals,309,111,60,51,90,Rainy,No,4.8
2025-03-16,Sunday,Breakfast,Tea,Drinks,328,123,79,44,15,Sunny,No,4.5
2025-10-26,Sunday,Evening,Veg Sandwich,Snacks,384,133,91,42,40,Cloudy,No,3.7
2025-03-19,Wednesday,Lunch,Veg Thali,Meals,243,97,43,54,90,Sunny,Yes,3.6
2025-10-29,Wednesday,Evening,Coffee,Drinks,154,84,18,66,25,Cloudy,No,3.2
2025-03-09,Sunday,Lunch,Pav Bhaji,Meals,537,168,157,11,70,Sunny,No,3.9
2025-06-17,Tuesday,Breakfast,Idli,Breakfast,365,133,92,41,35,Rainy,Yes,3.3
2025-03-16,Sunday,Lunch,Samosa,Snacks,541,158,145,13,20,Cloudy,No,4.8
2025-11-27,Thursday,Breakfast,Pav Bhaji,Meals,242,90,34,56,70,Cloudy,Yes,4.9
2025-03-30,Sunday,Lunch,Pav Bhaji,Meals,321,130,81,49,70,Rainy,Yes,3.3
2025-08-11,Monday,Breakfast,Masala Dosa,Meals,321,124,82,42,60,Rainy,No,3.9
2025-01-03,Friday,Breakfast,Cold Drink,Drinks,215,95,42,53,30,Sunny,Yes,3.3
2025-11-18,Tuesday,Breakfast,Veg Sandwich,Snacks,235,88,35,53,40,Cloudy,Yes,5.0
2025-07-24,Thursday,Lunch,Veg Thali,Meals,158,86,31,55,90,Cloudy,Yes,5.0
2025-07-10,Thursday,Breakfast,Masala Dosa,Meals,207,89,34,55,60,Sunny,No,4.0
2025-06-15,Sunday,Lunch,Vada Pav,Snacks,580,173,173,0,25,Rainy,No,3.2
2025-09-18,Thursday,Lunch,Cold Drink,Drinks,584,176,176,0,30,Sunny,Yes,3.3
2025-06-26,Thursday,Breakfast,Idli,Breakfast,362,134,92,42,35,Cloudy,No,4.5
2025-07-13,Sunday,Lunch,Masala Dosa,Meals,482,166,152,14,60,Rainy,Yes,5.0
2025-03-24,Monday,Breakfast,Tea,Drinks,538,156,128,28,15,Rainy,Yes,4.0
2025-02-12,Wednesday,Evening,Pav Bhaji,Meals,322,125,83,42,70,Cloudy,No,4.3
2025-03-10,Monday,Lunch,Samosa,Snacks,241,112,62,50,20,Sunny,Yes,3.4
2025-01-08,Wednesday,Evening,Samosa,Snacks,390,130,82,48,20,Rainy,Yes,3.5
2025-12-24,Wednesday,Evening,Pav Bhaji,Meals,472,158,143,15,70,Cloudy,No,3.8
2025-10-25,Saturday,Evening,Tea,Drinks,227,93,40,53,15,Cloudy,Yes,3.2
2025-09-06,Saturday,Breakfast,Vada Pav,Snacks,172,90,35,55,25,Sunny,No,4.9
2025-12-21,Sunday,Lunch,Samosa,Snacks,473,152,132,20,20,Cloudy,No,4.6
2025-03-30,Sunday,Breakfast,Veg Sandwich,Snacks,174,82,18,64,40,Sunny,Yes,3.3
2025-08-19,Tuesday,Breakfast,Tea,Drinks,347,132,91,41,15,Cloudy,Yes,4.5
2025-12-22,Monday,Lunch,Samosa,Snacks,565,182,175,7,20,Rainy,No,4.8
2025-02-03,Monday,Breakfast,Pav Bhaji,Meals,218,92,39,53,70,Rainy,Yes,3.0
2025-11-12,Wednesday,Evening,Idli,Breakfast,258,100,42,58,35,Rainy,Yes,3.9
2025-05-12,Monday,Breakfast,Veg Sandwich,Snacks,474,152,121,31,40,Rainy,Yes,4.0
2025-12-22,Monday,Breakfast,Samosa,Snacks,170,85,20,65,20,Sunny,Yes,3.1
2025-12-15,Monday,Lunch,Tea,Drinks,168,83,17,66,15,Sunny,No,3.6
2025-06-24,Tuesday,Lunch,Tea,Drinks,423,132,84,48,15,Cloudy,No,4.1
2025-11-02,Sunday,Lunch,Masala Dosa,Meals,391,127,85,42,60,Rainy,Yes,4.4
2025-09-29,Monday,Breakfast,Idli,Breakfast,243,92,38,54,35,Rainy,Yes,3.4
2025-06-07,Saturday,Lunch,Cold Drink,Drinks,428,146,113,33,30,Rainy,Yes,4.2
2025-12-30,Tuesday,Lunch,Pav Bhaji,Meals,386,131,83,48,70,Cloudy,No,4.1
2025-11-02,Sunday,Breakfast,Cold Drink,Drinks,440,135,99,36,30,Sunny,No,3.1
2025-12-02,Tuesday,Lunch,Pav Bhaji,Meals,500,160,145,15,70,Sunny,No,4.4
2025-02-03,Monday,Breakfast,Tea,Drinks,167,85,26,59,15,Rainy,No,4.1
2025-03-03,Monday,Evening,Vada Pav,Snacks,224,97,35,62,25,Sunny,Yes,4.4
2025-11-21,Friday,Evening,Veg Thali,Meals,292,109,54,55,90,Cloudy,No,3.7
2025-12-07,Sunday,Lunch,Idli,Breakfast,555,166,154,12,35,Rainy,No,3.2
2025-05-15,Thursday,Breakfast,Samosa,Snacks,472,131,91,40,20,Cloudy,No,4.2
2025-05-12,Monday,Breakfast,Tea,Drinks,517,136,92,44,15,Sunny,No,4.6
2025-02-13,Thursday,Lunch,Masala Dosa,Meals,423,142,103,39,60,Sunny,No,4.3
2025-03-01,Saturday,Breakfast,Masala Dosa,Meals,525,148,116,32,60,Rainy,No,4.5
2025-11-23,Sunday,Breakfast,Pav Bhaji,Meals,520,167,158,9,70,Rainy,Yes,3.3
2025-01-06,Monday,Lunch,Coffee,Drinks,375,122,74,48,25,Rainy,Yes,4.9
2025-08-24,Sunday,Evening,Veg Sandwich,Snacks,273,99,42,57,40,Rainy,Yes,3.8
2025-01-27,Monday,Evening,Coffee,Drinks,325,122,66,56,25,Sunny,Yes,4.5
2025-11-24,Monday,Evening,Masala Dosa,Meals,431,136,100,36,60,Sunny,Yes,3.4
2025-06-14,Saturday,Breakfast,Coffee,Drinks,270,104,45,59,25,Rainy,No,3.7
2025-07-05,Saturday,Breakfast,Tea,Drinks,410,119,62,57,15,Sunny,No,3.5
2025-03-10,Monday,Lunch,Cold Drink,Drinks,320,113,59,54,30,Cloudy,No,4.9
2025-12-28,Sunday,Lunch,Vada Pav,Snacks,495,154,136,18,25,Cloudy,Yes,4.0
2025-03-05,Wednesday,Lunch,Veg Thali,Meals,596,200,196,4,90,Cloudy,No,3.2
2025-05-18,Sunday,Evening,Idli,Breakfast,381,130,79,51,35,Cloudy,Yes,3.6
2025-07-17,Thursday,Evening,Masala Dosa,Meals,274,101,40,61,60,Rainy,No,3.7
2025-01-02,Thursday,Breakfast,Vada Pav,Snacks,485,131,89,42,25,Sunny,Yes,4.9
2025-09-24,Wednesday,Evening,Cold Drink,Drinks,302,103,41,62,30,Rainy,Yes,4.9
2025-07-03,Thursday,Evening,Masala Dosa,Meals,178,79,22,57,60,Rainy,Yes,4.4
2025-12-01,Monday,Breakfast,Vada Pav,Snacks,514,161,142,19,25,Sunny,Yes,4.8
2025-09-13,Saturday,Lunch,Tea,Drinks,550,155,137,18,15,Rainy,No,4.8
2025-12-15,Monday,Lunch,Cold Drink,Drinks,253,107,50,57,30,Rainy,Yes,4.4
2025-08-18,Monday,Lunch,Veg Sandwich,Snacks,500,166,159,7,40,Sunny,Yes,4.0
2025-04-24,Thursday,Lunch,Veg Thali,Meals,447,140,105,35,90,Rainy,No,4.7
2025-06-29,Sunday,Evening,Veg Sandwich,Snacks,524,138,97,41,40,Sunny,Yes,3.7
2025-04-07,Monday,Breakfast,Samosa,Snacks,232,92,28,64,20,Cloudy,Yes,3.9
2025-05-13,Tuesday,Lunch,Tea,Drinks,447,135,94,41,15,Sunny,No,4.3
2025-08-11,Monday,Lunch,Veg Thali,Meals,161,83,19,64,90,Sunny,Yes,3.4
2025-02-07,Friday,Evening,Veg Thali,Meals,560,148,124,24,90,Cloudy,No,3.7
2025-06-13,Friday,Breakfast,Vada Pav,Snacks,201,95,34,61,25,Cloudy,No,3.6
2025-03-20,Thursday,Lunch,Idli,Breakfast,295,113,60,53,35,Cloudy,Yes,4.6
2025-07-20,Sunday,Breakfast,Coffee,Drinks,231,101,45,56,25,Sunny,No,3.4
2025-10-24,Friday,Breakfast,Cold Drink,Drinks,474,158,139,19,30,Rainy,No,4.2
2025-01-08,Wednesday,Breakfast,Veg Sandwich,Snacks,354,132,93,39,40,Rainy,No,3.4
2025-06-26,Thursday,Lunch,Veg Thali,Meals,525,160,146,14,90,Sunny,Yes,3.4
2025-08-06,Wednesday,Breakfast,Veg Thali,Meals,594,183,177,6,90,Sunny,No,4.3
2025-01-10,Friday,Lunch,Vada Pav,Snacks,404,152,120,32,25,Cloudy,Yes,4.7
2025-12-04,Thursday,Evening,Pav Bhaji,Meals,177,89,23,66,70,Sunny,No,4.8
2025-08-15,Friday,Evening,Idli,Breakfast,266,102,45,57,35,Rainy,No,4.0
2025-02-12,Wednesday,Breakfast,Veg Thali,Meals,410,145,117,28,90,Cloudy,Yes,4.2
2025-07-03,Thursday,Lunch,Vada Pav,Snacks,572,179,179,0,25,Cloudy,No,3.1
2025-02-23,Sunday,Lunch,Coffee,Drinks,203,98,45,53,25,Cloudy,Yes,4.5
2025-09-23,Tuesday,Lunch,Coffee,Drinks,567,192,184,8,25,Rainy,No,3.6
2025-07-25,Friday,Evening,Idli,Breakfast,575,168,164,4,35,Sunny,Yes,3.4
2025-11-20,Thursday,Evening,Veg Sandwich,Snacks,471,146,111,35,40,Sunny,No,4.3
2025-06-07,Saturday,Evening,Coffee,Drinks,583,154,136,18,25,Cloudy,Yes,4.2
2025-10-25,Saturday,Lunch,Coffee,Drinks,546,164,150,14,25,Rainy,Yes,4.3
2025-10-23,Thursday,Breakfast,Cold Drink,Drinks,304,119,67,52,30,Sunny,No,4.0
2025-08-22,Friday,Lunch,Samosa,Snacks,371,141,101,40,20,Cloudy,Yes,4.8
2025-07-12,Saturday,Lunch,Cold Drink,Drinks,325,127,74,53,30,Cloudy,Yes,3.8
2025-05-02,Friday,Lunch,Samosa,Snacks,484,144,109,35,20,Rainy,Yes,4.6
2025-07-08,Tuesday,Evening,Pav Bhaji,Meals,599,150,122,28,70,Sunny,No,3.2
2025-09-25,Thursday,Lunch,Veg Thali,Meals,401,134,95,39,90,Rainy,Yes,3.5
2025-04-15,Tuesday,Breakfast,Pav Bhaji,Meals,194,93,27,66,70,Sunny,Yes,3.3
2025-10-13,Monday,Evening,Masala Dosa,Meals,505,153,133,20,60,Sunny,No,3.1
2025-02-09,Sunday,Breakfast,Samosa,Snacks,195,82,17,65,20,Rainy,Yes,4.3
2025-06-06,Friday,Lunch,Veg Thali,Meals,508,183,183,0,90,Rainy,Yes,4.0
2025-08-12,Tuesday,Breakfast,Idli,Breakfast,595,155,133,22,35,Cloudy,Yes,3.1
2025-02-04,Tuesday,Breakfast,Veg Thali,Meals,314,107,55,52,90,Rainy,Yes,4.0
2025-01-05,Sunday,Evening,Veg Sandwich,Snacks,533,159,141,18,40,Cloudy,Yes,4.0
2025-07-05,Saturday,Lunch,Veg Thali,Meals,524,175,168,7,90,Sunny,No,3.7
2025-04-02,Wednesday,Evening,Veg Thali,Meals,497,166,155,11,90,Cloudy,Yes,4.2
2025-02-25,Tuesday,Evening,Pav Bhaji,Meals,571,159,140,19,70,Rainy,No,4.2
2025-03-09,Sunday,Breakfast,Coffee,Drinks,546,162,142,20,25,Rainy,Yes,3.3
2025-05-01,Thursday,Evening,Samosa,Snacks,518,172,171,1,20,Rainy,No,4.8
2025-12-21,Sunday,Breakfast,Masala Dosa,Meals,573,158,140,18,60,Cloudy,No,3.9
2025-07-04,Friday,Breakfast,Cold Drink,Drinks,238,100,43,57,30,Rainy,Yes,4.4
2025-06-14,Saturday,Lunch,Idli,Breakfast,406,143,105,38,35,Sunny,Yes,3.0
2025-03-20,Thursday,Lunch,Cold Drink,Drinks,252,109,55,54,30,Cloudy,Yes,4.9
2025-05-22,Thursday,Evening,Veg Thali,Meals,205,95,36,59,90,Rainy,No,4.2
2025-05-16,Friday,Lunch,Coffee,Drinks,317,115,61,54,25,Sunny,No,4.3
2025-03-27,Thursday,Lunch,Veg Sandwich,Snacks,578,197,197,0,40,Cloudy,Yes,4.6
2025-03-08,Saturday,Breakfast,Cold Drink,Drinks,225,86,30,56,30,Sunny,Yes,3.3
2025-08-30,Saturday,Evening,Veg Sandwich,Snacks,365,129,84,45,40,Rainy,No,3.3
2025-05-18,Sunday,Lunch,Pav Bhaji,Meals,473,138,95,43,70,Cloudy,Yes,3.3
2025-03-29,Saturday,Breakfast,Vada Pav,Snacks,413,129,77,52,25,Rainy,Yes,3.4
2025-06-13,Friday,Evening,Masala Dosa,Meals,546,148,118,30,60,Sunny,Yes,3.3
2025-06-06,Friday,Lunch,Vada Pav,Snacks,287,122,73,49,25,Sunny,No,3.4
2025-09-26,Friday,Evening,Samosa,Snacks,280,106,53,53,20,Rainy,No,3.3
2025-12-10,Wednesday,Breakfast,Masala Dosa,Meals,501,138,103,35,60,Sunny,Yes,3.6
2025-07-22,Tuesday,Breakfast,Idli,Breakfast,448,125,78,47,35,Rainy,No,4.4
2025-09-18,Thursday,Lunch,Masala Dosa,Meals,225,103,45,58,60,Sunny,Yes,4.9
2025-12-21,Sunday,Lunch,Vada Pav,Snacks,191,95,42,53,25,Cloudy,No,3.6
2025-08-17,Sunday,Breakfast,Vada Pav,Snacks,394,139,102,37,25,Sunny,Yes,4.8
2025-12-15,Monday,Evening,Idli,Breakfast,402,120,64,56,35,Cloudy,No,4.3
2025-11-11,Tuesday,Evening,Coffee,Drinks,252,100,43,57,25,Sunny,Yes,4.7
2025-07-06,Sunday,Evening,Veg Sandwich,Snacks,418,144,116,28,40,Sunny,No,3.4
2025-01-26,Sunday,Breakfast,Tea,Drinks,487,129,83,46,15,Sunny,Yes,4.0
2025-08-11,Monday,Evening,Tea,Drinks,397,131,87,44,15,Cloudy,No,4.8
2025-02-17,Monday,Evening,Pav Bhaji,Meals,389,119,64,55,70,Sunny,Yes,4.0
2025-09-13,Saturday,Evening,Veg Sandwich,Snacks,244,103,39,64,40,Sunny,No,3.7
2025-11-01,Saturday,Evening,Veg Thali,Meals,497,159,142,17,90,Cloudy,No,3.3
2025-09-26,Friday,Breakfast,Vada Pav,Snacks,530,154,133,21,25,Rainy,Yes,3.8
2025-05-24,Saturday,Evening,Veg Sandwich,Snacks,600,154,127,27,40,Rainy,No,4.3
2025-08-21,Thursday,Lunch,Tea,Drinks,209,103,45,58,15,Cloudy,Yes,3.3
2025-02-10,Monday,Lunch,Veg Sandwich,Snacks,182,88,27,61,40,Sunny,No,3.7
2025-07-20,Sunday,Lunch,Coffee,Drinks,596,172,164,8,25,Cloudy,No,3.1
2025-08-03,Sunday,Lunch,Veg Thali,Meals,593,191,191,0,90,Cloudy,No,4.2
2025-09-18,Thursday,Evening,Veg Sandwich,Snacks,552,178,178,0,40,Rainy,No,3.8
2025-11-18,Tuesday,Lunch,Cold Drink,Drinks,581,169,168,1,30,Rainy,Yes,3.3
2025-05-27,Tuesday,Evening,Vada Pav,Snacks,262,111,49,62,25,Rainy,Yes,4.1
2025-04-25,Friday,Lunch,Samosa,Snacks,423,154,134,20,20,Cloudy,Yes,3.6
2025-12-17,Wednesday,Breakfast,Masala Dosa,Meals,465,127,86,41,60,Rainy,Yes,3.5
2025-01-06,Monday,Breakfast,Pav Bhaji,Meals,287,114,56,58,70,Sunny,Yes,3.9
2025-04-23,Wednesday,Breakfast,Vada Pav,Snacks,514,164,144,20,25,Rainy,No,4.6
2025-05-19,Monday,Evening,Cold Drink,Drinks,470,153,129,24,30,Rainy,Yes,4.0
2025-07-06,Sunday,Evening,Idli,Breakfast,386,132,92,40,35,Sunny,Yes,4.2
2025-09-04,Thursday,Evening,Veg Sandwich,Snacks,468,157,133,24,40,Rainy,Yes,4.8
2025-12-25,Thursday,Evening,Idli,Breakfast,582,153,131,22,35,Rainy,No,3.2
2025-01-20,Monday,Lunch,Vada Pav,Snacks,165,91,33,58,25,Cloudy,No,3.8
2025-04-11,Friday,Breakfast,Masala Dosa,Meals,427,137,100,37,60,Sunny,No,4.5
2025-10-07,Tuesday,Lunch,Coffee,Drinks,170,90,32,58,25,Cloudy,No,4.5
2025-05-12,Monday,Lunch,Veg Thali,Meals,450,152,120,32,90,Sunny,Yes,3.1
2025-06-25,Wednesday,Lunch,Vada Pav,Snacks,375,129,84,45,25,Sunny,No,3.5
2025-02-22,Saturday,Evening,Veg Sandwich,Snacks,419,128,79,49,40,Cloudy,Yes,3.4
2025-04-25,Friday,Breakfast,Vada Pav,Snacks,232,103,51,52,25,Rainy,No,3.4
2025-12-20,Saturday,Lunch,Vada Pav,Snacks,208,102,39,63,25,Rainy,No,4.0
2025-12-08,Monday,Breakfast,Masala Dosa,Meals,185,83,18,65,60,Sunny,No,4.5
2025-07-16,Wednesday,Breakfast,Cold Drink,Drinks,231,95,34,61,30,Cloudy,No,4.6
2025-08-13,Wednesday,Breakfast,Coffee,Drinks,375,129,84,45,25,Cloudy,Yes,4.4
2025-07-28,Monday,Breakfast,Pav Bhaji,Meals,246,107,55,52,70,Rainy,No,3.7
2025-08-14,Thursday,Lunch,Veg Sandwich,Snacks,464,146,117,29,40,Cloudy,Yes,4.1
2025-08-12,Tuesday,Evening,Idli,Breakfast,408,129,80,49,35,Cloudy,Yes,4.5
2025-07-25,Friday,Breakfast,Idli,Breakfast,214,97,38,59,35,Rainy,Yes,4.5
2025-07-19,Saturday,Breakfast,Pav Bhaji,Meals,273,113,60,53,70,Rainy,Yes,4.8
2025-02-13,Thursday,Breakfast,Veg Sandwich,Snacks,166,83,18,65,40,Cloudy,No,5.0
2025-09-23,Tuesday,Breakfast,Tea,Drinks,254,92,34,58,15,Cloudy,No,4.0
2025-01-25,Saturday,Breakfast,Vada Pav,Snacks,245,103,39,64,25,Cloudy,Yes,4.2
2025-04-29,Tuesday,Evening,Vada Pav,Snacks,232,98,46,52,25,Cloudy,No,3.7
2025-12-04,Thursday,Evening,Pav Bhaji,Meals,521,170,160,10,70,Cloudy,No,3.9
2025-09-11,Thursday,Evening,Idli,Breakfast,578,156,134,22,35,Sunny,No,4.6
2025-12-18,Thursday,Lunch,Samosa,Snacks,383,133,89,44,20,Cloudy,Yes,4.1
2025-08-19,Tuesday,Evening,Idli,Breakfast,531,170,169,1,35,Cloudy,Yes,4.5
2025-03-03,Monday,Breakfast,Coffee,Drinks,369,115,61,54,25,Rainy,Yes,3.2
2025-10-15,Wednesday,Breakfast,Pav Bhaji,Meals,518,169,164,5,70,Rainy,Yes,4.0
2025-09-10,Wednesday,Evening,Veg Sandwich,Snacks,457,141,99,42,40,Sunny,Yes,3.4
2025-02-12,Wednesday,Breakfast,Tea,Drinks,261,99,41,58,15,Cloudy,Yes,3.1
2025-03-30,Sunday,Lunch,Vada Pav,Snacks,237,107,55,52,25,Rainy,No,3.2
2025-04-13,Sunday,Breakfast,Pav Bhaji,Meals,364,117,64,53,70,Sunny,No,4.3
2025-10-05,Sunday,Breakfast,Cold Drink,Drinks,280,113,57,56,30,Sunny,Yes,4.8
2025-03-09,Sunday,Breakfast,Veg Sandwich,Snacks,285,97,32,65,40,Sunny,Yes,4.1
2025-09-14,Sunday,Evening,Samosa,Snacks,228,102,43,59,20,Cloudy,No,4.3
2025-08-09,Saturday,Evening,Coffee,Drinks,412,122,67,55,25,Sunny,Yes,4.0
2025-11-02,Sunday,Evening,Veg Thali,Meals,175,89,30,59,90,Rainy,Yes,3.7
2025-04-20,Sunday,Lunch,Tea,Drinks,499,163,146,17,15,Rainy,No,4.5
2025-02-22,Saturday,Evening,Idli,Breakfast,526,157,143,14,35,Cloudy,No,5.0
2025-02-21,Friday,Evening,Veg Thali,Meals,566,168,154,14,90,Cloudy,Yes,4.0
2025-05-20,Tuesday,Evening,Tea,Drinks,329,105,50,55,15,Sunny,No,3.5
2025-07-11,Friday,Lunch,Cold Drink,Drinks,298,120,71,49,30,Rainy,No,4.7
2025-12-22,Monday,Lunch,Veg Sandwich,Snacks,600,200,196,4,40,Sunny,Yes,4.7
2025-10-08,Wednesday,Lunch,Idli,Breakfast,466,142,104,38,35,Cloudy,Yes,3.9
2025-12-04,Thursday,Evening,Pav Bhaji,Meals,174,82,19,63,70,Sunny,Yes,4.8
2025-03-02,Sunday,Evening,Vada Pav,Snacks,541,144,108,36,25,Sunny,No,4.8
2025-12-13,Saturday,Evening,Pav Bhaji,Meals,311,106,42,64,70,Rainy,Yes,3.9
2025-06-12,Thursday,Evening,Vada Pav,Snacks,319,113,59,54,25,Cloudy,No,3.3
2025-11-13,Thursday,Lunch,Coffee,Drinks,491,162,148,14,25,Cloudy,Yes,3.6
2025-02-11,Tuesday,Lunch,Masala Dosa,Meals,428,143,108,35,60,Sunny,No,4.5
2025-11-15,Saturday,Lunch,Veg Sandwich,Snacks,461,152,126,26,40,Rainy,Yes,4.4
2025-03-28,Friday,Evening,Samosa,Snacks,405,131,83,48,20,Cloudy,No,3.8
2025-05-27,Tuesday,Evening,Pav Bhaji,Meals,305,115,56,59,70,Cloudy,Yes,4.2
2025-11-10,Monday,Lunch,Tea,Drinks,320,127,78,49,15,Sunny,No,4.1
2025-02-06,Thursday,Evening,Veg Thali,Meals,442,139,107,32,90,Sunny,Yes,3.7
2025-07-25,Friday,Breakfast,Vada Pav,Snacks,219,101,37,64,25,Rainy,Yes,3.2
2025-09-07,Sunday,Lunch,Cold Drink,Drinks,474,153,124,29,30,Cloudy,Yes,4.9
2025-01-24,Friday,Lunch,Cold Drink,Drinks,279,112,60,52,30,Cloudy,Yes,4.9
2025-05-15,Thursday,Breakfast,Pav Bhaji,Meals,493,148,120,28,70,Rainy,Yes,3.4
2025-08-13,Wednesday,Breakfast,Tea,Drinks,595,170,170,0,15,Sunny,Yes,3.5
2025-07-23,Wednesday,Breakfast,Samosa,Snacks,536,164,151,13,20,Cloudy,No,3.2
2025-04-02,Wednesday,Lunch,Pav Bhaji,Meals,175,87,26,61,70,Rainy,No,4.0
2025-06-13,Friday,Breakfast,Coffee,Drinks,452,157,137,20,25,Rainy,No,4.7
2025-08-07,Thursday,Evening,Tea,Drinks,413,136,94,42,15,Rainy,Yes,3.2
2025-10-22,Wednesday,Evening,Cold Drink,Drinks,433,141,108,33,30,Cloudy,No,3.9
2025-04-03,Thursday,Breakfast,Coffee,Drinks,477,138,99,39,25,Cloudy,No,3.6
2025-09-02,Tuesday,Evening,Coffee,Drinks,161,82,26,56,25,Cloudy,Yes,4.6
2025-06-23,Monday,Evening,Cold Drink,Drinks,492,149,119,30,30,Sunny,No,4.7
2025-05-26,Monday,Evening,Masala Dosa,Meals,235,93,28,65,60,Cloudy,No,4.5
2025-06-14,Saturday,Lunch,Pav Bhaji,Meals,226,93,28,65,70,Cloudy,No,4.9
2025-06-26,Thursday,Lunch,Vada Pav,Snacks,349,129,90,39,25,Cloudy,Yes,3.7
2025-08-19,Tuesday,Evening,Vada Pav,Snacks,163,79,16,63,25,Sunny,No,4.6
2025-08-05,Tuesday,Evening,Veg Thali,Meals,515,149,123,26,90,Cloudy,Yes,3.8
2025-06-08,Sunday,Evening,Masala Dosa,Meals,591,167,157,10,60,Sunny,Yes,4.4
2025-10-03,Friday,Breakfast,Cold Drink,Drinks,416,124,70,54,30,Sunny,Yes,3.5
2025-05-08,Thursday,Evening,Vada Pav,Snacks,333,127,83,44,25,Cloudy,No,3.3
2025-11-19,Wednesday,Breakfast,Veg Sandwich,Snacks,563,159,137,22,40,Cloudy,No,3.5
2025-11-09,Sunday,Lunch,Samosa,Snacks,167,81,28,53,20,Rainy,Yes,4.1
2025-02-12,Wednesday,Breakfast,Veg Sandwich,Snacks,160,84,24,60,40,Sunny,Yes,3.8
2025-02-16,Sunday,Lunch,Cold Drink,Drinks,156,88,26,62,30,Rainy,No,4.4
2025-12-27,Saturday,Evening,Samosa,Snacks,350,125,82,43,20,Sunny,No,3.8
2025-01-02,Thursday,Breakfast,Idli,Breakfast,540,152,131,21,35,Cloudy,Yes,3.2
2025-03-10,Monday,Evening,Samosa,Snacks,335,109,51,58,20,Sunny,No,5.0
2025-03-22,Saturday,Lunch,Samosa,Snacks,453,160,137,23,20,Cloudy,No,3.8
2025-05-28,Wednesday,Breakfast,Idli,Breakfast,535,158,132,26,35,Sunny,Yes,4.6
2025-01-25,Saturday,Lunch,Veg Sandwich,Snacks,209,101,40,61,40,Cloudy,No,3.6
2025-01-11,Saturday,Evening,Masala Dosa,Meals,301,104,41,63,60,Rainy,No,4.0
2025-06-15,Sunday,Breakfast,Coffee,Drinks,430,149,116,33,25,Sunny,Yes,3.4
2025-06-13,Friday,Evening,Masala Dosa,Meals,289,105,42,63,60,Rainy,No,4.7
2025-05-27,Tuesday,Breakfast,Veg Sandwich,Snacks,579,163,144,19,40,Rainy,Yes,3.6
2025-07-14,Monday,Lunch,Cold Drink,Drinks,525,175,174,1,30,Rainy,No,4.4
2025-10-14,Tuesday,Breakfast,Masala Dosa,Meals,462,148,114,34,60,Rainy,No,4.9
2025-03-08,Saturday,Lunch,Cold Drink,Drinks,351,137,94,43,30,Sunny,Yes,4.4
2025-07-31,Thursday,Breakfast,Pav Bhaji,Meals,337,106,43,63,70,Cloudy,Yes,4.3
2025-12-10,Wednesday,Evening,Samosa,Snacks,284,98,36,62,20,Rainy,No,4.8
2025-06-22,Sunday,Evening,Pav Bhaji,Meals,271,109,53,56,70,Sunny,Yes,3.7
2025-10-19,Sunday,Evening,Coffee,Drinks,179,92,30,62,25,Cloudy,No,4.4
2025-10-28,Tuesday,Evening,Samosa,Snacks,283,112,51,61,20,Cloudy,Yes,3.0
2025-01-20,Monday,Evening,Masala Dosa,Meals,408,116,63,53,60,Rainy,No,3.1
2025-11-22,Saturday,Lunch,Veg Sandwich,Snacks,584,162,141,21,40,Cloudy,Yes,4.6
2025-01-04,Saturday,Breakfast,Veg Thali,Meals,358,124,73,51,90,Rainy,No,3.3
2025-01-21,Tuesday,Breakfast,Cold Drink,Drinks,295,104,42,62,30,Rainy,No,3.7
2025-06-19,Thursday,Evening,Tea,Drinks,510,163,145,18,15,Rainy,No,3.3
2025-01-29,Wednesday,Evening,Pav Bhaji,Meals,563,175,173,2,70,Cloudy,No,3.2
2025-06-27,Friday,Lunch,Coffee,Drinks,259,110,59,51,25,Rainy,Yes,4.7
2025-11-27,Thursday,Lunch,Idli,Breakfast,577,201,201,0,35,Sunny,No,3.8
2025-12-14,Sunday,Evening,Coffee,Drinks,222,91,33,58,25,Rainy,Yes,4.9
2025-04-07,Monday,Evening,Idli,Breakfast,491,132,87,45,35,Rainy,No,4.3
2025-01-28,Tuesday,Lunch,Coffee,Drinks,397,133,86,47,25,Sunny,Yes,4.4
2025-12-18,Thursday,Lunch,Tea,Drinks,216,104,45,59,15,Cloudy,Yes,3.7
2025-10-07,Tuesday,Breakfast,Coffee,Drinks,581,153,125,28,25,Rainy,No,3.3
2025-07-22,Tuesday,Breakfast,Vada Pav,Snacks,322,123,70,53,25,Sunny,No,3.6
2025-04-18,Friday,Lunch,Masala Dosa,Meals,532,185,179,6,60,Rainy,Yes,4.7
2025-02-06,Thursday,Lunch,Tea,Drinks,281,110,60,50,15,Cloudy,No,4.9
2025-05-08,Thursday,Evening,Veg Sandwich,Snacks,556,171,161,10,40,Rainy,No,4.1
2025-12-22,Monday,Breakfast,Veg Sandwich,Snacks,258,93,27,66,40,Rainy,No,4.6
2025-03-03,Monday,Evening,Veg Sandwich,Snacks,291,102,42,60,40,Cloudy,Yes,4.5
2025-10-26,Sunday,Evening,Veg Sandwich,Snacks,568,177,168,9,40,Rainy,Yes,4.3
2025-07-29,Tuesday,Evening,Veg Sandwich,Snacks,178,90,30,60,40,Rainy,No,4.0
2025-12-08,Monday,Evening,Tea,Drinks,341,109,51,58,15,Cloudy,No,3.4
2025-08-26,Tuesday,Lunch,Tea,Drinks,417,138,103,35,15,Cloudy,No,3.9
2025-05-31,Saturday,Lunch,Vada Pav,Snacks,447,150,115,35,25,Sunny,No,3.2
2025-04-18,Friday,Breakfast,Pav Bhaji,Meals,216,98,36,62,70,Rainy,No,4.2
2025-03-12,Wednesday,Breakfast,Vada Pav,Snacks,196,82,21,61,25,Cloudy,No,3.3
2025-09-18,Thursday,Breakfast,Veg Thali,Meals,461,127,77,50,90,Rainy,No,3.4
2025-01-12,Sunday,Evening,Masala Dosa,Meals,490,162,147,15,60,Cloudy,No,4.2
2025-03-03,Monday,Breakfast,Veg Thali,Meals,175,85,29,56,90,Cloudy,Yes,4.9
2025-07-12,Saturday,Breakfast,Masala Dosa,Meals,184,88,25,63,60,Cloudy,No,3.4
2025-08-28,Thursday,Breakfast,Veg Thali,Meals,397,120,76,44,90,Cloudy,No,4.5
2025-08-11,Monday,Lunch,Cold Drink,Drinks,332,123,79,44,30,Rainy,Yes,3.9
2025-07-02,Wednesday,Lunch,Tea,Drinks,588,175,175,0,15,Rainy,Yes,4.8
2025-10-19,Sunday,Lunch,Masala Dosa,Meals,475,164,157,7,60,Sunny,Yes,4.0
2025-06-14,Saturday,Evening,Samosa,Snacks,287,110,50,60,20,Rainy,No,4.9
2025-09-26,Friday,Evening,Masala Dosa,Meals,359,119,70,49,60,Rainy,No,3.0
2025-06-10,Tuesday,Breakfast,Pav Bhaji,Meals,352,131,85,46,70,Sunny,Yes,4.9
2025-06-30,Monday,Lunch,Samosa,Snacks,172,92,36,56,20,Cloudy,No,4.1
2025-10-15,Wednesday,Evening,Tea,Drinks,557,177,169,8,15,Rainy,No,3.7
2025-09-28,Sunday,Evening,Veg Sandwich,Snacks,182,89,30,59,40,Cloudy,Yes,4.7
2025-10-31,Friday,Lunch,Veg Sandwich,Snacks,571,194,193,1,40,Sunny,Yes,3.4
2025-03-01,Saturday,Lunch,Tea,Drinks,236,97,37,60,15,Rainy,No,3.1
2025-11-24,Monday,Breakfast,Samosa,Snacks,356,118,60,58,20,Rainy,No,3.7
2025-05-07,Wednesday,Lunch,Vada Pav,Snacks,587,192,192,0,25,Cloudy,Yes,3.1
2025-06-02,Monday,Evening,Coffee,Drinks,192,91,34,57,25,Rainy,Yes,3.5
2025-09-12,Friday,Evening,Samosa,Snacks,166,86,22,64,20,Rainy,No,3.7
2025-08-20,Wednesday,Lunch,Idli,Breakfast,575,198,192,6,35,Sunny,Yes,4.6
2025-04-14,Monday,Lunch,Cold Drink,Drinks,463,148,122,26,30,Rainy,Yes,3.5
2025-04-15,Tuesday,Breakfast,Coffee,Drinks,220,96,34,62,25,Sunny,Yes,4.7
2025-07-22,Tuesday,Breakfast,Samosa,Snacks,554,171,171,0,20,Sunny,No,3.9
2025-01-09,Thursday,Evening,Samosa,Snacks,439,138,106,32,20,Rainy,No,3.4
2025-01-11,Saturday,Evening,Pav Bhaji,Meals,304,113,53,60,70,Cloudy,No,4.1
2025-04-24,Thursday,Breakfast,Vada Pav,Snacks,333,104,49,55,25,Cloudy,No,4.2
2025-04-09,Wednesday,Lunch,Samosa,Snacks,270,119,65,54,20,Cloudy,Yes,4.4
2025-08-19,Tuesday,Lunch,Veg Thali,Meals,534,176,176,0,90,Cloudy,Yes,4.4
2025-12-21,Sunday,Breakfast,Idli,Breakfast,288,108,46,62,35,Sunny,No,3.4
2025-06-01,Sunday,Lunch,Masala Dosa,Meals,535,172,163,9,60,Rainy,No,4.6
2025-03-10,Monday,Breakfast,Coffee,Drinks,541,167,156,11,25,Rainy,No,4.3
2025-09-23,Tuesday,Lunch,Pav Bhaji,Meals,424,135,88,47,70,Cloudy,Yes,3.9
2025-09-05,Friday,Lunch,Veg Sandwich,Snacks,216,97,37,60,40,Sunny,Yes,4.7
2025-03-06,Thursday,Lunch,Vada Pav,Snacks,379,142,110,32,25,Rainy,Yes,4.6
2025-05-11,Sunday,Lunch,Pav Bhaji,Meals,212,96,37,59,70,Rainy,Yes,3.6
2025-03-15,Saturday,Breakfast,Veg Sandwich,Snacks,585,145,109,36,40,Rainy,Yes,4.4
2025-06-01,Sunday,Breakfast,Coffee,Drinks,202,85,26,59,25,Sunny,No,4.8
2025-06-27,Friday,Lunch,Vada Pav,Snacks,565,197,193,4,25,Sunny,No,3.4
2025-05-13,Tuesday,Evening,Coffee,Drinks,214,93,35,58,25,Cloudy,No,4.7
2025-11-30,Sunday,Evening,Masala Dosa,Meals,234,102,51,51,60,Sunny,No,4.6
2025-06-22,Sunday,Breakfast,Vada Pav,Snacks,243,94,34,60,25,Cloudy,No,4.3
2025-01-04,Saturday,Breakfast,Masala Dosa,Meals,415,144,107,37,60,Cloudy,No,4.9
2025-01-05,Sunday,Lunch,Cold Drink,Drinks,402,147,111,36,30,Rainy,No,3.3
2025-02-12,Wednesday,Evening,Vada Pav,Snacks,520,163,142,21,25,Sunny,Yes,4.3
2025-04-20,Sunday,Evening,Veg Thali,Meals,218,89,35,54,90,Sunny,Yes,4.1
2025-11-24,Monday,Breakfast,Cold Drink,Drinks,304,107,44,63,30,Cloudy,Yes,4.6
2025-03-06,Thursday,Breakfast,Pav Bhaji,Meals,489,138,95,43,70,Rainy,No,3.8
2025-08-01,Friday,Evening,Veg Thali,Meals,477,158,140,18,90,Sunny,No,3.8
2025-11-15,Saturday,Lunch,Idli,Breakfast,186,92,31,61,35,Rainy,No,4.7
2025-02-28,Friday,Breakfast,Veg Thali,Meals,300,104,42,62,90,Cloudy,No,4.2
2025-09-12,Friday,Lunch,Masala Dosa,Meals,401,151,119,32,60,Cloudy,No,4.1
2025-02-15,Saturday,Evening,Cold Drink,Drinks,418,121,70,51,30,Rainy,No,3.8
2025-05-05,Monday,Lunch,Vada Pav,Snacks,555,179,171,8,25,Rainy,Yes,3.7
2025-02-27,Thursday,Lunch,Cold Drink,Drinks,238,102,50,52,30,Cloudy,No,3.7
2025-05-13,Tuesday,Evening,Idli,Breakfast,208,97,44,53,35,Sunny,No,3.9
2025-11-26,Wednesday,Lunch,Coffee,Drinks,353,142,105,37,25,Cloudy,Yes,4.0
2025-11-24,Monday,Evening,Veg Thali,Meals,455,136,91,45,90,Sunny,No,3.7
2025-04-13,Sunday,Evening,Masala Dosa,Meals,283,99,43,56,60,Cloudy,No,3.4
2025-06-04,Wednesday,Evening,Idli,Breakfast,316,103,50,53,35,Cloudy,No,4.1
2025-03-21,Friday,Evening,Masala Dosa,Meals,583,166,149,17,60,Sunny,No,3.7
2025-08-07,Thursday,Lunch,Tea,Drinks,528,152,123,29,15,Cloudy,No,4.1
2025-10-08,Wednesday,Evening,Masala Dosa,Meals,267,95,35,60,60,Cloudy,No,4.0
2025-10-24,Friday,Lunch,Idli,Breakfast,524,168,155,13,35,Rainy,Yes,3.7
2025-03-26,Wednesday,Evening,Samosa,Snacks,563,180,174,6,20,Cloudy,Yes,4.5
2025-11-24,Monday,Evening,Vada Pav,Snacks,463,128,86,42,25,Sunny,Yes,3.2
2025-07-20,Sunday,Evening,Cold Drink,Drinks,365,133,87,46,30,Cloudy,No,4.6
2025-08-18,Monday,Evening,Tea,Drinks,576,152,119,33,15,Rainy,No,3.9
2025-09-30,Tuesday,Breakfast,Samosa,Snacks,356,114,54,60,20,Rainy,No,4.3
2025-03-15,Saturday,Lunch,Idli,Breakfast,405,141,109,32,35,Rainy,Yes,3.9
2025-01-30,Thursday,Evening,Samosa,Snacks,325,109,59,50,20,Sunny,No,3.0
2025-05-20,Tuesday,Breakfast,Idli,Breakfast,183,89,34,55,35,Rainy,No,4.2
2025-11-21,Friday,Lunch,Samosa,Snacks,583,171,167,4,20,Sunny,No,3.2
2025-03-09,Sunday,Breakfast,Coffee,Drinks,308,108,47,61,25,Sunny,No,4.7
2025-09-26,Friday,Evening,Pav Bhaji,Meals,586,173,164,9,70,Rainy,Yes,4.1
2025-01-26,Sunday,Evening,Masala Dosa,Meals,326,108,46,62,60,Cloudy,No,4.1
2025-03-01,Saturday,Breakfast,Veg Sandwich,Snacks,309,106,42,64,40,Rainy,Yes,4.7
2025-03-03,Monday,Breakfast,Cold Drink,Drinks,470,149,123,26,30,Cloudy,No,4.1
2025-11-24,Monday,Lunch,Vada Pav,Snacks,354,133,84,49,25,Sunny,Yes,4.0
2025-01-05,Sunday,Evening,Tea,Drinks,373,118,69,49,15,Cloudy,Yes,4.5
2025-10-24,Friday,Lunch,Coffee,Drinks,456,146,117,29,25,Sunny,Yes,3.1
2025-07-18,Friday,Lunch,Vada Pav,Snacks,531,158,137,21,25,Rainy,Yes,4.1
2025-09-14,Sunday,Lunch,Cold Drink,Drinks,407,155,135,20,30,Cloudy,No,3.2
2025-08-03,Sunday,Lunch,Cold Drink,Drinks,505,182,174,8,30,Cloudy,Yes,3.3
2025-05-25,Sunday,Evening,Tea,Drinks,167,86,20,66,15,Cloudy,Yes,4.4
2025-03-16,Sunday,Lunch,Vada Pav,Snacks,265,107,55,52,25,Cloudy,Yes,4.9
2025-04-18,Friday,Lunch,Samosa,Snacks,206,89,28,61,20,Sunny,No,3.9
2025-08-10,Sunday,Breakfast,Idli,Breakfast,409,138,97,41,35,Cloudy,No,4.0
2025-01-23,Thursday,Evening,Veg Sandwich,Snacks,441,135,91,44,40,Cloudy,No,3.8
2025-11-09,Sunday,Lunch,Cold Drink,Drinks,275,109,47,62,30,Rainy,No,3.2
2025-08-05,Tuesday,Evening,Pav Bhaji,Meals,433,152,126,26,70,Cloudy,No,4.1
2025-06-20,Friday,Breakfast,Vada Pav,Snacks,307,117,70,47,25,Rainy,No,3.4
2025-04-18,Friday,Breakfast,Masala Dosa,Meals,478,159,142,17,60,Cloudy,Yes,4.1
2025-03-06,Thursday,Lunch,Veg Sandwich,Snacks,276,122,75,47,40,Rainy,No,3.7
2025-08-13,Wednesday,Evening,Veg Thali,Meals,217,99,42,57,90,Rainy,Yes,3.4
2025-09-26,Friday,Breakfast,Masala Dosa,Meals,381,113,58,55,60,Sunny,No,3.6
2025-10-06,Monday,Breakfast,Coffee,Drinks,295,113,52,61,25,Cloudy,Yes,3.5
2025-07-31,Thursday,Lunch,Veg Thali,Meals,317,119,64,55,90,Cloudy,No,4.4
2025-04-18,Friday,Lunch,Masala Dosa,Meals,511,153,131,22,60,Rainy,Yes,3.3
2025-12-04,Thursday,Breakfast,Vada Pav,Snacks,257,110,50,60,25,Sunny,No,3.2
2025-04-29,Tuesday,Lunch,Idli,Breakfast,533,186,181,5,35,Rainy,Yes,4.3
2025-08-17,Sunday,Evening,Masala Dosa,Meals,405,143,103,40,60,Rainy,Yes,3.3
2025-04-13,Sunday,Lunch,Coffee,Drinks,576,189,189,0,25,Rainy,Yes,3.9
2025-06-27,Friday,Evening,Veg Sandwich,Snacks,191,89,33,56,40,Sunny,Yes,4.2
2025-11-13,Thursday,Breakfast,Veg Sandwich,Snacks,184,86,30,56,40,Sunny,Yes,3.6
2025-08-31,Sunday,Lunch,Veg Sandwich,Snacks,488,143,112,31,40,Rainy,No,4.9
2025-12-28,Sunday,Lunch,Idli,Breakfast,476,174,174,0,35,Sunny,Yes,3.3
2025-03-10,Monday,Breakfast,Tea,Drinks,446,143,109,34,15,Cloudy,No,4.7
2025-08-10,Sunday,Evening,Masala Dosa,Meals,194,91,36,55,60,Sunny,Yes,4.4
2025-05-08,Thursday,Evening,Masala Dosa,Meals,575,175,175,0,60,Sunny,No,4.5
2025-04-12,Saturday,Evening,Tea,Drinks,185,84,27,57,15,Cloudy,Yes,3.8
2025-11-07,Friday,Lunch,Pav Bhaji,Meals,365,133,91,42,70,Sunny,No,3.2
2025-02-08,Saturday,Breakfast,Tea,Drinks,508,157,132,25,15,Rainy,No,4.6
2025-10-24,Friday,Breakfast,Vada Pav,Snacks,270,108,54,54,25,Sunny,No,4.4
2025-06-25,Wednesday,Evening,Cold Drink,Drinks,447,124,80,44,30,Sunny,Yes,3.1
2025-12-15,Monday,Evening,Idli,Breakfast,556,178,176,2,35,Rainy,Yes,3.3
2025-03-17,Monday,Evening,Vada Pav,Snacks,484,139,105,34,25,Rainy,No,3.9
2025-05-02,Friday,Breakfast,Samosa,Snacks,469,130,86,44,20,Cloudy,No,4.9
2025-04-15,Tuesday,Lunch,Veg Thali,Meals,278,107,48,59,90,Sunny,No,3.3
2025-11-03,Monday,Lunch,Samosa,Snacks,563,178,176,2,20,Cloudy,No,4.5
2025-01-23,Thursday,Breakfast,Masala Dosa,Meals,448,125,79,46,60,Sunny,Yes,3.1
2025-08-13,Wednesday,Breakfast,Idli,Breakfast,593,159,137,22,35,Sunny,Yes,4.5
2025-08-16,Saturday,Evening,Vada Pav,Snacks,272,94,39,55,25,Cloudy,Yes,4.7
2025-06-04,Wednesday,Breakfast,Pav Bhaji,Meals,173,80,14,66,70,Cloudy,No,4.8
2025-03-22,Saturday,Lunch,Cold Drink,Drinks,300,127,80,47,30,Cloudy,Yes,4.6
2025-08-28,Thursday,Lunch,Cold Drink,Drinks,462,160,142,18,30,Cloudy,Yes,4.3
2025-08-13,Wednesday,Evening,Vada Pav,Snacks,438,144,104,40,25,Cloudy,Yes,3.6
2025-10-28,Tuesday,Lunch,Pav Bhaji,Meals,556,156,129,27,70,Rainy,Yes,4.4
2025-06-08,Sunday,Breakfast,Veg Sandwich,Snacks,519,147,118,29,40,Sunny,Yes,4.3
2025-04-19,Saturday,Breakfast,Tea,Drinks,326,114,61,53,15,Sunny,Yes,3.3
2025-06-16,Monday,Breakfast,Pav Bhaji,Meals,227,103,43,60,70,Rainy,Yes,4.2
2025-08-02,Saturday,Breakfast,Pav Bhaji,Meals,290,105,41,64,70,Cloudy,Yes,4.0
2025-11-26,Wednesday,Evening,Idli,Breakfast,529,154,124,30,35,Cloudy,Yes,4.8
2025-03-06,Thursday,Breakfast,Veg Thali,Meals,395,140,109,31,90,Sunny,Yes,3.9
2025-10-06,Monday,Lunch,Pav Bhaji,Meals,214,92,39,53,70,Cloudy,Yes,4.5
2025-05-11,Sunday,Lunch,Samosa,Snacks,269,106,53,53,20,Sunny,Yes,3.1
2025-03-31,Monday,Evening,Samosa,Snacks,180,89,23,66,20,Sunny,No,3.1
2025-05-03,Saturday,Breakfast,Pav Bhaji,Meals,427,129,90,39,70,Sunny,Yes,4.7
2025-08-12,Tuesday,Breakfast,Coffee,Drinks,308,117,70,47,25,Rainy,Yes,4.6
2025-08-31,Sunday,Breakfast,Cold Drink,Drinks,589,153,127,26,30,Rainy,Yes,4.7
2025-05-16,Friday,Breakfast,Tea,Drinks,201,87,25,62,15,Cloudy,Yes,3.4
2025-06-05,Thursday,Evening,Samosa,Snacks,516,166,162,4,20,Rainy,Yes,3.7
2025-06-11,Wednesday,Lunch,Veg Thali,Meals,483,166,153,13,90,Cloudy,No,5.0
2025-01-29,Wednesday,Lunch,Veg Sandwich,Snacks,261,109,48,61,40,Sunny,No,4.0
2025-07-04,Friday,Evening,Cold Drink,Drinks,329,103,52,51,30,Sunny,No,3.9
2025-11-05,Wednesday,Breakfast,Pav Bhaji,Meals,579,175,175,0,70,Rainy,Yes,4.6
2025-05-22,Thursday,Evening,Samosa,Snacks,441,147,116,31,20,Rainy,No,4.9
2025-05-02,Friday,Breakfast,Samosa,Snacks,240,101,42,59,20,Rainy,Yes,4.5
2025-06-30,Monday,Lunch,Tea,Drinks,547,188,179,9,15,Rainy,No,4.7
2025-03-12,Wednesday,Breakfast,Cold Drink,Drinks,159,82,20,62,30,Cloudy,Yes,4.5
2025-12-12,Friday,Evening,Idli,Breakfast,598,167,156,11,35,Rainy,Yes,3.1
2025-04-05,Saturday,Evening,Veg Thali,Meals,352,121,74,47,90,Cloudy,Yes,3.7
2025-11-01,Saturday,Breakfast,Veg Thali,Meals,372,111,60,51,90,Sunny,Yes,3.5
2025-08-21,Thursday,Evening,Cold Drink,Drinks,265,93,40,53,30,Cloudy,Yes,3.9
2025-02-08,Saturday,Evening,Tea,Drinks,473,152,128,24,15,Sunny,Yes,4.5
2025-04-23,Wednesday,Breakfast,Coffee,Drinks,562,176,176,0,25,Sunny,No,4.1
2025-04-14,Monday,Breakfast,Samosa,Snacks,338,121,67,54,20,Cloudy,Yes,4.7
2025-08-26,Tuesday,Lunch,Masala Dosa,Meals,202,89,36,53,60,Cloudy,No,4.1
2025-02-21,Friday,Breakfast,Vada Pav,Snacks,280,96,35,61,25,Sunny,Yes,4.1
2025-09-10,Wednesday,Evening,Pav Bhaji,Meals,588,169,160,9,70,Rainy,Yes,3.1
2025-01-24,Friday,Breakfast,Vada Pav,Snacks,437,121,74,47,25,Cloudy,No,4.1
2025-09-09,Tuesday,Lunch,Coffee,Drinks,510,178,172,6,25,Rainy,No,3.7
2025-11-18,Tuesday,Evening,Veg Sandwich,Snacks,512,145,106,39,40,Sunny,No,4.3
2025-10-27,Monday,Breakfast,Cold Drink,Drinks,513,136,99,37,30,Rainy,No,3.5
2025-12-30,Tuesday,Lunch,Veg Thali,Meals,401,139,103,36,90,Cloudy,Yes,3.8
2025-04-12,Saturday,Evening,Vada Pav,Snacks,152,84,30,54,25,Cloudy,No,5.0
2025-07-07,Monday,Evening,Coffee,Drinks,152,84,21,63,25,Cloudy,No,4.5
2025-04-29,Tuesday,Breakfast,Veg Thali,Meals,262,103,44,59,90,Cloudy,No,4.8
2025-10-15,Wednesday,Evening,Vada Pav,Snacks,503,142,103,39,25,Cloudy,No,3.5
2025-09-10,Wednesday,Breakfast,Samosa,Snacks,284,99,33,66,20,Rainy,Yes,3.5
2025-01-11,Saturday,Breakfast,Cold Drink,Drinks,204,86,21,65,30,Rainy,Yes,3.1
2025-11-26,Wednesday,Lunch,Veg Sandwich,Snacks,401,154,130,24,40,Cloudy,No,4.1
2025-08-12,Tuesday,Breakfast,Samosa,Snacks,586,156,131,25,20,Cloudy,Yes,4.5
2025-05-28,Wednesday,Breakfast,Veg Sandwich,Snacks,320,124,80,44,40,Sunny,No,4.3
2025-09-03,Wednesday,Lunch,Pav Bhaji,Meals,160,90,32,58,70,Rainy,Yes,3.3
2025-11-22,Saturday,Evening,Cold Drink,Drinks,199,85,26,59,30,Cloudy,Yes,4.3
2025-10-25,Saturday,Lunch,Cold Drink,Drinks,424,136,102,34,30,Sunny,No,4.6
2025-09-06,Saturday,Breakfast,Veg Thali,Meals,344,114,56,58,90,Sunny,No,4.1
2025-08-11,Monday,Evening,Tea,Drinks,259,95,32,63,15,Rainy,No,4.9
2025-03-27,Thursday,Breakfast,Cold Drink,Drinks,264,102,41,61,30,Sunny,Yes,4.2
2025-05-03,Saturday,Breakfast,Coffee,Drinks,505,138,97,41,25,Cloudy,Yes,3.7
2025-06-15,Sunday,Evening,Vada Pav,Snacks,284,99,45,54,25,Cloudy,Yes,4.5
2025-03-03,Monday,Breakfast,Cold Drink,Drinks,200,92,37,55,30,Rainy,No,4.1
2025-01-13,Monday,Lunch,Samosa,Snacks,279,112,57,55,20,Sunny,Yes,4.3
2025-05-17,Saturday,Evening,Veg Sandwich,Snacks,450,145,112,33,40,Rainy,No,5.0
2025-10-01,Wednesday,Evening,Samosa,Snacks,519,145,106,39,20,Sunny,Yes,3.8
2025-02-06,Thursday,Evening,Veg Thali,Meals,359,114,57,57,90,Sunny,Yes,3.9
2025-05-07,Wednesday,Lunch,Veg Sandwich,Snacks,236,100,48,52,40,Cloudy,No,4.5
2025-07-20,Sunday,Breakfast,Veg Thali,Meals,472,158,133,25,90,Rainy,Yes,4.7
2025-11-28,Friday,Lunch,Coffee,Drinks,382,150,115,35,25,Rainy,Yes,4.5
2025-05-09,Friday,Evening,Vada Pav,Snacks,223,96,36,60,25,Rainy,Yes,3.8
2025-03-11,Tuesday,Evening,Pav Bhaji,Meals,509,136,89,47,70,Sunny,No,4.0
2025-04-03,Thursday,Lunch,Veg Thali,Meals,312,114,60,54,90,Rainy,No,3.7
2025-10-25,Saturday,Evening,Idli,Breakfast,226,94,41,53,35,Cloudy,Yes,3.4
2025-04-27,Sunday,Lunch,Masala Dosa,Meals,362,128,77,51,60,Cloudy,Yes,4.0
2025-04-03,Thursday,Breakfast,Veg Thali,Meals,351,120,72,48,90,Sunny,Yes,4.7
2025-11-08,Saturday,Lunch,Cold Drink,Drinks,255,101,48,53,30,Sunny,No,4.8
2025-07-20,Sunday,Breakfast,Vada Pav,Snacks,272,97,37,60,25,Sunny,Yes,4.4
2025-09-12,Friday,Lunch,Coffee,Drinks,285,116,62,54,25,Rainy,No,3.8
2025-04-27,Sunday,Lunch,Vada Pav,Snacks,200,95,33,62,25,Cloudy,Yes,3.1
2025-09-17,Wednesday,Evening,Coffee,Drinks,562,167,163,4,25,Cloudy,Yes,4.7
2025-10-27,Monday,Breakfast,Veg Thali,Meals,463,134,98,36,90,Rainy,No,4.6
2025-04-11,Friday,Lunch,Masala Dosa,Meals,467,167,154,13,60,Rainy,No,4.6
2025-06-16,Monday,Lunch,Vada Pav,Snacks,510,177,175,2,25,Cloudy,Yes,4.7
2025-09-27,Saturday,Evening,Idli,Breakfast,573,183,183,0,35,Rainy,Yes,4.0
2025-02-15,Saturday,Breakfast,Tea,Drinks,183,85,26,59,15,Rainy,Yes,3.4
2025-03-14,Friday,Breakfast,Coffee,Drinks,482,149,125,24,25,Cloudy,No,3.1
2025-05-16,Friday,Lunch,Coffee,Drinks,527,179,175,4,25,Sunny,Yes,3.5
2025-04-25,Friday,Lunch,Tea,Drinks,451,158,133,25,15,Cloudy,Yes,3.9
2025-03-18,Tuesday,Lunch,Masala Dosa,Meals,444,158,134,24,60,Cloudy,Yes,3.1
2025-08-27,Wednesday,Evening,Cold Drink,Drinks,238,100,48,52,30,Sunny,Yes,4.5
2025-10-25,Saturday,Breakfast,Coffee,Drinks,406,136,93,43,25,Cloudy,Yes,4.7
2025-04-24,Thursday,Evening,Vada Pav,Snacks,188,88,34,54,25,Sunny,No,3.2
2025-07-16,Wednesday,Breakfast,Tea,Drinks,479,143,107,36,15,Rainy,No,4.5
2025-03-01,Saturday,Breakfast,Pav Bhaji,Meals,582,153,126,27,70,Rainy,No,4.6
2025-07-30,Wednesday,Evening,Pav Bhaji,Meals,562,167,158,9,70,Sunny,Yes,4.2
2025-05-14,Wednesday,Lunch,Idli,Breakfast,233,108,51,57,35,Rainy,Yes,4.6
2025-11-30,Sunday,Breakfast,Tea,Drinks,587,185,185,0,15,Cloudy,Yes,4.9
2025-01-21,Tuesday,Evening,Coffee,Drinks,443,139,100,39,25,Sunny,No,3.5
2025-08-07,Thursday,Evening,Coffee,Drinks,381,129,83,46,25,Cloudy,Yes,3.5
2025-07-10,Thursday,Breakfast,Coffee,Drinks,272,94,40,54,25,Cloudy,Yes,3.9
2025-07-08,Tuesday,Breakfast,Veg Thali,Meals,154,76,14,62,90,Rainy,No,4.9
2025-04-29,Tuesday,Evening,Idli,Breakfast,176,84,20,64,35,Sunny,Yes,4.6
2025-11-27,Thursday,Breakfast,Veg Sandwich,Snacks,565,167,158,9,40,Rainy,No,4.0
2025-11-25,Tuesday,Evening,Cold Drink,Drinks,521,139,102,37,30,Rainy,No,3.3
2025-08-01,Friday,Evening,Samosa,Snacks,362,109,49,60,20,Cloudy,No,4.1
2025-01-02,Thursday,Breakfast,Cold Drink,Drinks,163,87,23,64,30,Sunny,Yes,4.4
2025-05-31,Saturday,Lunch,Tea,Drinks,192,90,31,59,15,Rainy,No,4.4
2025-07-04,Friday,Evening,Tea,Drinks,353,129,82,47,15,Cloudy,Yes,4.9
2025-01-27,Monday,Lunch,Masala Dosa,Meals,428,136,98,38,60,Rainy,Yes,3.4
2025-12-11,Thursday,Evening,Cold Drink,Drinks,285,100,41,59,30,Sunny,Yes,4.8
2025-02-09,Sunday,Lunch,Tea,Drinks,542,169,161,8,15,Cloudy,No,3.3
2025-04-18,Friday,Lunch,Idli,Breakfast,433,153,131,22,35,Cloudy,Yes,4.8
2025-08-22,Friday,Breakfast,Pav Bhaji,Meals,303,100,44,56,70,Cloudy,Yes,3.3
2025-05-18,Sunday,Lunch,Pav Bhaji,Meals,562,174,174,0,70,Sunny,No,4.6
2025-08-30,Saturday,Breakfast,Cold Drink,Drinks,459,138,92,46,30,Sunny,No,4.0
2025-02-28,Friday,Evening,Veg Sandwich,Snacks,164,83,24,59,40,Sunny,No,3.8
2025-12-09,Tuesday,Breakfast,Veg Sandwich,Snacks,241,89,26,63,40,Sunny,Yes,4.4
2025-08-09,Saturday,Lunch,Vada Pav,Snacks,261,101,41,60,25,Rainy,Yes,3.6
2025-03-14,Friday,Breakfast,Idli,Breakfast,309,123,72,51,35,Sunny,Yes,4.3
2025-07-25,Friday,Breakfast,Samosa,Snacks,225,89,27,62,20,Rainy,Yes,5.0
2025-11-28,Friday,Breakfast,Idli,Breakfast,279,113,61,52,35,Sunny,Yes,4.6
2025-06-20,Friday,Lunch,Pav Bhaji,Meals,231,95,41,54,70,Cloudy,No,3.8
2025-08-01,Friday,Evening,Idli,Breakfast,436,130,87,43,35,Sunny,No,4.9
2025-01-14,Tuesday,Evening,Vada Pav,Snacks,358,118,66,52,25,Sunny,No,3.3
2025-12-06,Saturday,Evening,Masala Dosa,Meals,514,160,149,11,60,Sunny,No,3.0
2025-02-21,Friday,Lunch,Masala Dosa,Meals,565,195,195,0,60,Sunny,No,4.2
2025-08-20,Wednesday,Breakfast,Idli,Breakfast,487,144,112,32,35,Rainy,Yes,4.5
2025-10-08,Wednesday,Breakfast,Cold Drink,Drinks,439,147,116,31,30,Sunny,Yes,3.1
2025-05-13,Tuesday,Lunch,Idli,Breakfast,180,92,29,63,35,Cloudy,Yes,4.3
2025-05-10,Saturday,Lunch,Cold Drink,Drinks,464,161,146,15,30,Sunny,No,3.9
2025-06-10,Tuesday,Evening,Veg Sandwich,Snacks,246,92,38,54,40,Rainy,Yes,3.9
2025-09-05,Friday,Evening,Veg Sandwich,Snacks,322,110,59,51,40,Sunny,No,4.4
2025-12-22,Monday,Evening,Pav Bhaji,Meals,258,110,61,49,70,Rainy,No,4.2
2025-11-25,Tuesday,Breakfast,Masala Dosa,Meals,441,145,118,27,60,Rainy,No,4.0
2025-04-29,Tuesday,Evening,Veg Sandwich,Snacks,593,186,181,5,40,Sunny,No,4.3
2025-04-10,Thursday,Breakfast,Tea,Drinks,523,159,135,24,15,Rainy,No,4.6
2025-05-16,Friday,Breakfast,Masala Dosa,Meals,566,143,112,31,60,Sunny,Yes,4.7
2025-10-10,Friday,Lunch,Pav Bhaji,Meals,429,152,131,21,70,Cloudy,Yes,3.4
2025-04-25,Friday,Lunch,Cold Drink,Drinks,398,142,104,38,30,Rainy,Yes,4.7
2025-02-17,Monday,Breakfast,Veg Thali,Meals,374,121,69,52,90,Rainy,No,4.7
2025-09-07,Sunday,Breakfast,Vada Pav,Snacks,509,159,138,21,25,Cloudy,Yes,3.2
2025-08-03,Sunday,Breakfast,Coffee,Drinks,247,95,31,64,25,Sunny,Yes,3.2
2025-10-25,Saturday,Lunch,Idli,Breakfast,228,106,54,52,35,Cloudy,No,3.8
2025-02-28,Friday,Lunch,Veg Thali,Meals,174,90,27,63,90,Sunny,No,4.4
2025-01-21,Tuesday,Lunch,Tea,Drinks,416,154,125,29,15,Cloudy,Yes,4.0
2025-05-19,Monday,Breakfast,Tea,Drinks,439,129,80,49,15,Cloudy,No,5.0
2025-04-04,Friday,Lunch,Masala Dosa,Meals,517,182,182,0,60,Rainy,Yes,4.3
2025-02-22,Saturday,Lunch,Veg Sandwich,Snacks,432,135,95,40,40,Rainy,Yes,3.4
2025-10-30,Thursday,Breakfast,Vada Pav,Snacks,188,92,26,66,25,Sunny,Yes,3.5
2025-06-14,Saturday,Evening,Veg Sandwich,Snacks,260,111,56,55,40,Rainy,No,3.3
2025-06-02,Monday,Breakfast,Veg Sandwich,Snacks,360,113,56,57,40,Sunny,No,3.7
2025-03-12,Wednesday,Evening,Pav Bhaji,Meals,573,172,164,8,70,Sunny,No,4.1
2025-06-21,Saturday,Lunch,Cold Drink,Drinks,346,117,71,46,30,Cloudy,Yes,3.1
2025-03-21,Friday,Lunch,Cold Drink,Drinks,367,133,90,43,30,Sunny,No,4.6
2025-07-05,Saturday,Evening,Tea,Drinks,531,157,129,28,15,Sunny,Yes,5.0
2025-07-29,Tuesday,Evening,Pav Bhaji,Meals,312,103,49,54,70,Sunny,Yes,4.6
2025-06-19,Thursday,Breakfast,Samosa,Snacks,353,117,64,53,20,Sunny,No,3.9
2025-10-11,Saturday,Evening,Pav Bhaji,Meals,464,132,83,49,70,Cloudy,Yes,3.2
2025-03-08,Saturday,Evening,Vada Pav,Snacks,473,127,75,52,25,Rainy,Yes,4.7
2025-10-10,Friday,Evening,Pav Bhaji,Meals,470,142,105,37,70,Sunny,No,3.6
2025-07-03,Thursday,Lunch,Pav Bhaji,Meals,172,86,28,58,70,Rainy,No,4.0
2025-06-21,Saturday,Evening,Cold Drink,Drinks,588,162,140,22,30,Rainy,Yes,3.6
2025-10-24,Friday,Evening,Coffee,Drinks,413,136,101,35,25,Rainy,No,4.1
2025-06-05,Thursday,Lunch,Veg Sandwich,Snacks,352,136,98,38,40,Sunny,Yes,4.5
2025-01-18,Saturday,Evening,Pav Bhaji,Meals,455,135,97,38,70,Cloudy,Yes,3.3
2025-10-17,Friday,Evening,Idli,Breakfast,466,157,142,15,35,Sunny,Yes,4.5
2025-08-27,Wednesday,Lunch,Masala Dosa,Meals,176,87,20,67,60,Rainy,Yes,3.3
2025-10-24,Friday,Breakfast,Masala Dosa,Meals,253,99,39,60,60,Cloudy,No,3.3
2025-09-10,Wednesday,Evening,Vada Pav,Snacks,330,106,54,52,25,Sunny,No,3.3
2025-12-23,Tuesday,Lunch,Idli,Breakfast,473,143,105,38,35,Sunny,Yes,4.8
2025-03-13,Thursday,Evening,Pav Bhaji,Meals,416,141,110,31,70,Rainy,No,5.0
2025-01-09,Thursday,Lunch,Samosa,Snacks,366,126,73,53,20,Sunny,No,3.2
2025-12-10,Wednesday,Breakfast,Samosa,Snacks,531,162,144,18,20,Cloudy,No,4.3
2025-09-21,Sunday,Lunch,Veg Sandwich,Snacks,224,104,51,53,40,Rainy,No,3.1
2025-12-14,Sunday,Evening,Samosa,Snacks,349,129,84,45,20,Rainy,Yes,3.2
2025-09-04,Thursday,Lunch,Idli,Breakfast,583,169,165,4,35,Rainy,No,4.3
2025-06-21,Saturday,Breakfast,Veg Thali,Meals,474,142,113,29,90,Cloudy,Yes,4.0
2025-01-30,Thursday,Lunch,Veg Sandwich,Snacks,274,120,74,46,40,Rainy,Yes,3.6
2025-05-26,Monday,Lunch,Veg Sandwich,Snacks,202,94,33,61,40,Sunny,Yes,4.9
2025-12-29,Monday,Evening,Masala Dosa,Meals,485,143,105,38,60,Cloudy,Yes,3.7
2025-01-17,Friday,Breakfast,Vada Pav,Snacks,457,132,84,48,25,Sunny,No,4.1
2025-08-11,Monday,Evening,Tea,Drinks,369,119,65,54,15,Cloudy,No,3.8
2025-11-09,Sunday,Evening,Masala Dosa,Meals,345,125,72,53,60,Sunny,Yes,3.1
2025-05-25,Sunday,Evening,Samosa,Snacks,358,113,61,52,20,Rainy,No,4.8
2025-12-04,Thursday,Evening,Veg Sandwich,Snacks,502,167,164,3,40,Rainy,No,3.1
2025-06-05,Thursday,Lunch,Samosa,Snacks,413,151,128,23,20,Cloudy,Yes,3.3
2025-12-24,Wednesday,Breakfast,Idli,Breakfast,216,92,38,54,35,Cloudy,No,3.5
2025-06-06,Friday,Evening,Tea,Drinks,293,114,61,53,15,Sunny,No,4.6
2025-03-31,Monday,Breakfast,Vada Pav,Snacks,546,164,157,7,25,Cloudy,Yes,4.1
2025-11-17,Monday,Evening,Veg Thali,Meals,517,160,143,17,90,Rainy,No,3.4
2025-03-18,Tuesday,Breakfast,Coffee,Drinks,230,97,42,55,25,Cloudy,Yes,3.2
2025-04-29,Tuesday,Breakfast,Veg Thali,Meals,152,80,24,56,90,Cloudy,Yes,4.2
2025-05-28,Wednesday,Lunch,Veg Sandwich,Snacks,333,135,91,44,40,Cloudy,Yes,4.8
2025-01-14,Tuesday,Lunch,Tea,Drinks,466,150,128,22,15,Cloudy,Yes,4.8
2025-10-26,Sunday,Breakfast,Masala Dosa,Meals,291,100,40,60,60,Sunny,Yes,4.1
2025-01-25,Saturday,Breakfast,Pav Bhaji,Meals,592,149,121,28,70,Cloudy,Yes,3.5
2025-08-12,Tuesday,Breakfast,Veg Thali,Meals,525,147,113,34,90,Cloudy,Yes,3.2
2025-03-16,Sunday,Evening,Tea,Drinks,311,110,61,49,15,Cloudy,Yes,3.8
2025-05-12,Monday,Lunch,Veg Thali,Meals,276,110,52,58,90,Sunny,Yes,3.9
2025-07-21,Monday,Lunch,Veg Sandwich,Snacks,332,114,56,58,40,Rainy,Yes,4.2
2025-09-04,Thursday,Evening,Masala Dosa,Meals,386,123,79,44,60,Cloudy,No,4.4
2025-04-25,Friday,Lunch,Coffee,Drinks,522,159,145,14,25,Cloudy,Yes,3.4
2025-05-12,Monday,Breakfast,Coffee,Drinks,411,122,73,49,25,Cloudy,Yes,4.3
2025-11-24,Monday,Lunch,Samosa,Snacks,218,97,33,64,20,Rainy,Yes,3.3
2025-10-26,Sunday,Evening,Cold Drink,Drinks,386,131,93,38,30,Cloudy,No,4.7
2025-02-07,Friday,Evening,Veg Thali,Meals,504,158,133,25,90,Sunny,No,3.4
2025-08-23,Saturday,Lunch,Tea,Drinks,196,91,24,67,15,Rainy,Yes,4.1
2025-08-30,Saturday,Breakfast,Vada Pav,Snacks,315,113,56,57,25,Rainy,No,4.0
2025-01-16,Thursday,Lunch,Vada Pav,Snacks,291,125,76,49,25,Cloudy,Yes,3.7
2025-07-20,Sunday,Evening,Masala Dosa,Meals,472,158,132,26,60,Rainy,No,4.9
2025-01-14,Tuesday,Lunch,Veg Thali,Meals,206,96,41,55,90,Cloudy,Yes,4.0
2025-08-04,Monday,Lunch,Coffee,Drinks,542,156,136,20,25,Cloudy,Yes,3.8
2025-03-12,Wednesday,Breakfast,Vada Pav,Snacks,489,143,108,35,25,Sunny,Yes,5.0
2025-07-24,Thursday,Lunch,Masala Dosa,Meals,494,150,122,28,60,Rainy,Yes,4.1
2025-06-19,Thursday,Lunch,Vada Pav,Snacks,253,113,57,56,25,Cloudy,No,4.3
2025-02-04,Tuesday,Breakfast,Idli,Breakfast,159,82,25,57,35,Cloudy,No,4.6
2025-04-23,Wednesday,Evening,Cold Drink,Drinks,331,107,56,51,30,Rainy,No,4.7
2025-06-23,Monday,Breakfast,Veg Sandwich,Snacks,292,113,52,61,40,Cloudy,Yes,4.5
2025-11-26,Wednesday,Lunch,Tea,Drinks,156,86,28,58,15,Cloudy,Yes,3.3
2025-05-14,Wednesday,Breakfast,Idli,Breakfast,477,139,102,37,35,Rainy,Yes,4.3
2025-05-07,Wednesday,Breakfast,Vada Pav,Snacks,341,109,48,61,25,Cloudy,Yes,3.8
2025-07-19,Saturday,Lunch,Veg Sandwich,Snacks,232,102,50,52,40,Rainy,Yes,3.2
2025-11-11,Tuesday,Evening,Idli,Breakfast,351,129,86,43,35,Cloudy,No,4.3
2025-02-18,Tuesday,Evening,Coffee,Drinks,432,152,129,23,25,Sunny,No,4.5
2025-12-24,Wednesday,Breakfast,Tea,Drinks,561,154,131,23,15,Sunny,Yes,3.4
2025-07-13,Sunday,Lunch,Veg Thali,Meals,295,111,60,51,90,Rainy,Yes,3.6
2025-01-27,Monday,Breakfast,Veg Thali,Meals,479,161,145,16,90,Sunny,No,4.1
2025-05-18,Sunday,Lunch,Tea,Drinks,372,122,71,51,15,Rainy,Yes,4.9
2025-07-24,Thursday,Evening,Samosa,Snacks,359,116,56,60,20,Sunny,No,3.7
2025-09-19,Friday,Lunch,Tea,Drinks,363,130,87,43,15,Sunny,Yes,3.3
2025-11-15,Saturday,Lunch,Samosa,Snacks,593,171,167,4,20,Cloudy,No,3.6
2025-10-05,Sunday,Evening,Veg Sandwich,Snacks,226,99,44,55,40,Cloudy,No,3.3
2025-09-12,Friday,Breakfast,Veg Sandwich,Snacks,207,93,40,53,40,Rainy,No,4.2
2025-07-22,Tuesday,Lunch,Vada Pav,Snacks,204,101,46,55,25,Cloudy,No,3.8
2025-10-12,Sunday,Evening,Cold Drink,Drinks,424,144,109,35,30,Cloudy,Yes,4.1
2025-06-05,Thursday,Breakfast,Cold Drink,Drinks,161,86,24,62,30,Rainy,No,3.2
2025-06-05,Thursday,Lunch,Coffee,Drinks,444,164,157,7,25,Cloudy,No,4.7
2025-08-21,Thursday,Breakfast,Cold Drink,Drinks,592,174,174,0,30,Sunny,No,3.9
2025-11-01,Saturday,Lunch,Vada Pav,Snacks,421,158,132,26,25,Sunny,No,3.4
2025-01-11,Saturday,Breakfast,Masala Dosa,Meals,588,184,181,3,60,Sunny,No,3.4
2025-02-16,Sunday,Lunch,Idli,Breakfast,295,109,59,50,35,Rainy,No,4.6
2025-08-19,Tuesday,Lunch,Cold Drink,Drinks,387,133,89,44,30,Rainy,No,3.6
2025-09-13,Saturday,Breakfast,Cold Drink,Drinks,554,154,127,27,30,Sunny,No,3.5
2025-10-25,Saturday,Lunch,Samosa,Snacks,474,166,162,4,20,Rainy,No,3.7
2025-02-14,Friday,Lunch,Pav Bhaji,Meals,364,140,96,44,70,Sunny,No,3.8
2025-03-20,Thursday,Breakfast,Veg Sandwich,Snacks,451,150,128,22,40,Sunny,No,3.4
2025-11-11,Tuesday,Lunch,Idli,Breakfast,364,139,101,38,35,Cloudy,Yes,4.6
2025-09-16,Tuesday,Evening,Masala Dosa,Meals,259,99,37,62,60,Sunny,Yes,5.0
2025-04-13,Sunday,Breakfast,Idli,Breakfast,361,116,63,53,35,Rainy,Yes,4.2
2025-02-06,Thursday,Breakfast,Veg Sandwich,Snacks,172,85,27,58,40,Cloudy,No,3.9
2025-08-05,Tuesday,Lunch,Samosa,Snacks,339,129,88,41,20,Cloudy,Yes,4.4
2025-01-08,Wednesday,Breakfast,Vada Pav,Snacks,466,158,144,14,25,Rainy,Yes,4.2
2025-05-11,Sunday,Evening,Pav Bhaji,Meals,299,104,40,64,70,Sunny,No,4.0
2025-02-25,Tuesday,Lunch,Veg Sandwich,Snacks,150,82,18,64,40,Cloudy,No,4.1
2025-04-13,Sunday,Breakfast,Veg Sandwich,Snacks,283,105,51,54,40,Cloudy,No,4.0
2025-07-24,Thursday,Evening,Pav Bhaji,Meals,466,131,81,50,70,Sunny,Yes,4.7
2025-01-27,Monday,Breakfast,Tea,Drinks,556,167,155,12,15,Cloudy,No,4.3
2025-06-02,Monday,Lunch,Vada Pav,Snacks,476,157,129,28,25,Sunny,Yes,3.4
2025-05-27,Tuesday,Breakfast,Veg Sandwich,Snacks,517,166,152,14,40,Cloudy,No,3.1
2025-09-13,Saturday,Breakfast,Veg Thali,Meals,577,161,146,15,90,Rainy,No,4.3
2025-01-15,Wednesday,Evening,Cold Drink,Drinks,211,86,21,65,30,Cloudy,No,4.9
2025-09-05,Friday,Breakfast,Vada Pav,Snacks,270,101,41,60,25,Sunny,No,4.0
2025-07-23,Wednesday,Lunch,Idli,Breakfast,461,162,150,12,35,Rainy,Yes,4.3
2025-02-19,Wednesday,Lunch,Tea,Drinks,333,133,89,44,15,Rainy,Yes,4.6
2025-12-26,Friday,Breakfast,Vada Pav,Snacks,539,159,147,12,25,Sunny,Yes,3.1
2025-01-15,Wednesday,Breakfast,Samosa,Snacks,271,94,37,57,20,Sunny,No,4.9
2025-05-01,Thursday,Evening,Idli,Breakfast,283,114,62,52,35,Cloudy,Yes,4.1
2025-12-22,Monday,Lunch,Tea,Drinks,153,81,22,59,15,Rainy,Yes,3.6
2025-08-28,Thursday,Evening,Veg Thali,Meals,256,97,32,65,90,Cloudy,No,4.3
2025-08-28,Thursday,Lunch,Tea,Drinks,369,142,108,34,15,Cloudy,Yes,3.8
2025-02-14,Friday,Breakfast,Vada Pav,Snacks,270,106,42,64,25,Rainy,Yes,3.2
2025-12-12,Friday,Evening,Coffee,Drinks,564,143,104,39,25,Cloudy,Yes,3.3
2025-02-22,Saturday,Lunch,Pav Bhaji,Meals,585,202,199,3,70,Rainy,Yes,3.3
2025-12-09,Tuesday,Lunch,Veg Sandwich,Snacks,596,191,191,0,40,Rainy,No,3.2
2025-04-25,Friday,Evening,Cold Drink,Drinks,259,103,43,60,30,Rainy,Yes,3.7
2025-09-19,Friday,Breakfast,Tea,Drinks,490,151,118,33,15,Cloudy,Yes,4.2
2025-05-05,Monday,Breakfast,Veg Thali,Meals,216,100,40,60,90,Sunny,Yes,4.2
2025-06-29,Sunday,Breakfast,Coffee,Drinks,266,108,52,56,25,Sunny,Yes,4.8
2025-06-29,Sunday,Lunch,Coffee,Drinks,245,97,40,57,25,Sunny,No,3.8
2025-06-21,Saturday,Evening,Veg Sandwich,Snacks,508,137,91,46,40,Sunny,No,4.9
2025-10-18,Saturday,Lunch,Idli,Breakfast,459,141,102,39,35,Rainy,Yes,4.2
2025-12-20,Saturday,Lunch,Veg Thali,Meals,555,183,180,3,90,Cloudy,Yes,3.9
2025-02-13,Thursday,Lunch,Idli,Breakfast,472,143,110,33,35,Sunny,Yes,4.0
2025-07-17,Thursday,Evening,Veg Thali,Meals,569,145,108,37,90,Rainy,No,4.5
2025-10-15,Wednesday,Breakfast,Pav Bhaji,Meals,561,153,123,30,70,Cloudy,Yes,4.6
2025-02-28,Friday,Evening,Coffee,Drinks,237,95,29,66,25,Cloudy,No,4.6
2025-02-09,Sunday,Evening,Vada Pav,Snacks,178,86,20,66,25,Rainy,Yes,4.6
2025-08-20,Wednesday,Evening,Veg Sandwich,Snacks,419,124,71,53,40,Cloudy,Yes,4.9
2025-06-07,Saturday,Lunch,Masala Dosa,Meals,226,107,55,52,60,Cloudy,Yes,5.0
2025-08-26,Tuesday,Breakfast,Masala Dosa,Meals,370,126,76,50,60,Cloudy,No,4.0
2025-09-10,Wednesday,Evening,Vada Pav,Snacks,554,165,157,8,25,Cloudy,Yes,3.5
2025-08-09,Saturday,Evening,Idli,Breakfast,531,171,171,0,35,Rainy,Yes,3.1
2025-08-13,Wednesday,Breakfast,Samosa,Snacks,482,130,89,41,20,Sunny,No,3.9
2025-02-06,Thursday,Lunch,Coffee,Drinks,197,89,30,59,25,Cloudy,No,3.1
2025-03-16,Sunday,Evening,Veg Thali,Meals,190,86,21,65,90,Sunny,Yes,3.0
2025-04-16,Wednesday,Breakfast,Cold Drink,Drinks,255,106,51,55,30,Sunny,Yes,3.2
2025-12-30,Tuesday,Breakfast,Samosa,Snacks,578,167,164,3,20,Rainy,Yes,4.8
2025-02-04,Tuesday,Lunch,Masala Dosa,Meals,196,97,39,58,60,Rainy,Yes,4.2
2025-04-28,Monday,Breakfast,Coffee,Drinks,570,152,126,26,25,Sunny,Yes,3.3
2025-10-04,Saturday,Evening,Coffee,Drinks,568,181,173,8,25,Sunny,No,3.4
2025-01-21,Tuesday,Lunch,Vada Pav,Snacks,586,189,188,1,25,Sunny,No,4.8
2025-10-28,Tuesday,Breakfast,Veg Sandwich,Snacks,529,160,140,20,40,Cloudy,No,3.3
2025-08-24,Sunday,Lunch,Veg Sandwich,Snacks,460,141,101,40,40,Cloudy,No,4.7
2025-10-28,Tuesday,Evening,Samosa,Snacks,246,105,42,63,20,Rainy,No,3.5
2025-08-24,Sunday,Evening,Veg Thali,Meals,278,112,51,61,90,Rainy,No,4.6
2025-07-03,Thursday,Lunch,Veg Thali,Meals,237,98,36,62,90,Rainy,Yes,3.1
2025-07-10,Thursday,Evening,Cold Drink,Drinks,484,157,130,27,30,Rainy,No,3.0
2025-09-26,Friday,Evening,Vada Pav,Snacks,474,130,78,52,25,Sunny,No,4.8
2025-12-07,Sunday,Lunch,Veg Thali,Meals,424,132,90,42,90,Cloudy,Yes,4.7
2025-11-01,Saturday,Lunch,Veg Thali,Meals,495,163,150,13,90,Cloudy,Yes,4.4
2025-06-23,Monday,Lunch,Coffee,Drinks,592,175,174,1,25,Cloudy,No,4.5
2025-10-08,Wednesday,Breakfast,Coffee,Drinks,556,155,128,27,25,Cloudy,Yes,3.6
2025-09-26,Friday,Breakfast,Samosa,Snacks,155,84,20,64,20,Rainy,Yes,3.2
2025-11-08,Saturday,Evening,Idli,Breakfast,595,181,176,5,35,Cloudy,No,3.8
2025-04-14,Monday,Breakfast,Tea,Drinks,436,147,122,25,15,Rainy,Yes,4.8
2025-12-23,Tuesday,Lunch,Samosa,Snacks,348,133,84,49,20,Cloudy,Yes,4.0
2025-11-20,Thursday,Lunch,Veg Thali,Meals,324,117,67,50,90,Sunny,No,4.7
2025-05-03,Saturday,Evening,Veg Sandwich,Snacks,344,107,56,51,40,Rainy,No,4.9
2025-01-08,Wednesday,Breakfast,Coffee,Drinks,484,134,90,44,25,Cloudy,No,3.3
2025-07-29,Tuesday,Lunch,Samosa,Snacks,456,148,121,27,20,Sunny,Yes,4.6
2025-09-07,Sunday,Breakfast,Idli,Breakfast,162,80,19,61,35,Rainy,No,4.1
2025-10-16,Thursday,Evening,Masala Dosa,Meals,232,104,45,59,60,Rainy,No,4.3
2025-07-04,Friday,Breakfast,Masala Dosa,Meals,247,106,49,57,60,Sunny,Yes,4.5
2025-07-10,Thursday,Lunch,Masala Dosa,Meals,218,95,38,57,60,Sunny,Yes,3.4
2025-07-02,Wednesday,Breakfast,Tea,Drinks,465,148,118,30,15,Cloudy,Yes,4.6
2025-08-31,Sunday,Lunch,Vada Pav,Snacks,539,160,145,15,25,Sunny,No,5.0
2025-03-03,Monday,Evening,Cold Drink,Drinks,430,124,81,43,30,Rainy,No,3.2
2025-07-12,Saturday,Evening,Idli,Breakfast,367,117,63,54,35,Cloudy,No,3.7
2025-04-22,Tuesday,Evening,Vada Pav,Snacks,416,144,108,36,25,Cloudy,Yes,4.0
2025-11-03,Monday,Lunch,Veg Thali,Meals,529,186,181,5,90,Cloudy,No,3.0
2025-07-21,Monday,Evening,Idli,Breakfast,452,128,78,50,35,Rainy,No,3.3
2025-04-07,Monday,Lunch,Idli,Breakfast,268,101,46,55,35,Sunny,Yes,4.3
2025-10-04,Saturday,Lunch,Vada Pav,Snacks,208,97,43,54,25,Rainy,Yes,3.4
2025-01-09,Thursday,Breakfast,Veg Sandwich,Snacks,505,168,164,4,40,Sunny,No,4.3
2025-08-18,Monday,Breakfast,Masala Dosa,Meals,424,131,80,51,60,Cloudy,Yes,3.2
2025-08-08,Friday,Breakfast,Idli,Breakfast,205,93,27,66,35,Sunny,No,4.4
2025-10-31,Friday,Lunch,Cold Drink,Drinks,166,87,25,62,30,Cloudy,Yes,3.1
2025-11-26,Wednesday,Lunch,Coffee,Drinks,273,106,43,63,25,Cloudy,Yes,4.0
2025-09-28,Sunday,Lunch,Idli,Breakfast,385,133,85,48,35,Cloudy,Yes,3.3
2025-09-27,Saturday,Lunch,Pav Bhaji,Meals,358,128,88,40,70,Sunny,Yes,4.7
2025-12-06,Saturday,Breakfast,Vada Pav,Snacks,264,110,58,52,25,Cloudy,Yes,4.6
2025-09-12,Friday,Evening,Idli,Breakfast,486,133,91,42,35,Sunny,Yes,3.3
2025-10-01,Wednesday,Evening,Samosa,Snacks,276,96,32,64,20,Sunny,No,3.9
2025-11-09,Sunday,Breakfast,Pav Bhaji,Meals,478,137,103,34,70,Rainy,Yes,4.3
2025-08-03,Sunday,Evening,Veg Sandwich,Snacks,512,138,95,43,40,Cloudy,No,3.1
2025-05-11,Sunday,Lunch,Idli,Breakfast,529,165,155,10,35,Rainy,No,4.1
2025-05-17,Saturday,Breakfast,Veg Thali,Meals,555,173,173,0,90,Rainy,No,3.5
2025-09-17,Wednesday,Breakfast,Idli,Breakfast,315,121,76,45,35,Cloudy,No,4.7
2025-04-17,Thursday,Breakfast,Masala Dosa,Meals,155,83,21,62,60,Sunny,Yes,3.9
2025-07-15,Tuesday,Evening,Tea,Drinks,565,153,132,21,15,Sunny,Yes,3.4
2025-05-07,Wednesday,Evening,Veg Sandwich,Snacks,211,93,27,66,40,Sunny,Yes,4.5
2025-02-25,Tuesday,Breakfast,Vada Pav,Snacks,450,124,79,45,25,Cloudy,Yes,4.4
2025-02-22,Saturday,Evening,Coffee,Drinks,525,139,100,39,25,Rainy,No,3.7
2025-08-02,Saturday,Evening,Masala Dosa,Meals,380,112,55,57,60,Sunny,No,4.5
2025-05-01,Thursday,Evening,Coffee,Drinks,249,91,28,63,25,Cloudy,No,3.7
2025-05-03,Saturday,Lunch,Pav Bhaji,Meals,529,178,171,7,70,Cloudy,No,3.3
2025-10-02,Thursday,Evening,Veg Thali,Meals,384,113,61,52,90,Cloudy,No,4.0
2025-10-23,Thursday,Breakfast,Idli,Breakfast,196,87,30,57,35,Rainy,Yes,3.5
2025-10-12,Sunday,Breakfast,Pav Bhaji,Meals,201,90,37,53,70,Cloudy,Yes,3.7
2025-06-02,Monday,Breakfast,Veg Sandwich,Snacks,309,107,44,63,40,Rainy,No,4.1
2025-07-17,Thursday,Evening,Pav Bhaji,Meals,288,109,52,57,70,Rainy,No,4.8
2025-12-25,Thursday,Evening,Coffee,Drinks,386,125,82,43,25,Cloudy,No,3.1
2025-05-06,Tuesday,Lunch,Veg Sandwich,Snacks,173,84,26,58,40,Sunny,No,3.1
2025-05-31,Saturday,Breakfast,Samosa,Snacks,332,114,62,52,20,Sunny,No,4.4
2025-05-19,Monday,Breakfast,Veg Sandwich,Snacks,200,89,35,54,40,Sunny,Yes,3.4
2025-10-31,Friday,Lunch,Masala Dosa,Meals,280,103,40,63,60,Sunny,Yes,3.6
2025-02-13,Thursday,Evening,Idli,Breakfast,430,134,96,38,35,Rainy,No,4.0
2025-04-19,Saturday,Lunch,Samosa,Snacks,492,177,170,7,20,Rainy,Yes,3.4
2025-12-26,Friday,Lunch,Masala Dosa,Meals,311,123,73,50,60,Cloudy,Yes,4.5
2025-09-14,Sunday,Lunch,Coffee,Drinks,280,113,65,48,25,Rainy,No,4.2
2025-04-17,Thursday,Evening,Pav Bhaji,Meals,233,103,50,53,70,Cloudy,No,3.6
2025-11-22,Saturday,Evening,Idli,Breakfast,442,132,82,50,35,Cloudy,Yes,4.9
2025-05-08,Thursday,Lunch,Veg Sandwich,Snacks,297,108,49,59,40,Sunny,No,3.5
2025-10-04,Saturday,Evening,Veg Thali,Meals,435,134,89,45,90,Cloudy,Yes,4.3
2025-06-02,Monday,Lunch,Vada Pav,Snacks,335,127,83,44,25,Rainy,Yes,3.8
2025-04-09,Wednesday,Breakfast,Coffee,Drinks,319,115,55,60,25,Rainy,No,3.2
2025-07-02,Wednesday,Breakfast,Cold Drink,Drinks,429,126,76,50,30,Sunny,No,4.0
2025-06-20,Friday,Lunch,Pav Bhaji,Meals,153,88,32,56,70,Rainy,No,4.3
2025-11-05,Wednesday,Lunch,Pav Bhaji,Meals,272,118,63,55,70,Cloudy,Yes,3.9
2025-09-15,Monday,Breakfast,Idli,Breakfast,433,138,97,41,35,Cloudy,No,3.1
2025-02-20,Thursday,Evening,Masala Dosa,Meals,291,101,41,60,60,Cloudy,Yes,3.7
2025-11-21,Friday,Lunch,Veg Sandwich,Snacks,213,104,48,56,40,Cloudy,Yes,3.7
2025-05-04,Sunday,Evening,Masala Dosa,Meals,369,120,65,55,60,Rainy,Yes,3.6
2025-03-21,Friday,Breakfast,Samosa,Snacks,164,80,23,57,20,Cloudy,No,4.0
2025-11-18,Tuesday,Evening,Veg Thali,Meals,349,116,60,56,90,Sunny,No,4.3
2025-04-20,Sunday,Breakfast,Idli,Breakfast,366,134,88,46,35,Cloudy,No,3.6
2025-03-05,Wednesday,Lunch,Tea,Drinks,593,194,192,2,15,Sunny,No,3.9
2025-04-08,Tuesday,Evening,Idli,Breakfast,170,81,19,62,35,Cloudy,No,3.4
2025-04-06,Sunday,Breakfast,Masala Dosa,Meals,191,82,18,64,60,Rainy,Yes,4.4
2025-01-24,Friday,Evening,Samosa,Snacks,210,87,28,59,20,Rainy,Yes,3.9
2025-10-08,Wednesday,Breakfast,Veg Sandwich,Snacks,378,133,91,42,40,Rainy,No,4.2
2025-09-22,Monday,Breakfast,Idli,Breakfast,503,166,160,6,35,Cloudy,No,4.9
2025-07-17,Thursday,Lunch,Cold Drink,Drinks,488,175,175,0,30,Rainy,No,3.4
2025-02-15,Saturday,Lunch,Pav Bhaji,Meals,166,83,25,58,70,Rainy,Yes,3.1
2025-04-03,Thursday,Lunch,Vada Pav,Snacks,553,158,135,23,25,Cloudy,Yes,3.1
2025-06-06,Friday,Breakfast,Idli,Breakfast,267,112,59,53,35,Cloudy,No,4.2
2025-05-16,Friday,Lunch,Masala Dosa,Meals,413,145,119,26,60,Cloudy,Yes,3.4
2025-09-07,Sunday,Breakfast,Pav Bhaji,Meals,519,137,96,41,70,Rainy,Yes,4.5
2025-12-08,Monday,Lunch,Cold Drink,Drinks,294,108,45,63,30,Rainy,No,3.1
2025-04-04,Friday,Breakfast,Veg Sandwich,Snacks,233,103,48,55,40,Sunny,Yes,3.3
2025-12-03,Wednesday,Evening,Tea,Drinks,180,82,21,61,15,Sunny,No,3.6
2025-07-06,Sunday,Lunch,Pav Bhaji,Meals,175,91,25,66,70,Cloudy,Yes,4.7
2025-08-27,Wednesday,Evening,Tea,Drinks,595,153,134,19,15,Sunny,No,3.8
2025-06-01,Sunday,Lunch,Masala Dosa,Meals,360,138,92,46,60,Cloudy,No,4.7
2025-11-19,Wednesday,Evening,Samosa,Snacks,194,82,18,64,20,Sunny,Yes,4.3
2025-07-21,Monday,Lunch,Idli,Breakfast,202,97,39,58,35,Sunny,No,3.5
2025-09-27,Saturday,Evening,Pav Bhaji,Meals,357,117,65,52,70,Cloudy,Yes,3.7
2025-04-20,Sunday,Breakfast,Coffee,Drinks,400,115,66,49,25,Rainy,Yes,3.5
2025-03-31,Monday,Lunch,Tea,Drinks,326,132,89,43,15,Cloudy,Yes,3.4
2025-05-12,Monday,Breakfast,Veg Thali,Meals,429,139,94,45,90,Rainy,Yes,4.5
2025-01-16,Thursday,Breakfast,Vada Pav,Snacks,278,114,54,60,25,Sunny,Yes,4.6
2025-08-19,Tuesday,Lunch,Tea,Drinks,555,194,187,7,15,Sunny,No,3.7
2025-10-26,Sunday,Lunch,Coffee,Drinks,428,139,95,44,25,Cloudy,No,3.3
2025-09-15,Monday,Lunch,Cold Drink,Drinks,296,116,67,49,30,Sunny,Yes,3.4
2025-09-06,Saturday,Lunch,Vada Pav,Snacks,189,86,30,56,25,Rainy,No,4.8
2025-08-31,Sunday,Evening,Idli,Breakfast,584,153,129,24,35,Rainy,Yes,3.2
2025-02-05,Wednesday,Evening,Tea,Drinks,418,137,97,40,15,Cloudy,Yes,4.7
2025-12-20,Saturday,Evening,Vada Pav,Snacks,381,114,58,56,25,Rainy,No,4.3
2025-06-26,Thursday,Breakfast,Idli,Breakfast,388,118,59,59,35,Sunny,Yes,4.2
2025-09-24,Wednesday,Lunch,Veg Sandwich,Snacks,263,113,65,48,40,Rainy,Yes,3.3
2025-10-31,Friday,Evening,Pav Bhaji,Meals,533,138,102,36,70,Sunny,No,3.9
2025-12-07,Sunday,Breakfast,Veg Thali,Meals,306,119,73,46,90,Cloudy,No,4.3
2025-07-16,Wednesday,Lunch,Coffee,Drinks,281,120,71,49,25,Rainy,No,3.2
2025-02-20,Thursday,Breakfast,Veg Sandwich,Snacks,186,91,36,55,40,Cloudy,Yes,3.1
2025-11-17,Monday,Evening,Samosa,Snacks,329,126,80,46,20,Rainy,No,3.1
2025-04-11,Friday,Lunch,Cold Drink,Drinks,419,129,87,42,30,Cloudy,No,4.1
2025-03-30,Sunday,Breakfast,Vada Pav,Snacks,271,95,39,56,25,Cloudy,Yes,4.2
2025-12-30,Tuesday,Breakfast,Vada Pav,Snacks,315,114,66,48,25,Rainy,No,3.6
2025-08-19,Tuesday,Breakfast,Masala Dosa,Meals,190,88,23,65,60,Cloudy,No,3.1
2025-02-14,Friday,Evening,Masala Dosa,Meals,575,163,156,7,60,Sunny,No,4.0
2025-01-30,Thursday,Evening,Samosa,Snacks,299,102,40,62,20,Sunny,No,3.9
2025-08-13,Wednesday,Lunch,Pav Bhaji,Meals,498,175,167,8,70,Cloudy,No,5.0
2025-08-15,Friday,Breakfast,Masala Dosa,Meals,152,78,16,62,60,Sunny,No,4.7
2025-08-22,Friday,Lunch,Pav Bhaji,Meals,379,148,116,32,70,Rainy,Yes,4.5
2025-02-07,Friday,Lunch,Tea,Drinks,550,179,171,8,15,Cloudy,No,4.6
2025-03-16,Sunday,Evening,Tea,Drinks,278,111,55,56,15,Sunny,Yes,3.1
2025-02-28,Friday,Lunch,Samosa,Snacks,305,127,75,52,20,Cloudy,Yes,4.6
2025-03-06,Thursday,Evening,Veg Thali,Meals,319,115,66,49,90,Sunny,Yes,4.6
2025-02-11,Tuesday,Lunch,Veg Thali,Meals,555,176,167,9,90,Cloudy,Yes,4.6
2025-05-18,Sunday,Breakfast,Veg Sandwich,Snacks,415,133,95,38,40,Cloudy,Yes,4.6
2025-12-07,Sunday,Evening,Idli,Breakfast,289,113,59,54,35,Sunny,Yes,4.5
2025-07-23,Wednesday,Evening,Samosa,Snacks,506,164,154,10,20,Rainy,Yes,3.9
2025-10-05,Sunday,Evening,Tea,Drinks,318,107,44,63,15,Rainy,Yes,4.1
2025-09-13,Saturday,Breakfast,Cold Drink,Drinks,385,122,69,53,30,Rainy,Yes,4.4
2025-12-15,Monday,Breakfast,Tea,Drinks,583,163,147,16,15,Cloudy,Yes,3.9
2025-01-26,Sunday,Evening,Idli,Breakfast,419,133,96,37,35,Cloudy,No,4.1
2025-06-18,Wednesday,Breakfast,Tea,Drinks,431,126,80,46,15,Sunny,Yes,5.0
2025-07-08,Tuesday,Breakfast,Cold Drink,Drinks,337,125,71,54,30,Cloudy,No,4.7
2025-06-22,Sunday,Lunch,Samosa,Snacks,491,156,140,16,20,Cloudy,Yes,4.2
2025-06-24,Tuesday,Breakfast,Samosa,Snacks,428,122,75,47,20,Rainy,Yes,4.6
2025-09-08,Monday,Evening,Coffee,Drinks,252,101,41,60,25,Cloudy,Yes,3.2
2025-05-10,Saturday,Evening,Tea,Drinks,592,162,151,11,15,Cloudy,No,3.2
2025-07-14,Monday,Evening,Pav Bhaji,Meals,298,102,50,52,70,Sunny,Yes,4.9
2025-05-28,Wednesday,Breakfast,Tea,Drinks,436,140,100,40,15,Sunny,No,3.9
2025-04-23,Wednesday,Evening,Idli,Breakfast,569,143,102,41,35,Cloudy,No,3.8
2025-05-30,Friday,Lunch,Samosa,Snacks,470,163,153,10,20,Sunny,Yes,4.9
2025-03-31,Monday,Breakfast,Cold Drink,Drinks,539,139,102,37,30,Cloudy,Yes,3.2
2025-06-01,Sunday,Evening,Coffee,Drinks,350,106,49,57,25,Sunny,No,4.7
2025-04-05,Saturday,Evening,Tea,Drinks,223,88,34,54,15,Rainy,Yes,4.9
2025-12-31,Wednesday,Lunch,Masala Dosa,Meals,376,123,67,56,60,Cloudy,Yes,4.4
2025-10-09,Thursday,Lunch,Masala Dosa,Meals,242,97,44,53,60,Rainy,No,3.3
2025-01-21,Tuesday,Lunch,Tea,Drinks,387,148,121,27,15,Cloudy,No,3.0
2025-10-23,Thursday,Lunch,Masala Dosa,Meals,158,83,20,63,60,Sunny,No,3.9
2025-05-11,Sunday,Lunch,Veg Sandwich,Snacks,409,126,78,48,40,Rainy,Yes,4.1
2025-03-13,Thursday,Evening,Veg Thali,Meals,414,145,106,39,90,Sunny,No,3.6
2025-10-24,Friday,Evening,Tea,Drinks,399,118,71,47,15,Sunny,No,4.2
2025-02-13,Thursday,Evening,Samosa,Snacks,369,129,84,45,20,Sunny,No,4.6
2025-01-15,Wednesday,Breakfast,Veg Thali,Meals,536,137,101,36,90,Cloudy,Yes,4.5
2025-10-03,Friday,Evening,Vada Pav,Snacks,259,103,51,52,25,Rainy,No,4.6
2025-01-02,Thursday,Evening,Coffee,Drinks,393,123,69,54,25,Sunny,Yes,4.8
2025-06-03,Tuesday,Evening,Vada Pav,Snacks,286,98,34,64,25,Cloudy,Yes,4.2
2025-04-22,Tuesday,Breakfast,Samosa,Snacks,161,81,28,53,20,Sunny,No,3.5
2025-01-19,Sunday,Breakfast,Idli,Breakfast,244,104,50,54,35,Rainy,No,4.5
2025-03-17,Monday,Lunch,Veg Sandwich,Snacks,556,158,145,13,40,Rainy,Yes,4.0
2025-03-04,Tuesday,Evening,Veg Sandwich,Snacks,271,94,35,59,40,Cloudy,Yes,3.2
2025-10-05,Sunday,Evening,Masala Dosa,Meals,171,82,28,54,60,Cloudy,No,4.7
2025-10-09,Thursday,Breakfast,Coffee,Drinks,476,145,114,31,25,Cloudy,No,3.2
2025-09-10,Wednesday,Lunch,Cold Drink,Drinks,432,144,110,34,30,Rainy,No,3.5
2025-03-21,Friday,Breakfast,Masala Dosa,Meals,237,105,45,60,60,Rainy,No,3.3
2025-06-21,Saturday,Breakfast,Veg Thali,Meals,358,110,59,51,90,Cloudy,No,5.0
2025-12-25,Thursday,Lunch,Veg Thali,Meals,221,104,48,56,90,Cloudy,No,4.1
2025-06-02,Monday,Breakfast,Tea,Drinks,372,117,58,59,15,Sunny,Yes,3.2
2025-08-10,Sunday,Evening,Veg Sandwich,Snacks,564,175,170,5,40,Sunny,Yes,4.4
2025-02-28,Friday,Evening,Samosa,Snacks,201,83,23,60,20,Rainy,No,3.4
2025-02-21,Friday,Breakfast,Idli,Breakfast,567,159,136,23,35,Cloudy,Yes,3.2
2025-10-15,Wednesday,Lunch,Coffee,Drinks,242,98,38,60,25,Rainy,Yes,3.4
2025-06-09,Monday,Breakfast,Veg Sandwich,Snacks,452,132,83,49,40,Sunny,No,4.2
2025-06-02,Monday,Breakfast,Pav Bhaji,Meals,558,152,128,24,70,Cloudy,No,4.6
2025-03-05,Wednesday,Evening,Coffee,Drinks,238,104,42,62,25,Cloudy,No,4.6
2025-12-12,Friday,Breakfast,Samosa,Snacks,418,119,60,59,20,Rainy,No,3.6
2025-07-19,Saturday,Breakfast,Veg Sandwich,Snacks,257,109,58,51,40,Cloudy,No,3.7
2025-02-07,Friday,Evening,Idli,Breakfast,189,90,27,63,35,Rainy,No,3.6
2025-03-17,Monday,Evening,Samosa,Snacks,280,97,31,66,20,Sunny,Yes,3.9
2025-10-13,Monday,Breakfast,Masala Dosa,Meals,373,133,92,41,60,Rainy,No,3.3
2025-10-31,Friday,Breakfast,Coffee,Drinks,179,90,28,62,25,Sunny,Yes,3.3
2025-02-28,Friday,Evening,Masala Dosa,Meals,522,146,107,39,60,Cloudy,Yes,3.8
2025-06-02,Monday,Evening,Idli,Breakfast,218,90,31,59,35,Sunny,Yes,4.6
2025-02-19,Wednesday,Lunch,Veg Thali,Meals,175,93,38,55,90,Sunny,No,4.1
2025-03-25,Tuesday,Lunch,Samosa,Snacks,286,120,73,47,20,Sunny,No,4.4
2025-07-06,Sunday,Lunch,Veg Thali,Meals,359,133,84,49,90,Cloudy,Yes,4.6
2025-01-22,Wednesday,Breakfast,Vada Pav,Snacks,524,143,106,37,25,Sunny,No,4.9
2025-09-10,Wednesday,Lunch,Idli,Breakfast,463,158,140,18,35,Rainy,No,3.9
2025-07-27,Sunday,Lunch,Pav Bhaji,Meals,364,136,95,41,70,Cloudy,No,3.8
2025-08-14,Thursday,Lunch,Idli,Breakfast,515,158,139,19,35,Sunny,Yes,3.2
2025-10-27,Monday,Evening,Veg Thali,Meals,156,78,15,63,90,Sunny,Yes,3.3
2025-08-05,Tuesday,Evening,Veg Thali,Meals,530,164,157,7,90,Cloudy,Yes,4.4
2025-05-27,Tuesday,Evening,Vada Pav,Snacks,211,85,19,66,25,Cloudy,No,3.6
2025-09-21,Sunday,Breakfast,Pav Bhaji,Meals,467,137,99,38,70,Sunny,Yes,3.2
2025-11-13,Thursday,Evening,Masala Dosa,Meals,366,130,84,46,60,Cloudy,Yes,4.2
2025-06-15,Sunday,Evening,Samosa,Snacks,424,132,84,48,20,Sunny,No,4.2
2025-10-23,Thursday,Breakfast,Veg Sandwich,Snacks,314,119,61,58,40,Cloudy,Yes,3.0
2025-01-26,Sunday,Lunch,Pav Bhaji,Meals,168,82,19,63,70,Rainy,No,5.0
2025-05-20,Tuesday,Lunch,Samosa,Snacks,257,98,44,54,20,Cloudy,No,4.4
2025-06-02,Monday,Breakfast,Vada Pav,Snacks,502,153,121,32,25,Sunny,No,4.9
2025-02-21,Friday,Breakfast,Samosa,Snacks,334,118,72,46,20,Cloudy,No,4.8
2025-07-08,Tuesday,Evening,Vada Pav,Snacks,287,99,39,60,25,Sunny,No,3.7
2025-04-21,Monday,Lunch,Veg Sandwich,Snacks,210,91,31,60,40,Rainy,Yes,4.5
2025-04-15,Tuesday,Breakfast,Cold Drink,Drinks,172,79,18,61,30,Rainy,Yes,3.4
2025-04-13,Sunday,Lunch,Samosa,Snacks,598,205,205,0,20,Cloudy,No,4.4
2025-03-04,Tuesday,Lunch,Idli,Breakfast,229,98,37,61,35,Sunny,No,4.7
2025-10-07,Tuesday,Breakfast,Samosa,Snacks,200,90,26,64,20,Cloudy,No,3.8
2025-03-02,Sunday,Lunch,Masala Dosa,Meals,394,127,76,51,60,Sunny,Yes,4.1
2025-05-12,Monday,Lunch,Veg Sandwich,Snacks,592,175,175,0,40,Sunny,No,4.2
2025-08-25,Monday,Breakfast,Samosa,Snacks,251,93,30,63,20,Rainy,Yes,4.6
2025-02-08,Saturday,Evening,Vada Pav,Snacks,308,116,62,54,25,Sunny,No,3.8
2025-07-18,Friday,Breakfast,Idli,Breakfast,206,98,34,64,35,Sunny,No,3.7
2025-10-31,Friday,Lunch,Veg Thali,Meals,157,80,18,62,90,Cloudy,Yes,3.8
2025-02-27,Thursday,Evening,Vada Pav,Snacks,154,81,19,62,25,Cloudy,No,3.5
2025-08-20,Wednesday,Lunch,Masala Dosa,Meals,466,169,156,13,60,Sunny,No,4.0
2025-09-22,Monday,Breakfast,Masala Dosa,Meals,585,161,141,20,60,Rainy,Yes,4.9
2025-05-06,Tuesday,Lunch,Idli,Breakfast,290,111,58,53,35,Sunny,No,3.1
2025-01-02,Thursday,Lunch,Pav Bhaji,Meals,347,123,72,51,70,Cloudy,Yes,3.5
2025-05-03,Saturday,Evening,Tea,Drinks,435,123,70,53,15,Rainy,No,4.8
2025-12-15,Monday,Lunch,Cold Drink,Drinks,399,152,119,33,30,Rainy,Yes,4.0
2025-04-16,Wednesday,Breakfast,Idli,Breakfast,181,87,30,57,35,Cloudy,Yes,4.3
2025-06-10,Tuesday,Lunch,Masala Dosa,Meals,348,126,73,53,60,Cloudy,No,4.8
2025-04-20,Sunday,Evening,Tea,Drinks,533,146,115,31,15,Sunny,No,4.2
2025-06-21,Saturday,Lunch,Coffee,Drinks,161,82,20,62,25,Sunny,Yes,3.4
2025-12-30,Tuesday,Lunch,Idli,Breakfast,572,195,189,6,35,Rainy,Yes,4.1
2025-03-24,Monday,Lunch,Vada Pav,Snacks,412,155,133,22,25,Rainy,Yes,4.8
2025-03-03,Monday,Lunch,Tea,Drinks,338,113,52,61,15,Rainy,No,3.4
2025-12-03,Wednesday,Lunch,Veg Thali,Meals,306,128,81,47,90,Cloudy,No,3.6
2025-02-10,Monday,Breakfast,Masala Dosa,Meals,322,117,66,51,60,Cloudy,Yes,4.6
2025-05-18,Sunday,Evening,Veg Thali,Meals,216,97,37,60,90,Sunny,No,4.1
2025-06-09,Monday,Breakfast,Idli,Breakfast,276,108,58,50,35,Rainy,Yes,4.9
2025-11-15,Saturday,Lunch,Veg Sandwich,Snacks,350,138,95,43,40,Rainy,Yes,4.1
2025-03-17,Monday,Breakfast,Idli,Breakfast,206,92,33,59,35,Rainy,Yes,4.8
2025-09-15,Monday,Evening,Coffee,Drinks,292,115,60,55,25,Cloudy,No,4.4
2025-12-30,Tuesday,Breakfast,Masala Dosa,Meals,489,147,123,24,60,Sunny,No,3.8
2025-10-26,Sunday,Breakfast,Coffee,Drinks,455,155,126,29,25,Rainy,No,4.6
2025-04-01,Tuesday,Evening,Tea,Drinks,300,110,50,60,15,Cloudy,No,3.9
2025-03-05,Wednesday,Evening,Pav Bhaji,Meals,459,146,116,30,70,Sunny,Yes,3.5
2025-04-27,Sunday,Lunch,Veg Thali,Meals,308,118,68,50,90,Rainy,No,3.2
2025-10-05,Sunday,Evening,Veg Thali,Meals,591,178,170,8,90,Cloudy,Yes,4.6
2025-08-17,Sunday,Evening,Veg Sandwich,Snacks,434,123,76,47,40,Sunny,Yes,4.6
2025-02-26,Wednesday,Lunch,Vada Pav,Snacks,330,128,83,45,25,Rainy,Yes,3.5
2025-05-15,Thursday,Evening,Vada Pav,Snacks,376,118,64,54,25,Sunny,Yes,4.2
2025-02-16,Sunday,Breakfast,Cold Drink,Drinks,593,151,118,33,30,Rainy,No,4.3
2025-12-12,Friday,Lunch,Veg Thali,Meals,534,182,178,4,90,Rainy,No,4.9
2025-04-28,Monday,Lunch,Pav Bhaji,Meals,213,102,44,58,70,Rainy,Yes,3.0
2025-08-23,Saturday,Breakfast,Vada Pav,Snacks,248,102,39,63,25,Cloudy,Yes,3.7
2025-07-12,Saturday,Evening,Vada Pav,Snacks,206,83,20,63,25,Rainy,Yes,5.0
2025-07-08,Tuesday,Evening,Samosa,Snacks,549,179,179,0,20,Sunny,No,4.3
2025-02-12,Wednesday,Evening,Tea,Drinks,474,140,100,40,15,Sunny,No,3.1
2025-07-05,Saturday,Evening,Idli,Breakfast,388,136,94,42,35,Sunny,Yes,4.2
2025-10-18,Saturday,Evening,Idli,Breakfast,412,140,101,39,35,Rainy,No,3.3
2025-03-28,Friday,Evening,Vada Pav,Snacks,463,152,121,31,25,Cloudy,No,3.7
2025-10-27,Monday,Evening,Veg Thali,Meals,331,126,85,41,90,Rainy,No,3.6
2025-03-22,Saturday,Breakfast,Pav Bhaji,Meals,300,119,74,45,70,Rainy,No,4.6
2025-10-23,Thursday,Breakfast,Vada Pav,Snacks,457,139,97,42,25,Rainy,No,4.3
2025-12-13,Saturday,Evening,Masala Dosa,Meals,383,133,86,47,60,Sunny,No,3.4
2025-01-02,Thursday,Evening,Samosa,Snacks,375,138,97,41,20,Sunny,No,4.8
2025-09-02,Tuesday,Lunch,Masala Dosa,Meals,217,101,37,64,60,Rainy,No,3.8
2025-07-31,Thursday,Breakfast,Samosa,Snacks,598,175,175,0,20,Cloudy,No,3.9
2025-10-13,Monday,Evening,Tea,Drinks,255,107,43,64,15,Cloudy,No,3.5
2025-01-09,Thursday,Breakfast,Tea,Drinks,351,124,69,55,15,Sunny,No,3.3
2025-11-17,Monday,Evening,Coffee,Drinks,573,157,137,20,25,Sunny,No,3.5
2025-01-11,Saturday,Lunch,Masala Dosa,Meals,541,164,150,14,60,Sunny,No,3.4
2025-09-17,Wednesday,Evening,Coffee,Drinks,349,118,66,52,25,Rainy,Yes,3.5
2025-08-02,Saturday,Breakfast,Veg Sandwich,Snacks,275,94,33,61,40,Cloudy,Yes,4.7
2025-10-13,Monday,Breakfast,Cold Drink,Drinks,380,122,72,50,30,Sunny,Yes,3.2
2025-10-29,Wednesday,Lunch,Idli,Breakfast,377,121,63,58,35,Cloudy,No,4.2
2025-01-26,Sunday,Lunch,Veg Thali,Meals,488,170,170,0,90,Cloudy,Yes,3.9
2025-02-06,Thursday,Evening,Vada Pav,Snacks,498,160,142,18,25,Cloudy,Yes,3.2
2025-06-16,Monday,Lunch,Pav Bhaji,Meals,243,109,54,55,70,Cloudy,Yes,4.1
2025-12-14,Sunday,Evening,Vada Pav,Snacks,177,86,20,66,25,Sunny,No,3.5
2025-01-16,Thursday,Evening,Masala Dosa,Meals,454,127,85,42,60,Cloudy,Yes,3.9
2025-11-14,Friday,Lunch,Samosa,Snacks,330,133,97,36,20,Sunny,Yes,3.4
2025-06-17,Tuesday,Breakfast,Cold Drink,Drinks,439,143,109,34,30,Cloudy,Yes,4.6
2025-04-22,Tuesday,Lunch,Tea,Drinks,346,131,88,43,15,Cloudy,Yes,4.8
2025-07-16,Wednesday,Breakfast,Tea,Drinks,177,88,25,63,15,Cloudy,Yes,3.1
2025-02-18,Tuesday,Breakfast,Cold Drink,Drinks,267,93,38,55,30,Sunny,No,4.5
2025-12-04,Thursday,Lunch,Veg Thali,Meals,170,85,27,58,90,Cloudy,Yes,5.0
2025-04-09,Wednesday,Lunch,Masala Dosa,Meals,201,98,46,52,60,Cloudy,Yes,3.6
2025-02-25,Tuesday,Lunch,Pav Bhaji,Meals,230,104,41,63,70,Sunny,No,3.1
2025-05-14,Wednesday,Breakfast,Veg Thali,Meals,599,153,132,21,90,Rainy,Yes,4.1
2025-03-10,Monday,Lunch,Pav Bhaji,Meals,426,140,106,34,70,Rainy,Yes,3.3
2025-05-03,Saturday,Evening,Masala Dosa,Meals,584,179,178,1,60,Rainy,No,3.6
2025-01-14,Tuesday,Evening,Tea,Drinks,462,151,125,26,15,Cloudy,No,4.3
2025-05-21,Wednesday,Lunch,Veg Sandwich,Snacks,460,157,137,20,40,Sunny,Yes,4.1
2025-10-29,Wednesday,Lunch,Pav Bhaji,Meals,439,164,147,17,70,Sunny,Yes,4.2
2025-05-10,Saturday,Lunch,Idli,Breakfast,280,102,47,55,35,Rainy,Yes,4.4
2025-06-08,Sunday,Lunch,Coffee,Drinks,589,171,171,0,25,Rainy,No,4.4
2025-03-28,Friday,Breakfast,Veg Sandwich,Snacks,395,140,108,32,40,Cloudy,Yes,3.6
2025-07-17,Thursday,Lunch,Veg Sandwich,Snacks,484,160,137,23,40,Rainy,Yes,4.7
2025-02-09,Sunday,Evening,Masala Dosa,Meals,377,112,51,61,60,Cloudy,Yes,4.6
2025-10-07,Tuesday,Evening,Idli,Breakfast,426,134,85,49,35,Sunny,Yes,3.2
2025-01-23,Thursday,Lunch,Coffee,Drinks,151,81,27,54,25,Rainy,No,3.5
2025-06-11,Wednesday,Breakfast,Vada Pav,Snacks,328,106,55,51,25,Cloudy,No,4.8
2025-02-02,Sunday,Evening,Pav Bhaji,Meals,188,88,27,61,70,Sunny,Yes,4.5
2025-12-14,Sunday,Breakfast,Tea,Drinks,331,105,46,59,15,Rainy,Yes,3.7
2025-06-03,Tuesday,Lunch,Vada Pav,Snacks,498,143,110,33,25,Sunny,Yes,4.1
2025-09-24,Wednesday,Evening,Coffee,Drinks,478,154,124,30,25,Cloudy,No,3.6
2025-08-23,Saturday,Lunch,Vada Pav,Snacks,231,98,39,59,25,Sunny,No,4.6
2025-12-17,Wednesday,Breakfast,Samosa,Snacks,580,159,142,17,20,Cloudy,Yes,4.1
2025-01-23,Thursday,Evening,Coffee,Drinks,252,98,44,54,25,Sunny,No,4.7
2025-10-30,Thursday,Evening,Idli,Breakfast,519,151,124,27,35,Sunny,Yes,3.9
2025-02-15,Saturday,Breakfast,Veg Sandwich,Snacks,556,169,159,10,40,Sunny,No,4.6
2025-12-04,Thursday,Lunch,Idli,Breakfast,262,117,63,54,35,Sunny,No,3.2
2025-06-27,Friday,Evening,Samosa,Snacks,470,127,74,53,20,Cloudy,No,4.0
2025-08-09,Saturday,Lunch,Vada Pav,Snacks,266,115,68,47,25,Rainy,No,4.7
2025-09-25,Thursday,Evening,Samosa,Snacks,203,84,29,55,20,Rainy,Yes,4.5
2025-08-13,Wednesday,Lunch,Veg Sandwich,Snacks,315,130,86,44,40,Rainy,No,4.3
2025-12-18,Thursday,Evening,Coffee,Drinks,544,144,106,38,25,Sunny,No,4.4
2025-08-28,Thursday,Lunch,Idli,Breakfast,516,174,167,7,35,Cloudy,No,4.7
2025-05-19,Monday,Evening,Tea,Drinks,345,126,73,53,15,Sunny,No,4.1
2025-08-29,Friday,Breakfast,Coffee,Drinks,579,167,157,10,25,Sunny,Yes,3.9
2025-03-21,Friday,Breakfast,Tea,Drinks,586,153,127,26,15,Rainy,No,4.3
2025-07-17,Thursday,Evening,Vada Pav,Snacks,394,119,69,50,25,Sunny,No,4.7
2025-12-01,Monday,Lunch,Vada Pav,Snacks,353,135,91,44,25,Rainy,No,3.6
2025-01-02,Thursday,Evening,Tea,Drinks,409,145,114,31,15,Rainy,No,4.2
2025-05-03,Saturday,Breakfast,Samosa,Snacks,469,132,82,50,20,Sunny,Yes,4.8
2025-06-02,Monday,Breakfast,Samosa,Snacks,394,143,105,38,20,Rainy,No,4.9
2025-09-30,Tuesday,Lunch,Tea,Drinks,278,108,51,57,15,Cloudy,Yes,3.3
2025-01-13,Monday,Lunch,Veg Thali,Meals,199,88,33,55,90,Cloudy,Yes,4.3
2025-07-17,Thursday,Lunch,Samosa,Snacks,399,126,75,51,20,Sunny,Yes,3.9
2025-01-09,Thursday,Lunch,Coffee,Drinks,286,106,42,64,25,Sunny,Yes,3.9
2025-12-11,Thursday,Lunch,Veg Sandwich,Snacks,341,131,88,43,40,Rainy,Yes,4.5
2025-08-03,Sunday,Evening,Veg Sandwich,Snacks,535,162,140,22,40,Sunny,Yes,4.0
2025-09-17,Wednesday,Evening,Veg Sandwich,Snacks,374,114,54,60,40,Sunny,No,4.0
2025-05-01,Thursday,Breakfast,Cold Drink,Drinks,504,137,96,41,30,Cloudy,No,4.7
2025-08-05,Tuesday,Lunch,Coffee,Drinks,265,117,66,51,25,Cloudy,No,4.4
2025-08-12,Tuesday,Breakfast,Samosa,Snacks,527,137,95,42,20,Cloudy,Yes,4.6
2025-06-15,Sunday,Lunch,Idli,Breakfast,184,94,33,61,35,Rainy,No,3.1
2025-09-12,Friday,Evening,Vada Pav,Snacks,206,84,27,57,25,Sunny,No,4.9
2025-06-13,Friday,Breakfast,Tea,Drinks,197,89,30,59,15,Cloudy,Yes,3.1
2025-10-27,Monday,Lunch,Cold Drink,Drinks,273,104,39,65,30,Rainy,No,5.0
2025-08-12,Tuesday,Lunch,Cold Drink,Drinks,483,157,132,25,30,Cloudy,No,3.4
2025-12-07,Sunday,Lunch,Cold Drink,Drinks,196,89,31,58,30,Rainy,No,4.8
2025-04-27,Sunday,Breakfast,Veg Sandwich,Snacks,305,119,63,56,40,Rainy,Yes,5.0
2025-11-25,Tuesday,Lunch,Idli,Breakfast,208,92,37,55,35,Rainy,No,4.3
2025-11-05,Wednesday,Evening,Masala Dosa,Meals,153,85,26,59,60,Cloudy,Yes,4.4
2025-03-26,Wednesday,Lunch,Veg Sandwich,Snacks,293,106,56,50,40,Cloudy,No,3.1
2025-08-11,Monday,Evening,Samosa,Snacks,443,148,112,36,20,Cloudy,Yes,4.1
2025-04-14,Monday,Evening,Vada Pav,Snacks,443,132,88,44,25,Rainy,No,5.0
2025-02-27,Thursday,Lunch,Pav Bhaji,Meals,158,86,27,59,70,Rainy,Yes,4.0
2025-07-05,Saturday,Breakfast,Masala Dosa,Meals,567,174,168,6,60,Cloudy,No,3.8
2025-02-08,Saturday,Breakfast,Pav Bhaji,Meals,183,90,33,57,70,Cloudy,Yes,4.7
2025-07-18,Friday,Breakfast,Cold Drink,Drinks,458,128,76,52,30,Rainy,Yes,3.7
2025-03-23,Sunday,Breakfast,Vada Pav,Snacks,191,92,29,63,25,Rainy,Yes,4.1
2025-04-16,Wednesday,Breakfast,Veg Sandwich,Snacks,499,160,146,14,40,Cloudy,Yes,3.3
2025-09-16,Tuesday,Evening,Coffee,Drinks,458,156,131,25,25,Rainy,No,3.9
2025-08-25,Monday,Lunch,Tea,Drinks,529,174,165,9,15,Rainy,No,4.1
2025-06-07,Saturday,Lunch,Vada Pav,Snacks,166,93,32,61,25,Cloudy,Yes,4.2
2025-05-20,Tuesday,Evening,Veg Sandwich,Snacks,248,95,33,62,40,Cloudy,No,4.4
2025-04-09,Wednesday,Breakfast,Veg Sandwich,Snacks,453,148,116,32,40,Rainy,No,3.3
2025-03-11,Tuesday,Lunch,Pav Bhaji,Meals,298,123,69,54,70,Rainy,No,4.0
2025-02-06,Thursday,Lunch,Samosa,Snacks,270,103,44,59,20,Cloudy,Yes,4.1
2025-08-09,Saturday,Breakfast,Masala Dosa,Meals,258,109,50,59,60,Rainy,Yes,3.0
2025-08-07,Thursday,Breakfast,Masala Dosa,Meals,205,93,38,55,60,Sunny,Yes,3.5
2025-03-13,Thursday,Breakfast,Tea,Drinks,390,128,86,42,15,Rainy,Yes,4.9
2025-04-19,Saturday,Evening,Pav Bhaji,Meals,521,163,145,18,70,Rainy,Yes,3.2
2025-03-02,Sunday,Breakfast,Samosa,Snacks,414,146,115,31,20,Rainy,Yes,3.4
2025-01-26,Sunday,Evening,Coffee,Drinks,449,152,122,30,25,Rainy,Yes,3.1
2025-12-01,Monday,Breakfast,Masala Dosa,Meals,414,136,98,38,60,Rainy,Yes,4.1
2025-08-05,Tuesday,Breakfast,Vada Pav,Snacks,159,82,22,60,25,Rainy,Yes,4.3
2025-12-06,Saturday,Evening,Cold Drink,Drinks,475,136,92,44,30,Sunny,Yes,4.5
2025-11-26,Wednesday,Evening,Tea,Drinks,241,105,46,59,15,Rainy,Yes,4.0
2025-10-15,Wednesday,Breakfast,Pav Bhaji,Meals,427,134,99,35,70,Rainy,No,4.2
2025-09-14,Sunday,Breakfast,Coffee,Drinks,358,123,69,54,25,Rainy,No,3.6
2025-08-03,Sunday,Lunch,Veg Thali,Meals,231,109,54,55,90,Sunny,No,4.4
2025-11-21,Friday,Evening,Tea,Drinks,289,97,42,55,15,Rainy,No,4.9
2025-10-26,Sunday,Breakfast,Coffee,Drinks,164,86,25,61,25,Sunny,Yes,3.5
2025-03-16,Sunday,Breakfast,Veg Thali,Meals,433,123,74,49,90,Rainy,Yes,3.8
2025-10-23,Thursday,Evening,Masala Dosa,Meals,572,170,168,2,60,Cloudy,Yes,4.5
2025-06-21,Saturday,Evening,Tea,Drinks,332,114,61,53,15,Rainy,No,4.4
2025-02-24,Monday,Lunch,Veg Sandwich,Snacks,549,175,170,5,40,Sunny,No,4.8
2025-05-22,Thursday,Lunch,Masala Dosa,Meals,365,136,90,46,60,Cloudy,Yes,4.8
2025-04-08,Tuesday,Breakfast,Veg Thali,Meals,326,104,50,54,90,Rainy,No,3.1
2025-08-31,Sunday,Lunch,Idli,Breakfast,343,138,97,41,35,Cloudy,Yes,3.6
2025-08-06,Wednesday,Lunch,Pav Bhaji,Meals,415,156,128,28,70,Rainy,No,4.0
2025-11-07,Friday,Evening,Pav Bhaji,Meals,390,127,79,48,70,Sunny,Yes,3.2
2025-05-12,Monday,Breakfast,Vada Pav,Snacks,235,102,43,59,25,Rainy,Yes,4.8
2025-10-29,Wednesday,Lunch,Veg Sandwich,Snacks,343,136,90,46,40,Cloudy,No,3.4
2025-10-28,Tuesday,Lunch,Veg Sandwich,Snacks,454,144,110,34,40,Rainy,No,3.0
2025-05-19,Monday,Evening,Cold Drink,Drinks,565,172,164,8,30,Cloudy,No,4.1
2025-09-11,Thursday,Lunch,Pav Bhaji,Meals,375,132,90,42,70,Rainy,No,4.9
2025-08-10,Sunday,Evening,Masala Dosa,Meals,557,167,159,8,60,Cloudy,Yes,4.2
2025-09-01,Monday,Breakfast,Veg Sandwich,Snacks,263,111,60,51,40,Cloudy,No,4.7
2025-01-18,Saturday,Lunch,Coffee,Drinks,290,121,68,53,25,Cloudy,No,3.4
2025-06-02,Monday,Breakfast,Idli,Breakfast,511,135,91,44,35,Rainy,No,3.7
2025-01-16,Thursday,Breakfast,Masala Dosa,Meals,255,107,47,60,60,Sunny,No,4.5
2025-08-29,Friday,Evening,Vada Pav,Snacks,500,154,129,25,25,Cloudy,No,4.4
2025-02-19,Wednesday,Evening,Cold Drink,Drinks,332,104,42,62,30,Sunny,No,3.8
2025-03-05,Wednesday,Evening,Veg Sandwich,Snacks,212,99,36,63,40,Cloudy,No,3.8
2025-03-28,Friday,Breakfast,Samosa,Snacks,173,84,25,59,20,Cloudy,No,4.4
2025-05-25,Sunday,Lunch,Vada Pav,Snacks,166,82,27,55,25,Cloudy,No,4.4
2025-02-16,Sunday,Evening,Tea,Drinks,350,119,66,53,15,Rainy,Yes,3.5
2025-06-05,Thursday,Breakfast,Samosa,Snacks,549,150,123,27,20,Rainy,Yes,4.6
2025-08-14,Thursday,Evening,Veg Thali,Meals,205,95,40,55,90,Rainy,Yes,4.7
2025-08-26,Tuesday,Breakfast,Pav Bhaji,Meals,555,172,172,0,70,Rainy,Yes,3.2
2025-05-19,Monday,Evening,Vada Pav,Snacks,528,154,134,20,25,Rainy,Yes,3.4
2025-04-18,Friday,Evening,Veg Thali,Meals,371,122,66,56,90,Sunny,No,4.1
2025-12-21,Sunday,Evening,Tea,Drinks,476,138,96,42,15,Rainy,Yes,3.9
2025-04-29,Tuesday,Lunch,Veg Thali,Meals,320,117,69,48,90,Cloudy,Yes,5.0
2025-08-17,Sunday,Breakfast,Coffee,Drinks,285,109,49,60,25,Rainy,No,3.2
2025-12-19,Friday,Evening,Idli,Breakfast,426,121,67,54,35,Sunny,No,3.4
2025-08-15,Friday,Evening,Samosa,Snacks,500,143,106,37,20,Sunny,Yes,4.9
2025-03-23,Sunday,Breakfast,Coffee,Drinks,275,104,50,54,25,Rainy,No,4.9
2025-05-19,Monday,Evening,Samosa,Snacks,278,114,61,53,20,Rainy,No,4.1
2025-07-31,Thursday,Breakfast,Masala Dosa,Meals,352,111,54,57,60,Cloudy,Yes,4.1
2025-01-17,Friday,Lunch,Masala Dosa,Meals,215,97,43,54,60,Rainy,No,3.7
2025-05-14,Wednesday,Evening,Cold Drink,Drinks,296,104,41,63,30,Sunny,Yes,4.6
2025-12-17,Wednesday,Evening,Idli,Breakfast,398,128,86,42,35,Rainy,No,3.0
2025-12-14,Sunday,Evening,Tea,Drinks,516,160,145,15,15,Cloudy,No,3.4
2025-10-25,Saturday,Evening,Vada Pav,Snacks,402,127,84,43,25,Rainy,Yes,3.1
2025-12-27,Saturday,Lunch,Idli,Breakfast,415,150,124,26,35,Rainy,Yes,4.0
2025-12-15,Monday,Evening,Idli,Breakfast,472,144,114,30,35,Sunny,Yes,4.2
2025-05-01,Thursday,Evening,Masala Dosa,Meals,416,120,75,45,60,Sunny,Yes,3.4
2025-03-08,Saturday,Lunch,Veg Sandwich,Snacks,409,129,81,48,40,Rainy,Yes,4.6
2025-03-18,Tuesday,Evening,Tea,Drinks,283,102,41,61,15,Cloudy,No,4.9
2025-07-30,Wednesday,Evening,Masala Dosa,Meals,522,140,106,34,60,Rainy,Yes,4.8
2025-06-18,Wednesday,Breakfast,Pav Bhaji,Meals,306,110,56,54,70,Rainy,No,4.7
2025-12-05,Friday,Lunch,Cold Drink,Drinks,596,195,191,4,30,Rainy,Yes,4.2
2025-05-15,Thursday,Lunch,Veg Thali,Meals,242,97,41,56,90,Sunny,Yes,4.5
2025-04-25,Friday,Lunch,Masala Dosa,Meals,488,176,176,0,60,Cloudy,Yes,3.4
2025-12-29,Monday,Lunch,Masala Dosa,Meals,496,172,166,6,60,Rainy,Yes,4.8
2025-08-25,Monday,Breakfast,Veg Thali,Meals,461,153,133,20,90,Sunny,No,4.5
2025-10-20,Monday,Lunch,Idli,Breakfast,544,172,170,2,35,Cloudy,No,4.4
2025-06-22,Sunday,Breakfast,Coffee,Drinks,311,122,65,57,25,Sunny,Yes,4.0
2025-02-13,Thursday,Lunch,Idli,Breakfast,497,155,125,30,35,Rainy,Yes,3.4
2025-04-05,Saturday,Breakfast,Veg Thali,Meals,403,122,75,47,90,Rainy,Yes,4.8
2025-12-20,Saturday,Breakfast,Masala Dosa,Meals,550,158,132,26,60,Rainy,Yes,3.1
2025-10-03,Friday,Lunch,Veg Sandwich,Snacks,465,146,110,36,40,Rainy,No,4.1
2025-04-29,Tuesday,Evening,Pav Bhaji,Meals,317,111,59,52,70,Cloudy,Yes,3.4
2025-01-04,Saturday,Breakfast,Cold Drink,Drinks,218,98,37,61,30,Rainy,Yes,3.5
2025-10-31,Friday,Breakfast,Masala Dosa,Meals,170,88,22,66,60,Rainy,No,4.0
2025-06-12,Thursday,Evening,Coffee,Drinks,178,86,26,60,25,Cloudy,Yes,3.5
2025-07-15,Tuesday,Lunch,Samosa,Snacks,341,126,74,52,20,Sunny,Yes,3.3
2025-02-27,Thursday,Breakfast,Vada Pav,Snacks,531,138,92,46,25,Rainy,No,3.3
2025-04-02,Wednesday,Breakfast,Vada Pav,Snacks,519,156,137,19,25,Sunny,Yes,4.4
2025-10-04,Saturday,Lunch,Cold Drink,Drinks,211,97,36,61,30,Cloudy,Yes,3.1
2025-03-12,Wednesday,Breakfast,Veg Thali,Meals,550,155,126,29,90,Rainy,Yes,3.1
2025-02-13,Thursday,Evening,Idli,Breakfast,323,125,70,55,35,Sunny,Yes,3.7
2025-09-03,Wednesday,Evening,Veg Thali,Meals,489,158,142,16,90,Sunny,Yes,4.7
2025-11-22,Saturday,Lunch,Samosa,Snacks,514,172,164,8,20,Rainy,No,4.2
2025-10-20,Monday,Lunch,Idli,Breakfast,553,173,167,6,35,Rainy,Yes,3.0
2025-02-24,Monday,Evening,Samosa,Snacks,205,95,32,63,20,Cloudy,No,4.5
2025-08-11,Monday,Evening,Coffee,Drinks,176,80,14,66,25,Sunny,No,4.9
2025-06-04,Wednesday,Evening,Cold Drink,Drinks,417,130,88,42,30,Sunny,Yes,3.7
2025-03-16,Sunday,Evening,Veg Sandwich,Snacks,472,149,124,25,40,Sunny,Yes,4.0
2025-08-10,Sunday,Lunch,Vada Pav,Snacks,481,162,142,20,25,Rainy,Yes,3.7
2025-11-23,Sunday,Evening,Vada Pav,Snacks,176,83,23,60,25,Rainy,No,4.4
2025-08-26,Tuesday,Evening,Samosa,Snacks,600,190,182,8,20,Cloudy,No,4.8
2025-03-14,Friday,Lunch,Idli,Breakfast,309,110,47,63,35,Cloudy,Yes,3.7
2025-10-23,Thursday,Lunch,Vada Pav,Snacks,314,124,70,54,25,Sunny,Yes,3.6
2025-11-19,Wednesday,Evening,Coffee,Drinks,562,169,156,13,25,Sunny,No,3.8
2025-08-06,Wednesday,Evening,Cold Drink,Drinks,391,137,100,37,30,Rainy,No,3.4
2025-02-01,Saturday,Evening,Vada Pav,Snacks,569,165,152,13,25,Rainy,Yes,3.6
2025-05-18,Sunday,Breakfast,Vada Pav,Snacks,356,130,91,39,25,Sunny,No,5.0
2025-12-03,Wednesday,Lunch,Pav Bhaji,Meals,501,155,132,23,70,Sunny,Yes,4.5
2025-03-08,Saturday,Breakfast,Pav Bhaji,Meals,558,162,149,13,70,Rainy,No,4.5
2025-07-28,Monday,Breakfast,Veg Thali,Meals,320,118,68,50,90,Rainy,Yes,3.1
2025-08-31,Sunday,Breakfast,Pav Bhaji,Meals,489,140,108,32,70,Rainy,No,3.9
2025-02-19,Wednesday,Lunch,Vada Pav,Snacks,447,147,117,30,25,Sunny,Yes,3.2
2025-05-05,Monday,Breakfast,Veg Thali,Meals,333,117,71,46,90,Sunny,Yes,3.4
2025-11-10,Monday,Evening,Vada Pav,Snacks,363,122,75,47,25,Rainy,No,3.4
2025-03-02,Sunday,Breakfast,Vada Pav,Snacks,543,166,149,17,25,Sunny,No,4.3
2025-07-24,Thursday,Lunch,Pav Bhaji,Meals,464,171,164,7,70,Rainy,Yes,3.5
2025-06-24,Tuesday,Evening,Pav Bhaji,Meals,373,112,64,48,70,Cloudy,No,3.9
2025-05-12,Monday,Evening,Masala Dosa,Meals,547,177,172,5,60,Rainy,No,5.0
2025-06-01,Sunday,Evening,Veg Thali,Meals,593,179,170,9,90,Rainy,Yes,4.2
2025-05-24,Saturday,Lunch,Pav Bhaji,Meals,288,107,52,55,70,Rainy,Yes,3.4
2025-02-20,Thursday,Lunch,Idli,Breakfast,586,199,192,7,35,Cloudy,No,3.4
2025-09-20,Saturday,Breakfast,Vada Pav,Snacks,469,149,120,29,25,Rainy,No,5.0
2025-06-01,Sunday,Breakfast,Coffee,Drinks,457,124,72,52,25,Cloudy,Yes,4.2
2025-06-14,Saturday,Evening,Pav Bhaji,Meals,161,87,29,58,70,Rainy,No,4.3
2025-07-14,Monday,Evening,Veg Thali,Meals,184,87,34,53,90,Cloudy,Yes,3.3
2025-12-10,Wednesday,Breakfast,Veg Sandwich,Snacks,519,147,112,35,40,Cloudy,Yes,3.2
2025-09-16,Tuesday,Evening,Veg Thali,Meals,345,131,81,50,90,Sunny,Yes,3.9
2025-07-12,Saturday,Lunch,Pav Bhaji,Meals,349,138,92,46,70,Sunny,No,3.1
2025-12-15,Monday,Lunch,Masala Dosa,Meals,253,98,39,59,60,Cloudy,Yes,4.6
2025-01-07,Tuesday,Lunch,Pav Bhaji,Meals,578,182,182,0,70,Cloudy,No,3.2
2025-07-19,Saturday,Evening,Coffee,Drinks,257,105,44,61,25,Cloudy,Yes,4.4
2025-11-12,Wednesday,Lunch,Vada Pav,Snacks,338,120,63,57,25,Cloudy,No,4.3
2025-03-04,Tuesday,Lunch,Pav Bhaji,Meals,363,138,99,39,70,Rainy,No,3.8
2025-01-07,Tuesday,Lunch,Masala Dosa,Meals,274,108,51,57,60,Cloudy,No,3.2
2025-03-01,Saturday,Breakfast,Veg Sandwich,Snacks,366,122,71,51,40,Rainy,No,4.2
2025-11-12,Wednesday,Breakfast,Veg Thali,Meals,449,154,126,28,90,Rainy,No,3.6
2025-04-13,Sunday,Lunch,Idli,Breakfast,238,96,36,60,35,Rainy,No,3.4
2025-09-27,Saturday,Breakfast,Coffee,Drinks,456,139,98,41,25,Cloudy,No,3.1
2025-04-21,Monday,Breakfast,Masala Dosa,Meals,362,111,57,54,60,Rainy,Yes,4.9
2025-08-06,Wednesday,Lunch,Tea,Drinks,545,167,155,12,15,Rainy,Yes,4.5
2025-06-21,Saturday,Breakfast,Masala Dosa,Meals,318,111,60,51,60,Rainy,Yes,4.6
2025-12-06,Saturday,Lunch,Veg Thali,Meals,462,158,137,21,90,Rainy,Yes,3.2
2025-06-09,Monday,Lunch,Veg Thali,Meals,433,131,88,43,90,Cloudy,No,4.3
2025-07-09,Wednesday,Lunch,Tea,Drinks,306,112,56,56,15,Cloudy,Yes,4.8
2025-04-14,Monday,Evening,Vada Pav,Snacks,294,106,45,61,25,Sunny,No,4.0
2025-11-15,Saturday,Evening,Vada Pav,Snacks,194,87,32,55,25,Cloudy,Yes,4.9
2025-08-11,Monday,Lunch,Coffee,Drinks,268,107,54,53,25,Rainy,Yes,4.6
2025-01-23,Thursday,Lunch,Vada Pav,Snacks,404,148,123,25,25,Rainy,No,4.3
2025-07-31,Thursday,Lunch,Coffee,Drinks,361,130,84,46,25,Sunny,No,3.8
2025-12-21,Sunday,Evening,Coffee,Drinks,471,135,89,46,25,Sunny,No,3.3
2025-02-26,Wednesday,Evening,Vada Pav,Snacks,568,178,178,0,25,Sunny,No,4.4
2025-06-23,Monday,Evening,Coffee,Drinks,239,99,35,64,25,Cloudy,No,3.9
2025-05-19,Monday,Evening,Vada Pav,Snacks,366,131,90,41,25,Sunny,No,3.1
2025-10-24,Friday,Evening,Pav Bhaji,Meals,480,162,144,18,70,Cloudy,Yes,3.4
2025-11-23,Sunday,Breakfast,Coffee,Drinks,156,84,22,62,25,Sunny,Yes,3.8
2025-08-02,Saturday,Lunch,Veg Sandwich,Snacks,324,126,85,41,40,Sunny,Yes,4.3
2025-09-30,Tuesday,Lunch,Samosa,Snacks,456,154,129,25,20,Rainy,Yes,3.1
2025-10-19,Sunday,Lunch,Vada Pav,Snacks,307,117,66,51,25,Rainy,No,3.2
2025-01-22,Wednesday,Breakfast,Veg Sandwich,Snacks,427,147,117,30,40,Rainy,No,3.8
2025-10-12,Sunday,Evening,Veg Sandwich,Snacks,282,112,51,61,40,Sunny,No,4.9
2025-02-08,Saturday,Lunch,Tea,Drinks,475,146,107,39,15,Rainy,Yes,3.8
2025-06-17,Tuesday,Lunch,Cold Drink,Drinks,328,113,64,49,30,Sunny,No,4.5
2025-01-07,Tuesday,Lunch,Cold Drink,Drinks,552,166,159,7,30,Sunny,Yes,4.0
2025-05-15,Thursday,Evening,Idli,Breakfast,417,129,87,42,35,Rainy,No,5.0
2025-01-28,Tuesday,Breakfast,Veg Thali,Meals,540,158,132,26,90,Rainy,Yes,4.7
2025-10-03,Friday,Evening,Idli,Breakfast,538,160,139,21,35,Sunny,No,3.7
2025-05-25,Sunday,Lunch,Veg Thali,Meals,322,118,70,48,90,Rainy,Yes,3.9
2025-04-14,Monday,Evening,Veg Sandwich,Snacks,213,86,21,65,40,Rainy,No,4.5
2025-12-25,Thursday,Lunch,Coffee,Drinks,477,169,161,8,25,Rainy,Yes,4.5
2025-07-25,Friday,Lunch,Masala Dosa,Meals,372,129,79,50,60,Sunny,Yes,4.0
2025-02-12,Wednesday,Lunch,Masala Dosa,Meals,575,167,153,14,60,Cloudy,No,4.9
2025-05-05,Monday,Breakfast,Masala Dosa,Meals,596,164,155,9,60,Rainy,No,3.5
2025-10-20,Monday,Evening,Pav Bhaji,Meals,379,134,90,44,70,Sunny,Yes,4.4
2025-12-28,Sunday,Breakfast,Veg Thali,Meals,254,94,30,64,90,Sunny,No,3.4
2025-06-14,Saturday,Lunch,Vada Pav,Snacks,213,102,41,61,25,Sunny,No,3.7
2025-08-17,Sunday,Breakfast,Vada Pav,Snacks,158,79,15,64,25,Cloudy,No,4.6
2025-04-23,Wednesday,Evening,Cold Drink,Drinks,367,123,75,48,30,Sunny,No,4.2
2025-03-10,Monday,Evening,Cold Drink,Drinks,379,139,99,40,30,Sunny,Yes,3.8
2025-12-19,Friday,Lunch,Masala Dosa,Meals,211,97,41,56,60,Rainy,Yes,4.2
2025-01-29,Wednesday,Lunch,Veg Sandwich,Snacks,157,79,22,57,40,Rainy,No,3.9
2025-06-06,Friday,Lunch,Masala Dosa,Meals,479,149,123,26,60,Cloudy,Yes,4.9
2025-02-06,Thursday,Lunch,Samosa,Snacks,590,169,162,7,20,Cloudy,No,3.0
2025-12-14,Sunday,Breakfast,Veg Sandwich,Snacks,534,170,168,2,40,Rainy,Yes,3.3
2025-02-05,Wednesday,Breakfast,Masala Dosa,Meals,161,82,22,60,60,Sunny,No,4.0
2025-08-14,Thursday,Breakfast,Veg Sandwich,Snacks,427,138,92,46,40,Sunny,No,3.4
2025-01-15,Wednesday,Breakfast,Veg Thali,Meals,215,87,31,56,90,Sunny,No,4.2
2025-09-27,Saturday,Evening,Veg Sandwich,Snacks,290,116,64,52,40,Sunny,No,3.7
2025-02-21,Friday,Evening,Samosa,Snacks,487,150,116,34,20,Cloudy,Yes,4.6
2025-06-09,Monday,Breakfast,Tea,Drinks,403,131,83,48,15,Rainy,No,3.4
2025-12-15,Monday,Lunch,Tea,Drinks,343,138,98,40,15,Cloudy,No,4.1
2025-11-12,Wednesday,Breakfast,Veg Sandwich,Snacks,163,79,13,66,40,Rainy,No,3.5
2025-09-16,Tuesday,Lunch,Coffee,Drinks,298,111,59,52,25,Cloudy,No,3.7
2025-09-26,Friday,Evening,Vada Pav,Snacks,340,106,46,60,25,Rainy,No,4.8
2025-06-22,Sunday,Lunch,Veg Thali,Meals,233,100,43,57,90,Rainy,Yes,4.1
2025-09-03,Wednesday,Evening,Veg Thali,Meals,238,99,36,63,90,Sunny,Yes,4.7
2025-01-23,Thursday,Lunch,Veg Thali,Meals,501,171,170,1,90,Cloudy,No,4.0
2025-01-04,Saturday,Breakfast,Cold Drink,Drinks,539,174,165,9,30,Cloudy,Yes,4.5
2025-08-28,Thursday,Lunch,Masala Dosa,Meals,443,158,139,19,60,Sunny,No,4.5
2025-08-05,Tuesday,Breakfast,Veg Sandwich,Snacks,591,154,123,31,40,Rainy,No,4.2
2025-05-03,Saturday,Evening,Tea,Drinks,534,166,162,4,15,Cloudy,No,4.1
2025-11-18,Tuesday,Evening,Veg Thali,Meals,473,154,131,23,90,Sunny,Yes,4.3
2025-01-05,Sunday,Evening,Pav Bhaji,Meals,261,97,43,54,70,Cloudy,Yes,4.8
2025-02-10,Monday,Evening,Tea,Drinks,403,123,80,43,15,Rainy,Yes,4.6
2025-08-16,Saturday,Evening,Cold Drink,Drinks,181,82,28,54,30,Cloudy,No,3.3
2025-03-29,Saturday,Lunch,Cold Drink,Drinks,245,101,36,65,30,Cloudy,Yes,4.1
2025-05-13,Tuesday,Lunch,Idli,Breakfast,238,96,41,55,35,Sunny,Yes,3.1
2025-09-24,Wednesday,Lunch,Tea,Drinks,542,184,184,0,15,Rainy,No,3.5
2025-07-14,Monday,Breakfast,Cold Drink,Drinks,293,104,47,57,30,Sunny,No,3.1
2025-02-23,Sunday,Evening,Coffee,Drinks,432,144,116,28,25,Rainy,No,4.3
2025-03-02,Sunday,Breakfast,Pav Bhaji,Meals,355,131,86,45,70,Cloudy,Yes,4.8
2025-05-22,Thursday,Lunch,Masala Dosa,Meals,166,92,37,55,60,Sunny,No,4.4
2025-09-10,Wednesday,Evening,Tea,Drinks,322,113,58,55,15,Sunny,No,3.8
2025-08-24,Sunday,Breakfast,Tea,Drinks,579,184,184,0,15,Sunny,Yes,3.2
2025-11-23,Sunday,Evening,Vada Pav,Snacks,291,99,37,62,25,Cloudy,No,4.0
2025-10-23,Thursday,Evening,Veg Thali,Meals,285,107,49,58,90,Rainy,Yes,3.1
2025-11-01,Saturday,Lunch,Cold Drink,Drinks,254,106,49,57,30,Rainy,Yes,4.9
2025-09-30,Tuesday,Evening,Veg Sandwich,Snacks,411,131,80,51,40,Sunny,Yes,3.7
2025-08-03,Sunday,Breakfast,Vada Pav,Snacks,251,95,40,55,25,Sunny,Yes,5.0
2025-03-19,Wednesday,Lunch,Vada Pav,Snacks,215,101,48,53,25,Cloudy,Yes,4.0
2025-06-11,Wednesday,Evening,Samosa,Snacks,202,88,27,61,20,Cloudy,Yes,4.8
2025-11-11,Tuesday,Evening,Coffee,Drinks,183,80,18,62,25,Rainy,No,4.3
2025-08-15,Friday,Lunch,Coffee,Drinks,577,166,161,5,25,Sunny,No,3.6
2025-04-12,Saturday,Evening,Veg Sandwich,Snacks,454,145,113,32,40,Cloudy,Yes,4.0
2025-07-21,Monday,Breakfast,Samosa,Snacks,415,135,94,41,20,Rainy,Yes,3.5
2025-05-24,Saturday,Evening,Veg Thali,Meals,168,85,32,53,90,Sunny,No,3.1
2025-09-20,Saturday,Breakfast,Pav Bhaji,Meals,488,139,104,35,70,Rainy,No,3.4
2025-11-27,Thursday,Lunch,Veg Sandwich,Snacks,585,193,192,1,40,Rainy,No,3.6
2025-01-01,Wednesday,Lunch,Idli,Breakfast,539,188,181,7,35,Cloudy,No,4.0
2025-07-18,Friday,Lunch,Pav Bhaji,Meals,371,125,78,47,70,Cloudy,No,3.8
2025-10-14,Tuesday,Evening,Samosa,Snacks,309,117,71,46,20,Cloudy,Yes,3.3
2025-06-07,Saturday,Breakfast,Masala Dosa,Meals,530,144,115,29,60,Sunny,No,3.3
2025-07-22,Tuesday,Evening,Veg Thali,Meals,579,170,162,8,90,Sunny,Yes,3.6
2025-10-15,Wednesday,Evening,Veg Sandwich,Snacks,543,159,136,23,40,Sunny,Yes,4.6
2025-04-30,Wednesday,Lunch,Idli,Breakfast,447,136,96,40,35,Sunny,Yes,5.0
2025-09-17,Wednesday,Lunch,Veg Thali,Meals,510,167,157,10,90,Cloudy,Yes,3.2
2025-03-27,Thursday,Breakfast,Pav Bhaji,Meals,225,87,21,66,70,Rainy,No,4.1
2025-07-12,Saturday,Breakfast,Veg Thali,Meals,368,134,86,48,90,Cloudy,Yes,4.3
2025-03-06,Thursday,Breakfast,Pav Bhaji,Meals,357,115,62,53,70,Sunny,No,3.8
2025-03-20,Thursday,Evening,Vada Pav,Snacks,520,150,120,30,25,Sunny,No,3.5
2025-08-01,Friday,Evening,Tea,Drinks,550,177,175,2,15,Cloudy,Yes,4.9
2025-08-14,Thursday,Breakfast,Samosa,Snacks,572,184,180,4,20,Sunny,No,4.0
2025-06-30,Monday,Breakfast,Cold Drink,Drinks,600,191,191,0,30,Rainy,Yes,4.4
2025-10-12,Sunday,Lunch,Masala Dosa,Meals,384,135,99,36,60,Sunny,Yes,3.1
2025-12-13,Saturday,Evening,Cold Drink,Drinks,329,118,70,48,30,Rainy,No,3.1
2025-08-30,Saturday,Evening,Samosa,Snacks,406,140,108,32,20,Rainy,No,4.0
2025-02-15,Saturday,Lunch,Cold Drink,Drinks,451,139,103,36,30,Sunny,No,3.4
2025-09-23,Tuesday,Lunch,Veg Sandwich,Snacks,407,128,80,48,40,Rainy,No,4.0
2025-06-26,Thursday,Lunch,Vada Pav,Snacks,539,189,189,0,25,Sunny,Yes,3.0
2025-09-07,Sunday,Evening,Samosa,Snacks,553,141,108,33,20,Rainy,No,3.7
2025-08-10,Sunday,Evening,Pav Bhaji,Meals,561,175,169,6,70,Rainy,Yes,4.8
2025-01-03,Friday,Evening,Tea,Drinks,598,166,152,14,15,Sunny,No,4.2
2025-01-28,Tuesday,Breakfast,Coffee,Drinks,474,134,97,37,25,Cloudy,Yes,4.9
2025-04-10,Thursday,Lunch,Tea,Drinks,220,103,42,61,15,Sunny,Yes,3.9
2025-02-17,Monday,Breakfast,Tea,Drinks,500,164,156,8,15,Sunny,No,4.4
2025-03-22,Saturday,Evening,Vada Pav,Snacks,356,131,86,45,25,Cloudy,Yes,3.3
2025-02-18,Tuesday,Breakfast,Veg Thali,Meals,222,97,45,52,90,Sunny,No,4.0
2025-04-28,Monday,Breakfast,Vada Pav,Snacks,510,171,168,3,25,Rainy,No,3.2
2025-10-10,Friday,Breakfast,Masala Dosa,Meals,211,95,37,58,60,Rainy,No,3.7
2025-07-06,Sunday,Evening,Samosa,Snacks,248,107,46,61,20,Rainy,No,4.3
2025-05-08,Thursday,Lunch,Veg Thali,Meals,378,129,86,43,90,Rainy,Yes,4.2
2025-03-05,Wednesday,Evening,Cold Drink,Drinks,405,137,94,43,30,Rainy,Yes,4.1
2025-09-09,Tuesday,Breakfast,Masala Dosa,Meals,540,163,146,17,60,Sunny,Yes,4.2
2025-12-27,Saturday,Evening,Coffee,Drinks,313,119,68,51,25,Cloudy,Yes,3.9
2025-07-10,Thursday,Lunch,Veg Thali,Meals,562,188,184,4,90,Cloudy,Yes,4.4
2025-09-06,Saturday,Lunch,Pav Bhaji,Meals,248,114,57,57,70,Sunny,No,3.8
2025-11-14,Friday,Breakfast,Coffee,Drinks,167,84,19,65,25,Sunny,No,3.6
2025-02-23,Sunday,Breakfast,Coffee,Drinks,592,182,180,2,25,Sunny,No,4.0
2025-08-04,Monday,Lunch,Pav Bhaji,Meals,528,185,176,9,70,Sunny,No,3.6
2025-06-10,Tuesday,Lunch,Pav Bhaji,Meals,405,130,91,39,70,Rainy,No,3.7
2025-08-27,Wednesday,Breakfast,Coffee,Drinks,256,107,55,52,25,Sunny,No,4.2
2025-06-26,Thursday,Breakfast,Coffee,Drinks,225,91,31,60,25,Cloudy,No,4.4
2025-03-03,Monday,Breakfast,Vada Pav,Snacks,343,129,81,48,25,Rainy,No,4.3
2025-11-23,Sunday,Breakfast,Tea,Drinks,455,125,71,54,15,Sunny,Yes,4.6
2025-06-27,Friday,Evening,Cold Drink,Drinks,341,124,68,56,30,Sunny,No,3.3
2025-09-06,Saturday,Breakfast,Cold Drink,Drinks,444,139,106,33,30,Cloudy,Yes,4.4
2025-08-30,Saturday,Breakfast,Tea,Drinks,489,132,94,38,15,Cloudy,Yes,4.0
2025-10-11,Saturday,Evening,Tea,Drinks,576,162,143,19,15,Cloudy,Yes,4.8
2025-07-14,Monday,Evening,Vada Pav,Snacks,284,96,41,55,25,Cloudy,Yes,4.8
2025-11-19,Wednesday,Evening,Masala Dosa,Meals,207,88,25,63,60,Rainy,Yes,4.6
2025-11-08,Saturday,Lunch,Veg Sandwich,Snacks,317,128,79,49,40,Sunny,No,4.2
2025-11-06,Thursday,Breakfast,Tea,Drinks,539,175,172,3,15,Sunny,Yes,4.3
2025-03-24,Monday,Lunch,Veg Sandwich,Snacks,347,132,81,51,40,Sunny,Yes,3.1
2025-11-03,Monday,Breakfast,Coffee,Drinks,562,151,119,32,25,Sunny,No,4.1
2025-02-19,Wednesday,Lunch,Coffee,Drinks,532,172,170,2,25,Cloudy,Yes,4.0
2025-08-31,Sunday,Evening,Coffee,Drinks,336,106,52,54,25,Rainy,Yes,4.4
2025-07-05,Saturday,Evening,Veg Thali,Meals,315,111,52,59,90,Rainy,Yes,4.5
2025-12-20,Saturday,Evening,Idli,Breakfast,420,130,90,40,35,Sunny,Yes,4.7
2025-01-01,Wednesday,Breakfast,Idli,Breakfast,383,136,97,39,35,Cloudy,Yes,4.1
2025-10-10,Friday,Breakfast,Cold Drink,Drinks,501,158,139,19,30,Rainy,No,4.9
2025-10-28,Tuesday,Evening,Cold Drink,Drinks,429,140,105,35,30,Cloudy,Yes,3.4
2025-12-18,Thursday,Lunch,Pav Bhaji,Meals,505,176,173,3,70,Cloudy,No,4.7
2025-02-18,Tuesday,Lunch,Pav Bhaji,Meals,590,165,158,7,70,Rainy,No,3.4
2025-01-04,Saturday,Breakfast,Idli,Breakfast,254,91,29,62,35,Sunny,Yes,3.8
2025-01-12,Sunday,Lunch,Tea,Drinks,399,137,91,46,15,Sunny,Yes,4.2
2025-06-06,Friday,Evening,Samosa,Snacks,520,167,163,4,20,Sunny,Yes,4.3
2025-04-01,Tuesday,Evening,Tea,Drinks,253,94,32,62,15,Rainy,Yes,4.5
2025-12-02,Tuesday,Evening,Vada Pav,Snacks,576,153,126,27,25,Rainy,Yes,3.2
2025-03-24,Monday,Breakfast,Tea,Drinks,311,116,64,52,15,Rainy,Yes,3.9
2025-10-25,Saturday,Evening,Vada Pav,Snacks,326,113,58,55,25,Cloudy,Yes,4.1
2025-03-07,Friday,Breakfast,Veg Sandwich,Snacks,316,104,45,59,40,Rainy,Yes,3.3
2025-01-25,Saturday,Breakfast,Samosa,Snacks,475,158,135,23,20,Sunny,Yes,4.8
2025-09-03,Wednesday,Breakfast,Cold Drink,Drinks,419,147,110,37,30,Rainy,Yes,4.3
2025-03-27,Thursday,Breakfast,Vada Pav,Snacks,285,112,62,50,25,Rainy,Yes,4.4
2025-08-01,Friday,Lunch,Vada Pav,Snacks,571,160,143,17,25,Sunny,Yes,4.6
2025-05-20,Tuesday,Lunch,Vada Pav,Snacks,592,192,183,9,25,Sunny,No,4.2
2025-10-23,Thursday,Breakfast,Samosa,Snacks,461,128,83,45,20,Rainy,No,3.1
2025-07-10,Thursday,Evening,Samosa,Snacks,192,93,40,53,20,Rainy,Yes,4.9
2025-06-15,Sunday,Breakfast,Veg Thali,Meals,204,94,33,61,90,Sunny,Yes,3.1
2025-02-08,Saturday,Breakfast,Vada Pav,Snacks,407,117,66,51,25,Cloudy,No,3.4
2025-08-28,Thursday,Breakfast,Masala Dosa,Meals,439,129,76,53,60,Sunny,No,3.9
2025-10-29,Wednesday,Breakfast,Veg Thali,Meals,459,155,127,28,90,Sunny,No,4.2
2025-01-17,Friday,Lunch,Pav Bhaji,Meals,206,92,37,55,70,Cloudy,Yes,4.1
2025-03-03,Monday,Lunch,Pav Bhaji,Meals,534,151,122,29,70,Cloudy,Yes,4.1
2025-06-01,Sunday,Evening,Masala Dosa,Meals,323,122,72,50,60,Rainy,Yes,3.7
2025-04-27,Sunday,Lunch,Vada Pav,Snacks,304,115,66,49,25,Cloudy,Yes,3.5
2025-04-09,Wednesday,Evening,Veg Thali,Meals,393,137,103,34,90,Cloudy,Yes,4.6
2025-02-05,Wednesday,Lunch,Cold Drink,Drinks,248,100,45,55,30,Cloudy,No,3.8
2025-05-19,Monday,Breakfast,Pav Bhaji,Meals,420,121,69,52,70,Cloudy,Yes,3.7
2025-09-01,Monday,Breakfast,Coffee,Drinks,161,80,20,60,25,Cloudy,No,5.0
2025-08-10,Sunday,Breakfast,Coffee,Drinks,186,81,15,66,25,Sunny,No,3.6
2025-01-17,Friday,Breakfast,Veg Sandwich,Snacks,392,120,68,52,40,Sunny,No,4.1
2025-09-14,Sunday,Breakfast,Pav Bhaji,Meals,468,126,78,48,70,Cloudy,Yes,4.9
2025-11-30,Sunday,Evening,Tea,Drinks,209,84,26,58,15,Cloudy,Yes,3.6
2025-05-14,Wednesday,Evening,Coffee,Drinks,317,119,64,55,25,Cloudy,Yes,4.9
2025-02-20,Thursday,Lunch,Veg Thali,Meals,306,113,63,50,90,Sunny,No,4.2
2025-07-24,Thursday,Lunch,Vada Pav,Snacks,362,120,73,47,25,Sunny,No,4.0
2025-04-27,Sunday,Evening,Masala Dosa,Meals,246,107,49,58,60,Cloudy,No,4.8
2025-04-03,Thursday,Evening,Idli,Breakfast,231,95,39,56,35,Cloudy,No,3.9
2025-04-08,Tuesday,Lunch,Cold Drink,Drinks,466,141,110,31,30,Rainy,No,3.8
2025-01-30,Thursday,Breakfast,Masala Dosa,Meals,203,95,41,54,60,Sunny,Yes,4.3
2025-09-10,Wednesday,Evening,Coffee,Drinks,184,88,34,54,25,Rainy,No,3.9
2025-12-29,Monday,Evening,Idli,Breakfast,234,89,22,67,35,Rainy,Yes,4.8
2025-08-19,Tuesday,Lunch,Vada Pav,Snacks,569,158,144,14,25,Cloudy,No,3.1
2025-11-25,Tuesday,Breakfast,Tea,Drinks,245,90,36,54,15,Rainy,No,3.5
2025-12-27,Saturday,Lunch,Tea,Drinks,151,83,25,58,15,Cloudy,Yes,3.1
2025-04-04,Friday,Lunch,Pav Bhaji,Meals,525,156,137,19,70,Sunny,No,4.1
2025-01-14,Tuesday,Lunch,Veg Sandwich,Snacks,284,106,47,59,40,Sunny,Yes,4.6
2025-07-30,Wednesday,Evening,Samosa,Snacks,403,121,70,51,20,Cloudy,Yes,4.1
2025-08-14,Thursday,Breakfast,Veg Sandwich,Snacks,440,151,129,22,40,Sunny,No,4.7
2025-01-29,Wednesday,Breakfast,Idli,Breakfast,232,102,45,57,35,Cloudy,Yes,5.0
2025-05-25,Sunday,Lunch,Veg Sandwich,Snacks,282,118,64,54,40,Rainy,No,3.1
2025-04-15,Tuesday,Breakfast,Masala Dosa,Meals,549,168,167,1,60,Cloudy,No,4.0
2025-06-26,Thursday,Lunch,Pav Bhaji,Meals,176,84,29,55,70,Sunny,No,4.4
2025-01-16,Thursday,Breakfast,Coffee,Drinks,281,114,55,59,25,Rainy,Yes,3.9
2025-03-16,Sunday,Breakfast,Samosa,Snacks,223,98,44,54,20,Sunny,Yes,4.8
2025-06-13,Friday,Breakfast,Tea,Drinks,588,166,160,6,15,Sunny,Yes,4.6
2025-12-17,Wednesday,Lunch,Idli,Breakfast,336,120,70,50,35,Rainy,No,3.2
2025-09-16,Tuesday,Lunch,Idli,Breakfast,552,168,166,2,35,Cloudy,Yes,3.1
2025-11-01,Saturday,Lunch,Masala Dosa,Meals,366,140,106,34,60,Cloudy,No,4.4
2025-05-14,Wednesday,Evening,Vada Pav,Snacks,586,150,120,30,25,Rainy,Yes,3.2
2025-01-05,Sunday,Evening,Cold Drink,Drinks,190,81,18,63,30,Cloudy,Yes,3.7
2025-08-23,Saturday,Breakfast,Idli,Breakfast,180,88,28,60,35,Rainy,Yes,3.9
2025-02-26,Wednesday,Lunch,Tea,Drinks,334,125,78,47,15,Rainy,Yes,4.8
2025-05-03,Saturday,Lunch,Tea,Drinks,161,88,28,60,15,Cloudy,Yes,3.2
2025-07-01,Tuesday,Lunch,Veg Sandwich,Snacks,380,137,100,37,40,Cloudy,No,3.2
2025-12-10,Wednesday,Lunch,Cold Drink,Drinks,231,109,59,50,30,Cloudy,No,4.1
2025-04-11,Friday,Lunch,Veg Thali,Meals,307,108,53,55,90,Sunny,No,4.0
2025-12-19,Friday,Lunch,Idli,Breakfast,454,152,126,26,35,Sunny,Yes,3.2
2025-06-10,Tuesday,Lunch,Tea,Drinks,522,160,144,16,15,Rainy,Yes,3.0
2025-04-10,Thursday,Evening,Cold Drink,Drinks,185,90,27,63,30,Rainy,No,3.3
2025-01-05,Sunday,Lunch,Masala Dosa,Meals,433,141,102,39,60,Rainy,No,3.5
2025-01-02,Thursday,Breakfast,Samosa,Snacks,217,93,34,59,20,Cloudy,Yes,4.3
2025-03-10,Monday,Lunch,Idli,Breakfast,377,147,121,26,35,Cloudy,Yes,4.4
2025-06-08,Sunday,Evening,Coffee,Drinks,392,114,57,57,25,Rainy,No,3.2
2025-11-16,Sunday,Evening,Tea,Drinks,217,88,23,65,15,Cloudy,No,4.8
2025-09-10,Wednesday,Breakfast,Cold Drink,Drinks,221,88,34,54,30,Cloudy,No,3.9
2025-12-21,Sunday,Breakfast,Tea,Drinks,421,131,93,38,15,Cloudy,No,4.8
2025-07-02,Wednesday,Lunch,Pav Bhaji,Meals,427,139,104,35,70,Cloudy,Yes,4.4
2025-10-24,Friday,Breakfast,Veg Sandwich,Snacks,260,103,46,57,40,Cloudy,No,3.4
2025-06-03,Tuesday,Lunch,Tea,Drinks,403,150,126,24,15,Sunny,Yes,3.3
2025-11-08,Saturday,Evening,Coffee,Drinks,371,112,55,57,25,Rainy,No,3.9
2025-12-09,Tuesday,Breakfast,Samosa,Snacks,497,156,137,19,20,Sunny,Yes,3.2
2025-10-26,Sunday,Lunch,Cold Drink,Drinks,273,104,52,52,30,Rainy,Yes,4.0
2025-10-23,Thursday,Lunch,Tea,Drinks,398,129,77,52,15,Rainy,Yes,4.0
2025-02-13,Thursday,Evening,Samosa,Snacks,260,108,56,52,20,Cloudy,Yes,3.5
2025-07-28,Monday,Lunch,Cold Drink,Drinks,534,182,177,5,30,Rainy,No,4.2
2025-09-11,Thursday,Evening,Masala Dosa,Meals,368,117,65,52,60,Cloudy,No,3.4
2025-05-29,Thursday,Lunch,Coffee,Drinks,208,103,44,59,25,Rainy,No,3.5
2025-08-11,Monday,Evening,Veg Thali,Meals,393,134,85,49,90,Sunny,No,3.5
2025-03-31,Monday,Evening,Samosa,Snacks,394,128,81,47,20,Cloudy,Yes,5.0
2025-10-30,Thursday,Lunch,Veg Thali,Meals,308,121,66,55,90,Sunny,Yes,4.9
2025-03-30,Sunday,Lunch,Coffee,Drinks,170,84,27,57,25,Sunny,No,4.3
2025-07-10,Thursday,Lunch,Veg Thali,Meals,390,124,75,49,90,Sunny,Yes,3.5
2025-02-15,Saturday,Lunch,Cold Drink,Drinks,171,86,28,58,30,Rainy,Yes,3.4
2025-03-14,Friday,Breakfast,Idli,Breakfast,474,149,119,30,35,Rainy,No,4.4
2025-06-13,Friday,Breakfast,Vada Pav,Snacks,469,146,115,31,25,Rainy,Yes,4.0
2025-06-24,Tuesday,Evening,Idli,Breakfast,176,91,33,58,35,Cloudy,No,4.5
2025-06-08,Sunday,Evening,Vada Pav,Snacks,291,112,62,50,25,Cloudy,No,3.2
2025-09-28,Sunday,Evening,Veg Sandwich,Snacks,580,161,138,23,40,Sunny,No,4.4
2025-08-05,Tuesday,Breakfast,Tea,Drinks,458,141,105,36,15,Sunny,No,3.1
2025-12-20,Saturday,Lunch,Masala Dosa,Meals,405,131,87,44,60,Sunny,No,3.7
2025-10-15,Wednesday,Breakfast,Vada Pav,Snacks,351,113,52,61,25,Sunny,No,3.7
2025-07-19,Saturday,Lunch,Idli,Breakfast,409,149,121,28,35,Cloudy,Yes,3.7
2025-03-29,Saturday,Lunch,Veg Sandwich,Snacks,507,162,145,17,40,Sunny,Yes,3.0
2025-10-31,Friday,Evening,Masala Dosa,Meals,316,108,47,61,60,Cloudy,Yes,4.9
2025-09-06,Saturday,Breakfast,Samosa,Snacks,579,154,131,23,20,Rainy,No,4.0
2025-03-11,Tuesday,Evening,Cold Drink,Drinks,272,106,44,62,30,Rainy,Yes,4.6
2025-09-15,Monday,Evening,Samosa,Snacks,525,146,117,29,20,Sunny,No,4.6
2025-01-29,Wednesday,Lunch,Veg Thali,Meals,264,102,49,53,90,Sunny,No,4.3
2025-04-19,Saturday,Breakfast,Masala Dosa,Meals,488,130,90,40,60,Cloudy,No,4.3
2025-04-20,Sunday,Lunch,Tea,Drinks,392,131,82,49,15,Sunny,No,3.6
2025-09-04,Thursday,Breakfast,Vada Pav,Snacks,230,103,41,62,25,Cloudy,No,4.0
2025-05-07,Wednesday,Evening,Masala Dosa,Meals,262,95,35,60,60,Cloudy,Yes,3.1
2025-12-18,Thursday,Evening,Masala Dosa,Meals,242,101,41,60,60,Sunny,Yes,3.8
2025-09-13,Saturday,Evening,Pav Bhaji,Meals,420,139,104,35,70,Sunny,No,4.8
2025-08-22,Friday,Breakfast,Veg Sandwich,Snacks,469,151,126,25,40,Rainy,Yes,4.5
2025-10-22,Wednesday,Evening,Vada Pav,Snacks,297,104,52,52,25,Rainy,Yes,4.7
2025-11-03,Monday,Lunch,Masala Dosa,Meals,332,121,66,55,60,Rainy,No,4.0
2025-09-18,Thursday,Breakfast,Vada Pav,Snacks,165,84,29,55,25,Rainy,Yes,3.5
2025-10-08,Wednesday,Breakfast,Veg Sandwich,Snacks,570,168,160,8,40,Rainy,Yes,3.9
2025-10-01,Wednesday,Lunch,Samosa,Snacks,291,110,59,51,20,Cloudy,No,4.2
2025-05-26,Monday,Lunch,Veg Thali,Meals,222,106,50,56,90,Rainy,No,3.3
2025-10-15,Wednesday,Breakfast,Vada Pav,Snacks,555,180,175,5,25,Sunny,Yes,4.1
2025-04-14,Monday,Lunch,Pav Bhaji,Meals,340,130,91,39,70,Rainy,No,4.6
2025-04-23,Wednesday,Lunch,Cold Drink,Drinks,324,134,88,46,30,Sunny,Yes,5.0
2025-02-09,Sunday,Breakfast,Tea,Drinks,318,105,47,58,15,Sunny,Yes,3.5
2025-07-15,Tuesday,Evening,Idli,Breakfast,343,127,73,54,35,Cloudy,No,3.7
2025-02-24,Monday,Lunch,Samosa,Snacks,335,129,79,50,20,Rainy,Yes,4.8
2025-04-26,Saturday,Breakfast,Pav Bhaji,Meals,352,116,57,59,70,Sunny,No,3.4
2025-10-10,Friday,Lunch,Samosa,Snacks,539,180,172,8,20,Sunny,Yes,3.2
2025-04-30,Wednesday,Lunch,Masala Dosa,Meals,570,157,140,17,60,Rainy,Yes,4.3
2025-03-07,Friday,Breakfast,Veg Sandwich,Snacks,192,95,37,58,40,Cloudy,Yes,5.0
2025-03-06,Thursday,Evening,Tea,Drinks,546,160,146,14,15,Sunny,No,5.0
2025-10-12,Sunday,Evening,Tea,Drinks,365,129,77,52,15,Sunny,Yes,4.2
2025-07-31,Thursday,Lunch,Cold Drink,Drinks,426,159,145,14,30,Cloudy,Yes,4.2
2025-08-20,Wednesday,Lunch,Tea,Drinks,437,152,131,21,15,Sunny,Yes,3.7
2025-02-11,Tuesday,Breakfast,Veg Sandwich,Snacks,215,94,31,63,40,Rainy,No,4.1
2025-04-08,Tuesday,Lunch,Veg Sandwich,Snacks,567,162,147,15,40,Rainy,Yes,3.7
2025-03-07,Friday,Evening,Tea,Drinks,460,131,90,41,15,Cloudy,No,4.3
2025-01-29,Wednesday,Evening,Samosa,Snacks,582,181,181,0,20,Sunny,Yes,3.6
2025-04-11,Friday,Breakfast,Vada Pav,Snacks,271,112,60,52,25,Rainy,No,3.1
2025-02-20,Thursday,Evening,Cold Drink,Drinks,343,128,87,41,30,Cloudy,No,3.2
2025-02-07,Friday,Lunch,Samosa,Snacks,533,183,183,0,20,Cloudy,No,4.3
2025-05-10,Saturday,Lunch,Pav Bhaji,Meals,459,157,141,16,70,Sunny,Yes,3.7
2025-11-01,Saturday,Lunch,Cold Drink,Drinks,227,93,27,66,30,Cloudy,Yes,3.0
2025-08-22,Friday,Breakfast,Masala Dosa,Meals,245,90,24,66,60,Sunny,No,4.7
2025-09-16,Tuesday,Evening,Veg Thali,Meals,589,186,178,8,90,Rainy,Yes,3.4
2025-05-17,Saturday,Evening,Coffee,Drinks,275,114,56,58,25,Sunny,Yes,4.1
2025-09-28,Sunday,Evening,Idli,Breakfast,263,105,41,64,35,Sunny,Yes,3.6
2025-05-20,Tuesday,Breakfast,Cold Drink,Drinks,599,180,172,8,30,Sunny,Yes,3.9
2025-02-13,Thursday,Breakfast,Idli,Breakfast,401,136,91,45,35,Sunny,Yes,3.1
2025-11-24,Monday,Breakfast,Veg Sandwich,Snacks,199,82,22,60,40,Cloudy,Yes,4.9
2025-11-03,Monday,Lunch,Cold Drink,Drinks,304,122,69,53,30,Rainy,No,4.9
2025-11-24,Monday,Breakfast,Veg Sandwich,Snacks,447,150,121,29,40,Cloudy,No,4.7
2025-08-07,Thursday,Evening,Masala Dosa,Meals,202,91,29,62,60,Sunny,Yes,3.7
2025-02-09,Sunday,Evening,Veg Thali,Meals,221,92,37,55,90,Sunny,Yes,4.6
2025-03-26,Wednesday,Lunch,Samosa,Snacks,282,116,61,55,20,Cloudy,Yes,3.0
2025-07-13,Sunday,Breakfast,Masala Dosa,Meals,266,111,54,57,60,Sunny,No,3.1
2025-12-06,Saturday,Lunch,Veg Thali,Meals,568,160,147,13,90,Cloudy,Yes,4.6
2025-12-07,Sunday,Lunch,Idli,Breakfast,599,162,142,20,35,Sunny,No,3.8
2025-08-12,Tuesday,Evening,Cold Drink,Drinks,392,120,62,58,30,Rainy,No,4.9
2025-04-13,Sunday,Lunch,Vada Pav,Snacks,227,100,43,57,25,Rainy,No,3.5
2025-05-04,Sunday,Lunch,Masala Dosa,Meals,457,163,144,19,60,Sunny,No,4.6
2025-09-20,Saturday,Evening,Cold Drink,Drinks,429,124,73,51,30,Sunny,Yes,4.6
2025-10-12,Sunday,Evening,Vada Pav,Snacks,238,105,44,61,25,Rainy,Yes,4.4
2025-06-22,Sunday,Evening,Tea,Drinks,219,101,38,63,15,Sunny,No,4.3
2025-04-27,Sunday,Lunch,Vada Pav,Snacks,223,93,28,65,25,Cloudy,No,3.5
2025-05-21,Wednesday,Breakfast,Masala Dosa,Meals,152,84,29,55,60,Cloudy,No,3.7
2025-08-13,Wednesday,Lunch,Tea,Drinks,156,80,24,56,15,Rainy,No,3.3
2025-03-05,Wednesday,Lunch,Veg Thali,Meals,271,103,46,57,90,Cloudy,Yes,3.6
2025-11-12,Wednesday,Evening,Cold Drink,Drinks,438,129,77,52,30,Sunny,Yes,3.9
2025-07-30,Wednesday,Lunch,Tea,Drinks,371,140,98,42,15,Rainy,Yes,4.7
2025-07-20,Sunday,Evening,Cold Drink,Drinks,393,117,67,50,30,Cloudy,No,3.2
2025-08-06,Wednesday,Evening,Tea,Drinks,208,91,37,54,15,Sunny,No,4.6
2025-07-12,Saturday,Evening,Cold Drink,Drinks,316,110,52,58,30,Rainy,No,4.6
2025-10-16,Thursday,Breakfast,Tea,Drinks,338,109,48,61,15,Rainy,Yes,3.9
2025-08-21,Thursday,Evening,Veg Thali,Meals,360,135,95,40,90,Rainy,No,3.4
2025-05-29,Thursday,Lunch,Coffee,Drinks,344,122,72,50,25,Sunny,No,4.3
2025-03-29,Saturday,Breakfast,Veg Sandwich,Snacks,205,93,35,58,40,Sunny,No,3.5
2025-03-23,Sunday,Evening,Cold Drink,Drinks,189,82,20,62,30,Sunny,No,3.3
2025-01-24,Friday,Lunch,Tea,Drinks,532,187,183,4,15,Cloudy,Yes,3.3
2025-12-02,Tuesday,Lunch,Veg Sandwich,Snacks,322,119,68,51,40,Cloudy,Yes,3.9
2025-10-09,Thursday,Breakfast,Veg Sandwich,Snacks,563,171,161,10,40,Sunny,Yes,3.4
2025-05-18,Sunday,Breakfast,Masala Dosa,Meals,174,85,19,66,60,Cloudy,No,4.4
2025-11-23,Sunday,Breakfast,Vada Pav,Snacks,195,84,26,58,25,Cloudy,Yes,4.1
2025-02-01,Saturday,Evening,Idli,Breakfast,323,102,50,52,35,Cloudy,No,3.9
2025-03-24,Monday,Lunch,Samosa,Snacks,435,144,104,40,20,Sunny,Yes,4.2
2025-07-07,Monday,Lunch,Veg Thali,Meals,531,166,157,9,90,Rainy,Yes,4.8
2025-07-15,Tuesday,Lunch,Tea,Drinks,221,102,49,53,15,Rainy,Yes,4.4
2025-06-15,Sunday,Breakfast,Tea,Drinks,328,127,79,48,15,Sunny,Yes,4.7
2025-05-09,Friday,Lunch,Masala Dosa,Meals,397,129,86,43,60,Sunny,No,3.1
2025-06-05,Thursday,Breakfast,Pav Bhaji,Meals,223,93,39,54,70,Sunny,No,4.5
2025-09-10,Wednesday,Breakfast,Veg Sandwich,Snacks,153,77,17,60,40,Rainy,No,3.1
2025-11-23,Sunday,Evening,Masala Dosa,Meals,562,158,141,17,60,Cloudy,No,3.4
2025-12-02,Tuesday,Breakfast,Vada Pav,Snacks,249,108,48,60,25,Cloudy,No,4.9
2025-12-01,Monday,Breakfast,Tea,Drinks,173,78,19,59,15,Cloudy,Yes,5.0
2025-01-29,Wednesday,Breakfast,Veg Sandwich,Snacks,472,142,107,35,40,Cloudy,Yes,3.5
2025-07-22,Tuesday,Lunch,Cold Drink,Drinks,172,87,30,57,30,Sunny,Yes,4.3
2025-08-11,Monday,Breakfast,Coffee,Drinks,515,144,109,35,25,Rainy,Yes,4.3
2025-01-12,Sunday,Breakfast,Pav Bhaji,Meals,321,119,70,49,70,Rainy,Yes,4.2
2025-10-21,Tuesday,Breakfast,Veg Thali,Meals,287,110,54,56,90,Rainy,Yes,3.2
2025-11-13,Thursday,Breakfast,Vada Pav,Snacks,554,165,155,10,25,Rainy,No,4.8
2025-08-02,Saturday,Evening,Vada Pav,Snacks,221,101,43,58,25,Cloudy,No,4.8
2025-02-24,Monday,Evening,Veg Thali,Meals,518,154,132,22,90,Cloudy,Yes,3.1
2025-07-16,Wednesday,Breakfast,Masala Dosa,Meals,362,109,56,53,60,Sunny,No,3.2
2025-07-14,Monday,Breakfast,Tea,Drinks,439,129,89,40,15,Sunny,Yes,3.4
2025-07-13,Sunday,Breakfast,Veg Thali,Meals,315,107,47,60,90,Sunny,Yes,3.4
2025-07-17,Thursday,Lunch,Veg Thali,Meals,286,112,59,53,90,Cloudy,Yes,4.9
2025-08-01,Friday,Breakfast,Pav Bhaji,Meals,598,171,166,5,70,Sunny,No,5.0
2025-11-10,Monday,Breakfast,Pav Bhaji,Meals,361,126,71,55,70,Cloudy,No,4.3
2025-12-20,Saturday,Evening,Veg Thali,Meals,442,143,110,33,90,Sunny,No,5.0
2025-01-15,Wednesday,Lunch,Veg Sandwich,Snacks,492,147,116,31,40,Rainy,Yes,4.7
2025-07-21,Monday,Breakfast,Vada Pav,Snacks,506,168,158,10,25,Rainy,Yes,4.8
2025-10-27,Monday,Evening,Coffee,Drinks,184,80,20,60,25,Cloudy,No,4.0
2025-11-08,Saturday,Lunch,Pav Bhaji,Meals,166,83,18,65,70,Sunny,Yes,4.4
2025-08-19,Tuesday,Evening,Coffee,Drinks,545,150,126,24,25,Rainy,No,3.9
2025-11-30,Sunday,Lunch,Cold Drink,Drinks,359,119,66,53,30,Rainy,Yes,3.8
2025-03-14,Friday,Lunch,Tea,Drinks,360,128,84,44,15,Sunny,No,3.7
2025-03-14,Friday,Lunch,Samosa,Snacks,366,123,68,55,20,Sunny,Yes,4.6
2025-05-21,Wednesday,Breakfast,Vada Pav,Snacks,566,163,148,15,25,Rainy,No,4.2
2025-09-24,Wednesday,Lunch,Samosa,Snacks,257,109,59,50,20,Cloudy,Yes,4.1
2025-11-25,Tuesday,Lunch,Veg Thali,Meals,525,184,184,0,90,Cloudy,Yes,4.1
2025-01-20,Monday,Breakfast,Vada Pav,Snacks,553,165,154,11,25,Cloudy,Yes,3.2
2025-03-05,Wednesday,Breakfast,Vada Pav,Snacks,205,98,37,61,25,Sunny,Yes,4.0
2025-09-15,Monday,Lunch,Samosa,Snacks,448,155,136,19,20,Sunny,No,4.9
2025-07-12,Saturday,Evening,Masala Dosa,Meals,196,90,30,60,60,Sunny,No,3.1
2025-09-20,Saturday,Breakfast,Cold Drink,Drinks,231,103,41,62,30,Rainy,No,3.2
2025-10-29,Wednesday,Evening,Masala Dosa,Meals,428,123,76,47,60,Cloudy,Yes,3.4
2025-02-03,Monday,Lunch,Vada Pav,Snacks,584,162,154,8,25,Sunny,Yes,5.0
2025-09-05,Friday,Evening,Coffee,Drinks,472,135,96,39,25,Rainy,Yes,4.5
2025-12-18,Thursday,Evening,Cold Drink,Drinks,489,132,94,38,30,Rainy,Yes,4.4
2025-03-31,Monday,Breakfast,Tea,Drinks,488,159,143,16,15,Sunny,No,3.7
2025-06-08,Sunday,Breakfast,Vada Pav,Snacks,413,143,102,41,25,Cloudy,No,4.9
2025-11-02,Sunday,Evening,Idli,Breakfast,257,105,49,56,35,Rainy,No,3.5
2025-02-09,Sunday,Breakfast,Coffee,Drinks,299,104,48,56,25,Rainy,Yes,3.9
2025-05-24,Saturday,Breakfast,Coffee,Drinks,261,103,39,64,25,Sunny,Yes,4.7
2025-02-21,Friday,Evening,Cold Drink,Drinks,599,186,183,3,30,Cloudy,Yes,4.3
2025-11-03,Monday,Evening,Cold Drink,Drinks,250,105,41,64,30,Sunny,Yes,3.2
2025-07-13,Sunday,Breakfast,Cold Drink,Drinks,160,82,16,66,30,Sunny,No,4.9
2025-08-26,Tuesday,Breakfast,Vada Pav,Snacks,415,144,114,30,25,Sunny,No,4.3
2025-01-17,Friday,Lunch,Coffee,Drinks,226,99,39,60,25,Sunny,Yes,4.3
2025-12-06,Saturday,Lunch,Tea,Drinks,335,119,61,58,15,Cloudy,Yes,3.1
2025-03-18,Tuesday,Lunch,Coffee,Drinks,192,92,38,54,25,Cloudy,Yes,3.9
2025-06-12,Thursday,Breakfast,Idli,Breakfast,587,156,131,25,35,Rainy,No,4.4
2025-12-24,Wednesday,Evening,Tea,Drinks,198,90,25,65,15,Sunny,No,4.8
2025-03-30,Sunday,Evening,Samosa,Snacks,409,133,87,46,20,Cloudy,Yes,3.1
2025-01-13,Monday,Lunch,Veg Thali,Meals,460,167,155,12,90,Sunny,Yes,3.8
2025-10-10,Friday,Evening,Coffee,Drinks,355,118,65,53,25,Rainy,Yes,4.6
2025-03-01,Saturday,Evening,Pav Bhaji,Meals,387,115,55,60,70,Sunny,Yes,4.7
2025-03-22,Saturday,Breakfast,Coffee,Drinks,268,101,41,60,25,Cloudy,No,4.3
2025-08-31,Sunday,Breakfast,Idli,Breakfast,322,106,42,64,35,Cloudy,No,3.4
2025-02-05,Wednesday,Evening,Masala Dosa,Meals,429,122,71,51,60,Cloudy,No,4.9
2025-12-14,Sunday,Evening,Masala Dosa,Meals,482,157,131,26,60,Cloudy,Yes,3.7
2025-10-29,Wednesday,Evening,Veg Sandwich,Snacks,353,123,70,53,40,Sunny,No,3.2
2025-03-02,Sunday,Evening,Pav Bhaji,Meals,188,80,23,57,70,Rainy,Yes,4.9
2025-02-25,Tuesday,Breakfast,Idli,Breakfast,591,189,189,0,35,Rainy,Yes,3.5
2025-08-10,Sunday,Breakfast,Masala Dosa,Meals,500,131,85,46,60,Sunny,Yes,4.8
2025-01-14,Tuesday,Lunch,Coffee,Drinks,594,163,152,11,25,Rainy,Yes,3.2
2025-01-30,Thursday,Evening,Veg Thali,Meals,517,153,131,22,90,Cloudy,Yes,3.7
2025-07-12,Saturday,Breakfast,Cold Drink,Drinks,486,138,103,35,30,Cloudy,No,3.6
2025-07-20,Sunday,Evening,Samosa,Snacks,467,131,83,48,20,Cloudy,No,4.8
2025-12-14,Sunday,Breakfast,Veg Sandwich,Snacks,247,97,38,59,40,Cloudy,Yes,4.6
2025-12-16,Tuesday,Lunch,Coffee,Drinks,535,163,154,9,25,Sunny,Yes,4.1
2025-12-30,Tuesday,Breakfast,Coffee,Drinks,403,121,70,51,25,Rainy,Yes,4.1
2025-07-30,Wednesday,Breakfast,Veg Thali,Meals,504,146,120,26,90,Rainy,No,4.7
2025-07-06,Sunday,Lunch,Pav Bhaji,Meals,263,116,59,57,70,Sunny,Yes,5.0
2025-08-08,Friday,Evening,Idli,Breakfast,510,165,149,16,35,Cloudy,No,3.9
2025-08-16,Saturday,Breakfast,Veg Thali,Meals,417,123,72,51,90,Rainy,Yes,3.7
2025-11-14,Friday,Breakfast,Tea,Drinks,326,116,61,55,15,Sunny,No,3.9
2025-01-05,Sunday,Breakfast,Pav Bhaji,Meals,432,146,113,33,70,Rainy,No,4.1
2025-05-25,Sunday,Evening,Vada Pav,Snacks,377,118,72,46,25,Sunny,No,4.6
2025-09-29,Monday,Breakfast,Vada Pav,Snacks,290,101,44,57,25,Sunny,Yes,4.5
2025-02-07,Friday,Breakfast,Vada Pav,Snacks,531,144,110,34,25,Rainy,No,3.2
2025-06-10,Tuesday,Breakfast,Samosa,Snacks,174,85,20,65,20,Sunny,Yes,3.6
2025-03-08,Saturday,Evening,Idli,Breakfast,178,79,20,59,35,Sunny,No,4.7
2025-05-14,Wednesday,Evening,Samosa,Snacks,440,126,80,46,20,Sunny,Yes,3.7
2025-02-19,Wednesday,Breakfast,Veg Sandwich,Snacks,452,153,134,19,40,Rainy,No,4.4
2025-01-16,Thursday,Evening,Vada Pav,Snacks,301,100,41,59,25,Rainy,Yes,4.2
2025-11-08,Saturday,Breakfast,Veg Thali,Meals,519,152,121,31,90,Cloudy,No,4.2
2025-08-30,Saturday,Lunch,Tea,Drinks,375,146,118,28,15,Rainy,Yes,4.8
2025-03-17,Monday,Breakfast,Coffee,Drinks,581,147,118,29,25,Rainy,Yes,4.4
2025-03-11,Tuesday,Lunch,Idli,Breakfast,552,170,166,4,35,Sunny,Yes,4.3
2025-07-21,Monday,Lunch,Vada Pav,Snacks,422,138,102,36,25,Cloudy,Yes,3.9
2025-07-18,Friday,Breakfast,Pav Bhaji,Meals,412,122,67,55,70,Rainy,No,3.2
2025-04-21,Monday,Lunch,Veg Thali,Meals,522,160,141,19,90,Rainy,Yes,3.9
2025-06-13,Friday,Lunch,Veg Thali,Meals,309,112,59,53,90,Sunny,Yes,3.2
2025-07-11,Friday,Lunch,Samosa,Snacks,253,101,39,62,20,Cloudy,Yes,5.0
2025-03-16,Sunday,Evening,Veg Sandwich,Snacks,512,133,91,42,40,Cloudy,No,4.9
2025-07-17,Thursday,Evening,Coffee,Drinks,302,102,50,52,25,Sunny,No,4.6
2025-01-24,Friday,Evening,Samosa,Snacks,413,120,69,51,20,Cloudy,No,4.9
2025-01-12,Sunday,Evening,Veg Thali,Meals,435,151,119,32,90,Sunny,No,4.0
2025-12-23,Tuesday,Breakfast,Samosa,Snacks,333,116,67,49,20,Rainy,Yes,3.0
2025-11-21,Friday,Evening,Masala Dosa,Meals,537,171,171,0,60,Cloudy,Yes,3.5
2025-01-19,Sunday,Lunch,Veg Sandwich,Snacks,559,187,187,0,40,Cloudy,Yes,3.3
2025-07-18,Friday,Breakfast,Cold Drink,Drinks,198,90,37,53,30,Rainy,No,3.2
2025-02-23,Sunday,Breakfast,Masala Dosa,Meals,163,88,28,60,60,Cloudy,Yes,3.2
2025-11-03,Monday,Evening,Tea,Drinks,384,129,82,47,15,Sunny,No,4.6
2025-11-01,Saturday,Lunch,Cold Drink,Drinks,184,90,30,60,30,Cloudy,Yes,3.2
2025-05-19,Monday,Breakfast,Tea,Drinks,557,157,141,16,15,Rainy,Yes,3.7
2025-09-10,Wednesday,Breakfast,Veg Sandwich,Snacks,377,139,95,44,40,Sunny,Yes,5.0
2025-03-12,Wednesday,Lunch,Samosa,Snacks,491,145,110,35,20,Rainy,Yes,3.2
2025-11-14,Friday,Lunch,Veg Sandwich,Snacks,460,152,120,32,40,Cloudy,Yes,4.6
2025-09-01,Monday,Breakfast,Veg Thali,Meals,440,139,98,41,90,Rainy,Yes,3.3
2025-09-07,Sunday,Evening,Tea,Drinks,526,155,129,26,15,Sunny,No,3.0
2025-06-03,Tuesday,Evening,Pav Bhaji,Meals,482,128,76,52,70,Sunny,Yes,3.3
2025-07-13,Sunday,Evening,Coffee,Drinks,598,147,113,34,25,Sunny,No,3.5
2025-12-13,Saturday,Evening,Coffee,Drinks,397,130,91,39,25,Sunny,No,4.9
2025-03-06,Thursday,Lunch,Cold Drink,Drinks,558,183,183,0,30,Sunny,Yes,4.0
2025-04-21,Monday,Evening,Idli,Breakfast,500,153,132,21,35,Rainy,Yes,4.3
2025-04-20,Sunday,Lunch,Cold Drink,Drinks,365,121,65,56,30,Cloudy,Yes,3.2
2025-03-10,Monday,Evening,Tea,Drinks,184,89,31,58,15,Sunny,Yes,4.4
2025-09-03,Wednesday,Lunch,Pav Bhaji,Meals,343,119,69,50,70,Rainy,No,4.6
2025-12-26,Friday,Breakfast,Coffee,Drinks,369,116,68,48,25,Rainy,No,3.3
2025-06-07,Saturday,Breakfast,Tea,Drinks,488,145,105,40,15,Cloudy,No,3.2
2025-03-10,Monday,Breakfast,Pav Bhaji,Meals,487,153,132,21,70,Sunny,No,3.5
2025-05-25,Sunday,Breakfast,Coffee,Drinks,187,82,27,55,25,Rainy,No,4.0
2025-08-12,Tuesday,Lunch,Coffee,Drinks,420,145,105,40,25,Rainy,No,4.3
2025-07-16,Wednesday,Lunch,Samosa,Snacks,267,108,51,57,20,Sunny,Yes,4.8
2025-01-23,Thursday,Evening,Vada Pav,Snacks,463,130,82,48,25,Rainy,No,3.7
2025-04-14,Monday,Evening,Pav Bhaji,Meals,595,173,164,9,70,Cloudy,Yes,3.2
2025-05-14,Wednesday,Evening,Veg Sandwich,Snacks,355,109,52,57,40,Rainy,Yes,4.3
2025-10-31,Friday,Evening,Pav Bhaji,Meals,501,155,138,17,70,Sunny,Yes,3.4
2025-03-17,Monday,Lunch,Vada Pav,Snacks,266,100,46,54,25,Cloudy,No,4.7
2025-05-31,Saturday,Breakfast,Vada Pav,Snacks,244,89,25,64,25,Rainy,No,4.0
2025-05-21,Wednesday,Lunch,Vada Pav,Snacks,295,125,78,47,25,Sunny,No,3.4
2025-08-20,Wednesday,Lunch,Idli,Breakfast,533,170,170,0,35,Cloudy,No,4.4
2025-03-15,Saturday,Breakfast,Veg Sandwich,Snacks,391,114,59,55,40,Rainy,Yes,3.8
2025-01-22,Wednesday,Evening,Veg Sandwich,Snacks,361,111,57,54,40,Cloudy,No,3.8
2025-11-09,Sunday,Lunch,Vada Pav,Snacks,296,119,68,51,25,Rainy,Yes,4.4
2025-02-20,Thursday,Lunch,Pav Bhaji,Meals,158,85,25,60,70,Cloudy,No,3.5
2025-10-23,Thursday,Lunch,Masala Dosa,Meals,593,165,155,10,60,Rainy,Yes,4.6
2025-10-19,Sunday,Lunch,Veg Thali,Meals,235,109,58,51,90,Cloudy,Yes,3.4
2025-07-07,Monday,Lunch,Pav Bhaji,Meals,190,95,42,53,70,Rainy,Yes,3.9
2025-01-26,Sunday,Evening,Vada Pav,Snacks,512,149,118,31,25,Sunny,Yes,4.8
2025-08-05,Tuesday,Lunch,Idli,Breakfast,466,150,119,31,35,Sunny,No,3.5
2025-05-23,Friday,Evening,Samosa,Snacks,387,137,98,39,20,Rainy,Yes,4.4
2025-01-22,Wednesday,Evening,Idli,Breakfast,510,169,166,3,35,Cloudy,No,4.9
2025-07-15,Tuesday,Breakfast,Veg Thali,Meals,358,125,83,42,90,Rainy,Yes,4.8
2025-12-21,Sunday,Breakfast,Idli,Breakfast,263,103,50,53,35,Rainy,No,3.7
2025-05-21,Wednesday,Breakfast,Vada Pav,Snacks,238,96,30,66,25,Rainy,No,4.4
2025-05-17,Saturday,Lunch,Coffee,Drinks,561,178,178,0,25,Sunny,No,3.1
2025-11-05,Wednesday,Breakfast,Veg Thali,Meals,168,83,23,60,90,Rainy,Yes,3.3
2025-09-24,Wednesday,Evening,Masala Dosa,Meals,312,115,56,59,60,Rainy,No,3.6
2025-08-28,Thursday,Breakfast,Idli,Breakfast,261,106,54,52,35,Sunny,Yes,3.1
2025-06-21,Saturday,Evening,Idli,Breakfast,567,182,176,6,35,Cloudy,Yes,4.3
2025-05-28,Wednesday,Breakfast,Vada Pav,Snacks,591,163,145,18,25,Cloudy,No,4.9
2025-01-24,Friday,Lunch,Cold Drink,Drinks,317,128,86,42,30,Cloudy,No,3.1
2025-11-11,Tuesday,Breakfast,Vada Pav,Snacks,413,141,99,42,25,Rainy,No,3.1
2025-02-09,Sunday,Evening,Samosa,Snacks,475,130,78,52,20,Sunny,Yes,3.3
2025-07-12,Saturday,Breakfast,Pav Bhaji,Meals,339,116,68,48,70,Cloudy,Yes,3.9
2025-02-16,Sunday,Evening,Veg Thali,Meals,183,92,28,64,90,Sunny,No,4.7
2025-10-02,Thursday,Lunch,Tea,Drinks,298,117,65,52,15,Rainy,No,3.0
2025-11-13,Thursday,Breakfast,Veg Thali,Meals,469,131,80,51,90,Rainy,No,3.7
2025-02-25,Tuesday,Evening,Cold Drink,Drinks,338,111,50,61,30,Cloudy,No,4.7
2025-09-06,Saturday,Breakfast,Cold Drink,Drinks,204,85,20,65,30,Sunny,Yes,3.6
2025-10-13,Monday,Evening,Tea,Drinks,267,103,41,62,15,Cloudy,No,4.2
2025-07-08,Tuesday,Lunch,Cold Drink,Drinks,325,118,72,46,30,Rainy,No,4.9
2025-07-30,Wednesday,Lunch,Coffee,Drinks,169,86,28,58,25,Sunny,No,4.4
2025-05-26,Monday,Breakfast,Vada Pav,Snacks,468,150,124,26,25,Rainy,Yes,3.2
2025-02-17,Monday,Lunch,Veg Sandwich,Snacks,515,153,131,22,40,Rainy,No,3.5
2025-06-17,Tuesday,Evening,Tea,Drinks,196,83,29,54,15,Sunny,No,3.2
2025-01-04,Saturday,Breakfast,Coffee,Drinks,282,98,34,64,25,Rainy,Yes,5.0
2025-11-14,Friday,Lunch,Idli,Breakfast,412,128,86,42,35,Cloudy,Yes,4.0
2025-12-17,Wednesday,Lunch,Coffee,Drinks,197,98,38,60,25,Cloudy,No,3.8
2025-12-20,Saturday,Breakfast,Idli,Breakfast,500,146,114,32,35,Cloudy,No,4.7
2025-12-27,Saturday,Evening,Samosa,Snacks,527,153,133,20,20,Cloudy,No,3.7
2025-12-24,Wednesday,Evening,Veg Sandwich,Snacks,446,142,108,34,40,Cloudy,Yes,4.8
2025-01-15,Wednesday,Evening,Pav Bhaji,Meals,455,136,88,48,70,Rainy,Yes,4.7
2025-03-07,Friday,Lunch,Tea,Drinks,541,181,172,9,15,Sunny,No,3.5
2025-07-06,Sunday,Breakfast,Veg Sandwich,Snacks,410,123,67,56,40,Cloudy,Yes,4.7
2025-03-25,Tuesday,Lunch,Tea,Drinks,397,144,114,30,15,Cloudy,No,3.8
2025-12-01,Monday,Evening,Coffee,Drinks,524,172,163,9,25,Sunny,No,3.1
2025-01-28,Tuesday,Evening,Samosa,Snacks,153,85,27,58,20,Cloudy,Yes,4.5
2025-09-11,Thursday,Breakfast,Vada Pav,Snacks,295,105,46,59,25,Rainy,No,4.7
2025-08-18,Monday,Breakfast,Masala Dosa,Meals,282,112,52,60,60,Sunny,No,3.9
2025-02-09,Sunday,Evening,Veg Sandwich,Snacks,177,89,33,56,40,Sunny,No,3.1
2025-10-01,Wednesday,Breakfast,Masala Dosa,Meals,481,136,96,40,60,Cloudy,No,3.6
2025-07-11,Friday,Breakfast,Tea,Drinks,256,95,38,57,15,Cloudy,No,4.7
2025-12-19,Friday,Breakfast,Cold Drink,Drinks,354,117,67,50,30,Rainy,Yes,4.3
2025-04-30,Wednesday,Lunch,Samosa,Snacks,182,88,26,62,20,Cloudy,Yes,4.6
2025-11-29,Saturday,Lunch,Pav Bhaji,Meals,175,85,22,63,70,Cloudy,No,4.7
2025-01-14,Tuesday,Lunch,Veg Thali,Meals,181,91,30,61,90,Rainy,No,3.2
2025-09-19,Friday,Breakfast,Tea,Drinks,587,165,152,13,15,Rainy,Yes,3.8
2025-05-07,Wednesday,Evening,Masala Dosa,Meals,168,88,24,64,60,Sunny,Yes,3.6
2025-02-07,Friday,Breakfast,Coffee,Drinks,392,124,71,53,25,Sunny,No,3.9
2025-09-09,Tuesday,Breakfast,Samosa,Snacks,512,169,168,1,20,Cloudy,No,3.1
2025-06-25,Wednesday,Breakfast,Samosa,Snacks,542,171,171,0,20,Rainy,Yes,4.2
2025-05-02,Friday,Lunch,Veg Sandwich,Snacks,445,134,88,46,40,Rainy,No,4.7
2025-11-14,Friday,Lunch,Pav Bhaji,Meals,201,88,24,64,70,Sunny,Yes,4.3
2025-10-19,Sunday,Evening,Tea,Drinks,544,146,116,30,15,Rainy,No,3.6
2025-03-14,Friday,Breakfast,Veg Sandwich,Snacks,493,144,110,34,40,Cloudy,No,3.6
2025-05-08,Thursday,Lunch,Coffee,Drinks,168,84,20,64,25,Rainy,No,3.3
2025-07-31,Thursday,Breakfast,Cold Drink,Drinks,547,156,131,25,30,Cloudy,Yes,3.2
2025-02-02,Sunday,Evening,Samosa,Snacks,303,116,64,52,20,Cloudy,Yes,4.8
2025-06-09,Monday,Lunch,Veg Thali,Meals,179,89,27,62,90,Sunny,Yes,3.2
2025-05-11,Sunday,Lunch,Veg Thali,Meals,243,102,39,63,90,Sunny,No,4.7
2025-09-13,Saturday,Breakfast,Idli,Breakfast,243,98,36,62,35,Rainy,Yes,3.2
2025-02-24,Monday,Lunch,Cold Drink,Drinks,347,128,78,50,30,Sunny,No,5.0
2025-11-23,Sunday,Evening,Veg Thali,Meals,315,119,72,47,90,Sunny,Yes,4.1
2025-03-05,Wednesday,Evening,Tea,Drinks,372,129,88,41,15,Sunny,No,4.7
2025-01-15,Wednesday,Evening,Idli,Breakfast,435,144,112,32,35,Rainy,Yes,4.5
2025-01-22,Wednesday,Breakfast,Coffee,Drinks,224,98,40,58,25,Sunny,No,4.7
2025-11-27,Thursday,Lunch,Veg Thali,Meals,282,104,44,60,90,Sunny,Yes,4.4
2025-05-08,Thursday,Evening,Samosa,Snacks,493,136,101,35,20,Sunny,Yes,3.8
2025-10-26,Sunday,Breakfast,Masala Dosa,Meals,229,92,30,62,60,Cloudy,Yes,4.6
2025-11-21,Friday,Evening,Pav Bhaji,Meals,597,169,159,10,70,Sunny,Yes,3.6
2025-08-06,Wednesday,Evening,Veg Thali,Meals,468,132,85,47,90,Rainy,No,3.3
2025-06-13,Friday,Breakfast,Coffee,Drinks,393,136,91,45,25,Rainy,No,4.3
2025-08-15,Friday,Breakfast,Tea,Drinks,297,103,44,59,15,Rainy,No,3.2
2025-07-03,Thursday,Lunch,Tea,Drinks,218,96,33,63,15,Cloudy,Yes,4.0
2025-07-05,Saturday,Lunch,Pav Bhaji,Meals,427,161,147,14,70,Rainy,No,3.2
2025-11-22,Saturday,Evening,Idli,Breakfast,538,174,172,2,35,Sunny,Yes,3.9
2025-05-10,Saturday,Lunch,Idli,Breakfast,445,140,105,35,35,Cloudy,No,4.5
2025-02-23,Sunday,Breakfast,Samosa,Snacks,264,95,42,53,20,Sunny,Yes,4.8
2025-04-06,Sunday,Breakfast,Tea,Drinks,201,88,27,61,15,Rainy,No,4.9
2025-10-22,Wednesday,Lunch,Masala Dosa,Meals,580,186,179,7,60,Rainy,Yes,4.6
2025-12-06,Saturday,Evening,Cold Drink,Drinks,475,162,142,20,30,Sunny,Yes,3.9
2025-03-14,Friday,Evening,Cold Drink,Drinks,198,95,33,62,30,Sunny,Yes,4.6
2025-11-09,Sunday,Evening,Cold Drink,Drinks,488,132,81,51,30,Rainy,No,3.7
2025-09-25,Thursday,Lunch,Veg Sandwich,Snacks,290,105,47,58,40,Sunny,Yes,3.8
2025-06-19,Thursday,Evening,Samosa,Snacks,311,122,71,51,20,Sunny,Yes,3.3
2025-05-04,Sunday,Breakfast,Idli,Breakfast,257,106,52,54,35,Cloudy,No,3.7
2025-10-18,Saturday,Evening,Veg Thali,Meals,370,110,52,58,90,Cloudy,Yes,4.0
2025-09-26,Friday,Lunch,Veg Sandwich,Snacks,389,133,93,40,40,Sunny,Yes,3.2
2025-04-05,Saturday,Evening,Idli,Breakfast,499,164,147,17,35,Sunny,No,3.8
2025-03-07,Friday,Lunch,Vada Pav,Snacks,257,109,57,52,25,Sunny,Yes,3.8
2025-03-16,Sunday,Lunch,Vada Pav,Snacks,324,111,51,60,25,Sunny,No,4.5
2025-01-07,Tuesday,Evening,Veg Thali,Meals,173,90,31,59,90,Cloudy,No,4.0
2025-03-08,Saturday,Breakfast,Coffee,Drinks,215,93,36,57,25,Rainy,No,4.2
2025-02-02,Sunday,Lunch,Cold Drink,Drinks,599,185,185,0,30,Cloudy,No,4.9
2025-04-16,Wednesday,Lunch,Veg Sandwich,Snacks,329,134,96,38,40,Sunny,No,3.8
2025-08-22,Friday,Breakfast,Masala Dosa,Meals,597,166,163,3,60,Cloudy,Yes,3.8
2025-09-01,Monday,Breakfast,Cold Drink,Drinks,575,161,139,22,30,Sunny,Yes,4.4
2025-10-22,Wednesday,Evening,Idli,Breakfast,278,110,61,49,35,Rainy,No,3.1
2025-04-06,Sunday,Breakfast,Pav Bhaji,Meals,397,143,104,39,70,Rainy,Yes,4.3
2025-05-20,Tuesday,Evening,Coffee,Drinks,168,81,21,60,25,Rainy,Yes,3.3
2025-03-14,Friday,Evening,Pav Bhaji,Meals,496,142,100,42,70,Sunny,No,3.5
2025-08-31,Sunday,Lunch,Coffee,Drinks,474,159,142,17,25,Cloudy,No,3.6
2025-09-14,Sunday,Evening,Masala Dosa,Meals,344,119,74,45,60,Rainy,Yes,4.1
2025-09-26,Friday,Evening,Veg Sandwich,Snacks,450,123,76,47,40,Sunny,Yes,3.8
2025-05-30,Friday,Evening,Cold Drink,Drinks,541,171,171,0,30,Sunny,No,3.7
2025-03-08,Saturday,Lunch,Masala Dosa,Meals,457,161,144,17,60,Sunny,Yes,3.6
2025-06-14,Saturday,Breakfast,Veg Sandwich,Snacks,538,159,145,14,40,Sunny,Yes,4.6
2025-04-13,Sunday,Evening,Coffee,Drinks,594,176,174,2,25,Cloudy,Yes,4.9
2025-08-31,Sunday,Breakfast,Masala Dosa,Meals,592,185,177,8,60,Sunny,Yes,4.7
2025-06-23,Monday,Evening,Masala Dosa,Meals,472,128,85,43,60,Cloudy,Yes,4.7
2025-03-06,Thursday,Evening,Pav Bhaji,Meals,418,132,86,46,70,Rainy,No,3.4
2025-11-19,Wednesday,Lunch,Veg Sandwich,Snacks,299,111,51,60,40,Rainy,Yes,4.5
2025-12-18,Thursday,Evening,Samosa,Snacks,374,110,61,49,20,Rainy,No,3.1
2025-10-30,Thursday,Lunch,Coffee,Drinks,183,93,33,60,25,Rainy,Yes,4.3
2025-11-25,Tuesday,Evening,Pav Bhaji,Meals,186,88,34,54,70,Sunny,Yes,3.6
2025-10-17,Friday,Lunch,Coffee,Drinks,252,102,49,53,25,Sunny,No,4.6
2025-07-19,Saturday,Evening,Masala Dosa,Meals,425,131,81,50,60,Cloudy,No,3.1
2025-08-22,Friday,Evening,Samosa,Snacks,237,103,43,60,20,Cloudy,No,4.2
2025-08-30,Saturday,Lunch,Pav Bhaji,Meals,585,169,165,4,70,Cloudy,Yes,3.1
2025-03-16,Sunday,Lunch,Veg Sandwich,Snacks,300,112,61,51,40,Rainy,Yes,3.2
2025-07-05,Saturday,Lunch,Vada Pav,Snacks,271,111,59,52,25,Sunny,Yes,3.5
2025-07-25,Friday,Lunch,Vada Pav,Snacks,447,141,100,41,25,Sunny,Yes,4.8
2025-12-15,Monday,Lunch,Coffee,Drinks,594,166,158,8,25,Sunny,No,5.0
2025-02-14,Friday,Breakfast,Veg Sandwich,Snacks,400,126,80,46,40,Cloudy,No,3.1
2025-01-05,Sunday,Breakfast,Pav Bhaji,Meals,464,158,139,19,70,Sunny,Yes,4.3
2025-01-18,Saturday,Evening,Masala Dosa,Meals,447,150,117,33,60,Rainy,Yes,3.8
2025-01-02,Thursday,Breakfast,Veg Sandwich,Snacks,404,134,86,48,40,Rainy,Yes,4.7
2025-07-29,Tuesday,Lunch,Vada Pav,Snacks,522,178,175,3,25,Rainy,No,3.2
2025-11-19,Wednesday,Lunch,Coffee,Drinks,462,165,149,16,25,Rainy,Yes,3.4
2025-03-02,Sunday,Evening,Tea,Drinks,164,83,26,57,15,Sunny,Yes,4.2
2025-12-14,Sunday,Evening,Pav Bhaji,Meals,356,134,89,45,70,Sunny,Yes,4.8
2025-03-29,Saturday,Evening,Samosa,Snacks,329,127,86,41,20,Sunny,Yes,3.0
2025-05-25,Sunday,Breakfast,Vada Pav,Snacks,385,126,78,48,25,Cloudy,Yes,4.1
2025-02-21,Friday,Breakfast,Cold Drink,Drinks,451,127,77,50,30,Sunny,Yes,4.9
2025-05-12,Monday,Breakfast,Vada Pav,Snacks,538,164,146,18,25,Rainy,Yes,4.5
2025-12-15,Monday,Lunch,Cold Drink,Drinks,206,100,46,54,30,Cloudy,Yes,3.5
2025-03-23,Sunday,Lunch,Tea,Drinks,335,121,77,44,15,Rainy,No,3.0
2025-08-06,Wednesday,Breakfast,Samosa,Snacks,502,146,121,25,20,Cloudy,Yes,3.6
2025-12-14,Sunday,Breakfast,Samosa,Snacks,295,118,65,53,20,Sunny,Yes,4.3
2025-03-04,Tuesday,Lunch,Samosa,Snacks,173,94,33,61,20,Rainy,No,3.7
2025-09-15,Monday,Breakfast,Veg Sandwich,Snacks,162,85,30,55,40,Rainy,No,3.3
2025-05-19,Monday,Lunch,Pav Bhaji,Meals,213,105,45,60,70,Cloudy,Yes,4.6
2025-06-20,Friday,Breakfast,Coffee,Drinks,151,77,19,58,25,Rainy,Yes,4.3
2025-11-08,Saturday,Evening,Masala Dosa,Meals,561,148,122,26,60,Sunny,Yes,4.7
2025-12-31,Wednesday,Lunch,Coffee,Drinks,375,126,75,51,25,Sunny,No,5.0
2025-07-01,Tuesday,Evening,Samosa,Snacks,404,121,75,46,20,Sunny,Yes,3.6
2025-10-01,Wednesday,Breakfast,Vada Pav,Snacks,211,98,38,60,25,Cloudy,No,5.0
2025-05-16,Friday,Evening,Idli,Breakfast,466,156,135,21,35,Sunny,Yes,3.9
2025-04-15,Tuesday,Breakfast,Samosa,Snacks,356,116,68,48,20,Sunny,Yes,4.7
2025-02-23,Sunday,Evening,Vada Pav,Snacks,593,163,142,21,25,Sunny,Yes,4.2
2025-12-24,Wednesday,Evening,Veg Sandwich,Snacks,367,110,60,50,40,Rainy,Yes,3.3
2025-10-20,Monday,Lunch,Coffee,Drinks,286,113,51,62,25,Cloudy,No,3.4
2025-10-20,Monday,Breakfast,Samosa,Snacks,373,130,82,48,20,Sunny,Yes,4.1
2025-07-07,Monday,Lunch,Coffee,Drinks,309,120,69,51,25,Rainy,Yes,3.6
2025-09-07,Sunday,Breakfast,Coffee,Drinks,376,120,66,54,25,Sunny,No,4.0
2025-12-20,Saturday,Lunch,Veg Thali,Meals,270,115,66,49,90,Sunny,Yes,3.8
2025-07-17,Thursday,Breakfast,Samosa,Snacks,564,155,133,22,20,Rainy,Yes,4.2
2025-08-04,Monday,Breakfast,Idli,Breakfast,465,139,98,41,35,Sunny,Yes,3.4
2025-11-03,Monday,Breakfast,Tea,Drinks,230,96,34,62,15,Sunny,No,3.0
2025-06-27,Friday,Breakfast,Samosa,Snacks,380,113,62,51,20,Sunny,Yes,4.0
2025-11-11,Tuesday,Lunch,Masala Dosa,Meals,529,160,143,17,60,Sunny,Yes,3.2
2025-12-04,Thursday,Breakfast,Pav Bhaji,Meals,435,145,119,26,70,Rainy,No,3.5
2025-01-31,Friday,Breakfast,Samosa,Snacks,536,168,167,1,20,Cloudy,No,4.0
2025-10-04,Saturday,Evening,Pav Bhaji,Meals,479,129,79,50,70,Rainy,No,4.6
2025-05-29,Thursday,Breakfast,Samosa,Snacks,442,142,111,31,20,Sunny,No,3.4
2025-07-21,Monday,Evening,Cold Drink,Drinks,599,179,175,4,30,Rainy,No,4.4
2025-11-01,Saturday,Lunch,Veg Sandwich,Snacks,197,100,45,55,40,Cloudy,No,3.3
2025-12-05,Friday,Evening,Coffee,Drinks,170,82,23,59,25,Rainy,No,4.8
2025-03-22,Saturday,Breakfast,Veg Sandwich,Snacks,518,150,123,27,40,Cloudy,Yes,4.6
2025-11-02,Sunday,Breakfast,Cold Drink,Drinks,445,129,88,41,30,Cloudy,No,4.5
2025-05-06,Tuesday,Evening,Vada Pav,Snacks,166,83,23,60,25,Sunny,No,4.4
2025-03-25,Tuesday,Evening,Veg Thali,Meals,483,160,141,19,90,Cloudy,Yes,3.4
2025-01-02,Thursday,Evening,Samosa,Snacks,226,99,45,54,20,Rainy,No,3.9
2025-07-17,Thursday,Lunch,Vada Pav,Snacks,176,89,27,62,25,Cloudy,Yes,4.9
2025-05-23,Friday,Lunch,Veg Sandwich,Snacks,572,177,173,4,40,Rainy,No,3.0
2025-02-03,Monday,Lunch,Vada Pav,Snacks,269,118,64,54,25,Rainy,Yes,3.3
2025-12-13,Saturday,Lunch,Pav Bhaji,Meals,320,132,89,43,70,Rainy,No,3.8
2025-12-07,Sunday,Evening,Samosa,Snacks,206,84,22,62,20,Sunny,Yes,3.8
2025-06-14,Saturday,Evening,Pav Bhaji,Meals,327,121,68,53,70,Sunny,Yes,3.0
2025-05-23,Friday,Breakfast,Idli,Breakfast,254,94,38,56,35,Rainy,No,3.9
2025-01-05,Sunday,Lunch,Pav Bhaji,Meals,460,144,112,32,70,Rainy,Yes,4.3
2025-04-01,Tuesday,Lunch,Vada Pav,Snacks,249,101,38,63,25,Rainy,No,3.5
2025-03-19,Wednesday,Evening,Idli,Breakfast,156,76,16,60,35,Sunny,No,3.4
2025-09-26,Friday,Breakfast,Samosa,Snacks,429,137,99,38,20,Cloudy,Yes,4.4
2025-06-25,Wednesday,Lunch,Masala Dosa,Meals,291,125,77,48,60,Rainy,No,4.4
2025-02-09,Sunday,Breakfast,Cold Drink,Drinks,295,114,58,56,30,Sunny,Yes,4.5
2025-07-08,Tuesday,Evening,Cold Drink,Drinks,387,138,103,35,30,Sunny,No,4.9
2025-02-17,Monday,Evening,Masala Dosa,Meals,565,151,120,31,60,Sunny,No,4.5
2025-06-17,Tuesday,Breakfast,Idli,Breakfast,318,124,72,52,35,Sunny,No,4.7
2025-06-06,Friday,Lunch,Veg Sandwich,Snacks,495,177,176,1,40,Cloudy,Yes,4.5
2025-10-06,Monday,Breakfast,Masala Dosa,Meals,250,103,45,58,60,Sunny,No,3.4
2025-12-04,Thursday,Breakfast,Pav Bhaji,Meals,531,149,121,28,70,Rainy,Yes,3.3
2025-11-19,Wednesday,Evening,Cold Drink,Drinks,458,143,110,33,30,Rainy,No,3.1
2025-09-22,Monday,Evening,Veg Sandwich,Snacks,315,102,43,59,40,Rainy,No,3.8
2025-05-21,Wednesday,Lunch,Veg Thali,Meals,218,94,28,66,90,Sunny,No,3.8
2025-07-20,Sunday,Lunch,Coffee,Drinks,169,82,29,53,25,Cloudy,No,3.3
2025-11-17,Monday,Breakfast,Veg Thali,Meals,492,152,128,24,90,Rainy,Yes,3.6
2025-11-19,Wednesday,Lunch,Coffee,Drinks,366,136,95,41,25,Sunny,Yes,4.0
2025-11-05,Wednesday,Evening,Masala Dosa,Meals,411,140,108,32,60,Sunny,No,3.1
2025-05-05,Monday,Breakfast,Masala Dosa,Meals,382,138,101,37,60,Cloudy,Yes,3.2
2025-02-20,Thursday,Evening,Coffee,Drinks,454,124,73,51,25,Rainy,No,3.9
2025-12-12,Friday,Lunch,Masala Dosa,Meals,201,98,40,58,60,Sunny,Yes,4.5
2025-04-27,Sunday,Lunch,Vada Pav,Snacks,570,172,171,1,25,Sunny,No,3.6
2025-10-16,Thursday,Breakfast,Masala Dosa,Meals,226,87,24,63,60,Sunny,Yes,4.6
2025-09-17,Wednesday,Evening,Tea,Drinks,465,144,110,34,15,Rainy,Yes,4.7
2025-08-30,Saturday,Breakfast,Idli,Breakfast,556,169,165,4,35,Cloudy,Yes,3.6
2025-09-11,Thursday,Breakfast,Veg Thali,Meals,195,92,36,56,90,Cloudy,No,4.3
2025-06-29,Sunday,Evening,Masala Dosa,Meals,521,159,138,21,60,Cloudy,Yes,3.4
2025-06-08,Sunday,Breakfast,Pav Bhaji,Meals,263,109,55,54,70,Cloudy,No,3.4
2025-11-24,Monday,Breakfast,Veg Sandwich,Snacks,501,160,143,17,40,Rainy,Yes,4.5
2025-10-26,Sunday,Breakfast,Veg Thali,Meals,331,105,44,61,90,Cloudy,No,4.2
2025-01-14,Tuesday,Lunch,Vada Pav,Snacks,348,137,103,34,25,Cloudy,No,3.6
2025-05-08,Thursday,Evening,Masala Dosa,Meals,464,136,98,38,60,Cloudy,Yes,4.2
2025-02-10,Monday,Lunch,Cold Drink,Drinks,581,179,175,4,30,Sunny,Yes,3.4
2025-03-13,Thursday,Lunch,Masala Dosa,Meals,396,145,112,33,60,Rainy,Yes,3.4
2025-09-28,Sunday,Lunch,Samosa,Snacks,389,139,97,42,20,Sunny,No,4.5
2025-10-08,Wednesday,Breakfast,Pav Bhaji,Meals,419,134,85,49,70,Sunny,No,4.6
2025-03-20,Thursday,Lunch,Pav Bhaji,Meals,156,84,28,56,70,Sunny,No,4.1
2025-07-07,Monday,Lunch,Vada Pav,Snacks,186,97,41,56,25,Sunny,Yes,4.6
2025-06-23,Monday,Lunch,Idli,Breakfast,555,166,154,12,35,Cloudy,Yes,3.6
2025-01-31,Friday,Lunch,Coffee,Drinks,449,154,127,27,25,Rainy,No,3.4
2025-06-24,Tuesday,Breakfast,Vada Pav,Snacks,398,117,68,49,25,Rainy,Yes,3.9
2025-08-11,Monday,Lunch,Pav Bhaji,Meals,170,91,28,63,70,Cloudy,No,3.0
2025-12-01,Monday,Breakfast,Veg Sandwich,Snacks,366,131,90,41,40,Rainy,No,3.3
2025-03-22,Saturday,Breakfast,Veg Thali,Meals,219,88,25,63,90,Sunny,No,3.9
2025-01-05,Sunday,Lunch,Vada Pav,Snacks,417,129,78,51,25,Cloudy,No,3.4
2025-09-05,Friday,Breakfast,Veg Thali,Meals,322,105,41,64,90,Sunny,Yes,4.7
2025-09-28,Sunday,Lunch,Cold Drink,Drinks,498,148,120,28,30,Cloudy,No,3.5
2025-07-16,Wednesday,Evening,Veg Thali,Meals,291,103,40,63,90,Rainy,No,3.0
2025-10-29,Wednesday,Breakfast,Vada Pav,Snacks,163,81,20,61,25,Rainy,No,4.8
2025-04-20,Sunday,Evening,Pav Bhaji,Meals,402,142,111,31,70,Sunny,No,3.8
2025-01-07,Tuesday,Evening,Idli,Breakfast,238,99,38,61,35,Cloudy,No,4.1
2025-03-31,Monday,Evening,Veg Thali,Meals,416,125,76,49,90,Sunny,No,4.0
2025-01-05,Sunday,Breakfast,Coffee,Drinks,330,115,59,56,25,Sunny,Yes,3.6
2025-06-28,Saturday,Breakfast,Masala Dosa,Meals,480,159,146,13,60,Sunny,No,4.4
2025-09-21,Sunday,Breakfast,Pav Bhaji,Meals,384,124,80,44,70,Sunny,No,3.0
2025-11-08,Saturday,Evening,Tea,Drinks,436,126,72,54,15,Sunny,Yes,3.4
2025-01-11,Saturday,Evening,Samosa,Snacks,509,160,146,14,20,Rainy,No,3.6
2025-07-27,Sunday,Lunch,Idli,Breakfast,320,131,88,43,35,Cloudy,No,4.1
2025-09-14,Sunday,Lunch,Veg Sandwich,Snacks,250,98,44,54,40,Cloudy,Yes,4.1
2025-01-14,Tuesday,Lunch,Samosa,Snacks,434,149,122,27,20,Sunny,No,4.5
2025-01-09,Thursday,Evening,Veg Thali,Meals,364,131,88,43,90,Sunny,Yes,4.0
2025-10-09,Thursday,Lunch,Masala Dosa,Meals,221,97,37,60,60,Sunny,Yes,3.5
2025-06-01,Sunday,Breakfast,Idli,Breakfast,514,166,151,15,35,Cloudy,No,4.3
2025-03-07,Friday,Breakfast,Cold Drink,Drinks,198,89,25,64,30,Cloudy,No,4.4
2025-11-27,Thursday,Evening,Idli,Breakfast,332,112,54,58,35,Cloudy,No,4.6
2025-09-28,Sunday,Breakfast,Pav Bhaji,Meals,165,85,23,62,70,Cloudy,No,3.1
2025-10-22,Wednesday,Breakfast,Coffee,Drinks,477,136,98,38,25,Cloudy,No,4.0
2025-03-09,Sunday,Evening,Veg Sandwich,Snacks,245,92,27,65,40,Sunny,Yes,3.5
2025-08-20,Wednesday,Evening,Veg Sandwich,Snacks,486,152,129,23,40,Sunny,Yes,4.4
2025-09-26,Friday,Evening,Cold Drink,Drinks,461,152,129,23,30,Rainy,No,3.4
2025-12-12,Friday,Evening,Tea,Drinks,165,78,18,60,15,Sunny,No,4.7
2025-02-28,Friday,Breakfast,Cold Drink,Drinks,297,116,62,54,30,Sunny,Yes,4.5
2025-12-04,Thursday,Evening,Coffee,Drinks,392,123,69,54,25,Rainy,No,3.5
2025-07-21,Monday,Breakfast,Coffee,Drinks,390,134,87,47,25,Sunny,No,3.2
2025-10-07,Tuesday,Lunch,Coffee,Drinks,232,107,48,59,25,Sunny,Yes,4.4
2025-04-25,Friday,Lunch,Idli,Breakfast,195,100,37,63,35,Cloudy,No,4.5
2025-10-11,Saturday,Breakfast,Cold Drink,Drinks,373,126,73,53,30,Rainy,Yes,4.0
2025-10-21,Tuesday,Evening,Samosa,Snacks,392,123,69,54,20,Cloudy,No,4.4
2025-06-13,Friday,Evening,Masala Dosa,Meals,403,123,67,56,60,Sunny,Yes,4.8
2025-03-30,Sunday,Evening,Masala Dosa,Meals,262,103,43,60,60,Cloudy,Yes,4.9
2025-02-05,Wednesday,Lunch,Idli,Breakfast,214,100,38,62,35,Cloudy,No,4.9
2025-11-01,Saturday,Breakfast,Samosa,Snacks,493,154,132,22,20,Sunny,No,3.0
2025-05-05,Monday,Lunch,Pav Bhaji,Meals,380,136,97,39,70,Sunny,No,4.0
2025-10-30,Thursday,Evening,Masala Dosa,Meals,186,81,16,65,60,Rainy,Yes,4.1
2025-06-30,Monday,Lunch,Veg Sandwich,Snacks,341,121,70,51,40,Cloudy,No,4.7
2025-04-23,Wednesday,Evening,Samosa,Snacks,505,150,119,31,20,Cloudy,Yes,4.0
2025-11-04,Tuesday,Breakfast,Coffee,Drinks,463,130,83,47,25,Sunny,Yes,3.4
2025-09-05,Friday,Breakfast,Tea,Drinks,224,98,44,54,15,Sunny,Yes,3.9
2025-03-19,Wednesday,Evening,Veg Sandwich,Snacks,509,147,115,32,40,Cloudy,Yes,4.6
2025-11-05,Wednesday,Breakfast,Samosa,Snacks,600,183,183,0,20,Rainy,No,3.7
2025-12-27,Saturday,Evening,Samosa,Snacks,416,129,85,44,20,Cloudy,Yes,3.7
2025-07-19,Saturday,Breakfast,Idli,Breakfast,285,102,39,63,35,Rainy,No,3.5
2025-05-30,Friday,Evening,Veg Sandwich,Snacks,452,128,87,41,40,Sunny,No,4.5
2025-03-22,Saturday,Lunch,Masala Dosa,Meals,598,175,169,6,60,Cloudy,No,3.0
2025-02-27,Thursday,Breakfast,Pav Bhaji,Meals,307,100,44,56,70,Cloudy,No,3.5
2025-08-21,Thursday,Lunch,Vada Pav,Snacks,432,141,109,32,25,Cloudy,No,3.9
2025-10-03,Friday,Breakfast,Coffee,Drinks,249,103,50,53,25,Cloudy,No,4.8
2025-03-05,Wednesday,Breakfast,Coffee,Drinks,203,89,27,62,25,Cloudy,Yes,3.6
2025-01-20,Monday,Breakfast,Tea,Drinks,305,102,38,64,15,Cloudy,Yes,3.5
2025-07-31,Thursday,Evening,Veg Thali,Meals,554,146,114,32,90,Sunny,Yes,3.8
2025-09-07,Sunday,Evening,Tea,Drinks,352,120,74,46,15,Cloudy,No,3.4
2025-04-27,Sunday,Lunch,Veg Thali,Meals,387,144,106,38,90,Cloudy,No,3.8
2025-12-24,Wednesday,Evening,Tea,Drinks,358,120,68,52,15,Rainy,Yes,3.2
2025-01-03,Friday,Lunch,Pav Bhaji,Meals,468,164,152,12,70,Cloudy,No,4.7
2025-11-25,Tuesday,Lunch,Veg Sandwich,Snacks,279,121,64,57,40,Rainy,No,3.8
2025-11-26,Wednesday,Evening,Vada Pav,Snacks,328,105,51,54,25,Sunny,Yes,3.7
2025-06-25,Wednesday,Breakfast,Idli,Breakfast,590,175,167,8,35,Sunny,No,4.3
2025-07-27,Sunday,Breakfast,Veg Thali,Meals,498,159,138,21,90,Rainy,Yes,3.9
2025-08-29,Friday,Evening,Masala Dosa,Meals,251,101,48,53,60,Rainy,Yes,4.5
2025-03-19,Wednesday,Evening,Coffee,Drinks,436,142,106,36,25,Cloudy,Yes,3.4
2025-12-13,Saturday,Breakfast,Veg Thali,Meals,195,92,26,66,90,Sunny,No,3.4
2025-11-07,Friday,Lunch,Cold Drink,Drinks,583,172,164,8,30,Cloudy,Yes,3.4
2025-02-04,Tuesday,Breakfast,Idli,Breakfast,162,87,24,63,35,Cloudy,No,4.7
2025-10-06,Monday,Lunch,Vada Pav,Snacks,496,177,177,0,25,Sunny,No,4.9
2025-08-26,Tuesday,Lunch,Samosa,Snacks,209,97,35,62,20,Cloudy,No,4.2
2025-12-08,Monday,Lunch,Masala Dosa,Meals,409,126,73,53,60,Cloudy,Yes,3.1
2025-02-01,Saturday,Lunch,Vada Pav,Snacks,196,87,27,60,25,Sunny,No,3.8
2025-07-31,Thursday,Lunch,Cold Drink,Drinks,343,130,84,46,30,Rainy,Yes,4.5
2025-07-15,Tuesday,Lunch,Pav Bhaji,Meals,253,106,45,61,70,Sunny,Yes,3.2
2025-08-13,Wednesday,Evening,Veg Thali,Meals,374,138,93,45,90,Cloudy,Yes,3.1
2025-08-16,Saturday,Lunch,Masala Dosa,Meals,480,148,117,31,60,Cloudy,Yes,3.5
2025-05-19,Monday,Lunch,Samosa,Snacks,234,102,50,52,20,Cloudy,No,4.1
2025-10-10,Friday,Breakfast,Vada Pav,Snacks,384,130,91,39,25,Sunny,Yes,4.4
2025-06-19,Thursday,Breakfast,Pav Bhaji,Meals,186,93,35,58,70,Sunny,Yes,3.9
2025-07-03,Thursday,Lunch,Veg Thali,Meals,532,184,175,9,90,Cloudy,No,3.0
2025-09-01,Monday,Lunch,Cold Drink,Drinks,385,150,128,22,30,Sunny,Yes,4.5
2025-01-10,Friday,Evening,Coffee,Drinks,166,78,13,65,25,Sunny,No,3.8
2025-10-03,Friday,Lunch,Samosa,Snacks,168,88,21,67,20,Sunny,Yes,3.2
2025-04-10,Thursday,Lunch,Vada Pav,Snacks,592,163,153,10,25,Cloudy,Yes,3.7
2025-01-20,Monday,Evening,Cold Drink,Drinks,358,110,54,56,30,Sunny,No,3.3
2025-10-06,Monday,Lunch,Samosa,Snacks,564,166,154,12,20,Rainy,No,3.8
2025-01-15,Wednesday,Evening,Pav Bhaji,Meals,403,123,76,47,70,Rainy,Yes,4.5
2025-10-05,Sunday,Breakfast,Idli,Breakfast,315,117,63,54,35,Cloudy,No,3.4
2025-11-07,Friday,Breakfast,Masala Dosa,Meals,317,118,60,58,60,Cloudy,Yes,4.2
2025-02-12,Wednesday,Lunch,Cold Drink,Drinks,355,131,88,43,30,Sunny,Yes,4.8
2025-08-26,Tuesday,Evening,Tea,Drinks,466,140,102,38,15,Rainy,No,4.4
2025-10-19,Sunday,Lunch,Coffee,Drinks,509,171,171,0,25,Sunny,No,4.7
2025-07-05,Saturday,Lunch,Cold Drink,Drinks,416,151,126,25,30,Sunny,No,4.3
2025-07-28,Monday,Lunch,Pav Bhaji,Meals,223,106,45,61,70,Sunny,No,5.0
2025-11-24,Monday,Evening,Veg Thali,Meals,419,141,111,30,90,Cloudy,No,4.8
2025-09-24,Wednesday,Breakfast,Samosa,Snacks,176,87,28,59,20,Cloudy,Yes,3.6
2025-03-13,Thursday,Evening,Tea,Drinks,305,103,50,53,15,Sunny,Yes,4.8
2025-07-07,Monday,Evening,Masala Dosa,Meals,314,116,68,48,60,Rainy,No,4.1
2025-01-11,Saturday,Evening,Cold Drink,Drinks,264,100,37,63,30,Cloudy,Yes,4.5
2025-08-18,Monday,Breakfast,Cold Drink,Drinks,242,106,43,63,30,Cloudy,No,3.9
2025-12-22,Monday,Lunch,Veg Sandwich,Snacks,353,142,109,33,40,Sunny,No,3.2
2025-12-10,Wednesday,Lunch,Idli,Breakfast,235,95,40,55,35,Cloudy,Yes,4.1
2025-02-01,Saturday,Evening,Pav Bhaji,Meals,373,132,92,40,70,Rainy,Yes,4.1
2025-05-02,Friday,Evening,Vada Pav,Snacks,275,103,50,53,25,Sunny,Yes,4.8
2025-07-24,Thursday,Evening,Pav Bhaji,Meals,501,134,94,40,70,Cloudy,Yes,5.0
2025-09-02,Tuesday,Breakfast,Samosa,Snacks,185,80,25,55,20,Sunny,Yes,3.3
2025-08-26,Tuesday,Breakfast,Vada Pav,Snacks,208,98,40,58,25,Cloudy,Yes,3.6
2025-12-13,Saturday,Evening,Samosa,Snacks,466,160,145,15,20,Rainy,Yes,3.3
2025-08-19,Tuesday,Breakfast,Masala Dosa,Meals,292,109,49,60,60,Sunny,No,3.6
2025-08-12,Tuesday,Evening,Vada Pav,Snacks,277,111,62,49,25,Sunny,No,3.9
2025-05-12,Monday,Breakfast,Idli,Breakfast,522,173,170,3,35,Rainy,No,4.6
2025-10-30,Thursday,Breakfast,Coffee,Drinks,291,106,45,61,25,Sunny,No,4.0
2025-11-18,Tuesday,Evening,Samosa,Snacks,239,89,35,54,20,Sunny,Yes,3.4
2025-08-30,Saturday,Breakfast,Tea,Drinks,160,76,12,64,15,Rainy,Yes,3.9
2025-05-06,Tuesday,Evening,Masala Dosa,Meals,349,112,54,58,60,Sunny,Yes,3.4
2025-02-16,Sunday,Evening,Idli,Breakfast,281,109,56,53,35,Cloudy,No,4.9
2025-06-29,Sunday,Breakfast,Pav Bhaji,Meals,230,97,38,59,70,Sunny,No,3.3
2025-01-11,Saturday,Lunch,Coffee,Drinks,514,151,131,20,25,Sunny,Yes,4.4
2025-04-23,Wednesday,Lunch,Veg Sandwich,Snacks,446,137,94,43,40,Sunny,Yes,4.9
2025-06-09,Monday,Lunch,Masala Dosa,Meals,459,147,122,25,60,Sunny,Yes,3.5
2025-10-23,Thursday,Lunch,Cold Drink,Drinks,264,115,61,54,30,Sunny,Yes,3.7
2025-11-11,Tuesday,Breakfast,Samosa,Snacks,239,97,42,55,20,Rainy,Yes,4.6
2025-11-10,Monday,Breakfast,Tea,Drinks,303,104,53,51,15,Cloudy,Yes,4.4
2025-01-30,Thursday,Lunch,Coffee,Drinks,550,180,174,6,25,Rainy,Yes,3.6
2025-10-14,Tuesday,Evening,Veg Sandwich,Snacks,345,115,61,54,40,Rainy,Yes,3.1
2025-02-27,Thursday,Evening,Coffee,Drinks,580,150,121,29,25,Cloudy,No,4.0
2025-04-19,Saturday,Lunch,Veg Sandwich,Snacks,372,133,90,43,40,Rainy,No,4.5
2025-06-23,Monday,Evening,Masala Dosa,Meals,430,137,102,35,60,Cloudy,No,4.0
2025-01-29,Wednesday,Lunch,Masala Dosa,Meals,572,184,177,7,60,Rainy,No,3.2
2025-01-09,Thursday,Evening,Cold Drink,Drinks,464,129,85,44,30,Rainy,Yes,4.0
2025-04-13,Sunday,Evening,Coffee,Drinks,445,130,89,41,25,Rainy,No,3.6
2025-12-15,Monday,Evening,Veg Sandwich,Snacks,318,113,59,54,40,Cloudy,No,3.4
2025-07-03,Thursday,Breakfast,Tea,Drinks,380,121,66,55,15,Cloudy,No,4.2
2025-12-14,Sunday,Evening,Cold Drink,Drinks,153,82,16,66,30,Cloudy,Yes,4.6
2025-07-23,Wednesday,Breakfast,Veg Sandwich,Snacks,566,168,164,4,40,Sunny,No,4.9
2025-06-20,Friday,Breakfast,Veg Sandwich,Snacks,161,76,19,57,40,Sunny,No,4.6
2025-10-13,Monday,Evening,Coffee,Drinks,236,103,41,62,25,Cloudy,No,3.9
2025-08-02,Saturday,Lunch,Pav Bhaji,Meals,559,169,160,9,70,Sunny,Yes,4.8
2025-06-20,Friday,Lunch,Samosa,Snacks,339,119,68,51,20,Cloudy,Yes,3.5
2025-05-09,Friday,Lunch,Veg Thali,Meals,226,101,37,64,90,Rainy,No,4.2
2025-10-25,Saturday,Evening,Pav Bhaji,Meals,464,140,101,39,70,Cloudy,No,3.2
2025-09-30,Tuesday,Lunch,Tea,Drinks,498,151,128,23,15,Cloudy,No,3.2
2025-07-22,Tuesday,Breakfast,Masala Dosa,Meals,244,101,45,56,60,Rainy,No,4.0
2025-11-10,Monday,Lunch,Samosa,Snacks,505,160,140,20,20,Cloudy,Yes,4.4
2025-07-02,Wednesday,Breakfast,Cold Drink,Drinks,432,142,107,35,30,Sunny,Yes,3.3
2025-04-20,Sunday,Breakfast,Veg Thali,Meals,248,102,39,63,90,Rainy,Yes,3.7
2025-01-21,Tuesday,Breakfast,Vada Pav,Snacks,547,150,125,25,25,Rainy,Yes,3.8
2025-12-22,Monday,Evening,Veg Sandwich,Snacks,427,147,112,35,40,Cloudy,Yes,3.5
2025-09-11,Thursday,Evening,Veg Sandwich,Snacks,450,152,128,24,40,Rainy,No,4.5
2025-11-29,Saturday,Breakfast,Tea,Drinks,186,83,27,56,15,Cloudy,Yes,3.3
2025-03-04,Tuesday,Lunch,Cold Drink,Drinks,423,143,103,40,30,Rainy,Yes,3.8
2025-07-26,Saturday,Evening,Cold Drink,Drinks,393,118,62,56,30,Cloudy,Yes,4.8
2025-04-27,Sunday,Evening,Veg Thali,Meals,305,101,43,58,90,Cloudy,No,4.1
2025-06-12,Thursday,Lunch,Idli,Breakfast,522,179,179,0,35,Cloudy,No,4.9
2025-02-12,Wednesday,Lunch,Veg Sandwich,Snacks,300,120,66,54,40,Rainy,No,4.3
2025-02-06,Thursday,Lunch,Masala Dosa,Meals,347,123,68,55,60,Sunny,No,4.4
2025-11-25,Tuesday,Evening,Masala Dosa,Meals,187,81,25,56,60,Sunny,Yes,4.1
2025-12-25,Thursday,Lunch,Coffee,Drinks,563,190,182,8,25,Sunny,No,4.8
2025-07-21,Monday,Breakfast,Veg Sandwich,Snacks,179,84,25,59,40,Cloudy,Yes,4.9
2025-09-20,Saturday,Evening,Pav Bhaji,Meals,186,94,28,66,70,Cloudy,No,4.3
2025-08-06,Wednesday,Lunch,Veg Sandwich,Snacks,599,187,187,0,40,Sunny,No,4.9
2025-05-28,Wednesday,Lunch,Pav Bhaji,Meals,202,95,31,64,70,Rainy,Yes,5.0
2025-03-13,Thursday,Evening,Veg Thali,Meals,556,144,110,34,90,Sunny,Yes,4.9
2025-08-10,Sunday,Lunch,Idli,Breakfast,393,139,97,42,35,Sunny,No,4.6
2025-06-11,Wednesday,Evening,Pav Bhaji,Meals,403,134,97,37,70,Cloudy,No,4.9
2025-04-23,Wednesday,Breakfast,Coffee,Drinks,330,109,51,58,25,Rainy,Yes,4.6
2025-04-06,Sunday,Breakfast,Cold Drink,Drinks,422,122,74,48,30,Sunny,No,3.5
2025-08-13,Wednesday,Lunch,Tea,Drinks,437,156,137,19,15,Rainy,Yes,4.6
2025-06-08,Sunday,Evening,Coffee,Drinks,358,120,68,52,25,Rainy,Yes,3.9
2025-10-20,Monday,Lunch,Pav Bhaji,Meals,581,167,156,11,70,Rainy,Yes,4.5
2025-08-03,Sunday,Breakfast,Tea,Drinks,405,144,105,39,15,Rainy,No,3.4
2025-08-11,Monday,Breakfast,Tea,Drinks,225,100,44,56,15,Rainy,No,3.6
2025-05-17,Saturday,Lunch,Vada Pav,Snacks,553,166,154,12,25,Cloudy,Yes,4.3
2025-07-19,Saturday,Evening,Idli,Breakfast,449,133,84,49,35,Rainy,No,4.2
2025-09-28,Sunday,Evening,Masala Dosa,Meals,495,145,118,27,60,Sunny,Yes,3.4
2025-10-17,Friday,Lunch,Veg Sandwich,Snacks,184,91,30,61,40,Cloudy,No,4.9
2025-10-23,Thursday,Evening,Coffee,Drinks,403,132,92,40,25,Rainy,Yes,3.5
2025-11-15,Saturday,Lunch,Idli,Breakfast,351,116,66,50,35,Sunny,No,4.8
2025-08-21,Thursday,Lunch,Veg Thali,Meals,193,87,23,64,90,Rainy,No,4.8
2025-05-10,Saturday,Breakfast,Pav Bhaji,Meals,584,150,124,26,70,Sunny,No,3.4
2025-03-31,Monday,Breakfast,Coffee,Drinks,357,113,62,51,25,Rainy,No,3.1
2025-08-21,Thursday,Breakfast,Samosa,Snacks,411,127,83,44,20,Cloudy,No,3.4
2025-12-03,Wednesday,Lunch,Samosa,Snacks,573,177,177,0,20,Cloudy,Yes,3.5
2025-10-17,Friday,Breakfast,Idli,Breakfast,292,101,47,54,35,Cloudy,Yes,4.9
2025-02-21,Friday,Evening,Veg Sandwich,Snacks,331,125,70,55,40,Cloudy,No,3.1
2025-08-01,Friday,Evening,Cold Drink,Drinks,398,133,95,38,30,Sunny,Yes,4.1
2025-12-01,Monday,Breakfast,Veg Sandwich,Snacks,567,169,159,10,40,Cloudy,No,4.8
2025-05-13,Tuesday,Breakfast,Idli,Breakfast,381,133,96,37,35,Cloudy,Yes,3.3
2025-02-13,Thursday,Evening,Vada Pav,Snacks,532,173,173,0,25,Rainy,Yes,4.6
2025-05-06,Tuesday,Breakfast,Veg Sandwich,Snacks,524,164,152,12,40,Rainy,No,4.8
2025-07-11,Friday,Lunch,Veg Sandwich,Snacks,375,135,100,35,40,Cloudy,No,5.0
2025-02-07,Friday,Lunch,Cold Drink,Drinks,227,96,43,53,30,Sunny,No,4.0
2025-03-11,Tuesday,Lunch,Coffee,Drinks,261,113,56,57,25,Sunny,No,4.4
2025-03-28,Friday,Evening,Coffee,Drinks,424,124,77,47,25,Rainy,No,4.4
2025-08-29,Friday,Breakfast,Veg Thali,Meals,220,94,29,65,90,Cloudy,No,3.5
2025-12-22,Monday,Lunch,Pav Bhaji,Meals,576,181,181,0,70,Sunny,No,4.4
2025-10-20,Monday,Evening,Pav Bhaji,Meals,259,109,53,56,70,Sunny,No,3.1
2025-11-09,Sunday,Evening,Veg Thali,Meals,431,130,90,40,90,Rainy,No,3.5
2025-09-05,Friday,Evening,Masala Dosa,Meals,242,95,42,53,60,Rainy,No,4.1
2025-12-12,Friday,Evening,Masala Dosa,Meals,223,96,38,58,60,Sunny,Yes,3.2
2025-01-19,Sunday,Evening,Vada Pav,Snacks,223,95,29,66,25,Rainy,Yes,3.4
2025-05-12,Monday,Evening,Coffee,Drinks,384,118,66,52,25,Cloudy,Yes,4.6
2025-04-29,Tuesday,Lunch,Cold Drink,Drinks,432,139,94,45,30,Cloudy,No,4.3
2025-07-29,Tuesday,Lunch,Cold Drink,Drinks,198,98,43,55,30,Sunny,Yes,4.4
2025-12-27,Saturday,Evening,Samosa,Snacks,463,152,125,27,20,Cloudy,No,4.3
2025-08-20,Wednesday,Lunch,Cold Drink,Drinks,529,163,148,15,30,Sunny,Yes,3.5
2025-09-22,Monday,Evening,Vada Pav,Snacks,411,130,84,46,25,Sunny,Yes,4.9
2025-11-20,Thursday,Evening,Coffee,Drinks,405,122,74,48,25,Cloudy,No,4.6
2025-04-03,Thursday,Evening,Cold Drink,Drinks,310,119,61,58,30,Sunny,No,4.3
2025-04-19,Saturday,Lunch,Cold Drink,Drinks,195,97,35,62,30,Rainy,Yes,4.7
2025-04-29,Tuesday,Lunch,Masala Dosa,Meals,222,93,32,61,60,Rainy,Yes,4.6
2025-07-12,Saturday,Breakfast,Vada Pav,Snacks,187,90,34,56,25,Cloudy,Yes,3.4
2025-12-01,Monday,Evening,Tea,Drinks,496,134,94,40,15,Cloudy,Yes,3.5
2025-03-03,Monday,Evening,Idli,Breakfast,597,175,175,0,35,Cloudy,Yes,4.3
2025-12-14,Sunday,Breakfast,Samosa,Snacks,422,145,105,40,20,Cloudy,Yes,3.4
2025-04-19,Saturday,Breakfast,Pav Bhaji,Meals,473,130,89,41,70,Rainy,Yes,4.5
2025-10-07,Tuesday,Breakfast,Idli,Breakfast,360,116,66,50,35,Sunny,Yes,3.3
2025-02-27,Thursday,Evening,Veg Thali,Meals,530,165,156,9,90,Sunny,No,3.9
2025-04-25,Friday,Breakfast,Idli,Breakfast,416,127,75,52,35,Sunny,No,4.0
2025-04-07,Monday,Evening,Veg Sandwich,Snacks,202,91,37,54,40,Cloudy,No,3.7
2025-04-10,Thursday,Breakfast,Veg Thali,Meals,576,175,175,0,90,Cloudy,No,3.7
2025-08-10,Sunday,Breakfast,Tea,Drinks,317,119,65,54,15,Cloudy,Yes,4.3
2025-11-04,Tuesday,Evening,Pav Bhaji,Meals,500,148,118,30,70,Sunny,Yes,3.4
2025-10-17,Friday,Lunch,Vada Pav,Snacks,226,96,40,56,25,Rainy,Yes,3.6
2025-07-31,Thursday,Lunch,Samosa,Snacks,426,143,111,32,20,Cloudy,No,3.9
2025-03-13,Thursday,Lunch,Veg Thali,Meals,274,109,56,53,90,Sunny,No,4.3
2025-12-27,Saturday,Lunch,Coffee,Drinks,584,187,178,9,25,Rainy,No,3.2
2025-09-23,Tuesday,Evening,Veg Thali,Meals,387,139,103,36,90,Rainy,No,4.2
2025-07-07,Monday,Breakfast,Pav Bhaji,Meals,442,136,90,46,70,Cloudy,Yes,3.3
2025-01-28,Tuesday,Evening,Veg Thali,Meals,493,143,103,40,90,Cloudy,No,4.8
2025-12-12,Friday,Lunch,Tea,Drinks,239,108,46,62,15,Sunny,No,4.1
2025-04-07,Monday,Evening,Cold Drink,Drinks,420,138,95,43,30,Sunny,No,3.9
2025-01-31,Friday,Lunch,Pav Bhaji,Meals,479,153,130,23,70,Rainy,Yes,3.8
2025-01-19,Sunday,Breakfast,Coffee,Drinks,311,116,65,51,25,Sunny,No,3.9
2025-03-16,Sunday,Breakfast,Samosa,Snacks,383,124,75,49,20,Rainy,Yes,3.9
2025-06-05,Thursday,Evening,Samosa,Snacks,411,117,67,50,20,Rainy,Yes,3.1
2025-04-14,Monday,Evening,Tea,Drinks,407,142,106,36,15,Cloudy,Yes,4.8
2025-05-04,Sunday,Breakfast,Tea,Drinks,191,94,33,61,15,Rainy,Yes,3.7
2025-11-02,Sunday,Evening,Tea,Drinks,336,116,64,52,15,Cloudy,Yes,4.0
2025-10-10,Friday,Breakfast,Cold Drink,Drinks,554,170,170,0,30,Cloudy,Yes,3.9
2025-04-05,Saturday,Evening,Masala Dosa,Meals,410,128,87,41,60,Sunny,Yes,4.0
2025-11-01,Saturday,Lunch,Tea,Drinks,185,91,31,60,15,Rainy,No,3.2
2025-07-28,Monday,Lunch,Samosa,Snacks,415,156,127,29,20,Sunny,No,3.5
2025-12-05,Friday,Evening,Idli,Breakfast,446,142,102,40,35,Sunny,Yes,3.9
2025-04-13,Sunday,Breakfast,Vada Pav,Snacks,415,136,97,39,25,Sunny,Yes,4.6
2025-01-03,Friday,Breakfast,Masala Dosa,Meals,540,143,115,28,60,Cloudy,No,3.1
2025-10-17,Friday,Lunch,Coffee,Drinks,275,109,51,58,25,Rainy,No,3.1
2025-08-09,Saturday,Lunch,Masala Dosa,Meals,377,148,114,34,60,Cloudy,No,4.7
2025-03-30,Sunday,Lunch,Veg Thali,Meals,467,147,118,29,90,Rainy,Yes,3.5
2025-08-15,Friday,Evening,Pav Bhaji,Meals,569,180,171,9,70,Sunny,No,4.1
2025-11-17,Monday,Breakfast,Masala Dosa,Meals,572,181,176,5,60,Cloudy,Yes,3.9
2025-09-08,Monday,Breakfast,Pav Bhaji,Meals,188,92,26,66,70,Sunny,Yes,3.5
2025-03-28,Friday,Lunch,Cold Drink,Drinks,463,149,118,31,30,Sunny,Yes,4.8
2025-08-18,Monday,Lunch,Pav Bhaji,Meals,339,124,80,44,70,Cloudy,No,3.5
2025-06-05,Thursday,Breakfast,Cold Drink,Drinks,193,88,30,58,30,Rainy,Yes,4.6
2025-05-21,Wednesday,Evening,Cold Drink,Drinks,230,93,31,62,30,Cloudy,No,4.8
2025-08-20,Wednesday,Evening,Vada Pav,Snacks,584,174,174,0,25,Sunny,No,3.1
2025-10-30,Thursday,Breakfast,Veg Thali,Meals,484,141,103,38,90,Cloudy,No,4.0
2025-11-12,Wednesday,Evening,Tea,Drinks,255,93,38,55,15,Sunny,No,3.1
2025-04-13,Sunday,Lunch,Samosa,Snacks,594,205,202,3,20,Cloudy,Yes,4.8
2025-08-02,Saturday,Lunch,Veg Sandwich,Snacks,420,130,90,40,40,Sunny,No,4.4
2025-08-13,Wednesday,Lunch,Samosa,Snacks,261,104,48,56,20,Cloudy,Yes,4.9
2025-08-08,Friday,Evening,Veg Thali,Meals,318,109,50,59,90,Sunny,No,3.3
2025-11-21,Friday,Evening,Coffee,Drinks,218,95,36,59,25,Cloudy,No,3.7
2025-04-14,Monday,Evening,Cold Drink,Drinks,379,130,79,51,30,Rainy,Yes,3.6
2025-09-23,Tuesday,Breakfast,Idli,Breakfast,235,98,46,52,35,Sunny,No,4.6
2025-07-07,Monday,Evening,Idli,Breakfast,524,156,137,19,35,Rainy,No,3.6
2025-07-14,Monday,Lunch,Veg Sandwich,Snacks,211,95,37,58,40,Sunny,No,4.9
2025-07-24,Thursday,Lunch,Samosa,Snacks,191,89,27,62,20,Cloudy,Yes,3.7
2025-02-22,Saturday,Evening,Veg Sandwich,Snacks,494,145,115,30,40,Rainy,Yes,3.1
2025-08-05,Tuesday,Evening,Coffee,Drinks,395,133,86,47,25,Rainy,Yes,4.9
2025-01-10,Friday,Breakfast,Cold Drink,Drinks,556,162,141,21,30,Cloudy,Yes,4.8
2025-08-06,Wednesday,Breakfast,Idli,Breakfast,458,142,112,30,35,Sunny,No,4.9
2025-05-05,Monday,Lunch,Idli,Breakfast,509,168,163,5,35,Sunny,Yes,4.5
2025-09-13,Saturday,Evening,Cold Drink,Drinks,381,128,87,41,30,Sunny,Yes,3.8
2025-12-09,Tuesday,Breakfast,Idli,Breakfast,206,84,26,58,35,Cloudy,No,3.1
2025-05-19,Monday,Lunch,Vada Pav,Snacks,202,92,36,56,25,Cloudy,Yes,3.1
2025-11-10,Monday,Breakfast,Pav Bhaji,Meals,410,131,80,51,70,Cloudy,Yes,4.8
2025-01-06,Monday,Breakfast,Pav Bhaji,Meals,317,101,37,64,70,Rainy,No,4.5
2025-08-19,Tuesday,Evening,Idli,Breakfast,156,86,28,58,35,Sunny,No,4.2
2025-05-15,Thursday,Breakfast,Masala Dosa,Meals,217,96,42,54,60,Cloudy,No,3.4
2025-04-11,Friday,Lunch,Idli,Breakfast,237,97,43,54,35,Rainy,Yes,3.2
2025-03-30,Sunday,Evening,Veg Thali,Meals,251,97,41,56,90,Sunny,Yes,4.3
2025-04-14,Monday,Breakfast,Veg Sandwich,Snacks,261,97,33,64,40,Cloudy,Yes,5.0
2025-08-05,Tuesday,Evening,Idli,Breakfast,157,86,24,62,35,Cloudy,No,3.6
2025-12-02,Tuesday,Breakfast,Veg Sandwich,Snacks,459,128,75,53,40,Rainy,Yes,4.7
2025-08-16,Saturday,Evening,Cold Drink,Drinks,156,80,20,60,30,Rainy,No,4.0
2025-06-06,Friday,Lunch,Masala Dosa,Meals,251,110,53,57,60,Cloudy,Yes,4.4
2025-08-24,Sunday,Evening,Veg Thali,Meals,262,107,54,53,90,Cloudy,Yes,3.1
2025-12-16,Tuesday,Breakfast,Masala Dosa,Meals,251,107,46,61,60,Rainy,No,3.8
2025-09-04,Thursday,Evening,Pav Bhaji,Meals,162,80,17,63,70,Cloudy,Yes,3.5
2025-07-11,Friday,Breakfast,Samosa,Snacks,352,121,77,44,20,Sunny,No,3.6
2025-07-01,Tuesday,Evening,Coffee,Drinks,470,155,127,28,25,Sunny,No,3.7
2025-05-04,Sunday,Breakfast,Masala Dosa,Meals,286,113,64,49,60,Rainy,Yes,4.7
2025-03-28,Friday,Lunch,Masala Dosa,Meals,245,112,59,53,60,Sunny,No,3.3
2025-08-19,Tuesday,Breakfast,Cold Drink,Drinks,387,118,63,55,30,Sunny,Yes,4.5
2025-01-09,Thursday,Evening,Coffee,Drinks,319,101,38,63,25,Sunny,Yes,4.1
2025-11-06,Thursday,Evening,Veg Thali,Meals,155,79,20,59,90,Rainy,No,4.7
2025-10-13,Monday,Evening,Pav Bhaji,Meals,473,158,137,21,70,Cloudy,No,4.2
2025-12-12,Friday,Evening,Samosa,Snacks,538,145,106,39,20,Cloudy,Yes,3.4
2025-10-31,Friday,Breakfast,Cold Drink,Drinks,299,114,55,59,30,Cloudy,Yes,3.4
2025-05-30,Friday,Evening,Masala Dosa,Meals,261,107,57,50,60,Sunny,Yes,3.5
2025-01-20,Monday,Breakfast,Veg Sandwich,Snacks,298,112,56,56,40,Rainy,Yes,3.0
2025-01-15,Wednesday,Breakfast,Idli,Breakfast,251,101,49,52,35,Rainy,Yes,4.0
2025-11-25,Tuesday,Breakfast,Veg Sandwich,Snacks,236,94,28,66,40,Sunny,No,3.0
2025-12-22,Monday,Breakfast,Pav Bhaji,Meals,332,106,48,58,70,Cloudy,Yes,3.0
2025-12-28,Sunday,Breakfast,Masala Dosa,Meals,567,153,129,24,60,Rainy,Yes,4.0
2025-06-04,Wednesday,Breakfast,Coffee,Drinks,585,160,141,19,25,Sunny,Yes,4.2
2025-03-09,Sunday,Lunch,Tea,Drinks,270,115,62,53,15,Sunny,Yes,3.8
2025-04-28,Monday,Evening,Vada Pav,Snacks,316,116,66,50,25,Sunny,No,3.9
2025-07-17,Thursday,Lunch,Veg Thali,Meals,431,138,101,37,90,Rainy,Yes,3.2
2025-03-16,Sunday,Breakfast,Masala Dosa,Meals,405,134,89,45,60,Cloudy,No,3.1
2025-06-08,Sunday,Breakfast,Samosa,Snacks,578,148,120,28,20,Cloudy,Yes,4.1
2025-08-30,Saturday,Evening,Cold Drink,Drinks,308,105,53,52,30,Sunny,No,3.4
2025-08-25,Monday,Breakfast,Cold Drink,Drinks,450,141,101,40,30,Cloudy,Yes,3.0
2025-10-02,Thursday,Evening,Cold Drink,Drinks,540,154,126,28,30,Rainy,No,4.0
2025-04-04,Friday,Evening,Cold Drink,Drinks,548,141,110,31,30,Cloudy,Yes,3.1
2025-05-27,Tuesday,Evening,Samosa,Snacks,356,126,85,41,20,Cloudy,No,4.8
2025-06-30,Monday,Evening,Tea,Drinks,283,113,55,58,15,Rainy,No,4.7
2025-03-11,Tuesday,Breakfast,Cold Drink,Drinks,387,130,89,41,30,Sunny,Yes,3.1
2025-12-08,Monday,Evening,Cold Drink,Drinks,430,125,73,52,30,Rainy,No,4.3
2025-07-05,Saturday,Evening,Veg Thali,Meals,154,79,21,58,90,Sunny,Yes,4.4
2025-08-06,Wednesday,Evening,Samosa,Snacks,266,97,42,55,20,Cloudy,No,4.9
2025-03-16,Sunday,Breakfast,Veg Thali,Meals,500,160,141,19,90,Cloudy,No,3.7
2025-07-30,Wednesday,Breakfast,Pav Bhaji,Meals,490,134,97,37,70,Cloudy,No,4.8
2025-06-23,Monday,Evening,Pav Bhaji,Meals,585,150,120,30,70,Sunny,No,4.9
2025-10-09,Thursday,Lunch,Coffee,Drinks,454,151,122,29,25,Rainy,Yes,4.2
2025-05-16,Friday,Lunch,Tea,Drinks,200,92,32,60,15,Cloudy,Yes,3.1
2025-12-28,Sunday,Evening,Veg Thali,Meals,298,107,55,52,90,Cloudy,Yes,4.0
2025-01-03,Friday,Evening,Samosa,Snacks,500,132,91,41,20,Sunny,No,4.0
2025-11-23,Sunday,Breakfast,Veg Sandwich,Snacks,521,138,99,39,40,Cloudy,Yes,4.9
2025-09-18,Thursday,Breakfast,Vada Pav,Snacks,547,177,177,0,25,Sunny,Yes,4.5
2025-07-23,Wednesday,Evening,Idli,Breakfast,562,143,110,33,35,Rainy,Yes,4.1
2025-02-20,Thursday,Lunch,Cold Drink,Drinks,303,115,68,47,30,Rainy,No,3.7
2025-02-07,Friday,Evening,Samosa,Snacks,242,106,52,54,20,Cloudy,Yes,3.8
2025-01-31,Friday,Lunch,Idli,Breakfast,192,97,32,65,35,Sunny,Yes,3.9
2025-03-23,Sunday,Evening,Idli,Breakfast,310,113,58,55,35,Sunny,Yes,3.9
2025-03-15,Saturday,Breakfast,Idli,Breakfast,358,119,68,51,35,Cloudy,No,3.8
2025-07-09,Wednesday,Evening,Veg Thali,Meals,500,139,102,37,90,Rainy,No,3.9
2025-11-25,Tuesday,Evening,Cold Drink,Drinks,328,126,84,42,30,Cloudy,No,4.8
2025-09-25,Thursday,Evening,Coffee,Drinks,505,159,134,25,25,Sunny,No,4.1
2025-08-16,Saturday,Breakfast,Tea,Drinks,251,102,50,52,15,Sunny,No,3.9
2025-08-16,Saturday,Breakfast,Tea,Drinks,542,144,110,34,15,Cloudy,Yes,4.5
2025-02-26,Wednesday,Breakfast,Tea,Drinks,183,85,18,67,15,Cloudy,Yes,4.0
2025-07-20,Sunday,Breakfast,Veg Sandwich,Snacks,507,168,162,6,40,Rainy,Yes,3.3
2025-12-31,Wednesday,Breakfast,Coffee,Drinks,307,116,62,54,25,Rainy,No,3.4
2025-05-23,Friday,Breakfast,Masala Dosa,Meals,549,153,132,21,60,Sunny,No,3.2
2025-03-08,Saturday,Breakfast,Samosa,Snacks,296,104,40,64,20,Rainy,Yes,4.6
2025-09-24,Wednesday,Breakfast,Pav Bhaji,Meals,585,177,177,0,70,Cloudy,No,4.6
2025-05-09,Friday,Breakfast,Veg Thali,Meals,261,99,33,66,90,Rainy,Yes,4.1
2025-07-15,Tuesday,Evening,Idli,Breakfast,542,177,173,4,35,Rainy,Yes,3.1
2025-04-09,Wednesday,Lunch,Samosa,Snacks,334,131,89,42,20,Rainy,No,4.6
2025-12-03,Wednesday,Breakfast,Cold Drink,Drinks,246,92,29,63,30,Cloudy,No,3.7
2025-03-11,Tuesday,Lunch,Veg Sandwich,Snacks,364,131,91,40,40,Sunny,No,4.3
2025-05-21,Wednesday,Evening,Coffee,Drinks,352,113,61,52,25,Cloudy,Yes,3.2
2025-11-26,Wednesday,Breakfast,Masala Dosa,Meals,549,146,110,36,60,Sunny,No,3.6
2025-08-24,Sunday,Evening,Coffee,Drinks,450,148,123,25,25,Rainy,Yes,3.2
2025-12-12,Friday,Breakfast,Coffee,Drinks,180,81,20,61,25,Sunny,No,4.7
2025-07-21,Monday,Breakfast,Idli,Breakfast,162,85,32,53,35,Sunny,Yes,3.2
2025-03-29,Saturday,Breakfast,Idli,Breakfast,494,163,145,18,35,Rainy,No,3.9
2025-01-18,Saturday,Evening,Idli,Breakfast,288,104,41,63,35,Sunny,Yes,3.2
2025-11-08,Saturday,Evening,Coffee,Drinks,212,95,34,61,25,Cloudy,No,4.8
2025-07-25,Friday,Evening,Samosa,Snacks,338,115,63,52,20,Cloudy,Yes,4.9
2025-05-20,Tuesday,Evening,Tea,Drinks,475,150,119,31,15,Rainy,No,4.5
2025-07-12,Saturday,Evening,Tea,Drinks,152,85,21,64,15,Rainy,No,4.0
2025-04-27,Sunday,Lunch,Coffee,Drinks,569,180,180,0,25,Cloudy,Yes,3.1
2025-08-29,Friday,Breakfast,Samosa,Snacks,567,181,178,3,20,Rainy,Yes,3.5
2025-05-28,Wednesday,Breakfast,Samosa,Snacks,269,95,31,64,20,Sunny,Yes,4.4
2025-09-08,Monday,Evening,Veg Sandwich,Snacks,373,119,68,51,40,Rainy,No,4.8
2025-09-28,Sunday,Breakfast,Idli,Breakfast,531,147,118,29,35,Rainy,Yes,3.9
2025-02-15,Saturday,Breakfast,Masala Dosa,Meals,170,80,21,59,60,Rainy,Yes,4.2
2025-03-01,Saturday,Lunch,Samosa,Snacks,412,132,88,44,20,Cloudy,Yes,3.8
2025-01-27,Monday,Lunch,Veg Thali,Meals,294,121,75,46,90,Sunny,Yes,4.5
2025-09-04,Thursday,Lunch,Tea,Drinks,581,171,161,10,15,Rainy,Yes,3.8
2025-03-20,Thursday,Lunch,Veg Sandwich,Snacks,172,84,24,60,40,Cloudy,No,3.4
2025-09-08,Monday,Lunch,Veg Sandwich,Snacks,568,161,142,19,40,Rainy,No,3.5
2025-05-29,Thursday,Breakfast,Masala Dosa,Meals,540,150,125,25,60,Rainy,Yes,3.4
2025-05-06,Tuesday,Evening,Pav Bhaji,Meals,325,108,48,60,70,Sunny,No,3.5
2025-01-31,Friday,Lunch,Samosa,Snacks,403,134,97,37,20,Cloudy,Yes,3.4
2025-12-22,Monday,Breakfast,Veg Sandwich,Snacks,155,76,16,60,40,Cloudy,Yes,4.9
2025-11-20,Thursday,Evening,Pav Bhaji,Meals,164,78,12,66,70,Cloudy,No,4.3
2025-09-21,Sunday,Lunch,Cold Drink,Drinks,389,140,103,37,30,Sunny,No,4.9
2025-05-04,Sunday,Breakfast,Cold Drink,Drinks,224,96,30,66,30,Sunny,Yes,3.1
2025-02-25,Tuesday,Breakfast,Veg Thali,Meals,458,128,81,47,90,Rainy,Yes,4.1
2025-01-12,Sunday,Evening,Cold Drink,Drinks,580,164,148,16,30,Rainy,No,4.2
2025-11-25,Tuesday,Breakfast,Tea,Drinks,281,108,51,57,15,Cloudy,Yes,4.3
2025-01-08,Wednesday,Evening,Tea,Drinks,168,83,19,64,15,Sunny,Yes,4.8
2025-03-17,Monday,Evening,Masala Dosa,Meals,432,126,76,50,60,Rainy,Yes,3.4
2025-06-12,Thursday,Lunch,Coffee,Drinks,219,96,32,64,25,Cloudy,Yes,4.5
2025-06-12,Thursday,Breakfast,Samosa,Snacks,428,124,74,50,20,Rainy,No,4.2
2025-07-04,Friday,Lunch,Coffee,Drinks,357,131,92,39,25,Cloudy,No,4.0
2025-03-04,Tuesday,Breakfast,Veg Sandwich,Snacks,412,142,107,35,40,Rainy,No,3.4
2025-09-12,Friday,Breakfast,Veg Sandwich,Snacks,170,80,23,57,40,Cloudy,No,3.7
2025-09-18,Thursday,Evening,Cold Drink,Drinks,342,113,64,49,30,Cloudy,No,4.2
2025-05-05,Monday,Lunch,Coffee,Drinks,587,179,171,8,25,Rainy,Yes,4.1
2025-09-11,Thursday,Lunch,Veg Sandwich,Snacks,151,87,25,62,40,Sunny,Yes,4.3
2025-05-12,Monday,Breakfast,Cold Drink,Drinks,426,130,81,49,30,Sunny,Yes,3.1
2025-01-04,Saturday,Breakfast,Pav Bhaji,Meals,505,146,110,36,70,Rainy,Yes,3.6
2025-10-05,Sunday,Lunch,Cold Drink,Drinks,300,113,53,60,30,Sunny,No,3.6
2025-02-02,Sunday,Evening,Coffee,Drinks,416,145,118,27,25,Cloudy,Yes,4.6
2025-07-19,Saturday,Breakfast,Samosa,Snacks,546,146,112,34,20,Rainy,Yes,4.0
2025-10-20,Monday,Evening,Samosa,Snacks,508,159,145,14,20,Cloudy,No,3.5
2025-07-07,Monday,Breakfast,Veg Thali,Meals,495,158,141,17,90,Rainy,No,3.4
2025-12-18,Thursday,Lunch,Veg Sandwich,Snacks,283,110,56,54,40,Rainy,Yes,3.0
2025-12-15,Monday,Evening,Veg Sandwich,Snacks,185,92,38,54,40,Rainy,Yes,3.6
2025-10-14,Tuesday,Evening,Cold Drink,Drinks,190,84,20,64,30,Rainy,No,3.6
2025-06-07,Saturday,Lunch,Coffee,Drinks,514,158,134,24,25,Cloudy,Yes,3.6
2025-07-01,Tuesday,Evening,Samosa,Snacks,230,100,40,60,20,Sunny,No,3.3
2025-12-31,Wednesday,Breakfast,Cold Drink,Drinks,232,95,37,58,30,Sunny,Yes,3.8
2025-06-27,Friday,Breakfast,Samosa,Snacks,499,157,132,25,20,Sunny,Yes,3.7
2025-01-17,Friday,Breakfast,Masala Dosa,Meals,243,104,47,57,60,Rainy,No,3.0
2025-06-05,Thursday,Lunch,Samosa,Snacks,557,160,148,12,20,Cloudy,Yes,3.4
2025-01-10,Friday,Breakfast,Pav Bhaji,Meals,464,156,140,16,70,Cloudy,No,3.7
2025-08-16,Saturday,Breakfast,Idli,Breakfast,583,156,137,19,35,Sunny,No,5.0
2025-01-04,Saturday,Evening,Pav Bhaji,Meals,331,128,81,47,70,Sunny,Yes,3.3
2025-07-11,Friday,Evening,Idli,Breakfast,206,96,35,61,35,Cloudy,Yes,3.4
2025-10-20,Monday,Lunch,Idli,Breakfast,561,180,172,8,35,Cloudy,No,3.9
2025-03-24,Monday,Breakfast,Coffee,Drinks,181,88,31,57,25,Sunny,No,4.1
2025-09-15,Monday,Evening,Masala Dosa,Meals,392,120,75,45,60,Sunny,No,3.1
2025-06-26,Thursday,Evening,Vada Pav,Snacks,391,127,84,43,25,Cloudy,Yes,4.1
2025-02-17,Monday,Breakfast,Cold Drink,Drinks,304,111,62,49,30,Cloudy,No,3.0
2025-03-18,Tuesday,Evening,Samosa,Snacks,427,120,63,57,20,Cloudy,No,3.1
2025-03-27,Thursday,Lunch,Pav Bhaji,Meals,414,137,98,39,70,Cloudy,Yes,3.4
2025-02-26,Wednesday,Breakfast,Veg Sandwich,Snacks,241,106,49,57,40,Sunny,Yes,4.5
2025-05-06,Tuesday,Evening,Pav Bhaji,Meals,304,113,55,58,70,Sunny,No,4.4
2025-05-10,Saturday,Breakfast,Samosa,Snacks,363,123,72,51,20,Cloudy,No,4.3
2025-12-30,Tuesday,Lunch,Veg Sandwich,Snacks,469,144,105,39,40,Rainy,Yes,4.2
2025-07-14,Monday,Lunch,Cold Drink,Drinks,313,111,60,51,30,Sunny,Yes,5.0
2025-02-05,Wednesday,Evening,Veg Thali,Meals,355,122,66,56,90,Cloudy,No,4.1
2025-12-08,Monday,Breakfast,Vada Pav,Snacks,564,175,172,3,25,Sunny,Yes,4.9
2025-02-04,Tuesday,Lunch,Vada Pav,Snacks,500,146,119,27,25,Cloudy,Yes,3.2
2025-09-04,Thursday,Evening,Cold Drink,Drinks,514,134,89,45,30,Cloudy,No,3.9
2025-12-25,Thursday,Breakfast,Veg Sandwich,Snacks,590,152,132,20,40,Cloudy,Yes,4.7
2025-01-23,Thursday,Breakfast,Coffee,Drinks,566,167,159,8,25,Cloudy,No,4.4
2025-10-07,Tuesday,Evening,Idli,Breakfast,169,79,22,57,35,Rainy,Yes,4.6
2025-04-24,Thursday,Lunch,Veg Sandwich,Snacks,508,163,150,13,40,Cloudy,No,4.9
2025-11-19,Wednesday,Breakfast,Tea,Drinks,371,124,74,50,15,Sunny,No,4.8
2025-03-07,Friday,Lunch,Masala Dosa,Meals,445,165,158,7,60,Rainy,Yes,3.2
2025-06-16,Monday,Evening,Cold Drink,Drinks,591,186,178,8,30,Sunny,Yes,4.0
2025-11-03,Monday,Evening,Coffee,Drinks,554,157,132,25,25,Sunny,Yes,4.4
2025-12-17,Wednesday,Lunch,Veg Thali,Meals,326,125,76,49,90,Sunny,No,3.2
2025-09-08,Monday,Breakfast,Masala Dosa,Meals,283,108,53,55,60,Sunny,No,3.6
2025-03-04,Tuesday,Lunch,Veg Sandwich,Snacks,559,181,175,6,40,Sunny,No,4.1
2025-11-07,Friday,Evening,Samosa,Snacks,588,175,172,3,20,Rainy,Yes,3.7
2025-06-11,Wednesday,Evening,Veg Thali,Meals,426,123,76,47,90,Sunny,No,4.3
2025-03-09,Sunday,Evening,Coffee,Drinks,464,127,75,52,25,Cloudy,No,3.7
2025-11-01,Saturday,Breakfast,Masala Dosa,Meals,475,155,125,30,60,Rainy,Yes,3.3
2025-08-02,Saturday,Evening,Vada Pav,Snacks,558,154,135,19,25,Sunny,Yes,4.6
2025-09-19,Friday,Lunch,Pav Bhaji,Meals,554,162,149,13,70,Sunny,Yes,3.9
2025-06-12,Thursday,Lunch,Pav Bhaji,Meals,593,167,158,9,70,Sunny,Yes,3.2
2025-01-17,Friday,Breakfast,Cold Drink,Drinks,229,96,32,64,30,Sunny,Yes,3.0
2025-06-13,Friday,Breakfast,Vada Pav,Snacks,340,111,58,53,25,Cloudy,Yes,4.5
2025-10-28,Tuesday,Evening,Tea,Drinks,570,150,127,23,15,Sunny,No,4.3
2025-07-28,Monday,Lunch,Idli,Breakfast,405,140,99,41,35,Cloudy,Yes,3.6
2025-07-13,Sunday,Breakfast,Samosa,Snacks,332,107,48,59,20,Cloudy,No,3.3
2025-02-26,Wednesday,Lunch,Idli,Breakfast,202,99,39,60,35,Rainy,No,4.6
2025-06-05,Thursday,Breakfast,Idli,Breakfast,523,147,122,25,35,Sunny,No,4.1
2025-08-11,Monday,Lunch,Veg Thali,Meals,518,170,163,7,90,Cloudy,Yes,3.1
2025-11-11,Tuesday,Evening,Cold Drink,Drinks,348,108,58,50,30,Cloudy,No,4.3
2025-09-28,Sunday,Lunch,Veg Sandwich,Snacks,582,170,170,0,40,Sunny,No,4.5
2025-11-07,Friday,Breakfast,Veg Sandwich,Snacks,362,112,51,61,40,Sunny,Yes,4.8
2025-02-28,Friday,Lunch,Pav Bhaji,Meals,371,143,106,37,70,Cloudy,No,3.4
2025-07-30,Wednesday,Breakfast,Pav Bhaji,Meals,467,151,121,30,70,Sunny,No,4.9
2025-07-01,Tuesday,Breakfast,Coffee,Drinks,372,123,75,48,25,Cloudy,No,4.2
2025-06-12,Thursday,Lunch,Idli,Breakfast,273,111,54,57,35,Rainy,No,4.9
2025-12-15,Monday,Evening,Samosa,Snacks,591,160,147,13,20,Cloudy,Yes,4.0
2025-09-12,Friday,Evening,Veg Thali,Meals,224,89,34,55,90,Sunny,Yes,3.4
2025-08-29,Friday,Evening,Masala Dosa,Meals,558,141,101,40,60,Cloudy,Yes,3.6
2025-05-04,Sunday,Breakfast,Masala Dosa,Meals,217,97,33,64,60,Rainy,Yes,4.3
2025-01-18,Saturday,Lunch,Samosa,Snacks,399,146,112,34,20,Rainy,Yes,3.4
2025-05-30,Friday,Breakfast,Veg Sandwich,Snacks,599,178,173,5,40,Cloudy,Yes,3.8
2025-01-06,Monday,Evening,Veg Sandwich,Snacks,274,96,34,62,40,Rainy,No,4.2
2025-12-01,Monday,Breakfast,Masala Dosa,Meals,269,105,47,58,60,Sunny,Yes,4.5
2025-07-02,Wednesday,Evening,Coffee,Drinks,225,98,35,63,25,Rainy,Yes,3.2
2025-07-04,Friday,Evening,Tea,Drinks,400,142,108,34,15,Cloudy,Yes,4.7
2025-07-03,Thursday,Evening,Vada Pav,Snacks,357,129,87,42,25,Sunny,Yes,3.8
2025-02-09,Sunday,Evening,Veg Sandwich,Snacks,246,99,46,53,40,Sunny,Yes,4.2
2025-05-21,Wednesday,Breakfast,Tea,Drinks,258,92,30,62,15,Rainy,No,3.6
2025-09-10,Wednesday,Lunch,Pav Bhaji,Meals,187,93,30,63,70,Cloudy,No,5.0
2025-03-22,Saturday,Breakfast,Idli,Breakfast,570,172,171,1,35,Rainy,Yes,4.8
2025-03-25,Tuesday,Evening,Veg Sandwich,Snacks,461,141,108,33,40,Sunny,Yes,3.1
2025-10-22,Wednesday,Evening,Cold Drink,Drinks,245,101,48,53,30,Cloudy,No,3.2
2025-10-30,Thursday,Lunch,Tea,Drinks,404,154,131,23,15,Rainy,No,3.9
2025-07-23,Wednesday,Lunch,Samosa,Snacks,229,101,47,54,20,Sunny,No,4.5
2025-05-13,Tuesday,Lunch,Samosa,Snacks,326,122,68,54,20,Cloudy,No,4.9
2025-09-04,Thursday,Lunch,Idli,Breakfast,420,158,132,26,35,Sunny,No,3.4
2025-10-03,Friday,Breakfast,Cold Drink,Drinks,157,82,21,61,30,Sunny,Yes,3.7
2025-05-20,Tuesday,Evening,Veg Thali,Meals,312,108,51,57,90,Cloudy,Yes,3.5
2025-08-17,Sunday,Breakfast,Veg Thali,Meals,585,153,121,32,90,Rainy,Yes,3.5
2025-07-10,Thursday,Breakfast,Coffee,Drinks,309,108,49,59,25,Sunny,No,3.6
2025-04-19,Saturday,Breakfast,Vada Pav,Snacks,444,139,96,43,25,Sunny,Yes,3.8
2025-02-20,Thursday,Breakfast,Idli,Breakfast,280,107,46,61,35,Cloudy,Yes,3.8
2025-04-25,Friday,Breakfast,Coffee,Drinks,166,84,19,65,25,Rainy,Yes,3.1
2025-12-16,Tuesday,Evening,Samosa,Snacks,497,136,100,36,20,Sunny,Yes,4.9
2025-08-10,Sunday,Breakfast,Pav Bhaji,Meals,433,131,81,50,70,Cloudy,Yes,3.2
2025-10-05,Sunday,Lunch,Veg Thali,Meals,242,97,36,61,90,Sunny,Yes,4.0
2025-02-14,Friday,Evening,Masala Dosa,Meals,237,94,28,66,60,Rainy,No,3.4
2025-01-15,Wednesday,Evening,Coffee,Drinks,587,157,137,20,25,Sunny,Yes,3.7
2025-04-28,Monday,Lunch,Vada Pav,Snacks,476,157,141,16,25,Cloudy,No,3.2
2025-08-26,Tuesday,Breakfast,Samosa,Snacks,395,118,66,52,20,Rainy,No,3.9
2025-03-25,Tuesday,Evening,Veg Thali,Meals,485,133,85,48,90,Cloudy,No,3.8
2025-09-07,Sunday,Evening,Pav Bhaji,Meals,501,162,143,19,70,Rainy,No,3.9
2025-12-31,Wednesday,Lunch,Vada Pav,Snacks,486,171,161,10,25,Rainy,Yes,3.4
2025-03-03,Monday,Lunch,Samosa,Snacks,171,83,18,65,20,Sunny,Yes,4.9
2025-09-08,Monday,Breakfast,Veg Thali,Meals,160,82,26,56,90,Cloudy,No,5.0
2025-08-29,Friday,Breakfast,Coffee,Drinks,303,107,45,62,25,Rainy,Yes,4.5
2025-08-26,Tuesday,Evening,Veg Sandwich,Snacks,215,99,43,56,40,Sunny,No,4.7
2025-01-29,Wednesday,Evening,Samosa,Snacks,363,135,93,42,20,Rainy,Yes,3.3
2025-06-11,Wednesday,Evening,Samosa,Snacks,176,80,20,60,20,Cloudy,No,4.3
2025-09-11,Thursday,Lunch,Coffee,Drinks,594,164,150,14,25,Rainy,No,3.8
2025-01-27,Monday,Lunch,Veg Thali,Meals,430,155,138,17,90,Cloudy,No,3.6
2025-12-07,Sunday,Breakfast,Veg Thali,Meals,324,120,73,47,90,Sunny,No,4.0
2025-07-26,Saturday,Lunch,Pav Bhaji,Meals,263,110,59,51,70,Rainy,No,3.6
2025-02-24,Monday,Breakfast,Tea,Drinks,318,122,72,50,15,Sunny,No,4.9
2025-08-16,Saturday,Breakfast,Samosa,Snacks,325,110,52,58,20,Cloudy,Yes,3.2
2025-08-27,Wednesday,Evening,Masala Dosa,Meals,243,92,34,58,60,Sunny,Yes,4.9
2025-10-11,Saturday,Lunch,Cold Drink,Drinks,339,119,65,54,30,Sunny,No,4.9
2025-09-27,Saturday,Evening,Pav Bhaji,Meals,363,133,85,48,70,Rainy,No,3.0
2025-07-08,Tuesday,Evening,Tea,Drinks,408,129,88,41,15,Rainy,Yes,3.5
2025-04-01,Tuesday,Lunch,Vada Pav,Snacks,255,107,52,55,25,Cloudy,Yes,4.3
2025-01-06,Monday,Breakfast,Pav Bhaji,Meals,219,98,39,59,70,Cloudy,Yes,3.4
2025-04-01,Tuesday,Lunch,Cold Drink,Drinks,596,184,176,8,30,Cloudy,Yes,3.1
2025-05-12,Monday,Breakfast,Cold Drink,Drinks,289,102,43,59,30,Rainy,No,3.2
2025-11-20,Thursday,Lunch,Coffee,Drinks,209,101,42,59,25,Sunny,Yes,4.9
2025-08-30,Saturday,Lunch,Coffee,Drinks,472,170,160,10,25,Sunny,Yes,5.0
2025-01-13,Monday,Lunch,Samosa,Snacks,207,95,38,57,20,Rainy,Yes,3.7
2025-03-21,Friday,Evening,Coffee,Drinks,548,145,117,28,25,Cloudy,Yes,3.4
2025-11-22,Saturday,Lunch,Vada Pav,Snacks,272,114,63,51,25,Cloudy,No,3.9
2025-10-13,Monday,Breakfast,Cold Drink,Drinks,307,110,57,53,30,Cloudy,Yes,4.9
2025-07-21,Monday,Evening,Idli,Breakfast,417,127,80,47,35,Sunny,No,3.2
2025-11-08,Saturday,Lunch,Veg Sandwich,Snacks,556,173,169,4,40,Rainy,No,4.8
2025-03-01,Saturday,Evening,Veg Sandwich,Snacks,298,116,61,55,40,Sunny,No,4.9
2025-05-14,Wednesday,Lunch,Pav Bhaji,Meals,415,134,97,37,70,Rainy,Yes,4.6
2025-09-02,Tuesday,Breakfast,Coffee,Drinks,371,115,68,47,25,Rainy,No,4.8
2025-05-19,Monday,Evening,Idli,Breakfast,556,162,153,9,35,Cloudy,Yes,3.5
2025-08-20,Wednesday,Lunch,Vada Pav,Snacks,390,127,73,54,25,Rainy,No,4.2
2025-03-13,Thursday,Lunch,Coffee,Drinks,531,149,113,36,25,Sunny,No,4.9
2025-12-17,Wednesday,Lunch,Tea,Drinks,281,115,56,59,15,Sunny,No,4.9
2025-05-01,Thursday,Lunch,Samosa,Snacks,410,140,101,39,20,Rainy,No,3.3
2025-07-06,Sunday,Breakfast,Samosa,Snacks,349,123,78,45,20,Cloudy,Yes,4.9
2025-02-17,Monday,Breakfast,Cold Drink,Drinks,175,88,35,53,30,Rainy,Yes,4.3
2025-06-16,Monday,Lunch,Cold Drink,Drinks,482,143,102,41,30,Cloudy,Yes,4.3
2025-02-27,Thursday,Evening,Pav Bhaji,Meals,445,130,81,49,70,Cloudy,No,4.1
2025-08-31,Sunday,Evening,Cold Drink,Drinks,279,115,64,51,30,Sunny,No,4.8
2025-02-21,Friday,Lunch,Coffee,Drinks,163,89,27,62,25,Cloudy,Yes,4.9
2025-04-11,Friday,Lunch,Veg Sandwich,Snacks,500,157,139,18,40,Sunny,Yes,4.5
2025-11-09,Sunday,Evening,Tea,Drinks,526,170,169,1,15,Cloudy,Yes,4.8
2025-04-21,Monday,Lunch,Veg Thali,Meals,370,139,103,36,90,Sunny,No,3.1
2025-06-09,Monday,Evening,Pav Bhaji,Meals,242,103,41,62,70,Sunny,Yes,3.8
2025-03-05,Wednesday,Breakfast,Pav Bhaji,Meals,424,128,82,46,70,Cloudy,Yes,3.8
2025-01-30,Thursday,Evening,Masala Dosa,Meals,565,160,141,19,60,Rainy,Yes,4.8
2025-08-04,Monday,Breakfast,Veg Sandwich,Snacks,530,164,144,20,40,Cloudy,No,4.3
2025-08-30,Saturday,Lunch,Cold Drink,Drinks,329,118,71,47,30,Cloudy,No,4.2
2025-03-19,Wednesday,Lunch,Pav Bhaji,Meals,445,141,106,35,70,Sunny,Yes,3.8
2025-06-13,Friday,Lunch,Tea,Drinks,429,134,85,49,15,Sunny,Yes,4.3
2025-08-15,Friday,Lunch,Veg Thali,Meals,349,117,68,49,90,Cloudy,Yes,4.0
2025-12-07,Sunday,Lunch,Idli,Breakfast,323,113,62,51,35,Rainy,No,4.3
2025-05-16,Friday,Breakfast,Masala Dosa,Meals,268,111,51,60,60,Cloudy,Yes,4.1
2025-05-04,Sunday,Lunch,Masala Dosa,Meals,476,147,115,32,60,Cloudy,Yes,3.4
2025-11-10,Monday,Lunch,Cold Drink,Drinks,341,119,70,49,30,Cloudy,No,3.1
2025-11-26,Wednesday,Evening,Samosa,Snacks,246,96,43,53,20,Rainy,No,4.2
2025-05-01,Thursday,Breakfast,Coffee,Drinks,350,116,59,57,25,Cloudy,Yes,4.2
2025-05-24,Saturday,Evening,Samosa,Snacks,552,145,118,27,20,Sunny,No,3.3
2025-03-02,Sunday,Breakfast,Pav Bhaji,Meals,396,139,106,33,70,Cloudy,Yes,3.4
2025-06-07,Saturday,Lunch,Veg Sandwich,Snacks,476,160,137,23,40,Cloudy,Yes,4.3
2025-01-03,Friday,Evening,Pav Bhaji,Meals,329,104,46,58,70,Cloudy,Yes,3.0
2025-11-18,Tuesday,Evening,Masala Dosa,Meals,462,126,83,43,60,Rainy,No,4.0
2025-10-21,Tuesday,Evening,Veg Thali,Meals,445,147,110,37,90,Sunny,No,3.8
2025-09-07,Sunday,Lunch,Vada Pav,Snacks,254,98,37,61,25,Rainy,Yes,3.1
2025-05-03,Saturday,Lunch,Cold Drink,Drinks,546,192,192,0,30,Cloudy,No,3.8
2025-10-13,Monday,Breakfast,Veg Sandwich,Snacks,274,97,35,62,40,Sunny,Yes,3.0
2025-09-07,Sunday,Breakfast,Vada Pav,Snacks,436,140,109,31,25,Sunny,No,4.3
2025-06-14,Saturday,Evening,Veg Thali,Meals,257,96,36,60,90,Sunny,Yes,4.0
2025-01-05,Sunday,Evening,Veg Sandwich,Snacks,591,146,111,35,40,Rainy,No,3.5
2025-10-08,Wednesday,Breakfast,Veg Thali,Meals,185,87,32,55,90,Sunny,No,4.9
2025-04-25,Friday,Lunch,Veg Sandwich,Snacks,599,174,170,4,40,Cloudy,Yes,5.0
2025-02-10,Monday,Breakfast,Veg Sandwich,Snacks,173,80,23,57,40,Cloudy,No,3.7
2025-04-06,Sunday,Lunch,Idli,Breakfast,208,92,39,53,35,Rainy,Yes,3.2
2025-09-06,Saturday,Breakfast,Tea,Drinks,220,101,47,54,15,Rainy,No,4.8
2025-10-09,Thursday,Breakfast,Coffee,Drinks,546,161,139,22,25,Cloudy,No,3.6
2025-03-08,Saturday,Evening,Masala Dosa,Meals,262,105,46,59,60,Cloudy,Yes,3.8
2025-03-14,Friday,Breakfast,Vada Pav,Snacks,304,120,70,50,25,Cloudy,No,4.9
2025-09-03,Wednesday,Evening,Vada Pav,Snacks,402,126,72,54,25,Sunny,No,3.5
2025-01-28,Tuesday,Breakfast,Pav Bhaji,Meals,513,167,161,6,70,Rainy,No,3.9
2025-10-05,Sunday,Evening,Veg Sandwich,Snacks,436,124,76,48,40,Cloudy,No,5.0
2025-08-30,Saturday,Evening,Masala Dosa,Meals,465,146,116,30,60,Sunny,No,3.6
2025-11-01,Saturday,Evening,Pav Bhaji,Meals,564,142,100,42,70,Cloudy,Yes,3.4
2025-06-12,Thursday,Breakfast,Samosa,Snacks,181,81,28,53,20,Cloudy,Yes,3.5
2025-08-02,Saturday,Evening,Samosa,Snacks,274,99,37,62,20,Rainy,Yes,4.0
2025-04-12,Saturday,Evening,Veg Thali,Meals,444,148,122,26,90,Sunny,Yes,4.3
2025-03-10,Monday,Evening,Veg Thali,Meals,460,150,116,34,90,Sunny,No,3.1
2025-05-23,Friday,Breakfast,Coffee,Drinks,353,129,78,51,25,Sunny,No,4.7
2025-05-08,Thursday,Evening,Veg Sandwich,Snacks,552,151,117,34,40,Sunny,No,4.5
2025-01-14,Tuesday,Breakfast,Idli,Breakfast,507,137,91,46,35,Cloudy,No,4.1
2025-10-12,Sunday,Breakfast,Tea,Drinks,463,133,92,41,15,Sunny,No,4.2
2025-02-25,Tuesday,Lunch,Cold Drink,Drinks,225,95,35,60,30,Sunny,Yes,3.3
2025-05-10,Saturday,Lunch,Samosa,Snacks,420,130,85,45,20,Cloudy,Yes,4.6
2025-05-30,Friday,Evening,Samosa,Snacks,324,125,81,44,20,Sunny,No,4.6
2025-06-19,Thursday,Lunch,Cold Drink,Drinks,573,185,180,5,30,Sunny,Yes,3.4
2025-06-23,Monday,Breakfast,Vada Pav,Snacks,457,133,86,47,25,Sunny,Yes,4.2
2025-09-22,Monday,Evening,Vada Pav,Snacks,548,154,132,22,25,Sunny,Yes,4.7
2025-05-05,Monday,Lunch,Coffee,Drinks,572,164,149,15,25,Sunny,No,4.7
2025-02-23,Sunday,Evening,Masala Dosa,Meals,442,132,83,49,60,Sunny,No,3.9
2025-08-15,Friday,Evening,Masala Dosa,Meals,152,82,26,56,60,Rainy,No,3.5
2025-01-06,Monday,Breakfast,Tea,Drinks,296,98,43,55,15,Rainy,Yes,3.3
2025-07-01,Tuesday,Evening,Veg Thali,Meals,154,85,30,55,90,Cloudy,No,4.9
2025-12-10,Wednesday,Lunch,Coffee,Drinks,366,132,88,44,25,Cloudy,Yes,4.5
2025-12-29,Monday,Lunch,Masala Dosa,Meals,230,110,50,60,60,Rainy,Yes,4.3
2025-06-16,Monday,Evening,Pav Bhaji,Meals,372,113,61,52,70,Cloudy,No,3.4
2025-01-16,Thursday,Breakfast,Pav Bhaji,Meals,465,157,132,25,70,Sunny,Yes,3.5
2025-01-07,Tuesday,Breakfast,Veg Sandwich,Snacks,449,155,133,22,40,Sunny,Yes,3.4
2025-06-08,Sunday,Breakfast,Tea,Drinks,289,105,44,61,15,Cloudy,No,3.0
2025-11-29,Saturday,Breakfast,Tea,Drinks,368,124,80,44,15,Rainy,No,3.6
2025-11-10,Monday,Lunch,Veg Sandwich,Snacks,350,123,80,43,40,Cloudy,No,3.7
2025-06-19,Thursday,Lunch,Samosa,Snacks,398,145,105,40,20,Rainy,Yes,3.0
2025-03-12,Wednesday,Evening,Cold Drink,Drinks,253,108,49,59,30,Cloudy,Yes,4.6
2025-06-19,Thursday,Lunch,Veg Sandwich,Snacks,393,147,120,27,40,Cloudy,Yes,4.0
2025-10-06,Monday,Breakfast,Masala Dosa,Meals,514,143,102,41,60,Cloudy,No,3.0
2025-01-02,Thursday,Lunch,Tea,Drinks,421,143,102,41,15,Rainy,No,3.4
2025-08-10,Sunday,Lunch,Idli,Breakfast,342,117,68,49,35,Cloudy,No,3.3
2025-02-28,Friday,Lunch,Idli,Breakfast,358,135,93,42,35,Rainy,Yes,4.1
2025-10-26,Sunday,Lunch,Idli,Breakfast,269,112,54,58,35,Cloudy,No,4.7
2025-08-31,Sunday,Breakfast,Vada Pav,Snacks,562,171,166,5,25,Rainy,Yes,3.3
2025-12-11,Thursday,Lunch,Veg Sandwich,Snacks,334,127,81,46,40,Rainy,No,3.1
2025-08-23,Saturday,Lunch,Cold Drink,Drinks,211,90,29,61,30,Sunny,Yes,3.6
2025-08-24,Sunday,Lunch,Samosa,Snacks,241,104,46,58,20,Cloudy,No,4.4
2025-12-23,Tuesday,Evening,Veg Thali,Meals,411,121,64,57,90,Sunny,Yes,4.6
2025-04-25,Friday,Breakfast,Cold Drink,Drinks,403,128,83,45,30,Rainy,Yes,4.5
2025-07-16,Wednesday,Evening,Samosa,Snacks,395,137,101,36,20,Rainy,Yes,4.8
2025-03-10,Monday,Lunch,Veg Sandwich,Snacks,456,162,151,11,40,Rainy,Yes,4.6
2025-08-20,Wednesday,Breakfast,Vada Pav,Snacks,241,93,29,64,25,Sunny,Yes,3.8
2025-01-19,Sunday,Breakfast,Coffee,Drinks,333,113,63,50,25,Cloudy,Yes,4.4
2025-09-24,Wednesday,Breakfast,Vada Pav,Snacks,180,81,17,64,25,Rainy,Yes,3.4
2025-10-10,Friday,Breakfast,Idli,Breakfast,481,130,87,43,35,Sunny,No,3.5
2025-06-19,Thursday,Lunch,Coffee,Drinks,223,99,34,65,25,Cloudy,No,3.3
2025-04-18,Friday,Evening,Idli,Breakfast,573,163,150,13,35,Cloudy,No,3.2
2025-07-21,Monday,Lunch,Masala Dosa,Meals,255,109,48,61,60,Rainy,Yes,3.5
2025-08-15,Friday,Breakfast,Samosa,Snacks,417,132,82,50,20,Sunny,Yes,4.8
2025-04-10,Thursday,Breakfast,Tea,Drinks,452,150,118,32,15,Cloudy,No,3.5
2025-10-03,Friday,Evening,Samosa,Snacks,539,163,156,7,20,Cloudy,No,4.4
2025-07-10,Thursday,Breakfast,Pav Bhaji,Meals,181,86,24,62,70,Sunny,Yes,4.8
2025-11-08,Saturday,Evening,Vada Pav,Snacks,194,83,18,65,25,Rainy,No,4.0
2025-05-06,Tuesday,Evening,Tea,Drinks,195,89,27,62,15,Rainy,Yes,4.8
2025-11-19,Wednesday,Breakfast,Veg Sandwich,Snacks,249,94,33,61,40,Sunny,No,3.7
2025-11-06,Thursday,Evening,Pav Bhaji,Meals,250,94,40,54,70,Rainy,No,4.8
2025-12-28,Sunday,Evening,Pav Bhaji,Meals,567,142,105,37,70,Cloudy,Yes,4.4
2025-05-31,Saturday,Breakfast,Veg Sandwich,Snacks,460,154,132,22,40,Sunny,Yes,4.0
2025-05-07,Wednesday,Evening,Tea,Drinks,387,136,101,35,15,Sunny,No,4.8
2025-01-22,Wednesday,Lunch,Veg Sandwich,Snacks,201,98,42,56,40,Rainy,Yes,4.6
2025-04-25,Friday,Breakfast,Vada Pav,Snacks,258,96,41,55,25,Rainy,Yes,3.6
2025-04-12,Saturday,Evening,Coffee,Drinks,519,142,105,37,25,Cloudy,No,4.4
2025-06-21,Saturday,Lunch,Veg Sandwich,Snacks,554,173,168,5,40,Sunny,No,4.8
2025-03-30,Sunday,Breakfast,Tea,Drinks,262,97,40,57,15,Rainy,Yes,4.8
2025-04-06,Sunday,Breakfast,Masala Dosa,Meals,467,130,90,40,60,Rainy,No,4.9
2025-05-15,Thursday,Breakfast,Idli,Breakfast,368,126,80,46,35,Rainy,Yes,3.8
2025-01-28,Tuesday,Lunch,Idli,Breakfast,247,96,31,65,35,Rainy,Yes,3.7
2025-01-16,Thursday,Evening,Coffee,Drinks,185,93,35,58,25,Rainy,Yes,4.7
2025-07-31,Thursday,Lunch,Masala Dosa,Meals,503,171,162,9,60,Cloudy,No,4.5
2025-11-26,Wednesday,Breakfast,Vada Pav,Snacks,181,86,30,56,25,Rainy,Yes,3.7
2025-05-20,Tuesday,Breakfast,Veg Thali,Meals,477,127,75,52,90,Rainy,No,3.6
2025-03-29,Saturday,Evening,Cold Drink,Drinks,157,78,20,58,30,Sunny,No,4.8
2025-03-04,Tuesday,Evening,Pav Bhaji,Meals,378,133,93,40,70,Rainy,No,3.4
2025-12-13,Saturday,Breakfast,Veg Thali,Meals,356,126,80,46,90,Rainy,No,4.7
2025-09-25,Thursday,Evening,Tea,Drinks,252,100,36,64,15,Rainy,No,3.4
2025-08-04,Monday,Lunch,Idli,Breakfast,519,179,170,9,35,Rainy,Yes,3.6
2025-08-17,Sunday,Lunch,Veg Thali,Meals,554,179,174,5,90,Sunny,No,3.3
2025-10-15,Wednesday,Breakfast,Cold Drink,Drinks,196,84,22,62,30,Rainy,Yes,3.2
2025-03-23,Sunday,Lunch,Tea,Drinks,554,173,172,1,15,Rainy,Yes,3.4
2025-08-13,Wednesday,Breakfast,Idli,Breakfast,384,119,69,50,35,Sunny,Yes,4.4
2025-10-13,Monday,Lunch,Tea,Drinks,159,86,23,63,15,Sunny,Yes,3.1
2025-07-02,Wednesday,Breakfast,Samosa,Snacks,514,165,151,14,20,Sunny,No,5.0
2025-01-06,Monday,Evening,Masala Dosa,Meals,309,109,57,52,60,Sunny,No,4.3
