Students_Count,Quantity_Prepared,Quantity_Sold,Food_Waste,Rating,Fact_ID,Food_ID,Weather_ID,Meal_ID,Date_ID,Revenue
529,144,115,29,3.2,1,1,1,1,1,4600
366,112,53,59,4.0,2,2,2,1,2,1855
516,142,108,34,3.6,3,3,3,2,3,6480
324,107,56,51,3.7,4,4,1,1,4,840
333,132,93,39,3.9,5,5,4,3,5,1860
432,149,124,25,3.1,6,5,4,3,6,2480
190,86,26,60,4.3,7,6,2,1,7,2340
331,121,73,48,4.3,8,7,5,1,8,5110
423,123,73,50,3.5,9,8,6,2,9,1825
262,109,58,51,3.1,10,9,3,2,1,1740
287,123,76,47,4.8,11,4,2,3,10,1140
352,110,50,60,3.5,12,10,3,1,11,1250
532,172,169,3,3.7,13,6,3,2,12,15210
196,84,19,65,4.6,14,10,2,2,13,475
347,120,70,50,4.7,15,5,4,2,14,1400
499,159,139,20,3.2,16,5,3,2,15,2780
151,85,31,54,3.4,17,10,3,1,16,775
580,150,128,22,3.3,18,6,6,2,17,11520
315,103,44,59,4.8,19,2,1,1,18,1540
273,96,37,59,4.6,20,1,6,1,19,1480
487,138,106,32,4.2,21,8,1,1,20,2650
515,172,172,0,3.7,22,3,4,2,21,10320
276,108,54,54,4.1,23,5,2,3,22,1080
186,83,17,66,4.7,24,1,6,1,23,680
292,102,39,63,4.4,25,3,3,2,24,2340
274,98,33,65,4.3,26,10,4,2,25,825
389,142,110,32,3.2,27,4,6,3,26,1650
559,148,120,28,3.9,28,7,2,2,27,8400
386,125,83,42,4.7,29,6,2,1,14,7470
578,184,184,0,3.5,30,9,2,1,28,5520
259,101,36,65,5.0,31,10,1,3,29,900
366,122,70,52,3.4,32,6,3,3,30,6300
181,80,23,57,4.0,33,9,3,2,31,690
410,118,60,58,4.4,34,1,2,1,18,2400
441,153,127,26,4.3,35,5,2,3,32,2540
283,101,42,59,3.3,36,7,5,2,33,2940
311,119,69,50,5.0,37,10,2,3,34,1725
409,145,106,39,4.8,38,3,1,2,35,6360
374,137,102,35,4.3,39,8,3,3,36,2550
303,120,64,56,3.5,40,9,6,2,37,1920
229,97,42,55,3.7,41,9,4,2,17,1260
408,144,116,28,3.1,42,6,4,2,38,10440
172,92,36,56,5.0,43,6,5,3,39,3240
432,138,93,45,3.2,44,10,3,2,40,2325
168,82,16,66,3.6,45,9,1,1,41,480
499,156,136,20,4.8,46,3,2,3,42,8160
271,111,50,61,3.4,47,8,2,2,29,1250
286,111,49,62,4.7,48,3,2,3,43,2940
329,108,55,53,3.4,49,10,1,1,44,1375
545,178,175,3,4.4,50,5,4,3,45,3500
209,98,36,62,3.1,51,1,1,3,46,1440
523,171,169,2,3.2,52,7,4,3,47,11830
172,77,24,53,4.1,53,6,3,1,48,2160
370,127,83,44,4.7,54,7,5,1,49,5810
491,144,107,37,4.1,55,6,4,2,50,9630
496,165,151,14,3.8,56,4,6,3,51,2265
257,107,50,57,4.4,57,6,4,3,52,4500
487,160,145,15,4.2,58,8,5,3,53,3625
265,93,30,63,5.0,59,6,2,1,5,2700
362,128,81,47,4.0,60,10,6,1,54,2025
534,145,117,28,4.9,61,1,5,1,55,4680
435,146,119,27,3.9,62,1,2,3,56,4760
312,120,70,50,3.9,63,2,4,2,18,2450
380,135,91,44,4.5,64,10,1,2,57,2275
290,119,64,55,3.5,65,3,1,3,58,3840
220,92,27,65,4.4,66,5,2,2,59,540
319,119,64,55,4.7,67,4,3,3,60,960
588,166,154,12,3.6,68,1,3,2,61,6160
532,169,160,9,3.9,69,9,6,3,61,4800
492,168,167,1,3.9,70,7,3,3,62,11690
163,77,17,60,3.3,71,9,1,2,63,510
283,100,40,60,3.7,72,1,4,1,64,1600
279,102,46,56,3.1,73,4,5,3,65,690
549,170,161,9,3.4,74,5,6,1,66,3220
272,107,53,54,4.9,75,8,5,2,67,1325
542,162,152,10,4.4,76,6,1,2,68,13680
446,152,126,26,3.8,77,5,5,3,69,2520
503,135,99,36,3.6,78,2,6,1,70,3465
557,155,131,24,4.3,79,5,6,2,71,2620
156,76,16,60,4.3,80,7,4,2,72,1120
372,127,81,46,4.5,81,8,5,2,73,2025
287,121,65,56,3.6,82,2,1,3,68,2275
441,132,89,43,4.7,83,10,3,1,74,2225
331,119,69,50,4.4,84,3,4,3,75,4140
414,124,75,49,4.0,85,1,2,2,76,3000
480,144,103,41,3.2,86,10,3,2,77,2575
306,118,67,51,3.7,87,3,3,3,44,4020
509,157,132,25,3.2,88,7,4,3,78,9240
530,156,139,17,4.0,89,5,6,3,51,2780
294,104,45,59,3.4,90,2,2,2,23,1575
214,100,43,57,3.6,91,9,1,2,79,1290
202,89,30,59,3.7,92,10,5,2,80,750
208,96,39,57,4.3,93,10,5,3,81,975
565,145,108,37,3.2,94,8,3,1,82,2700
554,172,169,3,3.9,95,2,6,2,83,5915
369,136,99,37,3.2,96,2,1,3,84,3465
285,99,36,63,4.1,97,3,6,2,85,2160
380,120,65,55,3.6,98,4,3,1,86,975
186,93,39,54,4.6,99,10,6,2,87,975
367,127,77,50,4.7,100,3,2,2,23,4620
555,158,139,19,4.4,101,8,4,1,24,3475
406,139,103,36,3.1,102,6,3,3,88,9270
459,127,83,44,4.7,103,7,1,2,89,5810
541,161,150,11,4.5,104,1,3,2,90,6000
292,111,56,55,4.9,105,10,5,2,91,1400
320,130,83,47,3.8,106,4,1,3,91,1245
566,175,171,4,3.5,107,4,6,3,92,2565
572,174,168,6,4.0,108,9,5,3,93,5040
539,161,141,20,4.9,109,10,2,3,94,3525
212,95,33,62,4.1,110,10,2,2,95,825
265,118,69,49,4.7,111,5,5,3,96,1380
410,129,83,46,5.0,112,6,3,2,97,7470
224,107,52,55,4.5,113,9,1,3,55,1560
545,176,175,1,3.5,114,6,4,1,98,15750
578,195,193,2,4.1,115,6,3,3,99,17370
540,169,161,8,4.7,116,9,3,3,100,4830
346,107,55,52,3.9,117,2,5,1,101,1925
403,140,105,35,3.7,118,8,2,3,102,2625
419,151,123,28,4.7,119,5,1,3,103,2460
550,165,152,13,4.3,120,10,4,1,104,3800
344,128,75,53,4.2,121,9,4,2,45,2250
266,101,37,64,4.5,122,6,6,2,32,3330
235,104,40,64,3.6,123,10,3,1,105,1000
341,120,68,52,4.1,124,7,1,3,106,4760
190,89,26,63,4.0,125,8,3,1,107,650
386,126,81,45,3.0,126,3,3,1,108,4860
230,109,55,54,3.6,127,9,5,3,68,1650
383,140,109,31,4.0,128,6,1,2,109,9810
333,137,94,43,3.0,129,2,3,3,110,3290
154,89,34,55,4.0,130,6,6,3,111,3060
560,167,161,6,3.5,131,2,1,1,112,5635
471,137,97,40,3.1,132,8,2,2,111,2425
196,92,28,64,3.4,133,8,4,2,8,700
406,133,97,36,4.9,134,9,1,3,113,2910
561,181,174,7,4.5,135,7,5,2,114,12180
583,148,117,31,3.0,136,4,3,2,115,1755
338,119,74,45,4.3,137,10,3,1,46,1850
391,140,99,41,4.3,138,3,5,1,116,5940
482,145,105,40,3.6,139,6,1,3,117,9450
270,101,41,60,4.3,140,5,6,1,118,820
450,153,131,22,3.2,141,4,6,2,119,1965
293,102,44,58,4.9,142,4,5,2,120,660
428,121,68,53,3.4,143,7,3,1,121,4760
489,143,107,36,3.5,144,5,2,3,122,2140
185,88,34,54,4.7,145,3,6,2,80,2040
151,85,27,58,3.5,146,2,1,1,45,945
217,98,35,63,4.2,147,1,5,1,123,1400
176,85,30,55,3.1,148,6,5,1,124,2700
453,152,128,24,3.1,149,9,5,3,125,3840
384,114,60,54,4.7,150,6,6,2,111,5400
401,117,59,58,3.6,151,5,3,2,126,1180
290,105,50,55,4.1,152,8,3,1,127,1250
370,133,94,39,4.8,153,2,2,2,128,3290
370,121,77,44,3.9,154,3,1,2,96,4620
310,115,60,55,4.9,155,5,4,2,129,1200
196,93,38,55,4.5,156,5,2,3,38,760
450,145,112,33,3.7,157,1,3,2,130,4480
297,113,61,52,4.0,158,1,3,3,131,2440
264,109,52,57,3.2,159,10,5,2,104,1300
563,167,161,6,4.7,160,3,1,2,132,9660
289,116,62,54,3.0,161,8,3,1,133,1550
185,81,23,58,3.4,162,4,2,2,134,345
230,105,53,52,4.9,163,7,4,3,135,3710
229,98,37,61,3.9,164,1,2,1,47,1480
376,126,80,46,3.2,165,2,4,3,109,2800
497,150,119,31,3.1,166,6,3,1,136,10710
153,85,31,54,3.3,167,1,5,2,137,1240
211,101,38,63,3.3,168,7,5,3,138,2660
406,118,72,46,4.5,169,3,3,2,20,4320
189,88,33,55,4.3,170,10,4,1,139,825
160,85,28,57,3.9,171,4,1,1,140,420
373,132,87,45,4.0,172,5,2,3,41,1740
263,100,45,55,3.2,173,7,1,3,137,3150
329,109,48,61,3.5,174,7,6,1,53,3360
539,144,116,28,4.3,175,8,6,2,141,2900
379,136,98,38,3.6,176,2,3,2,142,3430
376,133,92,41,3.1,177,10,3,1,143,2300
386,114,66,48,3.6,178,6,1,1,144,5940
454,139,102,37,4.9,179,2,3,1,34,3570
483,162,148,14,3.3,180,2,5,3,145,5180
565,177,170,7,3.1,181,5,1,3,146,3400
418,139,98,41,3.8,182,10,6,3,147,2450
176,79,14,65,4.1,183,2,3,2,148,490
520,160,145,15,4.3,184,6,6,3,149,13050
216,95,35,60,4.3,185,4,6,3,66,525
197,89,23,66,3.7,186,9,3,1,45,690
542,147,111,36,3.3,187,7,1,1,107,7770
544,165,159,6,4.2,188,9,6,1,114,4770
233,106,42,64,3.8,189,8,2,3,47,1050
377,132,94,38,3.9,190,3,3,2,150,5640
564,157,138,19,5.0,191,6,1,1,151,12420
407,155,139,16,3.4,192,4,3,3,64,2085
176,90,31,59,4.9,193,6,3,1,152,2790
295,103,47,56,3.3,194,5,2,2,153,940
568,181,178,3,3.1,195,3,4,1,139,10680
347,120,68,52,4.9,196,3,5,3,154,4080
220,106,49,57,4.4,197,8,5,3,155,1225
379,137,90,47,3.5,198,10,6,2,156,2250
420,142,103,39,3.6,199,2,1,2,157,3605
477,129,90,39,4.8,200,4,3,1,158,1350
473,152,123,29,3.9,201,1,6,2,47,4920
442,154,125,29,4.0,202,3,1,3,159,7500
428,132,88,44,3.1,203,9,6,1,160,2640
532,181,177,4,3.5,204,6,5,3,161,15930
545,144,108,36,4.1,205,5,3,2,162,2160
506,163,143,20,4.4,206,10,1,1,163,3575
253,107,49,58,4.9,207,6,2,1,164,4410
392,145,108,37,3.6,208,9,1,3,165,3240
289,106,48,58,4.5,209,7,5,2,158,3360
404,136,101,35,4.0,210,8,3,3,149,2525
190,88,27,61,3.2,211,4,1,2,166,405
306,103,46,57,3.7,212,6,4,2,167,4140
464,147,121,26,4.9,213,7,4,2,145,8470
336,128,77,51,4.7,214,4,6,2,168,1155
214,102,42,60,3.7,215,1,2,3,169,1680
228,103,43,60,3.9,216,2,3,1,170,1505
421,128,79,49,3.5,217,8,4,2,171,1975
405,143,103,40,3.5,218,8,3,1,172,2575
259,105,48,57,3.4,219,10,3,2,173,1200
238,106,54,52,4.4,220,10,3,1,98,1350
513,167,165,2,3.3,221,7,5,2,59,11550
556,145,108,37,4.6,222,8,1,2,174,2700
334,124,76,48,3.3,223,1,3,3,110,3040
353,121,75,46,3.8,224,6,3,1,175,6750
312,111,59,52,4.0,225,8,6,1,90,1475
243,98,46,52,3.1,226,2,5,2,63,1610
305,106,54,52,3.5,227,8,2,2,6,1350
278,104,44,60,4.2,228,5,5,3,56,880
453,129,85,44,4.4,229,8,6,2,5,2125
171,82,26,56,4.5,230,2,2,3,152,910
542,163,142,21,4.0,231,3,3,2,30,8520
478,136,101,35,4.4,232,6,4,2,176,9090
502,160,143,17,3.9,233,5,2,3,177,2860
310,117,71,46,3.7,234,8,3,2,178,1775
413,126,79,47,3.2,235,7,6,1,179,5530
199,96,43,53,4.2,236,8,5,1,74,1075
445,128,77,51,4.0,237,7,3,1,180,5390
600,163,149,14,4.0,238,10,4,3,165,3725
330,110,57,53,4.8,239,2,2,1,77,1995
296,116,63,53,3.3,240,10,6,2,181,1575
541,139,94,45,4.1,241,7,4,2,30,6580
297,116,69,47,4.1,242,9,5,3,182,2070
210,90,36,54,5.0,243,2,2,2,183,1260
251,106,42,64,3.1,244,8,3,3,184,1050
383,131,89,42,3.6,245,9,2,3,43,2670
453,147,113,34,3.9,246,6,4,2,185,10170
494,164,156,8,4.8,247,7,5,3,124,10920
455,156,140,16,4.9,248,1,4,2,186,5600
519,140,106,34,4.4,249,3,5,2,187,6360
166,79,20,59,3.6,250,3,6,1,65,1200
360,141,108,33,4.5,251,3,3,3,188,6480
256,110,55,55,4.1,252,9,3,1,189,1650
422,139,108,31,4.4,253,10,4,1,190,2700
462,158,135,23,4.1,254,6,1,2,163,12150
510,157,135,22,4.1,255,6,5,3,115,12150
443,162,147,15,4.6,256,5,3,3,191,2940
297,113,59,54,4.3,257,1,6,3,192,2360
573,183,183,0,3.5,258,3,3,1,193,10980
272,107,52,55,3.5,259,2,2,2,194,1820
361,111,61,50,3.3,260,5,4,1,195,1220
484,152,131,21,4.9,261,4,4,1,78,1965
543,173,173,0,4.7,262,1,2,3,196,6920
578,187,184,3,4.6,263,4,2,1,197,2760
598,160,145,15,3.2,264,6,2,2,198,13050
478,171,163,8,4.7,265,10,3,3,199,4075
564,162,147,15,4.3,266,3,5,3,200,8820
554,147,122,25,4.3,267,7,1,1,198,8540
317,125,72,53,5.0,268,9,5,3,201,2160
153,81,27,54,3.5,269,3,4,3,202,1620
520,157,135,22,4.4,270,2,6,3,45,4725
388,124,77,47,4.8,271,5,1,2,146,1540
477,161,141,20,4.9,272,5,4,3,105,2820
532,153,129,24,4.8,273,10,3,1,202,3225
540,159,141,18,4.4,274,3,2,2,203,8460
181,87,22,65,3.3,275,5,6,2,171,440
498,146,116,30,3.9,276,5,5,3,58,2320
412,144,112,32,3.9,277,8,4,3,106,2800
352,126,81,45,3.1,278,1,1,2,19,3240
427,161,145,16,3.1,279,5,2,3,14,2900
542,153,127,26,3.9,280,8,3,1,204,3175
499,168,158,10,3.2,281,5,6,3,205,3160
215,103,51,52,3.0,282,9,6,3,203,1530
367,141,101,40,3.9,283,9,3,3,177,3030
598,163,153,10,3.8,284,3,6,3,104,9180
184,86,29,57,4.4,285,3,2,1,124,1740
355,122,77,45,4.7,286,1,1,1,158,3080
298,111,61,50,4.3,287,9,5,1,106,1830
598,165,151,14,3.1,288,6,2,1,196,13590
470,145,106,39,4.9,289,8,3,2,206,2650
552,168,160,8,3.3,290,4,3,2,163,2400
392,122,76,46,3.3,291,9,2,1,207,2280
361,119,64,55,3.4,292,9,1,1,142,1920
583,168,166,2,3.4,293,10,1,1,208,4150
458,142,111,31,4.2,294,2,2,3,209,3885
395,123,66,57,3.4,295,3,5,2,49,3960
532,164,155,9,3.4,296,5,1,2,210,3100
547,158,141,17,3.7,297,7,4,2,211,9870
404,150,126,24,3.9,298,9,1,3,173,3780
310,113,55,58,4.5,299,7,1,1,59,3850
449,144,106,38,3.7,300,9,3,3,124,3180
405,123,80,43,4.0,301,3,3,2,65,4800
385,117,69,48,4.1,302,10,5,2,212,1725
418,147,119,28,3.1,303,1,2,2,213,4760
581,161,141,20,3.0,304,8,6,3,4,3525
180,92,26,66,3.0,305,7,3,3,214,1820
158,85,23,62,3.0,306,1,3,3,96,920
562,180,179,1,3.3,307,4,2,2,101,2685
279,111,51,60,3.7,308,9,4,2,51,1530
274,107,57,50,4.7,309,2,6,3,201,1995
197,87,28,59,3.1,310,1,4,2,181,1120
192,90,29,61,4.1,311,8,4,2,37,725
267,98,34,64,4.4,312,1,5,2,215,1360
486,162,146,16,3.0,313,2,2,2,216,5110
535,174,169,5,3.3,314,8,3,2,85,4225
496,144,115,29,3.3,315,4,3,2,77,1725
406,117,64,53,3.5,316,5,3,2,186,1280
543,191,187,4,3.1,317,2,3,3,168,6545
266,108,55,53,4.2,318,10,4,3,217,1375
301,100,37,63,3.8,319,2,2,1,65,1295
312,102,42,60,3.9,320,4,1,1,39,630
194,88,29,59,4.0,321,8,5,1,218,725
331,118,71,47,3.6,322,5,6,1,219,1420
361,128,83,45,4.8,323,6,1,1,149,7470
236,91,29,62,3.6,324,9,3,2,55,870
235,95,36,59,4.6,325,5,4,1,118,720
519,170,161,9,3.9,326,3,3,3,160,9660
352,137,95,42,3.9,327,1,4,3,98,3800
219,95,40,55,3.4,328,2,4,2,136,1400
313,123,79,44,3.5,329,4,4,1,190,1185
336,127,82,45,3.4,330,4,2,3,207,1230
512,163,156,7,4.4,331,10,5,1,78,3900
221,89,33,56,3.3,332,10,3,2,204,825
379,137,99,38,4.0,333,5,3,3,14,1980
168,82,19,63,4.3,334,9,1,3,220,570
172,90,29,61,4.9,335,2,3,1,26,1015
200,90,31,59,4.1,336,1,1,1,136,1240
378,124,78,46,4.2,337,3,4,2,186,4680
162,79,14,65,3.2,338,7,1,1,221,980
325,123,72,51,4.0,339,6,1,3,222,6480
313,101,47,54,3.2,340,10,5,2,95,1175
496,149,121,28,3.3,341,5,2,2,223,2420
268,103,49,54,3.9,342,10,1,3,224,1225
251,98,43,55,3.4,343,2,4,2,62,1505
445,134,88,46,3.9,344,5,2,2,132,1760
420,137,99,38,3.8,345,10,3,2,225,2475
582,194,194,0,4.6,346,7,1,3,172,13580
494,134,89,45,3.2,347,5,5,2,159,1780
411,135,95,40,3.8,348,8,4,2,226,2375
505,165,154,11,3.6,349,9,6,3,198,4620
467,170,166,4,3.3,350,10,5,3,198,4150
484,153,127,26,4.4,351,9,4,2,227,3810
192,97,34,63,3.6,352,8,6,3,228,850
297,110,60,50,4.5,353,9,5,1,191,1800
443,147,122,25,5.0,354,5,5,2,78,2440
429,123,79,44,4.3,355,10,5,1,229,1975
380,145,107,38,3.9,356,1,4,3,230,4280
565,178,178,0,4.3,357,3,3,1,231,10680
551,172,172,0,3.7,358,8,2,2,232,4300
236,93,31,62,4.9,359,9,4,2,216,930
219,101,49,52,4.3,360,5,1,2,165,980
224,100,47,53,4.7,361,3,3,1,233,2820
445,154,129,25,3.9,362,8,3,3,185,3225
413,138,97,41,3.9,363,4,3,1,39,1455
151,86,27,59,4.3,364,2,6,3,234,945
557,163,149,14,4.6,365,5,3,3,101,2980
574,181,174,7,4.1,366,7,4,3,92,12180
173,82,29,53,3.3,367,1,5,3,235,1160
253,107,48,59,3.3,368,4,6,1,236,720
278,109,56,53,3.3,369,7,5,1,191,3920
521,151,118,33,4.4,370,6,6,2,137,10620
189,88,28,60,3.0,371,10,2,1,52,700
590,181,175,6,3.8,372,5,1,3,119,3500
338,114,66,48,4.5,373,7,1,1,219,4620
185,88,24,64,3.9,374,8,6,2,237,600
360,131,81,50,4.8,375,8,3,2,238,2025
523,172,168,4,4.6,376,2,4,1,156,5880
277,118,70,48,3.1,377,5,3,3,230,1400
415,151,121,30,4.3,378,3,6,3,111,7260
207,98,34,64,4.1,379,4,5,3,211,510
217,96,40,56,3.3,380,7,4,3,239,2800
450,131,80,51,4.8,381,1,2,1,240,3200
471,141,104,37,3.2,382,6,3,2,241,9360
228,92,34,58,4.8,383,2,1,2,46,1190
350,115,60,55,4.5,384,7,6,2,104,4200
194,88,30,58,3.1,385,3,1,1,211,1800
211,95,31,64,4.0,386,8,2,2,242,775
550,146,109,37,4.5,387,9,3,2,243,3270
544,171,164,7,4.0,388,5,5,2,209,3280
471,142,105,37,3.1,389,2,5,2,225,3675
230,102,48,54,4.4,390,7,1,1,170,3360
151,77,18,59,3.7,391,9,2,2,244,540
433,127,76,51,3.8,392,1,3,1,157,3040
442,149,113,36,3.4,393,5,1,3,59,2260
185,90,28,62,3.7,394,4,4,1,22,420
338,127,77,50,4.5,395,1,5,3,245,3080
452,159,142,17,4.5,396,7,1,3,55,9940
359,122,76,46,4.7,397,1,2,1,246,3040
538,185,185,0,3.6,398,1,3,3,37,7400
364,135,89,46,4.4,399,3,1,2,247,5340
582,175,171,4,3.9,400,3,3,1,5,10260
408,118,68,50,3.1,401,5,5,2,248,1360
299,119,67,52,4.4,402,3,4,1,249,4020
289,124,71,53,4.6,403,10,2,3,167,1775
204,90,30,60,3.2,404,8,5,1,250,750
307,119,62,57,3.3,405,10,4,1,251,1550
170,83,28,55,3.5,406,2,5,3,38,980
175,86,21,65,3.1,407,9,3,3,252,630
533,153,122,31,4.6,408,9,6,3,201,3660
181,82,22,60,3.7,409,1,2,1,156,880
448,153,122,31,3.0,410,5,3,2,253,2440
564,179,179,0,4.6,411,10,2,1,254,4475
175,89,28,61,4.0,412,10,5,1,122,700
238,104,44,60,3.6,413,4,1,2,102,660
467,148,118,30,3.8,414,2,6,1,157,4130
194,88,25,63,4.3,415,1,4,3,78,1000
556,172,168,4,4.0,416,9,5,1,255,5040
407,134,85,49,3.6,417,2,4,3,235,2975
179,89,26,63,4.9,418,6,4,1,256,2340
286,112,54,58,4.2,419,3,6,1,103,3240
240,109,57,52,3.7,420,8,5,3,161,1425
440,140,98,42,4.7,421,7,6,1,206,6860
239,90,27,63,4.2,422,6,1,2,118,2430
150,83,22,61,4.4,423,10,1,2,67,550
225,99,47,52,4.1,424,1,6,1,257,1880
510,155,130,25,3.6,425,7,3,1,8,9100
555,167,153,14,4.4,426,4,3,1,98,2295
552,167,164,3,3.4,427,2,1,2,12,5740
215,100,44,56,3.8,428,6,2,2,19,3960
458,146,108,38,4.9,429,8,1,1,170,2700
271,104,41,63,4.6,430,5,4,3,222,820
378,117,69,48,3.1,431,7,5,2,49,4830
174,87,23,64,4.8,432,1,4,1,258,920
429,157,141,16,4.7,433,7,1,3,118,9870
233,101,36,65,3.6,434,3,1,2,259,2160
187,97,33,64,4.5,435,5,1,3,59,660
454,147,115,32,4.9,436,7,3,1,260,8050
230,93,30,63,3.8,437,4,2,2,232,450
285,102,38,64,3.1,438,9,3,2,245,1140
228,87,21,66,3.6,439,10,5,2,25,525
395,114,56,58,4.3,440,2,2,2,7,1960
307,118,69,49,3.5,441,5,4,3,261,1380
244,96,37,59,3.1,442,4,4,2,212,555
265,102,48,54,4.3,443,6,1,3,143,4320
563,182,182,0,3.5,444,7,3,2,248,12740
364,133,87,46,4.0,445,9,3,3,146,2610
407,129,89,40,3.9,446,1,6,3,262,3560
214,86,29,57,3.9,447,3,5,1,263,1740
282,97,39,58,3.8,448,2,1,1,176,1365
384,125,72,53,3.3,449,9,5,3,264,2160
204,95,42,53,4.1,450,5,6,2,23,840
346,129,84,45,3.1,451,6,3,3,100,7560
466,138,97,41,4.4,452,8,3,3,76,2425
287,103,51,52,3.6,453,10,1,2,265,1275
594,174,174,0,3.9,454,5,2,3,216,3480
459,142,103,39,4.8,455,4,6,3,196,1545
538,170,166,4,4.6,456,10,3,2,29,4150
356,121,77,44,3.4,457,9,2,3,254,2310
383,132,86,46,3.7,458,1,5,1,31,3440
475,135,94,41,4.2,459,4,2,2,142,1410
432,136,92,44,4.5,460,2,4,3,266,3220
164,78,21,57,4.6,461,6,1,1,186,1890
496,154,132,22,3.0,462,3,5,1,238,7920
217,95,29,66,3.4,463,10,6,1,267,725
366,131,83,48,3.9,464,6,4,3,9,7470
353,107,54,53,4.9,465,2,6,2,150,1890
461,148,118,30,3.1,466,2,4,2,226,4130
591,175,175,0,3.6,467,7,4,2,76,12250
179,87,31,56,3.3,468,3,3,2,157,1860
301,108,56,52,3.1,469,10,4,2,3,1400
325,119,71,48,4.6,470,3,6,2,147,4260
303,113,59,54,3.3,471,9,2,3,49,1770
540,164,147,17,3.7,472,9,5,2,268,4410
340,125,71,54,3.9,473,7,4,3,19,4970
467,157,137,20,3.2,474,2,5,2,39,4795
302,126,73,53,3.3,475,9,1,3,269,2190
441,143,112,31,3.4,476,4,1,3,270,1680
473,161,138,23,3.9,477,7,5,3,261,9660
541,169,168,1,3.2,478,2,5,1,271,5880
356,126,72,54,4.1,479,4,4,3,159,1080
537,137,91,46,4.3,480,7,6,1,226,6370
309,109,55,54,3.6,481,7,2,1,180,3850
298,108,55,53,5.0,482,6,4,1,254,4950
534,188,188,0,3.8,483,7,2,3,223,13160
258,103,40,63,3.2,484,8,6,1,244,1000
342,125,79,46,3.1,485,1,3,2,153,3160
484,153,127,26,3.9,486,5,2,2,158,2540
392,119,71,48,4.3,487,6,6,2,6,6390
489,164,156,8,3.3,488,5,3,3,272,3120
210,96,37,59,3.4,489,2,1,2,273,1295
253,103,38,65,4.1,490,9,4,3,270,1140
319,102,38,64,4.8,491,10,2,2,85,950
226,98,34,64,4.8,492,10,2,2,274,850
301,100,48,52,3.3,493,10,4,1,163,1200
560,172,164,8,3.2,494,7,3,3,42,11480
489,141,105,36,4.9,495,8,6,1,275,2625
340,108,51,57,4.9,496,5,1,2,209,1020
559,159,145,14,4.5,497,10,1,3,217,3625
452,129,83,46,4.6,498,4,4,1,57,1245
397,140,103,37,3.1,499,8,1,1,276,2575
156,86,30,56,4.7,500,7,6,2,173,2100
198,89,33,56,4.4,501,2,1,2,56,1155
463,147,111,36,4.0,502,9,2,1,149,3330
188,88,26,62,3.1,503,8,4,3,91,650
356,120,74,46,4.1,504,4,2,2,277,1110
311,125,70,55,3.2,505,10,5,3,278,1750
431,145,114,31,4.3,506,9,2,1,279,3420
485,163,147,16,4.7,507,3,3,2,280,8820
436,155,130,25,4.4,508,7,3,3,277,9100
151,83,29,54,3.6,509,3,4,1,172,1740
173,84,29,55,4.5,510,5,5,3,281,580
462,129,89,40,3.8,511,6,2,1,204,8010
205,97,44,53,4.3,512,7,1,1,164,3080
487,176,167,9,4.1,513,10,6,3,6,4175
579,184,184,0,4.8,514,4,3,2,158,2760
238,90,34,56,4.2,515,2,6,2,266,1190
364,116,61,55,4.9,516,4,6,2,196,915
361,131,88,43,4.7,517,8,3,1,282,2200
473,134,96,38,3.6,518,9,2,2,153,2880
513,152,130,22,4.3,519,8,6,2,100,3250
437,143,114,29,4.1,520,7,4,1,174,7980
204,85,29,56,3.1,521,9,5,1,14,870
499,162,151,11,4.6,522,6,1,1,133,13590
333,119,71,48,4.5,523,1,1,2,283,2840
349,124,69,55,4.9,524,9,5,2,277,2070
432,155,128,27,4.2,525,7,2,3,161,8960
536,168,156,12,3.6,526,7,6,1,84,10920
245,96,36,60,3.6,527,5,2,2,266,720
449,134,96,38,4.9,528,8,1,1,30,2400
455,140,105,35,4.1,529,7,5,1,42,7350
419,134,97,37,4.0,530,7,2,2,35,6790
356,113,55,58,4.3,531,9,5,2,129,1650
261,118,72,46,4.5,532,6,3,3,284,6480
492,138,103,35,4.2,533,5,4,1,155,2060
499,165,148,17,3.8,534,1,4,1,94,5920
162,82,24,58,3.9,535,6,3,2,113,2160
314,131,82,49,4.9,536,3,6,3,285,4920
470,150,127,23,3.4,537,1,2,2,203,5080
255,110,48,62,4.5,538,5,3,3,71,960
517,137,90,47,3.4,539,10,1,1,286,2250
444,135,94,41,4.3,540,5,5,2,287,1880
349,129,86,43,4.4,541,1,6,3,89,3440
173,82,24,58,3.2,542,2,6,2,60,840
194,91,38,53,4.3,543,2,4,3,38,1330
262,108,58,50,4.1,544,9,5,1,288,1740
496,166,149,17,4.1,545,6,3,1,39,13410
171,84,19,65,3.6,546,5,5,1,289,380
480,133,87,46,4.2,547,4,6,1,100,1305
242,104,48,56,3.9,548,5,6,1,290,960
493,133,95,38,4.2,549,6,5,1,78,8550
493,146,116,30,3.1,550,8,6,3,284,2900
380,141,99,42,4.1,551,10,4,3,182,2475
236,98,36,62,4.4,552,4,5,3,8,540
580,188,184,4,4.8,553,6,1,3,212,16560
546,174,167,7,4.3,554,7,4,3,64,11690
425,153,131,22,3.2,555,8,5,3,261,3275
473,154,126,28,4.8,556,9,5,1,168,3780
426,141,101,40,4.8,557,9,1,3,96,3030
218,91,33,58,3.0,558,6,1,2,23,2970
537,155,127,28,4.1,559,8,6,2,211,3175
526,172,163,9,3.4,560,8,3,2,33,4075
285,97,34,63,4.0,561,5,1,1,234,680
382,149,118,31,3.2,562,10,2,3,160,2950
577,168,163,5,3.3,563,6,3,2,58,14670
450,151,123,28,4.9,564,7,6,3,181,8610
330,123,76,47,3.0,565,4,4,2,277,1140
267,104,42,62,3.3,566,8,5,3,156,1050
488,158,143,15,3.2,567,5,5,2,291,2860
257,110,54,56,3.0,568,10,6,3,292,1350
453,145,105,40,4.8,569,2,2,1,285,3675
282,108,54,54,4.3,570,8,5,1,127,1350
260,115,57,58,3.4,571,5,4,3,7,1140
556,166,157,9,3.5,572,8,6,2,293,3925
455,143,107,36,3.3,573,10,6,3,38,2675
590,182,182,0,3.2,574,9,3,1,124,5460
169,78,22,56,3.3,575,2,6,2,294,770
546,160,140,20,4.7,576,1,3,2,291,5600
267,100,47,53,4.5,577,4,4,2,101,705
367,122,69,53,4.8,578,5,5,2,119,1380
598,173,164,9,4.4,579,2,3,3,166,5740
210,90,26,64,4.4,580,9,6,2,4,780
204,98,36,62,3.5,581,7,5,3,11,2520
337,138,98,40,4.5,582,2,3,3,46,3430
397,131,87,44,3.5,583,9,5,2,279,2610
546,168,167,1,4.7,584,7,3,2,19,11690
378,114,61,53,3.8,585,3,6,2,231,3660
506,138,102,36,3.0,586,2,6,2,148,3570
457,126,75,51,3.7,587,10,1,1,295,1875
355,126,81,45,3.1,588,4,3,1,9,1215
374,134,97,37,4.0,589,10,2,2,123,2425
411,135,97,38,3.1,590,2,6,1,182,3395
230,100,40,60,4.3,591,1,5,2,211,1600
415,146,115,31,3.6,592,3,2,2,201,6900
327,118,62,56,3.9,593,7,1,2,224,4340
283,106,51,55,3.1,594,1,5,2,27,2040
561,192,192,0,4.6,595,5,3,3,296,3840
343,125,82,43,3.7,596,10,3,2,287,2050
450,127,74,53,3.8,597,10,5,2,164,1850
559,180,179,1,4.1,598,3,4,2,256,10740
297,120,75,45,3.7,599,3,5,3,88,4500
310,121,67,54,3.4,600,10,1,1,245,1675
527,164,158,6,3.5,601,10,2,1,267,3950
578,150,116,34,3.2,602,3,3,1,297,6960
464,154,129,25,4.2,603,10,2,2,262,3225
401,127,85,42,4.2,604,6,5,2,118,7650
394,128,81,47,4.7,605,4,6,2,82,1215
507,157,129,28,3.0,606,5,3,3,123,2580
201,96,35,61,3.4,607,2,4,3,271,1225
391,124,75,49,3.8,608,6,3,1,225,6750
336,115,64,51,3.3,609,7,4,2,135,4480
566,176,175,1,3.9,610,3,5,2,90,10500
559,160,136,24,3.4,611,8,6,1,102,3400
423,143,106,37,3.5,612,9,3,1,97,3180
200,83,30,53,3.5,613,4,6,1,170,450
531,150,123,27,4.1,614,10,4,1,253,3075
360,140,105,35,3.4,615,1,5,3,258,4200
239,94,36,58,4.0,616,9,4,2,90,1080
464,147,111,36,4.7,617,4,4,1,298,1665
473,168,155,13,3.2,618,4,3,3,1,2325
312,117,67,50,4.3,619,7,3,1,223,4690
532,166,151,15,4.7,620,7,3,3,218,10570
488,137,96,41,3.2,621,3,1,2,80,5760
177,90,24,66,3.2,622,9,5,3,60,720
485,137,101,36,3.6,623,5,4,1,299,2020
419,119,65,54,4.7,624,8,2,1,300,1625
595,186,179,7,4.9,625,10,3,3,264,4475
452,144,114,30,4.8,626,8,3,2,101,2850
308,112,63,49,3.2,627,9,4,2,16,1890
283,103,46,57,4.6,628,4,5,3,19,690
390,143,108,35,4.9,629,6,6,3,98,9720
542,175,175,0,3.0,630,1,4,3,202,7000
437,129,87,42,4.5,631,4,4,1,226,1305
284,116,64,52,4.5,632,3,5,3,61,3840
295,107,56,51,3.1,633,6,3,2,276,5040
476,148,121,27,4.0,634,5,4,3,98,2420
175,80,15,65,3.6,635,8,6,1,196,375
522,138,92,46,4.0,636,10,2,2,80,2300
552,172,172,0,3.1,637,6,4,3,223,15480
286,108,47,61,3.4,638,1,1,1,261,1880
212,95,36,59,3.5,639,1,6,3,287,1440
526,154,133,21,4.9,640,10,2,1,301,3325
531,146,117,29,3.6,641,1,6,1,257,4680
207,88,24,64,4.6,642,3,5,1,160,1440
554,180,180,0,4.6,643,4,2,1,250,2700
229,91,32,59,3.2,644,2,1,2,294,1120
180,93,39,54,3.2,645,1,1,3,299,1560
435,146,115,31,4.5,646,7,3,1,234,8050
333,110,48,62,4.0,647,4,6,2,67,720
427,125,72,53,4.1,648,6,3,2,95,6480
290,98,35,63,3.9,649,10,6,2,257,875
382,133,83,50,4.2,650,7,5,2,225,5810
314,116,64,52,4.6,651,3,6,2,8,3840
542,162,146,16,3.8,652,10,6,2,210,3650
417,119,62,57,3.4,653,5,6,1,196,1240
398,115,65,50,4.7,654,5,2,1,10,1300
469,139,97,42,4.2,655,9,3,3,162,2910
485,145,116,29,3.1,656,3,1,1,24,6960
570,177,172,5,4.1,657,4,1,2,184,2580
260,100,38,62,4.1,658,5,6,3,24,760
486,149,121,28,3.8,659,9,2,1,210,3630
333,121,70,51,4.8,660,2,3,2,17,2450
355,125,78,47,5.0,661,9,3,1,263,2340
431,144,113,31,3.9,662,7,4,3,84,7910
438,133,91,42,4.9,663,3,6,2,257,5460
379,141,102,39,4.2,664,10,1,3,138,2550
153,77,16,61,3.0,665,6,1,1,56,1440
411,129,84,45,3.7,666,9,6,3,41,2520
448,142,104,38,3.2,667,7,2,3,13,7280
525,166,151,15,4.0,668,3,5,2,179,9060
569,144,115,29,4.2,669,2,5,2,41,4025
328,126,72,54,4.7,670,7,4,1,262,5040
155,75,18,57,3.1,671,2,3,2,244,630
317,105,51,54,4.5,672,8,6,2,113,1275
444,140,100,40,4.6,673,2,6,3,185,3500
192,89,26,63,3.2,674,7,1,1,127,1820
540,173,171,2,3.8,675,8,5,3,221,4275
465,134,89,45,4.6,676,9,6,1,25,2670
195,87,26,61,3.4,677,2,5,2,257,910
544,178,178,0,4.6,678,1,1,2,100,7120
375,116,61,55,3.3,679,8,2,2,84,1525
274,112,63,49,3.6,680,1,6,1,248,2520
306,100,38,62,4.5,681,5,4,2,223,760
417,137,92,45,4.4,682,9,4,1,21,2760
448,131,80,51,3.6,683,4,6,1,302,1200
177,79,23,56,3.5,684,6,1,2,119,2070
159,82,22,60,4.0,685,5,4,3,111,440
398,120,70,50,4.9,686,7,6,1,174,4900
170,81,21,60,4.5,687,1,5,2,12,840
331,117,66,51,3.6,688,7,3,3,303,4620
599,189,184,5,3.5,689,6,1,2,146,16560
194,93,37,56,4.2,690,8,3,3,178,925
363,120,66,54,4.8,691,3,2,2,300,3960
217,100,45,55,4.6,692,9,2,3,45,1350
219,101,45,56,4.8,693,9,1,3,13,1350
422,124,81,43,4.8,694,9,6,1,304,2430
360,137,104,33,4.8,695,4,4,3,305,1560
204,83,26,57,4.2,696,3,2,1,191,1560
268,98,32,66,3.7,697,2,6,2,306,1120
407,148,116,32,3.4,698,8,3,3,186,2900
220,94,34,60,4.5,699,10,2,3,161,850
263,114,54,60,3.4,700,4,6,3,79,810
502,164,151,13,3.8,701,10,4,2,95,3775
518,157,141,16,4.1,702,4,4,2,145,2115
416,131,80,51,4.8,703,1,5,2,46,3200
352,121,72,49,4.5,704,9,6,2,246,2160
375,132,86,46,3.9,705,6,4,1,265,7740
177,89,33,56,3.9,706,2,6,3,14,1155
548,155,130,25,3.9,707,8,6,1,221,3250
514,149,119,30,4.4,708,2,5,3,307,4165
196,91,25,66,4.0,709,5,5,1,153,500
463,144,103,41,4.5,710,9,5,2,227,3090
233,101,36,65,3.8,711,8,2,2,199,900
297,100,37,63,4.9,712,10,6,2,308,925
156,85,27,58,4.6,713,6,4,2,99,2430
261,107,51,56,3.2,714,3,3,3,9,3060
430,121,66,55,3.1,715,3,1,1,309,3960
587,159,135,24,3.1,716,8,5,1,310,3375
494,166,160,6,4.2,717,8,1,1,83,4000
315,120,74,46,3.9,718,6,4,1,311,6660
391,133,88,45,3.7,719,6,2,1,78,7920
506,136,99,37,5.0,720,3,2,2,279,5940
520,151,130,21,3.6,721,10,3,1,312,3250
331,116,66,50,4.0,722,2,5,2,255,2310
512,133,83,50,3.9,723,3,1,2,107,4980
559,158,136,22,3.7,724,3,3,2,231,8160
477,136,90,46,3.6,725,1,5,1,313,3600
542,165,153,12,3.8,726,7,2,2,144,10710
576,157,135,22,4.8,727,1,2,2,314,5400
480,145,112,33,4.8,728,1,5,3,193,4480
551,187,182,5,4.1,729,10,1,3,46,4550
424,147,115,32,4.6,730,9,2,3,169,3450
293,119,70,49,4.1,731,8,5,1,26,1750
349,129,88,41,3.6,732,2,2,2,232,3080
289,107,47,60,3.7,733,1,1,2,11,1880
304,107,44,63,4.6,734,9,2,1,272,1320
162,82,23,59,4.5,735,9,1,3,5,690
223,95,29,66,3.9,736,7,2,3,315,2030
309,107,44,63,3.2,737,1,2,1,281,1760
161,83,20,63,3.6,738,6,3,2,111,1800
422,150,119,31,3.3,739,6,4,3,51,10710
468,133,88,45,4.1,740,1,6,1,191,3520
443,124,77,47,4.8,741,6,2,1,218,6930
216,105,41,64,3.2,742,1,5,3,113,1640
350,123,70,53,3.7,743,4,5,1,82,1050
190,82,28,54,4.8,744,9,1,2,70,840
308,110,51,59,3.3,745,10,3,1,200,1275
350,136,93,43,3.9,746,7,5,3,316,6510
207,90,26,64,3.6,747,10,4,1,305,650
215,91,36,55,4.6,748,2,6,2,310,1260
555,156,134,22,3.5,749,5,4,2,264,2680
396,124,81,43,4.4,750,8,1,2,55,2025
553,160,146,14,3.2,751,2,1,3,136,5110
208,88,23,65,4.6,752,10,3,2,153,575
185,94,37,57,4.5,753,4,6,3,266,555
480,143,114,29,3.3,754,10,6,3,65,2850
537,155,129,26,3.8,755,1,2,2,317,5160
255,103,51,52,4.8,756,3,3,3,48,3060
195,95,37,58,3.8,757,7,6,3,318,2590
339,113,60,53,4.6,758,1,6,3,63,2400
593,165,156,9,3.8,759,6,2,1,251,14040
357,122,75,47,3.3,760,4,4,2,304,1125
346,110,61,49,4.3,761,9,4,1,156,1830
481,154,130,24,4.3,762,5,2,1,237,2600
478,159,145,14,4.2,763,8,4,1,98,3625
382,127,81,46,3.8,764,8,3,2,109,2025
459,153,124,29,4.4,765,4,5,1,115,1860
445,166,158,8,4.0,766,9,1,3,209,4740
396,118,70,48,4.1,767,2,6,1,319,2450
190,89,32,57,4.5,768,9,6,3,216,960
558,166,154,12,4.1,769,9,3,1,302,4620
412,140,108,32,3.6,770,10,4,3,15,2700
533,139,101,38,4.2,771,2,4,1,263,3535
564,153,123,30,3.3,772,6,6,1,274,11070
217,95,33,62,3.0,773,6,3,3,171,2970
452,145,111,34,4.6,774,8,6,2,320,2775
398,124,70,54,4.9,775,3,2,2,173,4200
535,146,114,32,4.5,776,10,4,1,321,2850
525,160,148,12,4.6,777,2,1,1,263,5180
354,120,74,46,4.8,778,10,4,1,81,1850
392,139,100,39,3.0,779,4,1,3,195,1500
421,132,89,43,4.3,780,7,6,3,125,6230
321,121,68,53,4.3,781,6,4,2,89,6120
525,168,164,4,4.4,782,3,6,3,322,9840
155,88,22,66,3.8,783,9,6,3,107,660
329,109,47,62,3.0,784,10,5,1,315,1175
486,154,125,29,3.2,785,2,2,1,5,4375
486,161,149,12,3.4,786,4,6,1,152,2235
477,166,161,5,4.8,787,5,4,3,296,3220
549,184,181,3,3.8,788,8,5,3,257,4525
241,104,42,62,4.2,789,6,1,3,323,3780
205,86,30,56,3.2,790,10,5,2,307,750
202,83,28,55,3.5,791,6,2,2,84,2520
226,102,47,55,3.8,792,10,6,1,298,1175
350,120,74,46,4.0,793,7,6,2,188,5180
426,142,110,32,4.6,794,5,2,3,139,2200
424,140,102,38,3.1,795,2,4,1,324,3570
423,145,117,28,4.5,796,7,1,1,208,8190
433,141,102,39,4.4,797,8,5,1,208,2550
399,136,91,45,3.1,798,7,5,2,17,6370
272,95,37,58,4.3,799,2,4,2,325,1295
158,76,23,53,4.4,800,10,5,2,97,575
563,181,181,0,4.7,801,3,3,1,201,10860
269,108,52,56,4.3,802,2,2,2,157,1820
274,94,38,56,3.1,803,1,6,2,240,1520
462,153,122,31,3.2,804,10,2,1,19,3050
182,84,30,54,5.0,805,3,5,2,321,1800
211,94,40,54,3.4,806,7,6,3,169,2800
321,108,57,51,3.8,807,8,2,2,275,1425
234,110,47,63,3.3,808,9,1,3,119,1410
548,175,167,8,3.0,809,4,2,2,326,2505
295,113,55,58,3.3,810,2,4,1,307,1925
360,124,69,55,4.2,811,10,2,2,218,1725
471,141,106,35,3.5,812,5,4,2,97,2120
466,141,108,33,4.3,813,5,1,2,231,2160
207,91,27,64,4.3,814,3,5,1,76,1620
295,103,48,55,4.6,815,7,5,1,285,3360
529,142,99,43,4.0,816,5,2,1,128,1980
519,150,126,24,4.4,817,3,4,1,93,7560
316,106,49,57,4.7,818,5,2,1,264,980
391,115,60,55,3.3,819,5,3,1,207,1200
348,127,76,51,4.3,820,8,1,3,54,1900
215,89,24,65,4.7,821,7,2,1,218,1680
539,186,186,0,3.3,822,8,1,3,164,4650
445,125,83,42,4.0,823,8,6,2,313,2075
578,144,109,35,4.5,824,10,4,2,327,2725
372,135,96,39,4.9,825,7,6,1,230,6720
172,87,29,58,3.1,826,4,5,1,274,435
564,174,168,6,3.2,827,10,6,3,18,4200
261,98,42,56,5.0,828,4,5,2,239,630
232,108,56,52,4.2,829,6,3,3,124,5040
597,170,170,0,3.7,830,8,3,3,128,4250
590,162,152,10,3.7,831,1,6,2,142,6080
535,181,173,8,4.2,832,4,1,3,10,2595
413,144,104,40,3.8,833,1,3,2,199,4160
337,121,74,47,3.1,834,1,1,2,68,2960
321,117,69,48,4.9,835,8,2,1,174,1725
535,149,117,32,4.0,836,3,6,2,317,7020
182,90,32,58,4.1,837,1,4,3,14,1280
497,160,140,20,4.6,838,9,3,3,122,4200
384,123,69,54,3.6,839,3,2,1,220,4140
291,108,58,50,3.4,840,8,2,1,171,1450
363,121,70,51,3.9,841,6,6,1,176,6300
246,106,45,61,4.7,842,6,2,1,34,4050
360,126,83,43,3.7,843,7,3,2,58,5810
581,164,154,10,3.3,844,9,3,2,328,4620
266,112,63,49,4.7,845,6,4,1,329,5670
383,142,103,39,3.4,846,6,2,3,127,9270
232,88,27,61,4.1,847,8,2,2,123,675
244,107,49,58,3.3,848,7,2,3,143,3430
423,147,116,31,4.9,849,8,1,2,125,2900
229,104,43,61,3.9,850,7,5,3,192,3010
559,155,126,29,4.5,851,8,3,2,140,3150
209,90,36,54,3.4,852,9,1,1,42,1080
178,86,23,63,4.6,853,7,6,1,252,1610
192,90,25,65,5.0,854,1,3,1,132,1000
312,121,69,52,3.8,855,10,6,1,185,1725
340,122,69,53,5.0,856,4,5,3,126,1035
522,166,153,13,3.3,857,3,4,1,12,9180
221,88,25,63,3.9,858,4,6,2,109,375
452,134,96,38,4.8,859,5,1,3,315,1920
386,118,72,46,3.8,860,9,6,1,129,2160
571,178,178,0,3.9,861,1,4,3,245,7120
284,98,43,55,4.8,862,8,4,1,3,1075
502,132,94,38,3.6,863,10,6,1,83,2350
447,151,127,24,4.4,864,7,4,2,330,8890
412,143,103,40,4.2,865,7,6,1,331,7210
599,178,169,9,3.5,866,10,6,3,192,4225
174,85,19,66,4.0,867,7,4,2,135,1330
456,153,135,18,4.7,868,5,5,1,176,2700
199,99,34,65,3.3,869,7,3,3,272,2380
360,120,64,56,4.0,870,10,1,3,87,1600
503,147,110,37,3.2,871,2,6,2,332,3850
328,106,50,56,4.8,872,10,4,1,333,1250
238,89,35,54,3.2,873,7,3,2,47,2450
502,136,90,46,5.0,874,8,5,2,63,2250
189,91,25,66,3.4,875,5,5,2,109,500
453,127,77,50,3.1,876,9,5,2,10,2310
536,174,168,6,4.2,877,1,2,2,272,6720
164,87,24,63,4.9,878,7,2,1,270,1680
587,182,174,8,3.2,879,8,6,3,310,4350
261,111,51,60,4.8,880,9,6,1,187,1530
259,99,42,57,3.4,881,5,3,1,203,840
577,162,148,14,3.5,882,8,4,1,334,3700
388,137,95,42,4.4,883,5,2,3,320,1900
192,82,20,62,3.9,884,1,4,2,184,800
265,98,46,52,3.9,885,10,3,2,335,1150
241,107,50,57,3.9,886,7,5,3,72,3500
211,90,33,57,5.0,887,5,5,2,111,660
251,101,43,58,3.2,888,7,1,1,336,3010
292,114,65,49,4.3,889,10,3,2,109,1625
491,178,177,1,3.6,890,10,3,3,179,4425
278,99,36,63,3.1,891,5,4,1,128,720
497,145,115,30,3.7,892,10,2,1,82,2875
199,94,31,63,3.6,893,2,5,2,318,1085
283,120,70,50,4.1,894,9,3,3,337,2100
346,137,97,40,3.9,895,5,4,3,10,1940
487,147,111,36,3.6,896,9,1,1,10,3330
441,154,133,21,4.1,897,5,3,3,61,2660
587,177,175,2,4.2,898,9,2,3,91,5250
542,140,105,35,3.1,899,7,4,2,205,7350
163,85,24,61,3.7,900,2,3,3,338,840
178,86,30,56,3.6,901,7,6,3,252,2100
594,161,138,23,4.1,902,5,1,2,248,2760
440,141,108,33,3.9,903,4,3,3,197,1620
442,151,130,21,4.0,904,4,4,3,339,1950
322,106,46,60,3.7,905,3,4,2,41,2760
475,137,90,47,3.6,906,10,2,1,139,2250
469,163,151,12,3.2,907,3,6,3,274,9060
440,146,112,34,4.6,908,5,3,3,340,2240
561,183,179,4,3.4,909,9,4,3,259,5370
413,154,134,20,4.4,910,2,1,3,341,4690
259,97,41,56,4.1,911,10,3,2,198,1025
522,168,159,9,3.9,912,2,6,3,159,5565
582,158,145,13,4.8,913,6,4,1,77,13050
286,101,45,56,3.5,914,4,1,1,39,675
248,105,45,60,3.9,915,8,2,1,211,1125
481,145,108,37,3.1,916,4,2,3,224,1620
240,106,49,57,4.6,917,9,6,2,132,1470
458,155,131,24,4.8,918,7,1,1,106,9170
353,113,61,52,4.5,919,5,6,2,49,1220
546,159,134,25,3.5,920,2,3,2,342,4690
576,192,192,0,3.5,921,7,3,3,122,13440
204,97,39,58,3.8,922,8,2,1,14,975
423,128,81,47,3.9,923,10,1,1,23,2025
335,133,83,50,4.3,924,8,4,3,230,2075
503,141,103,38,3.6,925,1,6,1,306,4120
423,141,104,37,4.9,926,5,5,3,88,2080
571,166,151,15,4.8,927,5,5,3,138,3020
554,189,189,0,4.6,928,4,5,3,326,2835
580,196,196,0,3.2,929,4,4,3,343,2940
409,129,87,42,4.6,930,6,5,2,40,7830
540,176,176,0,4.3,931,1,2,3,167,7040
471,158,133,25,3.3,932,3,4,3,99,7980
583,179,175,4,3.9,933,8,3,2,22,4375
501,173,167,6,3.2,934,8,3,3,237,4175
598,148,111,37,4.8,935,4,1,1,319,1665
195,85,32,53,3.3,936,3,1,2,208,1920
457,127,78,49,3.3,937,4,1,2,341,1170
517,163,150,13,4.7,938,1,3,1,170,6000
515,170,170,0,4.6,939,3,2,1,92,10200
345,128,84,44,3.4,940,10,5,2,344,2100
364,130,79,51,3.6,941,3,5,2,87,4740
380,128,85,43,3.9,942,2,5,1,225,2975
596,192,192,0,3.8,943,8,4,3,15,4800
281,107,44,63,3.7,944,2,2,2,14,1540
460,136,97,39,4.2,945,7,6,3,32,6790
217,100,39,61,3.3,946,7,6,3,272,2730
217,102,43,59,3.3,947,10,5,3,118,1075
215,102,43,59,3.6,948,1,4,3,93,1720
414,144,109,35,4.5,949,6,4,2,225,9810
586,147,111,36,3.1,950,9,3,1,343,3330
283,105,48,57,3.1,951,10,5,1,75,1200
398,118,70,48,4.7,952,9,4,2,252,2100
254,113,63,50,4.0,953,5,1,3,6,1260
258,102,46,56,3.4,954,2,6,2,217,1610
496,131,90,41,5.0,955,10,5,1,171,2250
452,139,96,43,3.9,956,7,5,3,122,6720
382,129,76,53,3.7,957,10,3,2,147,1900
381,117,58,59,4.6,958,2,1,2,285,2030
530,153,125,28,3.4,959,1,5,3,87,5000
586,162,146,16,3.6,960,1,2,1,179,5840
302,115,59,56,4.8,961,5,4,1,181,1180
490,148,118,30,3.9,962,7,5,1,291,8260
438,135,92,43,4.6,963,6,3,3,161,8280
472,128,80,48,4.9,964,4,1,1,159,1200
403,124,74,50,3.2,965,8,6,1,150,1850
215,103,47,56,3.9,966,8,3,3,202,1175
189,87,27,60,3.2,967,9,2,1,314,810
566,152,120,32,4.5,968,2,4,2,7,4200
241,89,29,60,4.8,969,10,5,1,124,725
520,171,165,6,3.7,970,2,4,3,177,5775
190,93,28,65,3.9,971,8,3,1,198,700
209,94,35,59,4.4,972,4,2,1,303,525
521,158,141,17,3.7,973,2,4,2,162,4935
561,146,107,39,3.4,974,4,1,2,334,1605
589,166,152,14,4.3,975,3,2,2,124,9120
247,104,42,62,3.9,976,9,5,2,139,1260
228,103,46,57,3.0,977,8,3,1,339,1150
253,92,25,67,3.2,978,3,4,2,74,1500
527,150,121,29,4.0,979,10,3,3,89,3025
497,157,137,20,3.0,980,2,1,2,206,4795
182,96,31,65,4.0,981,9,4,3,48,930
507,151,128,23,3.4,982,10,1,3,34,3200
409,154,137,17,4.7,983,3,5,3,100,8220
300,127,87,40,4.9,984,8,3,3,162,2175
557,166,153,13,4.4,985,7,1,2,181,10710
216,87,28,59,3.2,986,10,2,2,175,700
270,120,68,52,4.8,987,6,2,3,129,6120
239,103,43,60,3.9,988,8,6,2,252,1075
437,129,82,47,4.6,989,5,5,1,299,1640
227,98,40,58,4.6,990,6,6,2,275,3600
462,142,102,40,4.3,991,2,2,1,345,3570
522,177,175,2,4.5,992,8,4,3,247,4375
321,122,72,50,4.9,993,7,2,1,28,5040
324,104,45,59,4.4,994,10,1,1,4,1125
227,105,44,61,4.6,995,3,3,3,129,2640
586,201,198,3,3.3,996,10,3,3,279,4950
185,84,30,54,3.3,997,9,5,2,15,900
488,174,165,9,5.0,998,1,6,3,146,6600
364,128,80,48,4.8,999,6,4,2,7,7200
462,152,122,30,4.8,1000,9,5,3,37,3660
507,161,143,18,3.2,1001,10,4,2,183,3575
521,168,161,7,3.6,1002,4,6,3,203,2415
309,117,60,57,3.0,1003,9,3,2,5,1800
273,114,54,60,4.5,1004,6,4,2,113,4860
331,130,80,50,3.9,1005,9,2,3,116,2400
382,135,95,40,4.1,1006,1,1,2,274,3800
582,159,138,21,4.3,1007,9,6,2,176,4140
515,137,99,38,4.2,1008,8,1,2,274,2475
225,106,43,63,3.2,1009,5,3,3,160,860
259,99,42,57,3.8,1010,10,1,1,109,1050
596,175,173,2,4.4,1011,4,4,2,224,2595
571,164,152,12,4.4,1012,4,2,2,120,2280
591,176,174,2,3.9,1013,9,6,2,130,5220
210,85,24,61,4.1,1014,7,3,2,86,1680
210,99,38,61,3.6,1015,8,4,2,42,950
551,141,102,39,4.8,1016,8,3,1,62,2550
151,75,10,65,3.8,1017,10,5,1,327,250
381,135,97,38,4.7,1018,2,4,3,274,3395
475,150,118,32,4.7,1019,9,4,1,333,3540
490,143,108,35,3.7,1020,2,3,1,264,3780
526,169,167,2,3.0,1021,10,1,2,275,4175
437,142,100,42,3.4,1022,6,6,2,253,9000
537,167,159,8,4.8,1023,2,2,2,299,5565
242,103,42,61,4.7,1024,9,5,2,342,1260
563,172,163,9,4.0,1025,5,3,3,187,3260
242,110,53,57,3.8,1026,4,1,3,339,795
427,124,72,52,4.5,1027,5,5,1,295,1440
497,166,154,12,3.4,1028,4,2,3,286,2310
200,93,32,61,3.5,1029,4,1,3,31,480
272,104,52,52,4.0,1030,3,6,1,342,3120
312,110,47,63,3.8,1031,1,4,3,172,1880
433,128,83,45,4.3,1032,6,6,1,195,7470
358,139,102,37,3.4,1033,2,1,3,80,3570
236,111,57,54,3.9,1034,9,5,3,222,1710
298,105,48,57,3.5,1035,2,6,3,52,1680
329,117,66,51,3.6,1036,4,6,2,287,990
438,124,79,45,3.2,1037,9,5,2,40,2370
293,111,61,50,3.6,1038,9,1,2,156,1830
535,161,148,13,5.0,1039,6,3,3,267,13320
456,155,127,28,4.3,1040,10,1,1,178,3175
152,79,24,55,4.4,1041,10,2,2,99,600
553,162,153,9,4.6,1042,5,6,2,185,3060
330,113,65,48,4.5,1043,5,4,2,228,1300
386,125,73,52,4.5,1044,5,1,1,119,1460
248,105,44,61,3.5,1045,7,5,2,216,3080
293,105,54,51,4.3,1046,1,1,3,118,2160
406,142,110,32,4.5,1047,2,1,3,345,3850
439,140,107,33,3.1,1048,2,2,2,334,3745
417,123,77,46,3.0,1049,3,3,2,268,4620
464,125,76,49,4.3,1050,9,4,2,220,2280
371,113,60,53,3.9,1051,7,4,1,155,4200
519,145,111,34,4.1,1052,1,2,2,121,4440
249,106,55,51,3.1,1053,4,1,1,11,825
188,82,20,62,3.1,1054,4,2,2,115,300
395,131,90,41,4.9,1055,1,1,1,300,3600
392,138,105,33,3.7,1056,5,5,1,287,2100
467,147,119,28,3.2,1057,2,1,1,110,4165
310,118,59,59,4.8,1058,4,6,1,146,885
462,127,83,44,3.1,1059,6,3,1,84,7470
355,122,75,47,4.6,1060,4,5,3,81,1125
346,129,85,44,3.2,1061,10,4,1,183,2125
382,128,76,52,3.2,1062,1,3,2,259,3040
453,145,109,36,3.7,1063,5,2,2,321,2180
377,115,54,61,3.1,1064,2,2,2,324,1890
412,126,80,46,4.6,1065,4,3,2,335,1200
458,148,111,37,4.0,1066,6,4,3,127,9990
179,84,21,63,5.0,1067,8,2,2,162,525
324,119,68,51,4.2,1068,5,5,1,1,1360
321,112,52,60,3.2,1069,2,3,2,284,1820
151,86,26,60,4.2,1070,3,6,3,145,1560
563,164,146,18,4.7,1071,7,3,3,211,10220
187,92,28,64,3.6,1072,1,1,3,4,1120
541,177,171,6,3.4,1073,2,1,2,182,5985
518,167,154,13,3.4,1074,6,5,1,123,13860
201,88,34,54,4.8,1075,6,2,1,339,3060
383,135,97,38,3.3,1076,6,5,1,148,8730
599,152,121,31,4.6,1077,4,6,2,255,1815
505,154,134,20,3.5,1078,4,4,2,51,2010
246,104,45,59,3.5,1079,2,3,2,275,1575
585,168,155,13,4.6,1080,8,3,3,253,3875
235,101,46,55,4.5,1081,5,3,2,249,920
387,143,109,34,4.4,1082,9,5,3,226,3270
447,140,99,41,3.9,1083,6,1,3,92,8910
306,120,75,45,3.7,1084,3,4,3,32,4500
534,154,128,26,3.5,1085,8,5,1,78,3200
468,153,127,26,3.8,1086,9,4,3,145,3810
345,126,75,51,4.3,1087,6,2,3,337,6750
581,178,172,6,3.2,1088,6,6,1,251,15480
429,136,94,42,3.5,1089,1,5,3,24,3760
511,184,184,0,4.4,1090,3,6,3,267,11040
544,185,185,0,5.0,1091,1,4,3,346,7400
391,138,96,42,3.5,1092,1,6,2,201,3840
414,150,122,28,3.7,1093,3,3,3,271,7320
369,124,76,48,4.7,1094,3,3,3,248,4560
445,164,145,19,4.0,1095,8,5,3,305,3625
265,113,58,55,4.5,1096,7,4,3,111,4060
316,114,54,60,4.8,1097,6,6,2,41,4860
472,173,167,6,4.9,1098,2,3,3,286,5845
246,96,37,59,4.3,1099,4,1,2,60,555
203,83,28,55,4.2,1100,8,6,1,318,700
185,82,20,62,4.3,1101,3,4,1,3,1200
338,117,71,46,4.8,1102,1,6,3,72,2840
216,92,27,65,3.8,1103,5,3,1,322,540
308,103,48,55,4.9,1104,3,4,1,247,2880
516,144,103,41,5.0,1105,9,3,1,347,3090
459,155,133,22,3.9,1106,4,5,1,298,1995
297,105,55,50,4.4,1107,5,3,1,90,1100
571,167,161,6,4.5,1108,2,5,3,177,5635
507,160,135,25,3.5,1109,8,6,3,164,3375
299,121,75,46,4.8,1110,9,6,3,86,2250
212,101,44,57,4.5,1111,9,1,3,118,1320
234,102,45,57,3.1,1112,10,1,3,264,1125
345,128,81,47,3.1,1113,10,4,2,1,2025
317,113,52,61,3.2,1114,8,3,1,287,1300
221,99,36,63,4.7,1115,10,4,1,162,900
300,102,47,55,4.5,1116,8,5,1,306,1175
375,126,72,54,4.8,1117,8,1,3,150,1800
506,147,113,34,3.9,1118,10,2,1,20,2825
545,176,172,4,4.8,1119,1,1,1,348,6880
365,118,62,56,4.4,1120,1,2,1,270,2480
558,170,159,11,3.8,1121,5,6,1,60,3180
437,152,127,25,3.8,1122,7,6,3,194,8890
259,98,32,66,3.8,1123,3,5,1,349,1920
258,93,40,53,3.6,1124,4,1,1,11,600
184,88,31,57,4.0,1125,1,5,3,183,1240
555,150,116,34,4.2,1126,9,6,2,219,3480
497,143,111,32,4.5,1127,4,6,2,326,1665
184,92,35,57,3.9,1128,10,1,3,186,875
407,123,76,47,4.5,1129,3,6,2,53,4560
527,173,164,9,3.3,1130,3,1,3,6,9840
227,103,42,61,4.8,1131,3,1,3,97,2520
218,101,48,53,3.1,1132,7,4,3,348,3360
534,170,164,6,3.7,1133,6,2,2,129,14760
490,151,124,27,4.0,1134,1,2,2,247,4960
183,97,31,66,4.3,1135,1,1,3,75,1240
196,85,20,65,3.9,1136,8,2,1,222,500
519,163,152,11,3.5,1137,8,2,3,200,3800
475,157,137,20,3.2,1138,10,5,2,112,3425
235,101,45,56,4.5,1139,4,4,3,160,675
540,185,185,0,4.8,1140,1,4,3,104,7400
228,91,32,59,3.6,1141,9,6,2,50,960
460,147,120,27,3.9,1142,9,1,3,350,3600
156,81,21,60,4.9,1143,1,3,1,104,840
307,116,57,59,5.0,1144,10,6,3,226,1425
233,110,60,50,4.8,1145,2,5,3,6,2100
475,151,128,23,3.8,1146,10,3,2,310,3200
274,113,57,56,4.3,1147,3,1,2,109,3420
283,116,58,58,3.5,1148,8,3,1,150,1450
156,82,22,60,3.8,1149,8,2,2,291,550
246,105,45,60,4.4,1150,9,1,1,347,1350
450,148,122,26,4.7,1151,4,4,2,221,1830
547,149,117,32,4.9,1152,2,1,2,194,4095
153,74,10,64,4.5,1153,6,5,2,241,900
485,135,91,44,3.4,1154,4,4,2,83,1365
243,97,45,52,3.4,1155,10,6,1,237,1125
564,183,183,0,3.8,1156,8,5,1,270,4575
594,150,116,34,3.8,1157,5,6,2,300,2320
165,82,26,56,4.5,1158,7,6,1,76,1820
534,140,104,36,4.6,1159,6,2,1,37,9360
539,156,133,23,4.2,1160,9,4,2,207,3990
311,123,73,50,4.2,1161,7,5,3,340,5110
151,86,22,64,3.1,1162,5,4,3,252,440
508,149,123,26,4.3,1163,6,5,2,122,11070
488,165,160,5,3.6,1164,4,2,2,294,2400
563,184,178,6,4.2,1165,1,3,3,39,7120
556,158,138,20,5.0,1166,2,5,2,179,4830
300,114,67,47,4.0,1167,4,6,1,88,1005
166,86,24,62,4.7,1168,9,5,2,25,720
378,139,97,42,3.5,1169,8,5,3,260,2425
204,85,24,61,4.8,1170,5,1,2,351,480
490,154,131,23,4.3,1171,6,1,1,216,11790
596,175,172,3,4.8,1172,7,2,1,343,12040
588,155,126,29,3.6,1173,9,1,2,102,3780
529,165,148,17,4.1,1174,7,6,1,320,10360
445,143,111,32,4.1,1175,4,6,3,63,1665
544,173,173,0,4.2,1176,7,1,3,161,12110
425,134,89,45,4.7,1177,1,4,3,17,3560
225,89,32,57,4.7,1178,10,3,2,97,800
313,107,57,50,4.4,1179,2,1,1,233,1995
403,117,69,48,3.7,1180,3,4,2,202,4140
508,167,164,3,3.4,1181,3,6,2,271,9840
303,121,72,49,3.8,1182,4,6,2,234,1080
328,105,52,53,3.6,1183,10,4,2,14,1300
351,115,67,48,4.2,1184,9,2,1,119,2010
384,129,83,46,4.4,1185,6,6,2,82,7470
261,106,43,63,3.7,1186,3,6,1,352,2580
342,129,77,52,3.7,1187,8,1,1,90,1925
210,93,29,64,4.3,1188,1,3,1,288,1160
210,91,36,55,4.2,1189,1,5,1,27,1440
547,170,170,0,4.6,1190,4,6,2,141,2550
338,116,57,59,4.0,1191,10,2,3,102,1425
161,79,24,55,3.2,1192,3,3,2,302,1440
397,123,69,54,3.2,1193,4,3,1,328,1035
244,96,43,53,4.1,1194,9,1,2,60,1290
415,151,120,31,4.9,1195,5,6,3,18,2400
505,153,133,20,3.6,1196,2,2,1,231,4655
255,93,31,62,4.7,1197,2,6,1,42,1085
409,146,109,37,3.8,1198,5,4,1,301,2180
303,114,60,54,3.3,1199,3,5,1,162,3600
417,139,104,35,4.6,1200,7,1,2,343,7280
222,102,46,56,4.1,1201,3,1,1,110,2760
215,91,29,62,3.5,1202,6,3,3,206,2610
383,131,91,40,3.3,1203,4,5,1,155,1365
474,152,128,24,4.3,1204,6,6,1,283,11520
364,136,94,42,3.8,1205,8,5,2,53,2350
288,111,55,56,3.1,1206,5,2,1,152,1100
320,122,69,53,3.5,1207,7,1,1,1,4830
343,118,70,48,4.8,1208,3,2,3,28,4200
420,146,116,30,3.2,1209,5,4,3,23,2320
534,150,126,24,4.4,1210,7,1,1,158,8820
585,171,164,7,3.0,1211,2,4,2,20,5740
486,142,111,31,3.5,1212,8,2,2,353,2775
497,169,158,11,3.9,1213,3,3,3,1,9480
296,117,68,49,4.8,1214,9,4,3,26,2040
306,126,82,44,3.2,1215,5,4,3,297,1640
444,146,116,30,4.9,1216,8,2,1,211,2900
524,167,162,5,5.0,1217,9,5,3,15,4860
357,132,93,39,3.0,1218,5,2,2,20,1860
533,176,176,0,4.9,1219,9,1,2,109,5280
171,90,33,57,4.9,1220,2,3,2,312,1155
188,87,21,66,3.8,1221,8,1,1,315,525
207,96,43,53,4.5,1222,7,1,1,65,3010
397,130,90,40,4.3,1223,6,4,3,231,8100
479,161,147,14,4.7,1224,6,6,1,185,13230
465,147,110,37,3.0,1225,1,4,3,31,4400
154,84,19,65,4.1,1226,7,5,3,198,1330
399,147,114,33,3.5,1227,5,2,3,286,2280
336,126,76,50,3.2,1228,6,1,3,137,6840
232,100,35,65,3.7,1229,10,5,2,95,875
247,92,32,60,4.5,1230,5,1,1,174,640
395,117,65,52,4.1,1231,3,3,1,10,3900
316,104,41,63,4.6,1232,8,4,2,267,1025
406,117,71,46,3.7,1233,7,2,1,80,4970
372,118,60,58,4.5,1234,1,4,2,47,2400
523,144,116,28,3.2,1235,8,6,2,230,2900
491,147,121,26,4.6,1236,3,1,2,225,7260
462,159,143,16,4.3,1237,9,2,2,88,4290
217,89,26,63,4.9,1238,5,1,1,157,520
252,98,40,58,3.6,1239,2,2,1,126,1400
322,103,45,58,4.3,1240,3,4,1,39,2700
336,122,68,54,3.6,1241,6,4,1,318,6120
150,76,18,58,3.6,1242,1,5,1,158,720
244,96,34,62,3.2,1243,4,4,1,306,510
544,153,133,20,3.7,1244,9,5,1,302,3990
340,110,54,56,3.2,1245,2,5,2,23,1890
211,87,27,60,4.9,1246,2,2,1,17,945
325,126,75,51,4.1,1247,2,4,2,168,2625
248,106,55,51,4.7,1248,8,4,1,286,1375
379,146,109,37,4.0,1249,7,6,3,224,7630
235,100,37,63,3.6,1250,1,3,2,315,1480
529,163,155,8,4.0,1251,3,4,1,33,9300
534,159,140,19,3.8,1252,10,3,1,168,3500
151,81,15,66,4.8,1253,8,2,1,217,375
512,157,133,24,3.6,1254,9,3,3,353,3990
237,97,36,61,3.1,1255,5,2,2,209,720
288,125,73,52,4.1,1256,8,2,3,127,1825
473,138,103,35,4.8,1257,7,3,2,52,7210
359,117,57,60,4.3,1258,8,3,2,30,1425
524,158,131,27,4.1,1259,3,1,3,15,7860
484,158,134,24,3.6,1260,4,1,1,108,2010
229,99,40,59,3.7,1261,4,1,2,283,600
242,104,42,62,3.4,1262,10,1,1,193,1050
481,139,96,43,4.6,1263,8,1,2,343,2400
185,85,26,59,4.8,1264,3,2,2,38,1560
220,95,35,60,3.8,1265,9,6,1,27,1050
217,89,33,56,4.2,1266,1,2,1,345,1320
526,143,108,35,4.5,1267,9,1,1,37,3240
319,107,52,55,4.4,1268,6,1,1,228,4680
160,82,17,65,4.0,1269,5,2,2,176,340
264,101,38,63,3.7,1270,1,2,1,129,1520
501,149,115,34,3.4,1271,4,6,1,112,1725
465,149,114,35,4.8,1272,5,1,3,87,2280
369,126,82,44,3.9,1273,8,3,1,152,2050
469,157,133,24,4.8,1274,6,4,2,242,11970
565,189,189,0,4.9,1275,6,6,3,7,17010
313,111,61,50,4.6,1276,8,5,2,157,1525
445,127,78,49,5.0,1277,5,4,1,202,1560
313,119,67,52,4.2,1278,7,4,3,75,4690
560,171,168,3,4.0,1279,8,6,3,117,4200
424,132,92,40,3.8,1280,9,5,3,151,2760
509,146,110,36,5.0,1281,3,2,2,48,6600
392,125,75,50,3.7,1282,9,2,3,124,2250
223,95,42,53,3.4,1283,10,3,3,156,1050
343,123,73,50,3.7,1284,8,6,1,13,1825
187,80,19,61,3.3,1285,2,1,1,233,665
441,146,115,31,4.5,1286,1,1,1,246,4600
390,126,81,45,4.4,1287,6,4,2,312,7290
180,87,23,64,4.0,1288,8,6,1,112,575
498,177,176,1,3.6,1289,4,4,3,15,2640
289,125,72,53,4.5,1290,8,5,3,244,1800
262,108,53,55,4.2,1291,1,1,2,341,2120
394,138,94,44,3.1,1292,10,4,2,171,2350
249,92,31,61,4.2,1293,4,1,2,116,465
294,99,42,57,3.0,1294,3,2,1,199,2520
253,95,30,65,5.0,1295,9,6,1,308,900
554,142,100,42,4.9,1296,2,1,1,33,3500
353,124,74,50,4.5,1297,6,6,3,37,6660
319,113,64,49,3.3,1298,5,1,2,130,1280
450,139,104,35,3.9,1299,10,5,3,347,2600
260,107,45,62,5.0,1300,3,6,1,300,2700
483,144,106,38,3.7,1301,2,3,2,221,3710
170,80,23,57,4.2,1302,4,3,2,160,345
199,93,31,62,4.1,1303,10,2,2,286,775
382,148,113,35,3.1,1304,5,1,3,175,2260
195,96,38,58,3.5,1305,7,2,3,48,2660
482,175,173,2,3.1,1306,10,2,3,288,4325
588,179,178,1,4.7,1307,4,6,3,112,2670
499,153,131,22,3.1,1308,5,4,3,190,2620
508,138,93,45,3.6,1309,3,6,1,163,5580
587,162,147,15,4.3,1310,4,2,2,57,2205
478,143,104,39,4.5,1311,10,3,3,310,2600
355,125,79,46,4.0,1312,3,1,3,241,4740
208,84,20,64,4.9,1313,10,4,2,233,500
313,124,80,44,3.8,1314,3,6,2,192,4800
259,115,67,48,4.4,1315,10,2,3,121,1675
192,89,24,65,3.6,1316,8,2,3,218,600
418,134,85,49,3.2,1317,4,5,3,153,1275
234,110,55,55,4.0,1318,6,5,3,349,4950
331,124,76,48,4.6,1319,4,3,1,186,1140
520,147,122,25,4.9,1320,5,6,1,47,2440
384,137,91,46,4.6,1321,8,5,1,304,2275
416,158,145,13,4.7,1322,6,6,3,292,13050
199,98,35,63,3.8,1323,2,2,3,39,1225
343,111,52,59,4.9,1324,2,5,1,2,1820
566,154,128,26,4.0,1325,7,1,1,48,8960
482,143,106,37,4.7,1326,10,4,2,6,2650
208,90,26,64,4.1,1327,7,5,2,126,1820
345,122,76,46,4.2,1328,4,4,2,69,1140
195,90,30,60,3.2,1329,5,6,1,28,600
474,150,128,22,3.8,1330,5,1,2,183,2560
345,136,90,46,3.7,1331,9,2,3,277,2700
153,84,22,62,4.8,1332,4,1,3,142,330
494,175,172,3,3.1,1333,4,2,3,30,2580
580,158,141,17,5.0,1334,7,3,1,3,9870
248,105,53,52,4.9,1335,4,3,2,77,795
522,170,166,4,3.3,1336,4,5,1,349,2490
408,142,109,33,4.8,1337,8,5,1,354,2725
254,91,25,66,4.3,1338,7,2,1,245,1750
466,145,106,39,4.5,1339,1,6,1,328,4240
245,101,44,57,4.7,1340,7,2,3,130,3080
290,118,69,49,5.0,1341,1,2,3,205,2760
455,128,79,49,4.8,1342,10,2,1,219,1975
582,161,145,16,4.6,1343,10,1,1,5,3625
470,150,121,29,4.8,1344,10,2,1,279,3025
242,111,59,52,4.1,1345,8,1,3,39,1475
325,127,82,45,4.1,1346,5,4,1,306,1640
212,92,34,58,4.0,1347,6,2,2,57,3060
208,88,25,63,3.2,1348,7,2,1,286,1750
290,117,63,54,4.4,1349,6,1,1,220,5670
531,169,163,6,4.8,1350,10,4,3,259,4075
501,167,153,14,4.2,1351,3,3,1,287,9180
556,172,170,2,3.8,1352,8,5,3,347,4250
205,95,38,57,3.7,1353,2,3,3,217,1330
235,98,37,61,4.2,1354,10,5,1,326,925
353,112,55,57,3.9,1355,7,2,2,34,3850
187,90,36,54,3.6,1356,3,5,3,198,2160
517,164,157,7,3.6,1357,1,1,3,37,6280
347,120,63,57,4.1,1358,5,1,2,195,1260
443,144,110,34,3.6,1359,5,3,2,9,2200
175,79,17,62,3.8,1360,3,4,1,59,1020
457,143,102,41,3.6,1361,8,4,3,6,2550
386,137,96,41,3.1,1362,1,1,2,163,3840
322,104,40,64,4.7,1363,1,6,2,151,1600
290,105,49,56,4.5,1364,6,4,2,129,4410
351,120,72,48,4.9,1365,1,4,2,118,2880
202,88,22,66,3.3,1366,2,2,3,122,770
265,96,42,54,3.7,1367,4,2,2,257,630
282,96,34,62,3.2,1368,1,2,1,203,1360
555,169,158,11,4.2,1369,2,4,2,45,5530
591,174,174,0,3.2,1370,7,5,1,342,12180
394,142,105,37,4.5,1371,2,3,1,312,3675
285,103,52,51,4.7,1372,5,1,1,355,1040
505,168,154,14,3.4,1373,3,2,2,111,9240
569,163,147,16,3.4,1374,10,1,1,49,3675
589,177,177,0,3.3,1375,9,4,2,206,5310
262,111,62,49,4.2,1376,8,4,1,214,1550
185,86,24,62,4.9,1377,3,4,3,356,1440
225,99,36,63,3.0,1378,5,1,2,48,720
164,80,15,65,4.9,1379,6,4,1,73,1350
258,108,53,55,3.7,1380,4,5,3,248,795
200,98,39,59,3.4,1381,7,5,3,143,2730
454,152,120,32,4.4,1382,8,4,3,332,3000
262,110,56,54,3.5,1383,5,2,1,34,1120
291,105,42,63,3.4,1384,5,5,2,254,840
255,104,44,60,4.4,1385,10,2,3,220,1100
198,93,40,53,4.8,1386,1,5,2,344,1600
498,137,98,39,3.3,1387,7,2,1,211,6860
369,114,58,56,4.8,1388,10,1,2,239,1450
454,143,109,34,4.7,1389,1,4,2,351,4360
569,178,177,1,4.0,1390,1,5,1,240,7080
305,109,58,51,3.7,1391,5,3,1,127,1160
279,102,42,60,3.6,1392,10,4,3,2,1050
397,134,97,37,4.3,1393,2,5,2,43,3395
487,159,137,22,4.2,1394,3,5,3,127,8220
255,101,42,59,4.3,1395,7,6,3,119,2940
380,119,70,49,3.7,1396,9,6,2,191,2100
363,123,76,47,4.0,1397,2,4,3,284,2660
371,118,59,59,4.0,1398,5,4,2,223,1180
498,154,133,21,3.3,1399,10,5,1,71,3325
559,173,167,6,3.6,1400,5,1,3,234,3340
400,127,84,43,4.7,1401,1,1,1,328,3360
329,135,98,37,3.5,1402,8,1,3,265,2450
191,86,24,62,3.5,1403,2,1,3,357,840
366,133,88,45,4.2,1404,4,1,2,169,1320
497,156,130,26,3.5,1405,4,1,2,141,1950
304,106,52,54,3.9,1406,3,1,2,83,3120
199,97,39,58,4.9,1407,4,5,3,75,585
331,122,71,51,3.9,1408,10,4,3,153,1775
195,93,36,57,4.0,1409,4,5,1,224,540
439,146,113,33,3.3,1410,9,1,2,63,3390
563,176,168,8,3.1,1411,10,3,1,49,4200
454,143,112,31,3.7,1412,7,5,1,155,7840
495,156,135,21,3.3,1413,2,6,1,146,4725
495,141,102,39,4.4,1414,3,6,1,92,6120
502,146,109,37,4.2,1415,2,2,3,4,3815
276,104,53,51,4.0,1416,5,2,2,342,1060
303,121,77,44,3.5,1417,5,4,1,322,1540
498,159,144,15,3.0,1418,2,1,3,2,5040
237,96,35,61,3.6,1419,3,6,2,222,2100
338,114,65,49,4.6,1420,10,3,2,103,1625
225,99,43,56,3.8,1421,4,5,3,142,645
480,141,103,38,4.9,1422,1,3,3,317,4120
291,105,54,51,4.7,1423,10,2,2,200,1350
349,120,64,56,3.7,1424,9,6,3,271,1920
516,177,177,0,3.6,1425,10,5,3,358,4425
342,120,70,50,4.6,1426,10,1,1,185,1750
507,167,164,3,3.8,1427,8,4,3,255,4100
268,103,49,54,4.0,1428,8,2,1,275,1225
203,94,34,60,4.8,1429,3,5,2,354,2040
208,90,29,61,4.2,1430,6,2,2,146,2610
205,89,32,57,4.1,1431,7,3,1,305,2240
401,121,75,46,3.3,1432,6,4,1,270,6750
448,129,89,40,3.3,1433,5,2,1,312,1780
440,143,112,31,4.5,1434,4,6,3,359,1680
247,99,39,60,4.2,1435,10,5,2,212,975
374,135,96,39,3.2,1436,5,4,1,224,1920
210,90,31,59,3.7,1437,5,1,3,22,620
349,117,70,47,3.3,1438,6,3,3,277,6300
444,135,87,48,4.1,1439,9,5,1,344,2610
284,96,36,60,3.5,1440,10,6,2,345,900
254,108,55,53,4.8,1441,8,3,1,199,1375
187,85,19,66,4.9,1442,10,6,1,146,475
191,94,32,62,4.4,1443,2,3,2,348,1120
409,129,81,48,4.6,1444,10,5,1,273,2025
163,84,29,55,3.0,1445,1,5,1,244,1160
542,155,131,24,4.1,1446,4,1,1,324,1965
465,143,108,35,4.8,1447,5,4,3,93,2160
451,137,102,35,4.8,1448,5,2,1,110,2040
560,175,167,8,3.1,1449,1,2,2,46,6680
172,85,22,63,5.0,1450,6,4,1,95,1980
395,133,84,49,3.5,1451,4,6,2,130,1260
511,167,164,3,3.4,1452,10,3,1,346,4100
299,117,62,55,3.6,1453,9,6,3,272,1860
177,88,30,58,4.0,1454,5,4,2,229,600
580,157,138,19,3.4,1455,8,6,1,262,3450
168,85,26,59,4.9,1456,8,5,2,116,650
288,110,49,61,3.1,1457,1,4,3,67,1960
159,85,21,64,3.4,1458,10,4,3,54,525
422,119,73,46,3.7,1459,4,5,2,213,1095
574,175,171,4,4.5,1460,7,1,2,3,11970
550,186,185,1,3.8,1461,4,6,3,94,2775
387,127,79,48,3.9,1462,9,4,3,169,2370
293,99,37,62,4.5,1463,1,3,1,110,1480
352,125,80,45,3.5,1464,2,5,3,114,2800
213,97,45,52,3.4,1465,1,4,2,181,1800
154,86,26,60,4.3,1466,10,1,1,64,650
179,82,25,57,4.1,1467,4,6,1,289,375
282,121,65,56,3.5,1468,8,4,3,60,1625
485,132,82,50,3.4,1469,2,2,1,123,2870
312,109,58,51,5.0,1470,2,2,3,144,2030
426,138,97,41,3.2,1471,7,6,1,258,6790
411,133,92,41,3.7,1472,5,2,3,144,1840
478,144,109,35,4.2,1473,5,4,3,269,2180
483,174,169,5,4.2,1474,4,4,3,160,2535
298,108,48,60,4.6,1475,1,2,3,40,1920
551,178,175,3,4.7,1476,9,3,2,53,5250
345,130,82,48,4.1,1477,8,6,2,10,2050
525,168,162,6,4.6,1478,9,1,2,90,4860
416,136,102,34,4.2,1479,9,4,3,306,3060
559,173,173,0,4.9,1480,3,1,3,55,10380
525,138,100,38,4.0,1481,10,4,1,220,2500
459,151,120,31,4.1,1482,10,5,2,121,3000
547,163,155,8,3.6,1483,3,1,2,80,9300
359,123,77,46,4.8,1484,5,1,1,190,1540
157,80,26,54,4.1,1485,10,2,1,70,650
214,85,20,65,5.0,1486,5,5,2,91,400
348,109,58,51,4.1,1487,9,4,2,333,1740
322,134,85,49,3.1,1488,5,1,3,153,1700
472,148,118,30,4.4,1489,4,4,3,26,1770
569,148,112,36,4.2,1490,2,6,2,75,3920
344,110,59,51,4.2,1491,10,4,2,36,1475
402,132,89,43,4.2,1492,6,1,1,360,8010
346,139,94,45,4.6,1493,7,1,3,126,6580
292,106,47,59,3.3,1494,9,3,3,271,1410
374,128,79,49,5.0,1495,10,2,3,344,1975
222,95,37,58,4.5,1496,6,2,1,17,3330
426,119,74,45,4.6,1497,1,6,2,62,2960
442,139,107,32,3.9,1498,6,4,1,36,9630
377,118,72,46,3.3,1499,5,4,2,345,1440
331,121,69,52,3.3,1500,5,2,2,132,1380
472,163,148,15,4.8,1501,10,6,3,199,3700
511,153,129,24,4.3,1502,5,3,3,197,2580
275,112,54,58,4.3,1503,1,5,1,300,2160
398,133,86,47,4.3,1504,8,5,3,30,2150
151,80,23,57,3.4,1505,3,1,2,278,1380
502,155,128,27,4.3,1506,4,4,1,307,1920
599,186,186,0,4.0,1507,8,1,2,355,4650
332,119,64,55,3.2,1508,2,3,3,253,2240
316,111,57,54,4.9,1509,10,5,3,344,1425
506,161,145,16,4.7,1510,7,1,1,7,10150
501,142,107,35,3.4,1511,4,2,2,120,1605
545,166,155,11,3.8,1512,9,4,1,204,4650
283,113,55,58,3.7,1513,4,5,3,84,825
359,131,92,39,4.3,1514,10,2,3,275,2300
216,100,35,65,4.6,1515,7,6,2,159,2450
330,119,69,50,3.4,1516,7,6,2,295,4830
579,181,175,6,3.6,1517,8,3,1,46,4375
361,143,101,42,4.7,1518,7,2,3,40,7070
353,111,53,58,3.0,1519,9,1,1,255,1590
167,87,26,61,4.3,1520,3,1,2,326,1560
591,149,124,25,4.4,1521,6,2,2,333,11160
530,139,103,36,4.6,1522,1,6,1,129,4120
551,160,136,24,3.6,1523,6,4,2,182,12240
285,104,46,58,3.2,1524,5,3,1,164,920
397,125,77,48,4.5,1525,6,1,2,29,6930
381,123,70,53,3.9,1526,5,2,2,116,1400
479,133,93,40,5.0,1527,5,4,2,202,1860
256,93,33,60,4.2,1528,8,1,2,215,825
539,168,158,10,3.8,1529,2,2,2,288,5530
314,121,68,53,4.4,1530,1,3,1,340,2720
405,135,98,37,4.0,1531,9,1,3,12,2940
203,88,34,54,3.0,1532,5,1,2,289,680
235,103,40,63,3.1,1533,5,5,2,58,800
470,143,114,29,4.1,1534,8,3,3,109,2850
210,95,39,56,3.5,1535,6,4,1,179,3510
438,125,78,47,4.4,1536,7,6,2,257,5460
415,132,84,48,4.9,1537,7,3,2,159,5880
516,146,109,37,3.3,1538,9,1,1,98,3270
509,159,141,18,3.9,1539,6,2,1,330,12690
389,115,64,51,4.1,1540,2,6,1,215,2240
248,111,62,49,3.9,1541,1,4,3,115,2480
542,174,174,0,4.3,1542,2,4,3,329,6090
202,87,24,63,4.1,1543,8,6,2,171,600
480,148,124,24,4.2,1544,2,4,2,80,4340
492,136,100,36,3.5,1545,2,1,2,76,3500
225,94,28,66,3.6,1546,2,2,1,327,980
563,169,161,8,3.6,1547,9,4,1,81,4830
351,125,75,50,3.6,1548,9,4,1,231,2250
190,99,43,56,4.7,1549,9,6,3,281,1290
436,143,106,37,4.4,1550,4,4,1,153,1590
241,110,60,50,4.3,1551,7,5,3,184,4200
436,133,94,39,5.0,1552,2,5,1,109,3290
419,146,113,33,3.2,1553,7,2,3,357,7910
156,79,17,62,4.3,1554,9,3,3,319,510
290,118,72,46,3.1,1555,6,6,1,241,6480
401,137,101,36,4.5,1556,10,5,2,240,2525
164,85,21,64,4.7,1557,7,6,1,273,1470
577,162,152,10,3.1,1558,4,2,1,333,2280
586,159,144,15,4.7,1559,6,2,2,360,12960
450,140,106,34,3.8,1560,8,3,2,304,2650
183,89,24,65,3.3,1561,1,2,2,242,960
251,100,46,54,4.7,1562,2,3,3,285,1610
437,143,110,33,4.7,1563,6,1,3,99,9900
195,84,19,65,3.4,1564,10,2,2,175,475
542,146,113,33,3.9,1565,1,2,2,206,4520
532,162,146,16,4.4,1566,3,6,3,230,8760
439,139,97,42,3.5,1567,8,4,3,307,2425
282,101,43,58,3.7,1568,6,3,1,270,3870
380,122,78,44,4.2,1569,9,6,3,8,2340
257,98,44,54,4.4,1570,2,3,2,104,1540
508,136,100,36,3.4,1571,7,3,1,344,7000
166,87,27,60,4.2,1572,6,2,3,361,2430
487,140,97,43,4.3,1573,4,6,2,116,1455
393,132,83,49,3.4,1574,4,4,1,37,1245
389,144,111,33,4.6,1575,8,6,3,251,2775
505,149,117,32,3.5,1576,2,4,2,236,4095
397,123,70,53,4.5,1577,7,3,2,226,4900
368,126,73,53,4.0,1578,4,4,1,144,1095
251,93,32,61,4.6,1579,9,6,2,50,960
555,159,136,23,3.9,1580,6,5,1,82,12240
238,90,26,64,4.7,1581,3,4,1,111,1560
228,87,22,65,3.7,1582,3,3,1,139,1320
507,157,143,14,3.9,1583,4,5,2,240,2145
215,91,30,61,4.8,1584,4,1,1,55,450
455,135,97,38,4.5,1585,4,1,2,292,1455
461,137,96,41,4.0,1586,3,2,1,347,5760
534,162,142,20,4.0,1587,2,1,2,52,4970
372,121,65,56,3.9,1588,6,5,1,285,5850
495,152,125,27,3.4,1589,4,1,3,350,1875
577,178,174,4,4.4,1590,9,5,2,241,5220
561,154,132,22,4.0,1591,4,2,2,103,1980
398,137,90,47,3.6,1592,1,3,3,38,3600
459,151,128,23,3.7,1593,5,4,2,268,2560
552,175,172,3,4.7,1594,5,5,3,151,3440
322,107,56,51,4.2,1595,1,3,1,262,2240
387,126,78,48,3.9,1596,1,1,3,128,3120
279,109,58,51,4.6,1597,7,4,2,265,4060
300,106,48,58,3.6,1598,8,4,3,229,1200
332,117,63,54,3.5,1599,5,6,2,311,1260
214,94,34,60,4.8,1600,5,6,2,248,680
274,102,42,60,3.7,1601,2,3,3,100,1470
345,114,64,50,4.5,1602,5,6,2,127,1280
244,108,56,52,4.8,1603,1,3,3,14,2240
442,142,107,35,4.7,1604,3,4,1,89,6420
341,110,54,56,3.5,1605,1,3,2,55,2160
406,134,87,47,4.4,1606,6,6,1,186,7830
256,104,44,60,3.5,1607,4,5,1,217,660
199,82,21,61,3.4,1608,7,2,2,348,1470
573,184,180,4,4.1,1609,2,4,3,276,6300
325,111,56,55,3.3,1610,1,4,2,294,2240
507,142,99,43,4.3,1611,9,5,1,97,2970
437,127,82,45,3.7,1612,10,1,1,25,2050
495,148,120,28,3.3,1613,10,1,3,352,3000
362,123,74,49,5.0,1614,4,5,2,362,1110
343,108,48,60,3.4,1615,8,6,2,207,1200
241,99,38,61,4.5,1616,6,5,2,345,3420
313,116,66,50,4.9,1617,6,1,2,135,5940
424,136,95,41,4.0,1618,9,3,3,117,2850
230,98,40,58,4.7,1619,10,5,3,142,1000
499,152,126,26,4.9,1620,8,5,2,142,3150
466,147,117,30,5.0,1621,1,2,1,293,4680
161,78,22,56,3.9,1622,4,1,2,348,330
530,171,171,0,3.4,1623,1,3,3,295,6840
520,165,159,6,4.8,1624,7,2,3,40,11130
183,87,28,59,3.5,1625,6,2,1,257,2520
557,175,167,8,4.6,1626,3,5,3,291,10020
386,112,51,61,4.4,1627,3,6,1,284,3060
591,180,175,5,4.8,1628,10,1,2,29,4375
481,143,115,28,4.5,1629,2,6,1,203,4025
336,123,68,55,3.2,1630,1,4,3,352,2720
519,150,120,30,3.3,1631,5,5,2,225,2400
285,117,58,59,3.9,1632,3,5,3,55,3480
537,162,147,15,3.7,1633,3,4,3,174,8820
440,146,109,37,4.0,1634,6,1,2,74,9810
438,131,91,40,3.3,1635,7,4,1,3,6370
515,152,131,21,4.4,1636,10,4,3,39,3275
589,173,164,9,4.7,1637,6,4,2,127,14760
449,146,115,31,4.5,1638,8,5,3,108,2875
466,159,143,16,4.7,1639,10,5,3,22,3575
343,128,82,46,3.4,1640,7,1,2,190,5740
325,107,46,61,3.6,1641,5,5,1,65,920
332,118,69,49,4.8,1642,3,4,2,342,4140
336,114,54,60,4.9,1643,3,6,1,315,3240
433,151,118,33,3.9,1644,6,6,1,144,10620
281,110,57,53,4.7,1645,3,6,1,281,3420
240,98,34,64,4.5,1646,10,5,2,244,850
305,104,49,55,4.5,1647,9,2,1,60,1470
424,154,124,30,3.4,1648,5,5,3,202,2480
393,139,97,42,4.2,1649,5,2,3,93,1940
447,146,115,31,4.6,1650,1,1,2,50,4600
536,147,115,32,4.2,1651,2,1,2,182,4025
318,113,62,51,3.6,1652,8,3,2,118,1550
290,110,49,61,5.0,1653,7,3,1,20,3430
313,120,64,56,3.1,1654,1,3,3,75,2560
198,91,33,58,4.6,1655,6,4,2,89,2970
259,98,40,58,3.9,1656,3,4,1,182,2400
257,104,43,61,4.5,1657,2,6,3,71,1505
489,164,152,12,4.3,1658,2,5,1,351,5320
267,112,63,49,3.6,1659,6,4,2,83,5670
522,165,153,12,4.1,1660,7,4,3,192,10710
178,87,23,64,4.9,1661,4,4,1,83,345
256,97,36,61,3.0,1662,3,3,1,191,2160
435,157,139,18,4.0,1663,7,6,3,126,9730
274,109,57,52,4.2,1664,5,5,1,191,1140
502,140,105,35,4.2,1665,4,3,2,275,1575
477,146,115,31,4.8,1666,1,4,1,323,4600
600,177,177,0,4.5,1667,8,6,3,345,4425
303,112,57,55,3.5,1668,2,6,1,188,1995
435,143,103,40,4.5,1669,6,3,2,274,9270
586,178,172,6,3.4,1670,7,4,2,330,12040
335,121,75,46,3.5,1671,10,1,1,200,1875
221,92,38,54,4.0,1672,1,5,2,152,1520
412,134,85,49,4.9,1673,1,1,2,158,3400
294,111,60,51,3.2,1674,10,3,2,167,1500
422,136,96,40,4.2,1675,5,2,2,5,1920
568,161,149,12,3.3,1676,4,4,1,210,2235
481,144,115,29,4.4,1677,8,3,1,284,2875
444,142,106,36,3.0,1678,4,1,1,89,1590
227,102,49,53,3.7,1679,4,1,3,115,735
544,174,174,0,4.7,1680,3,3,2,164,10440
255,93,35,58,4.2,1681,8,1,1,286,875
328,124,72,52,4.3,1682,9,5,1,42,2160
367,144,106,38,4.5,1683,8,1,3,356,2650
213,91,36,55,4.7,1684,10,1,1,3,900
378,126,84,42,3.8,1685,1,4,3,85,3360
409,121,67,54,3.2,1686,8,6,1,6,1675
333,114,56,58,5.0,1687,2,3,2,120,1960
280,122,65,57,3.0,1688,10,6,3,144,1625
331,132,88,44,4.9,1689,5,4,3,363,1760
509,178,169,9,4.9,1690,3,5,3,259,10140
173,80,14,66,3.3,1691,7,2,2,191,980
540,161,142,19,4.7,1692,10,2,1,104,3550
466,152,121,31,4.9,1693,7,1,3,7,8470
336,105,44,61,3.6,1694,8,2,2,188,1100
468,165,152,13,3.1,1695,6,1,3,300,13680
358,128,86,42,4.1,1696,8,5,1,91,2150
328,113,53,60,3.2,1697,1,2,1,86,2120
588,166,158,8,4.6,1698,4,3,3,294,2370
390,132,90,42,3.7,1699,10,1,3,52,2250
394,117,66,51,3.3,1700,5,1,2,159,1320
530,147,118,29,3.2,1701,5,5,1,134,2360
523,160,144,16,4.3,1702,8,3,3,115,3600
286,105,51,54,3.3,1703,2,5,2,58,1785
473,161,138,23,3.3,1704,4,2,2,301,2070
353,122,72,50,4.7,1705,8,1,1,301,1800
357,120,66,54,4.1,1706,2,1,2,332,2310
485,141,99,42,3.5,1707,6,3,2,231,8910
489,157,133,24,3.1,1708,10,5,2,234,3325
428,137,97,40,4.7,1709,1,2,3,338,3880
214,92,33,59,5.0,1710,6,4,2,342,2970
353,111,59,52,3.4,1711,8,6,2,166,1475
419,135,95,40,4.1,1712,7,6,1,124,6650
267,107,45,62,4.4,1713,9,6,3,20,1350
265,103,48,55,3.8,1714,2,6,2,117,1680
355,140,102,38,4.8,1715,1,4,3,356,4080
519,150,126,24,4.1,1716,8,1,3,200,3150
454,149,115,34,3.3,1717,2,2,1,335,4025
552,155,129,26,3.5,1718,4,5,1,40,1935
291,99,45,54,4.2,1719,3,5,1,66,2700
377,132,82,50,4.3,1720,3,5,1,334,4920
202,91,32,59,3.6,1721,9,3,3,58,960
382,137,102,35,4.8,1722,2,2,2,6,3570
345,130,85,45,4.2,1723,1,1,3,178,3400
538,158,133,25,5.0,1724,10,1,2,174,3325
273,111,55,56,3.8,1725,7,3,2,291,3850
581,183,183,0,4.0,1726,6,3,1,313,16470
332,106,54,52,4.0,1727,6,2,2,135,4860
452,138,104,34,4.7,1728,3,4,3,250,6240
578,170,170,0,4.9,1729,2,3,2,234,5950
205,92,27,65,4.9,1730,2,6,1,102,945
494,172,172,0,4.5,1731,2,3,3,211,6020
586,186,186,0,4.6,1732,10,1,2,243,4650
260,92,31,61,3.2,1733,1,6,2,89,1240
584,180,176,4,3.7,1734,10,4,1,279,4400
551,172,172,0,3.5,1735,10,5,3,180,4300
544,168,166,2,3.7,1736,9,3,1,40,4980
320,117,62,55,3.2,1737,5,1,3,141,1240
310,115,67,48,3.8,1738,4,3,2,295,1005
329,125,82,43,3.3,1739,10,4,2,30,2050
207,102,49,53,4.3,1740,1,5,3,336,1960
241,92,27,65,4.4,1741,9,1,2,114,810
224,100,41,59,3.3,1742,6,3,3,249,3690
464,136,92,44,3.9,1743,6,6,1,149,8280
229,87,24,63,4.7,1744,9,3,1,42,720
375,115,58,57,3.5,1745,3,6,1,256,3480
579,168,162,6,3.4,1746,10,4,2,67,4050
354,127,84,43,4.6,1747,2,3,2,198,2940
339,121,69,52,3.2,1748,4,1,3,8,1035
590,181,181,0,3.3,1749,7,6,1,220,12670
424,144,112,32,3.5,1750,10,1,2,144,2800
570,154,136,18,3.1,1751,9,5,2,310,4080
452,167,153,14,3.0,1752,10,1,3,299,3825
327,104,45,59,3.1,1753,1,1,2,125,1800
522,151,129,22,4.9,1754,6,5,2,76,11610
308,107,53,54,4.6,1755,10,3,1,137,1325
542,186,186,0,3.1,1756,8,3,3,280,4650
546,160,147,13,3.3,1757,5,2,2,251,2940
546,139,102,37,4.5,1758,2,2,1,182,3570
356,129,82,47,4.4,1759,5,3,1,284,1640
199,89,29,60,4.8,1760,8,4,3,13,725
283,100,45,55,4.3,1761,8,1,1,97,1125
418,155,126,29,5.0,1762,5,1,3,148,2520
198,96,38,58,3.0,1763,7,2,2,323,2660
164,91,27,64,3.4,1764,6,3,3,167,2430
424,132,92,40,4.8,1765,8,5,3,364,2300
240,104,53,51,4.6,1766,2,1,3,309,1855
425,148,113,35,3.7,1767,1,5,2,305,4520
235,91,27,64,5.0,1768,9,5,2,107,810
575,198,198,0,4.1,1769,9,4,3,340,5940
222,89,28,61,3.1,1770,7,5,1,148,1960
200,97,36,61,4.8,1771,2,6,3,323,1260
417,126,74,52,3.9,1772,9,1,2,358,2220
356,118,60,58,4.0,1773,4,4,3,70,900
462,142,111,31,4.5,1774,10,4,2,196,2775
420,148,115,33,4.8,1775,1,2,2,71,4600
478,146,108,38,4.9,1776,8,1,2,25,2700
425,142,108,34,4.7,1777,7,5,1,149,7560
259,117,60,57,4.4,1778,1,5,3,280,2400
403,116,63,53,3.4,1779,3,2,2,35,3780
152,85,25,60,4.7,1780,6,5,1,186,2250
229,103,43,60,4.8,1781,1,2,3,116,1720
513,141,107,34,4.5,1782,2,3,2,14,3745
362,125,73,52,4.6,1783,1,4,3,217,2920
155,79,25,54,3.9,1784,2,3,3,234,875
186,81,27,54,4.0,1785,3,6,2,249,1620
235,105,52,53,4.9,1786,7,3,2,75,3640
296,107,45,62,3.8,1787,9,4,3,241,1350
583,150,115,35,3.9,1788,9,1,1,356,3450
169,78,23,55,4.6,1789,3,1,1,194,1380
339,124,81,43,3.1,1790,2,1,3,77,2835
521,156,130,26,3.7,1791,3,1,1,154,7800
386,124,70,54,4.9,1792,7,2,1,287,4900
244,95,40,55,3.9,1793,3,6,1,214,2400
458,143,104,39,4.1,1794,3,3,1,143,6240
500,150,115,35,4.2,1795,5,5,1,304,2300
339,128,84,44,3.5,1796,7,2,2,336,5880
179,90,36,54,4.3,1797,2,1,1,102,1260
160,87,30,57,3.8,1798,5,3,2,358,600
380,131,89,42,3.5,1799,4,6,2,38,1335
228,96,34,62,4.3,1800,10,4,3,117,850
232,101,40,61,3.3,1801,6,1,3,123,3600
586,165,157,8,3.7,1802,9,5,3,73,4710
385,135,92,43,3.9,1803,4,3,3,201,1380
218,94,39,55,3.4,1804,4,6,3,340,585
336,114,57,57,3.4,1805,2,4,2,182,1995
427,139,107,32,4.9,1806,5,3,3,222,2140
252,107,46,61,4.3,1807,1,5,3,183,1840
376,131,90,41,3.3,1808,8,2,3,22,2250
478,133,88,45,3.9,1809,8,1,2,269,2200
462,160,147,13,3.1,1810,7,6,3,130,10290
319,124,73,51,3.4,1811,1,5,1,67,2920
580,171,166,5,4.2,1812,6,5,1,188,14940
510,157,141,16,4.1,1813,7,5,3,298,9870
210,86,28,58,4.3,1814,4,3,1,188,420
208,103,39,64,4.5,1815,3,6,3,88,2340
344,134,94,40,4.4,1816,10,1,3,98,2350
442,162,147,15,4.9,1817,2,5,3,121,5145
193,88,31,57,3.6,1818,7,1,3,170,2170
554,179,175,4,3.6,1819,5,6,1,185,3500
559,180,180,0,3.8,1820,2,1,3,166,6300
248,114,54,60,4.0,1821,6,3,3,336,4860
508,149,119,30,3.7,1822,3,4,1,263,7140
487,149,115,34,4.7,1823,10,5,2,217,2875
159,78,19,59,3.8,1824,2,4,1,183,665
506,146,115,31,4.7,1825,6,4,2,311,10350
217,99,41,58,3.6,1826,7,4,3,109,2870
562,191,183,8,3.0,1827,5,3,3,166,3660
188,81,24,57,4.6,1828,3,5,1,63,1440
520,168,163,5,3.1,1829,1,5,1,175,6520
473,148,111,37,4.4,1830,10,1,2,108,2775
245,89,35,54,4.4,1831,5,2,2,270,700
348,118,63,55,4.4,1832,5,1,1,271,1260
390,126,79,47,3.0,1833,8,1,2,92,1975
223,97,43,54,4.5,1834,6,6,1,266,3870
537,153,134,19,4.2,1835,7,2,1,332,9380
477,154,136,18,3.7,1836,9,1,3,309,4080
485,139,96,43,3.1,1837,1,3,2,77,3840
525,151,129,22,4.8,1838,7,5,3,60,9030
313,117,66,51,4.4,1839,5,3,1,298,1320
522,148,124,24,4.0,1840,6,4,2,254,11160
310,113,54,59,3.1,1841,10,6,3,97,1350
600,204,204,0,4.9,1842,10,4,3,362,5100
381,142,106,36,3.8,1843,10,2,3,27,2650
345,116,56,60,3.9,1844,7,6,1,325,3920
453,126,78,48,3.9,1845,8,2,1,7,1950
161,82,29,53,4.9,1846,3,4,3,218,1740
247,104,53,51,3.3,1847,3,4,3,78,3180
204,93,36,57,3.6,1848,7,5,1,131,2520
561,161,142,19,4.3,1849,10,5,2,32,3550
500,154,132,22,3.3,1850,6,3,2,148,11880
563,171,167,4,3.1,1851,7,6,3,87,11690
276,115,68,47,4.8,1852,4,5,3,298,1020
434,154,125,29,4.9,1853,6,4,3,39,11250
512,164,148,16,4.0,1854,3,6,2,326,8880
411,139,103,36,3.6,1855,7,5,1,91,7210
458,138,98,40,4.6,1856,10,3,3,312,2450
336,110,58,52,3.0,1857,8,5,2,76,1450
437,152,126,26,5.0,1858,10,5,2,252,3150
571,183,183,0,4.2,1859,3,6,2,152,10980
526,145,111,34,3.8,1860,1,5,2,114,4440
254,98,42,56,4.3,1861,6,5,3,15,3780
388,131,88,43,3.3,1862,7,5,1,363,6160
290,108,54,54,3.9,1863,5,4,3,228,1080
315,102,42,60,4.1,1864,8,2,2,69,1050
575,167,161,6,3.9,1865,7,3,1,319,11270
317,124,74,50,4.1,1866,8,6,3,257,1850
178,85,20,65,3.3,1867,9,6,1,314,600
515,162,146,16,3.7,1868,8,2,2,219,3650
402,141,107,34,4.6,1869,5,1,3,279,2140
571,161,140,21,4.5,1870,9,2,1,331,4200
178,79,26,53,4.4,1871,3,6,1,173,1560
262,111,51,60,4.0,1872,1,2,1,193,2040
159,85,29,56,4.4,1873,4,3,3,257,435
170,80,23,57,4.0,1874,5,2,2,129,460
447,135,89,46,4.1,1875,5,1,2,310,1780
294,109,48,61,4.7,1876,2,4,2,176,1680
250,104,50,54,3.6,1877,7,4,3,9,3500
483,147,111,36,3.1,1878,2,3,3,62,3885
252,106,53,53,3.4,1879,3,3,2,17,3180
387,139,106,33,3.5,1880,7,2,3,328,7420
156,85,22,63,4.0,1881,6,2,1,53,1980
384,138,100,38,4.1,1882,7,1,2,161,7000
189,93,40,53,3.1,1883,3,6,2,112,2400
150,78,21,57,4.9,1884,6,4,1,265,1890
260,111,60,51,4.8,1885,7,6,1,360,4200
484,168,155,13,3.6,1886,4,5,3,168,2325
211,103,46,57,3.3,1887,3,6,3,225,2760
383,119,72,47,4.1,1888,3,3,1,320,4320
260,105,41,64,3.1,1889,8,5,2,60,1025
239,106,54,52,4.8,1890,4,2,3,89,810
253,110,60,50,3.4,1891,10,1,3,174,1500
482,160,147,13,4.0,1892,1,5,3,41,5880
296,111,56,55,4.6,1893,1,1,2,354,2240
487,140,106,34,3.7,1894,7,1,1,346,7420
340,124,71,53,4.6,1895,4,4,2,123,1065
358,110,52,58,4.8,1896,9,4,2,92,1560
380,146,112,34,4.0,1897,10,6,3,43,2800
324,123,76,47,3.3,1898,2,6,1,300,2660
191,95,37,58,3.1,1899,4,1,2,247,555
280,111,59,52,4.4,1900,1,6,2,273,2360
316,122,71,51,4.0,1901,5,3,3,199,1420
329,120,63,57,3.5,1902,2,3,1,185,2205
577,189,189,0,4.9,1903,8,6,3,163,4725
186,88,27,61,3.6,1904,8,3,3,194,675
567,142,104,38,3.2,1905,5,2,2,271,2080
184,93,33,60,4.9,1906,5,4,2,198,660
507,158,136,22,3.4,1907,1,3,3,7,5440
394,134,85,49,4.0,1908,2,6,2,349,2975
508,161,150,11,3.2,1909,6,4,1,66,13500
600,192,189,3,3.1,1910,2,4,2,186,6615
279,97,42,55,4.7,1911,10,6,1,234,1050
344,112,57,55,3.1,1912,10,3,1,326,1425
260,94,38,56,3.3,1913,10,3,2,308,950
377,124,79,45,4.1,1914,9,2,1,292,2370
279,109,54,55,3.3,1915,1,6,2,46,2160
170,87,30,57,3.3,1916,8,4,3,282,750
398,126,82,44,4.6,1917,10,2,1,171,2050
304,114,64,50,4.2,1918,1,2,3,266,2560
563,145,108,37,3.3,1919,10,6,1,118,2700
374,133,89,44,3.0,1920,1,4,2,152,3560
475,142,99,43,3.6,1921,7,6,2,315,6930
184,83,27,56,3.7,1922,4,2,2,184,405
598,148,112,36,4.1,1923,3,2,2,341,6720
487,149,120,29,3.1,1924,10,3,1,131,3000
361,114,56,58,3.6,1925,2,2,1,162,1960
340,116,66,50,3.5,1926,1,2,3,233,2640
600,188,188,0,4.0,1927,6,5,1,18,16920
394,116,63,53,4.1,1928,10,1,1,238,1575
224,100,37,63,4.7,1929,5,6,2,176,740
187,88,34,54,3.8,1930,9,6,3,330,1020
573,160,141,19,3.1,1931,3,4,3,300,8460
248,103,48,55,4.7,1932,1,3,3,196,1920
395,133,95,38,4.3,1933,8,3,2,115,2375
297,107,44,63,3.8,1934,9,1,2,77,1320
545,153,127,26,3.6,1935,8,6,1,12,3175
578,198,198,0,4.9,1936,6,3,3,155,17820
537,169,157,12,4.4,1937,4,6,3,53,2355
465,134,89,45,4.9,1938,9,6,2,223,2670
266,111,58,53,3.4,1939,9,4,2,344,1740
415,126,80,46,3.8,1940,7,3,1,329,5600
552,147,119,28,3.7,1941,2,5,1,111,4165
254,93,38,55,4.8,1942,7,1,2,229,2660
456,130,88,42,4.6,1943,3,3,1,313,5280
397,142,106,36,4.1,1944,4,3,1,226,1590
186,98,45,53,4.1,1945,2,1,3,192,1575
246,98,40,58,4.2,1946,5,4,1,185,800
365,110,54,56,4.3,1947,2,5,2,76,1890
393,123,68,55,3.4,1948,5,4,2,120,1360
583,149,121,28,3.5,1949,1,5,1,121,4840
254,91,30,61,5.0,1950,4,2,2,360,450
273,113,61,52,4.5,1951,4,2,3,76,915
227,105,43,62,4.6,1952,3,5,3,96,2580
465,128,86,42,4.2,1953,9,2,1,227,2580
198,90,31,59,4.2,1954,5,5,3,218,620
204,93,33,60,4.2,1955,6,2,1,141,2970
259,115,60,55,4.4,1956,10,2,3,309,1500
585,146,119,27,3.5,1957,4,3,1,84,1785
554,167,158,9,4.0,1958,4,3,3,334,2370
255,111,58,53,4.7,1959,2,1,3,161,2030
553,162,146,16,3.8,1960,8,1,3,267,3650
268,112,61,51,4.9,1961,6,4,2,180,5490
381,123,71,52,3.7,1962,5,6,2,55,1420
520,150,120,30,3.7,1963,4,4,3,67,1800
395,130,87,43,4.3,1964,6,2,3,209,7830
583,160,148,12,3.5,1965,3,5,2,348,8880
465,134,93,41,4.9,1966,5,6,1,147,1860
222,100,37,63,3.5,1967,6,4,1,282,3330
184,88,31,57,4.3,1968,9,2,1,335,930
390,130,90,40,4.9,1969,9,1,3,266,2700
184,91,26,65,4.1,1970,5,5,2,291,520
520,155,127,28,3.5,1971,7,2,2,64,8890
542,171,161,10,3.8,1972,8,1,3,37,4025
229,102,50,52,3.7,1973,10,2,1,263,1250
382,142,101,41,4.3,1974,3,2,3,132,6060
219,93,39,54,4.0,1975,4,5,1,145,585
521,172,171,1,3.7,1976,9,4,2,137,5130
534,143,114,29,4.0,1977,4,4,2,306,1710
457,128,81,47,3.8,1978,5,4,1,311,1620
311,125,73,52,3.9,1979,1,1,3,50,2920
592,175,170,5,3.8,1980,10,6,1,313,4250
374,121,75,46,3.9,1981,3,4,1,222,4500
362,143,112,31,4.8,1982,8,2,3,283,2800
329,133,96,37,3.9,1983,1,4,3,114,3840
570,158,145,13,4.7,1984,7,3,3,348,10150
249,96,32,64,3.3,1985,7,1,3,330,2240
180,87,26,61,3.0,1986,6,2,2,153,2340
385,130,78,52,4.6,1987,2,4,3,27,2730
538,168,153,15,4.3,1988,10,4,1,250,3825
409,145,111,34,3.7,1989,2,2,2,260,3885
223,87,27,60,3.6,1990,6,2,2,143,2430
305,104,48,56,3.4,1991,1,2,1,256,1920
440,132,83,49,3.3,1992,9,1,3,188,2490
552,172,165,7,4.8,1993,10,2,3,197,4125
492,152,124,28,4.7,1994,5,4,1,118,2480
430,140,101,39,4.1,1995,9,3,2,268,3030
416,142,112,30,4.8,1996,2,3,2,242,3920
397,142,104,38,4.0,1997,4,4,1,115,1560
303,117,66,51,3.4,1998,2,1,1,201,2310
228,94,34,60,3.8,1999,10,5,1,256,850
274,120,73,47,3.1,2000,5,5,3,284,1460
357,119,60,59,3.7,2001,4,1,1,190,900
270,112,57,55,4.2,2002,6,4,1,36,5130
296,112,60,52,3.7,2003,3,2,3,201,3600
192,83,23,60,4.0,2004,5,2,1,207,460
176,80,16,64,3.6,2005,8,5,2,5,400
491,131,84,47,3.7,2006,7,6,2,338,5880
170,88,24,64,4.6,2007,5,6,2,197,480
286,116,65,51,3.1,2008,5,3,3,322,1300
183,86,32,54,4.4,2009,8,4,3,276,800
264,100,48,52,3.7,2010,2,3,3,360,1680
564,181,176,5,3.6,2011,10,4,2,69,4400
563,183,177,6,3.5,2012,4,5,3,189,2655
168,84,19,65,3.3,2013,8,2,2,157,475
520,164,156,8,3.6,2014,8,5,1,125,3900
372,136,98,38,4.9,2015,10,1,2,211,2450
304,119,71,48,3.1,2016,2,6,2,96,2485
326,111,62,49,4.6,2017,3,2,3,86,3720
387,135,100,35,3.6,2018,10,3,1,61,2500
487,141,110,31,3.3,2019,4,1,3,237,1650
399,126,73,53,3.5,2020,5,1,3,287,1460
253,105,53,52,3.0,2021,6,6,3,152,4770
559,154,125,29,4.0,2022,7,3,2,160,8750
225,95,37,58,5.0,2023,3,4,1,221,2220
372,123,77,46,4.2,2024,3,6,2,276,4620
172,78,21,57,4.3,2025,10,4,2,140,525
387,149,126,23,4.2,2026,4,6,3,60,1890
483,164,154,10,3.5,2027,6,2,3,74,13860
267,112,57,55,3.5,2028,9,2,1,30,1710
188,85,32,53,4.9,2029,1,4,3,99,1280
489,177,171,6,4.1,2030,2,5,3,1,5985
587,184,180,4,3.4,2031,5,5,3,96,3600
500,143,105,38,4.9,2032,1,1,1,365,4200
533,143,105,38,4.3,2033,8,3,1,67,2625
254,98,44,54,4.9,2034,4,6,1,129,660
477,162,154,8,3.2,2035,9,2,2,308,4620
548,143,109,34,3.7,2036,5,1,1,99,2180
411,137,94,43,4.6,2037,10,5,2,221,2350
240,98,37,61,4.5,2038,7,1,1,252,2590
233,90,37,53,4.4,2039,5,5,1,364,740
165,90,30,60,3.2,2040,7,4,3,182,2100
235,107,55,52,4.4,2041,3,5,3,353,3300
435,131,85,46,3.4,2042,10,4,2,244,2125
246,90,34,56,4.9,2043,10,5,1,145,850
533,184,176,8,3.3,2044,4,5,3,155,2640
437,136,97,39,5.0,2045,9,2,2,360,2910
565,152,127,25,4.6,2046,2,5,1,178,4445
178,88,34,54,3.8,2047,5,1,1,296,680
585,202,197,5,3.2,2048,7,1,3,286,13790
358,134,90,44,3.4,2049,6,2,2,19,8100
458,136,90,46,4.9,2050,9,6,1,5,2700
243,106,43,63,3.5,2051,5,6,3,43,860
536,183,182,1,4.9,2052,9,6,3,76,5460
432,123,73,50,4.5,2053,6,3,2,41,6570
197,90,24,66,3.3,2054,4,3,3,42,360
204,90,29,61,3.8,2055,1,1,2,215,1160
452,137,92,45,3.4,2056,8,6,3,17,2300
472,134,96,38,3.3,2057,5,5,2,314,1920
358,123,78,45,4.6,2058,3,5,2,267,4680
271,105,51,54,3.8,2059,9,5,3,332,1530
219,106,46,60,3.5,2060,7,4,3,312,3220
280,95,30,65,3.8,2061,4,3,1,316,450
503,162,149,13,3.2,2062,6,2,2,210,13410
514,172,172,0,3.1,2063,8,2,1,49,4300
218,101,45,56,3.0,2064,4,5,2,24,675
574,161,143,18,3.4,2065,5,6,2,271,2860
594,190,187,3,4.3,2066,5,4,1,134,3740
489,149,118,31,3.4,2067,10,2,3,269,2950
400,128,78,50,3.0,2068,3,4,2,131,4680
550,161,140,21,3.8,2069,1,5,1,142,5600
293,114,60,54,4.6,2070,6,5,1,344,5400
382,130,85,45,3.4,2071,2,4,1,18,2975
288,108,47,61,3.0,2072,4,5,3,76,705
346,109,57,52,3.7,2073,10,2,2,32,1425
289,113,52,61,3.1,2074,5,3,2,138,1040
279,108,53,55,3.0,2075,6,2,1,17,4770
364,118,62,56,3.4,2076,9,3,3,67,1860
278,107,54,53,3.8,2077,4,3,2,329,810
332,115,58,57,4.8,2078,2,5,2,291,2030
332,117,64,53,3.5,2079,7,1,1,264,4480
202,86,32,54,3.1,2080,5,6,1,12,640
528,175,174,1,3.9,2081,9,2,3,200,5220
261,93,27,66,4.8,2082,3,1,1,98,1620
479,159,135,24,3.7,2083,6,3,1,204,12150
197,82,27,55,3.6,2084,5,1,2,110,540
581,179,175,4,3.2,2085,1,1,2,263,7000
444,136,93,43,4.9,2086,3,1,2,154,5580
163,88,31,57,3.0,2087,8,6,2,282,775
571,174,174,0,3.4,2088,8,2,1,191,4350
301,113,55,58,4.2,2089,8,1,1,271,1375
337,125,76,49,3.3,2090,3,3,1,10,4560
343,115,63,52,3.4,2091,10,2,1,60,1575
541,140,102,38,3.2,2092,5,2,1,363,2040
286,115,57,58,4.7,2093,8,3,2,297,1425
260,95,42,53,4.6,2094,2,4,2,321,1470
460,143,105,38,3.8,2095,6,2,3,132,9450
597,197,190,7,4.8,2096,5,6,3,46,3800
588,162,151,11,4.2,2097,9,5,2,297,4530
242,103,42,61,4.8,2098,9,6,1,98,1260
187,85,26,59,3.2,2099,9,2,2,280,780
219,98,45,53,4.7,2100,9,2,3,173,1350
415,119,72,47,4.3,2101,5,5,1,156,1440
385,141,102,39,3.1,2102,7,5,2,261,7140
591,149,115,34,4.5,2103,1,6,1,15,4600
192,88,33,55,3.2,2104,5,6,2,313,660
179,88,27,61,3.6,2105,7,6,2,203,1890
480,137,91,46,4.1,2106,9,4,1,334,2730
426,134,98,36,3.2,2107,2,4,2,127,3430
468,151,117,34,4.0,2108,9,5,3,123,3510
456,146,110,36,3.8,2109,1,2,1,200,4400
335,126,77,49,3.8,2110,5,3,3,117,1540
226,103,44,59,4.3,2111,4,1,1,122,660
551,183,182,1,4.4,2112,8,3,3,338,4550
358,128,88,40,4.2,2113,1,2,3,300,3520
552,144,104,40,3.5,2114,7,2,2,73,7280
279,113,60,53,4.5,2115,4,6,1,158,900
588,169,163,6,4.0,2116,6,6,2,173,14670
343,119,62,57,3.8,2117,3,6,2,180,3720
222,96,34,62,4.5,2118,5,3,1,55,680
358,108,51,57,4.5,2119,6,1,2,281,4590
370,127,86,41,3.5,2120,9,2,3,130,2580
299,102,49,53,3.7,2121,4,3,1,64,735
356,116,67,49,3.4,2122,8,5,1,140,1675
492,143,108,35,4.6,2123,1,5,2,51,4320
567,174,174,0,3.2,2124,2,6,2,140,6090
415,127,76,51,3.9,2125,9,5,2,77,2280
169,90,27,63,3.5,2126,7,1,1,119,1890
249,101,47,54,3.2,2127,7,3,1,327,3290
196,89,34,55,4.8,2128,5,5,1,44,680
460,145,115,30,4.4,2129,1,2,2,6,4600
357,134,85,49,4.8,2130,8,3,1,118,2125
192,92,31,61,5.0,2131,5,3,2,301,620
589,160,138,22,3.4,2132,9,1,3,215,4140
204,84,20,64,4.7,2133,2,4,1,3,700
502,149,124,25,4.0,2134,3,4,1,315,7440
521,169,166,3,3.4,2135,5,1,2,350,3320
218,90,25,65,4.6,2136,7,2,2,319,1750
296,103,44,59,4.1,2137,2,5,2,255,1540
221,88,33,55,3.3,2138,2,1,1,223,1155
408,123,71,52,3.7,2139,2,2,2,327,2485
280,98,40,58,3.8,2140,5,5,1,135,800
548,172,169,3,3.9,2141,1,1,3,145,6760
209,90,37,53,3.0,2142,5,6,2,275,740
416,129,86,43,3.2,2143,1,5,1,145,3440
500,155,137,18,3.4,2144,8,1,3,3,3425
324,122,73,49,4.1,2145,6,1,1,123,6570
398,127,81,46,4.3,2146,5,3,2,139,1620
418,141,98,43,3.2,2147,3,4,2,134,5880
556,172,168,4,3.6,2148,1,3,2,318,6720
527,151,120,31,3.5,2149,9,6,2,202,3600
177,84,29,55,3.0,2150,5,5,2,226,580
439,147,113,34,4.1,2151,7,6,2,158,7910
280,103,48,55,4.4,2152,10,6,2,124,1200
542,173,173,0,3.6,2153,4,3,2,183,2595
538,141,105,36,3.6,2154,2,3,2,96,3675
346,118,68,50,3.2,2155,2,6,3,46,2380
441,153,124,29,3.2,2156,6,6,2,67,11160
547,175,166,9,3.8,2157,8,4,3,277,4150
392,132,89,43,4.5,2158,9,5,1,88,2670
239,94,39,55,3.5,2159,10,6,2,305,975
493,154,131,23,3.3,2160,7,3,1,306,9170
573,184,184,0,3.2,2161,6,5,1,12,16560
462,126,83,43,4.7,2162,2,4,2,222,2905
540,168,158,10,3.2,2163,2,1,3,127,5530
343,130,91,39,3.4,2164,2,4,3,78,3185
200,98,45,53,4.1,2165,4,6,3,12,675
278,110,50,60,3.5,2166,5,5,3,25,1000
470,155,128,27,4.0,2167,6,2,2,335,11520
491,151,124,27,3.1,2168,1,3,1,277,4960
407,118,62,56,4.6,2169,4,2,1,106,930
183,88,25,63,3.2,2170,1,1,1,199,1000
589,148,117,31,4.5,2171,5,3,2,253,2340
596,175,175,0,3.3,2172,3,3,2,253,10500
288,106,51,55,3.6,2173,6,5,1,319,4590
221,98,39,59,4.3,2174,10,3,1,69,975
159,84,25,59,4.4,2175,7,6,1,47,1750
232,106,47,59,3.0,2176,1,6,3,288,1880
284,100,42,58,3.5,2177,9,2,2,315,1260
516,160,141,19,3.2,2178,7,2,3,333,9870
155,83,17,66,4.2,2179,10,2,1,346,425
262,115,65,50,3.6,2180,5,1,3,52,1300
443,137,93,44,3.9,2181,9,4,3,200,2790
307,116,58,58,4.7,2182,6,1,2,242,5220
592,168,167,1,3.2,2183,8,4,1,257,4175
271,114,66,48,3.2,2184,1,1,3,76,2640
222,97,33,64,4.8,2185,5,4,2,91,660
477,159,143,16,4.1,2186,8,5,1,168,3575
283,99,42,57,3.7,2187,3,3,1,75,2520
374,135,89,46,4.7,2188,2,5,2,343,3115
584,168,159,9,3.8,2189,5,6,1,113,3180
534,156,138,18,4.2,2190,2,1,1,148,4830
498,161,138,23,3.8,2191,4,5,3,117,2070
415,128,75,53,3.8,2192,4,2,1,337,1125
242,95,31,64,3.2,2193,8,5,1,134,775
157,86,30,56,3.5,2194,7,4,2,185,2100
417,120,71,49,3.3,2195,5,6,1,314,1420
536,172,171,1,4.5,2196,10,6,3,170,4275
469,153,135,18,3.0,2197,4,3,1,209,2025
585,186,186,0,4.5,2198,1,1,1,57,7440
518,153,126,27,4.3,2199,4,3,2,249,1890
583,173,168,5,3.7,2200,7,6,2,177,11760
384,115,56,59,3.5,2201,9,5,2,300,1680
349,129,87,42,3.4,2202,10,1,3,346,2175
344,133,93,40,4.9,2203,6,2,3,316,8370
402,141,106,35,4.8,2204,9,1,2,92,3180
578,180,174,6,4.0,2205,8,5,3,214,4350
312,110,49,61,4.4,2206,9,6,2,197,1470
506,170,170,0,3.7,2207,1,1,3,110,6800
319,123,67,56,4.3,2208,2,3,3,61,2345
240,110,52,58,3.5,2209,9,3,3,263,1560
453,139,107,32,4.6,2210,10,1,3,315,2675
474,155,138,17,4.7,2211,3,5,1,296,8280
202,85,20,65,4.4,2212,2,4,2,182,700
539,144,109,35,3.8,2213,9,4,1,167,3270
451,134,95,39,4.6,2214,4,2,1,90,1425
590,170,165,5,3.7,2215,3,6,1,36,9900
415,146,116,30,3.6,2216,10,4,2,3,2900
545,185,179,6,3.0,2217,10,3,3,54,4475
211,98,34,64,4.8,2218,2,6,2,329,1190
174,90,27,63,4.6,2219,8,5,3,348,675
351,124,75,49,3.2,2220,3,1,3,175,4500
260,99,37,62,4.6,2221,5,6,1,167,740
199,89,27,62,3.1,2222,9,5,2,294,810
506,155,137,18,4.6,2223,8,6,3,364,3425
383,141,106,35,3.9,2224,8,1,3,311,2650
537,148,113,35,3.5,2225,8,1,2,323,2825
588,152,121,31,4.9,2226,9,4,2,165,3630
179,94,35,59,4.1,2227,4,4,3,184,525
220,99,45,54,4.8,2228,8,4,3,216,1125
525,173,173,0,4.7,2229,7,3,2,216,12110
241,94,37,57,4.8,2230,6,6,2,153,3330
320,124,68,56,4.8,2231,4,2,2,166,1020
340,120,65,55,3.1,2232,6,6,1,145,5850
559,143,102,41,3.6,2233,5,4,1,110,2040
254,101,38,63,4.4,2234,9,3,1,324,1140
585,176,176,0,5.0,2235,6,3,3,350,15840
585,163,153,10,4.6,2236,10,6,1,343,3825
226,88,35,53,4.0,2237,4,6,2,352,525
297,109,59,50,4.6,2238,7,2,1,105,4130
527,168,156,12,3.4,2239,5,2,2,147,3120
470,128,86,42,3.0,2240,1,1,2,134,3440
362,113,63,50,4.1,2241,3,4,2,295,3780
234,97,32,65,4.3,2242,9,4,1,100,960
395,121,69,52,4.1,2243,7,4,1,266,4830
344,122,75,47,3.2,2244,8,2,3,133,1875
345,124,75,49,3.1,2245,10,6,2,302,1875
211,87,27,60,4.4,2246,10,3,2,75,675
439,163,143,20,3.7,2247,3,6,3,70,8580
440,145,108,37,4.9,2248,2,6,1,141,3780
188,88,30,58,3.3,2249,2,3,3,126,1050
509,157,134,23,3.5,2250,7,2,3,263,9380
527,157,141,16,3.8,2251,10,3,3,122,3525
320,115,67,48,4.0,2252,2,4,1,230,2345
459,124,78,46,3.3,2253,10,3,1,93,1950
319,120,69,51,4.4,2254,1,5,1,72,2760
220,93,27,66,4.6,2255,7,6,3,238,1890
353,121,66,55,3.1,2256,7,6,1,28,4620
400,140,104,36,4.7,2257,9,3,3,285,3120
504,169,161,8,3.4,2258,3,3,3,95,9660
181,79,17,62,3.5,2259,4,2,2,313,255
567,146,109,37,3.7,2260,5,3,2,161,2180
594,181,181,0,4.2,2261,2,2,1,69,6335
489,140,103,37,3.6,2262,7,2,2,347,7210
463,145,112,33,3.2,2263,1,2,1,53,4480
197,84,17,67,4.3,2264,10,6,2,38,425
230,94,40,54,4.3,2265,3,5,1,188,2400
544,143,107,36,3.8,2266,2,6,1,82,3745
211,91,36,55,3.7,2267,1,6,1,130,1440
251,97,41,56,3.4,2268,3,6,3,312,2460
424,143,112,31,4.6,2269,3,2,3,65,6720
541,141,102,39,3.0,2270,8,1,1,58,2550
470,158,145,13,3.0,2271,4,6,2,184,2175
226,98,33,65,4.7,2272,8,3,3,131,825
329,124,69,55,4.6,2273,7,3,1,206,4830
516,138,104,34,4.2,2274,3,3,1,365,6240
382,119,67,52,4.9,2275,3,2,1,124,4020
337,132,84,48,3.4,2276,9,4,3,78,2520
530,154,131,23,4.9,2277,5,2,3,3,2620
464,133,90,43,3.6,2278,7,5,1,14,6300
181,85,31,54,4.2,2279,2,1,2,263,1085
214,90,27,63,4.9,2280,8,1,1,279,675
263,93,27,66,3.2,2281,1,3,2,57,1080
404,136,101,35,3.6,2282,4,3,3,316,1515
452,147,115,32,4.7,2283,10,3,3,254,2875
580,195,190,5,3.9,2284,10,2,3,230,4750
434,146,115,31,3.2,2285,1,2,1,99,4600
433,134,90,44,4.5,2286,4,2,1,85,1350
366,133,91,42,3.2,2287,8,6,3,295,2275
204,101,37,64,4.9,2288,10,2,3,49,925
193,87,21,66,3.5,2289,10,2,1,105,525
320,121,68,53,3.7,2290,3,2,2,64,4080
303,110,59,51,3.4,2291,10,5,3,18,1475
243,97,42,55,3.9,2292,4,4,2,124,630
254,103,49,54,4.6,2293,1,2,3,290,1960
230,101,42,59,3.9,2294,4,4,2,270,630
449,150,127,23,4.7,2295,7,2,1,157,8890
286,105,45,60,4.9,2296,1,4,1,303,1800
536,139,103,36,4.0,2297,1,2,2,300,4120
169,84,26,58,4.5,2298,6,5,1,200,2340
537,160,141,19,3.5,2299,2,3,1,96,4935
551,150,124,26,4.0,2300,7,2,1,147,8680
570,190,189,1,5.0,2301,2,4,3,23,6615
251,103,52,51,3.8,2302,5,4,1,1,1040
202,97,33,64,3.4,2303,6,4,2,291,2970
395,121,77,44,3.3,2304,10,3,1,112,1925
257,109,47,62,5.0,2305,8,3,3,257,1175
514,167,165,2,5.0,2306,5,1,1,298,3300
259,102,50,52,4.8,2307,1,1,1,7,2000
360,126,81,45,3.1,2308,5,2,1,351,1620
198,85,29,56,4.4,2309,6,6,2,7,2610
454,154,124,30,3.2,2310,9,3,2,159,3720
407,144,111,33,3.1,2311,9,3,1,228,3330
283,99,35,64,3.9,2312,4,1,2,24,525
527,174,170,4,3.9,2313,9,5,2,252,5100
181,86,26,60,3.9,2314,8,5,2,15,650
574,159,135,24,3.6,2315,5,2,2,288,2700
230,99,42,57,3.5,2316,5,3,1,27,840
436,136,100,36,3.8,2317,4,6,2,232,1500
286,108,46,62,3.5,2318,1,5,3,49,1840
207,84,26,58,4.3,2319,4,4,2,278,390
495,155,131,24,3.7,2320,6,6,3,266,11790
243,105,47,58,4.4,2321,4,1,2,73,705
346,124,78,46,3.9,2322,4,6,2,87,1170
309,118,61,57,4.1,2323,9,2,3,133,1830
231,107,50,57,3.6,2324,8,1,3,219,1250
407,124,74,50,4.1,2325,1,6,1,2,2960
171,90,30,60,4.0,2326,2,1,1,221,1050
444,133,97,36,3.1,2327,2,5,3,255,3395
574,158,144,14,5.0,2328,3,2,1,50,8640
515,142,107,35,4.4,2329,3,1,1,1,6420
277,108,53,55,3.2,2330,8,5,3,52,1325
234,101,43,58,3.3,2331,1,4,2,43,1720
369,134,96,38,3.6,2332,5,1,2,6,1920
355,127,81,46,4.8,2333,4,5,2,62,1215
508,153,132,21,3.0,2334,8,1,2,254,3300
224,93,31,62,3.8,2335,9,5,3,341,930
468,148,115,33,4.1,2336,7,5,1,273,8050
466,150,123,27,3.9,2337,9,5,2,316,3690
309,115,64,51,3.5,2338,2,6,3,144,2240
206,94,38,56,3.4,2339,1,2,2,190,1520
276,120,62,58,3.7,2340,7,3,3,38,4340
366,124,78,46,4.1,2341,5,6,3,24,1560
365,129,88,41,4.3,2342,3,1,3,289,5280
283,108,51,57,4.0,2343,2,4,2,103,1785
485,158,135,23,4.1,2344,2,3,1,265,4725
174,95,39,56,4.7,2345,8,4,3,317,975
370,111,61,50,3.9,2346,4,4,2,184,915
311,111,57,54,3.7,2347,6,4,1,40,5130
550,179,173,6,4.6,2348,10,4,2,62,4325
216,89,28,61,4.8,2349,4,5,1,9,420
544,166,150,16,3.2,2350,8,4,2,130,3750
461,168,154,14,4.4,2351,2,1,3,326,5390
588,167,156,11,3.4,2352,8,2,3,292,3900
505,156,129,27,4.5,2353,10,3,3,282,3225
164,78,23,55,5.0,2354,4,2,1,276,345
567,198,189,9,4.5,2355,9,4,3,5,5670
392,127,81,46,5.0,2356,5,3,1,46,1620
238,96,42,54,4.8,2357,5,3,1,63,840
517,180,180,0,4.6,2358,8,4,3,217,4500
234,97,34,63,4.5,2359,5,2,1,168,680
370,143,109,34,3.1,2360,3,4,3,193,6540
338,121,64,57,4.3,2361,8,1,3,245,1600
316,120,66,54,3.1,2362,9,4,1,331,1980
306,113,59,54,3.7,2363,6,3,3,150,5310
207,86,30,56,5.0,2364,5,2,1,192,600
541,165,156,9,4.5,2365,2,3,2,112,5460
546,162,144,18,4.3,2366,10,1,3,248,3600
400,120,75,45,4.1,2367,8,2,2,169,1875
569,157,130,27,4.3,2368,8,5,2,65,3250
551,173,168,5,3.7,2369,2,1,1,146,5880
347,114,62,52,4.0,2370,1,6,1,117,2480
267,117,58,59,3.1,2371,2,1,3,192,2030
413,130,86,44,3.6,2372,5,5,2,88,1720
238,99,43,56,4.9,2373,7,4,3,330,3010
177,94,33,61,4.4,2374,4,6,3,173,495
261,92,36,56,4.3,2375,2,1,2,294,1260
479,145,112,33,4.9,2376,3,6,3,302,6720
597,183,183,0,4.2,2377,6,3,2,353,16470
547,151,122,29,4.0,2378,9,2,2,347,3660
203,93,31,62,3.8,2379,10,4,1,233,775
426,141,100,41,3.5,2380,2,3,1,311,3500
453,141,101,40,4.1,2381,3,1,2,283,6060
480,129,89,40,3.3,2382,5,3,1,219,1780
414,139,102,37,4.8,2383,8,6,1,170,2550
172,80,16,64,4.8,2384,5,2,1,263,320
347,116,56,60,4.8,2385,9,4,1,124,1680
493,156,128,28,3.0,2386,2,3,2,280,4480
340,121,74,47,3.5,2387,3,1,3,166,4440
482,161,150,11,3.1,2388,7,2,3,245,10500
550,161,142,19,3.8,2389,4,6,3,355,2130
167,90,24,66,3.9,2390,5,2,3,23,480
339,129,85,44,3.8,2391,1,4,1,27,3400
502,160,146,14,3.8,2392,1,5,3,168,5840
156,86,23,63,4.7,2393,5,3,1,209,460
294,109,48,61,3.8,2394,3,5,1,147,2880
390,133,92,41,4.5,2395,2,2,3,206,3220
253,104,51,53,4.1,2396,9,1,3,136,1530
348,135,95,40,3.5,2397,8,3,3,94,2375
416,132,91,41,4.3,2398,9,6,2,89,2730
336,124,75,49,3.4,2399,5,5,2,235,1500
382,131,83,48,3.3,2400,2,1,1,128,2905
509,165,156,9,4.0,2401,4,4,1,175,2340
157,82,16,66,4.5,2402,4,1,1,224,240
187,89,28,61,4.9,2403,8,4,3,25,700
383,141,99,42,4.0,2404,10,1,3,231,2475
551,161,151,10,4.7,2405,8,2,2,149,3775
197,95,35,60,3.5,2406,6,3,1,96,3150
394,127,85,42,4.4,2407,2,1,1,69,2975
286,114,58,56,4.4,2408,7,2,2,30,4060
313,108,54,54,3.3,2409,1,1,3,116,2160
513,182,173,9,3.1,2410,1,6,3,338,6920
359,120,65,55,4.7,2411,7,1,1,179,4550
407,153,133,20,3.6,2412,8,5,3,132,3325
416,122,69,53,4.4,2413,10,6,1,31,1725
364,134,93,41,4.8,2414,8,5,1,77,2325
183,92,36,56,4.4,2415,10,5,1,226,900
444,142,113,29,3.9,2416,5,1,1,323,2260
311,102,37,65,4.5,2417,5,5,2,194,740
570,165,147,18,3.9,2418,1,6,3,244,5880
498,166,153,13,4.8,2419,7,2,2,136,10710
443,145,108,37,4.6,2420,9,4,1,181,3240
389,138,98,40,3.7,2421,9,1,2,222,2940
391,147,111,36,4.9,2422,6,5,3,321,9990
253,95,41,54,4.5,2423,10,1,1,165,1025
320,110,56,54,4.3,2424,6,2,1,24,5040
185,83,28,55,4.6,2425,8,4,1,27,700
418,155,128,27,3.8,2426,6,5,3,160,11520
429,154,130,24,3.4,2427,6,1,3,323,11700
303,111,51,60,3.6,2428,6,6,1,260,4590
357,125,70,55,3.9,2429,6,2,3,244,6300
351,132,86,46,3.2,2430,1,4,3,228,3440
439,140,104,36,4.9,2431,3,2,1,241,6240
402,137,100,37,5.0,2432,1,3,1,264,4000
192,92,32,60,3.2,2433,5,5,1,219,640
318,117,58,59,4.4,2434,8,4,1,38,1450
357,132,87,45,4.6,2435,1,3,1,266,3480
499,164,155,9,3.3,2436,5,2,2,209,3100
332,116,62,54,4.5,2437,2,2,3,95,2170
313,105,52,53,4.9,2438,5,5,1,88,1040
282,96,34,62,3.1,2439,2,4,2,243,1190
510,150,123,27,3.1,2440,10,2,1,118,3075
495,164,155,9,4.5,2441,2,1,2,26,5425
351,132,94,38,4.4,2442,1,1,1,254,3760
210,89,23,66,4.8,2443,2,5,2,283,805
463,127,81,46,3.6,2444,9,3,1,349,2430
484,163,147,16,3.7,2445,3,1,1,159,8820
324,119,62,57,3.1,2446,2,2,3,55,2170
445,146,113,33,4.9,2447,2,2,3,29,3955
429,135,86,49,4.6,2448,5,4,1,260,1720
286,118,63,55,4.3,2449,9,6,3,77,1890
447,162,141,21,3.0,2450,6,3,3,314,12690
538,164,147,17,3.3,2451,4,5,3,343,2205
402,124,71,53,4.8,2452,5,5,1,310,1420
385,127,73,54,4.3,2453,5,3,3,213,1460
262,99,34,65,3.1,2454,8,5,2,7,850
479,140,96,44,4.3,2455,1,1,2,10,3840
411,117,58,59,3.2,2456,4,1,2,113,870
556,165,158,7,3.7,2457,3,2,3,185,9480
434,141,107,34,4.7,2458,2,3,3,236,3745
527,147,116,31,3.1,2459,2,3,1,175,4060
558,173,169,4,4.0,2460,8,2,3,77,4225
387,122,72,50,3.2,2461,10,2,3,171,1800
515,140,102,38,4.4,2462,3,6,1,100,6120
521,137,98,39,4.6,2463,2,6,1,336,3430
520,156,133,23,3.2,2464,10,5,2,281,3325
258,98,40,58,3.2,2465,4,3,2,320,600
533,156,139,17,3.2,2466,2,4,3,23,4865
512,168,161,7,4.1,2467,1,5,2,289,6440
184,88,23,65,4.0,2468,3,3,2,88,1380
561,169,160,9,4.7,2469,8,3,3,317,4000
220,88,22,66,3.4,2470,9,5,1,162,660
424,123,69,54,3.1,2471,6,2,2,238,6210
399,146,118,28,4.7,2472,6,1,3,278,10620
334,121,74,47,3.3,2473,4,6,1,345,1110
215,100,39,61,4.9,2474,1,2,2,176,1560
586,176,174,2,3.7,2475,3,2,1,119,10440
274,95,41,54,4.5,2476,5,1,2,63,820
321,108,48,60,3.0,2477,4,5,1,154,720
268,109,52,57,4.8,2478,2,4,3,31,1820
264,106,52,54,3.3,2479,9,2,2,360,1560
499,148,117,31,4.7,2480,4,6,1,348,1755
533,141,110,31,3.1,2481,2,6,1,42,3850
570,169,162,7,3.3,2482,9,1,2,230,4860
210,84,18,66,3.7,2483,3,4,1,170,1080
580,200,191,9,3.8,2484,4,4,3,184,2865
193,91,25,66,3.6,2485,8,3,3,88,625
485,176,173,3,5.0,2486,6,5,3,112,15570
544,175,171,4,3.0,2487,2,2,3,71,5985
235,90,26,64,3.8,2488,4,1,2,208,390
301,103,45,58,4.3,2489,5,5,1,16,900
506,157,131,26,4.4,2490,9,4,2,223,3930
423,148,121,27,4.9,2491,1,3,2,353,4840
358,127,86,41,4.4,2492,2,2,1,299,3010
499,139,102,37,3.7,2493,2,4,2,162,3570
385,131,85,46,4.1,2494,6,5,1,211,7650
253,92,37,55,4.7,2495,6,2,1,115,3330
357,134,89,45,3.7,2496,10,5,2,302,2225
503,150,127,23,3.9,2497,4,3,2,200,1905
519,171,165,6,4.9,2498,6,3,2,347,14850
391,134,96,38,4.2,2499,2,4,3,139,3360
370,122,68,54,3.7,2500,5,5,3,154,1360
507,167,161,6,4.8,2501,9,5,1,36,4830
567,174,174,0,3.3,2502,5,1,2,329,3480
353,112,63,49,4.8,2503,4,4,2,116,945
219,103,48,55,5.0,2504,6,5,3,239,4320
212,100,39,61,4.3,2505,4,1,1,133,585
555,174,169,5,4.6,2506,3,5,1,108,10140
381,118,71,47,3.9,2507,1,3,1,308,2840
165,82,24,58,4.6,2508,1,6,2,273,960
190,82,24,58,3.6,2509,5,4,1,263,480
567,173,166,7,3.9,2510,7,3,1,86,11620
286,104,47,57,3.4,2511,6,3,3,214,4230
504,162,151,11,4.6,2512,1,3,2,69,6040
381,132,87,45,3.8,2513,10,5,3,44,2175
207,98,33,65,4.9,2514,1,1,3,182,1320
567,181,173,8,3.0,2515,7,5,2,253,12110
487,142,101,41,4.0,2516,9,2,3,319,3030
183,84,27,57,4.7,2517,8,1,1,267,675
163,79,22,57,4.4,2518,4,3,1,182,330
420,133,86,47,4.8,2519,4,6,1,6,1290
343,114,56,58,4.0,2520,3,3,1,70,3360
457,143,112,31,4.7,2521,1,6,1,322,4480
518,179,179,0,4.3,2522,8,4,3,230,4475
236,92,35,57,3.4,2523,8,5,1,238,875
239,95,36,59,4.4,2524,2,5,2,281,1260
216,97,39,58,3.7,2525,3,5,3,44,2340
196,87,23,64,3.8,2526,4,5,3,301,345
563,157,131,26,3.0,2527,9,2,1,337,3930
201,96,38,58,4.4,2528,4,1,1,6,570
589,186,186,0,3.5,2529,5,4,1,326,3720
252,111,51,60,3.3,2530,10,4,3,268,1275
222,96,42,54,4.2,2531,8,2,2,327,1050
436,144,113,31,5.0,2532,7,6,1,290,7910
525,137,92,45,4.6,2533,8,4,1,326,2300
340,136,92,44,4.7,2534,3,6,3,299,5520
592,184,176,8,4.1,2535,10,2,2,117,4400
291,104,50,54,3.6,2536,10,2,3,217,1250
484,146,117,29,3.1,2537,5,3,3,224,2340
488,153,124,29,4.1,2538,4,5,1,149,1860
347,125,82,43,4.0,2539,7,5,2,288,5740
441,163,153,10,3.1,2540,6,2,3,121,13770
186,89,27,62,3.0,2541,6,5,3,175,2430
519,157,136,21,4.1,2542,2,1,1,49,4760
394,114,55,59,3.9,2543,1,2,1,251,2200
186,81,26,55,4.3,2544,1,3,2,57,1040
253,111,55,56,4.8,2545,5,6,3,157,1100
422,141,107,34,4.9,2546,10,3,3,364,2675
234,103,42,61,3.2,2547,5,4,1,288,840
374,129,77,52,3.9,2548,8,3,1,291,1925
421,138,99,39,3.7,2549,2,3,2,148,3465
507,140,104,36,3.2,2550,2,3,1,313,3640
246,99,35,64,3.3,2551,6,5,3,102,3150
185,90,31,59,4.6,2552,2,1,1,57,1085
477,156,139,17,3.1,2553,2,4,3,217,4865
387,131,90,41,4.5,2554,9,4,3,156,2700
443,163,144,19,3.8,2555,6,4,3,337,12960
368,126,76,50,3.1,2556,7,6,3,356,5320
311,111,49,62,4.2,2557,7,6,1,29,3430
368,145,112,33,3.2,2558,2,6,3,149,3920
220,89,26,63,3.1,2559,7,3,2,117,1820
518,148,112,36,3.3,2560,10,2,2,36,2800
495,153,123,30,4.7,2561,4,5,3,40,1845
467,158,137,21,4.8,2562,9,3,3,159,4110
276,110,61,49,4.8,2563,4,4,2,279,915
307,117,70,47,4.8,2564,3,3,2,352,4200
441,146,110,36,4.7,2565,4,6,1,276,1650
380,137,95,42,4.8,2566,2,1,3,268,3325
538,143,101,42,4.2,2567,9,6,1,30,3030
459,160,140,20,5.0,2568,8,3,3,221,3500
448,131,81,50,4.9,2569,9,1,2,302,2430
181,85,26,59,4.5,2570,8,6,3,25,650
586,168,164,4,4.4,2571,6,3,3,193,14760
391,148,113,35,3.1,2572,7,6,3,279,7910
292,116,62,54,4.9,2573,6,3,1,15,5580
264,109,48,61,4.8,2574,2,6,2,127,1680
548,169,163,6,3.7,2575,8,2,1,252,4075
511,153,130,23,3.7,2576,9,3,3,185,3900
434,161,147,14,3.4,2577,1,1,3,150,5880
432,139,99,40,3.8,2578,7,1,3,72,6930
264,93,30,63,3.6,2579,5,3,1,44,600
230,87,24,63,3.4,2580,4,6,1,75,360
285,117,58,59,3.6,2581,8,1,3,164,1450
362,139,102,37,4.7,2582,2,3,3,249,3570
513,155,129,26,3.8,2583,7,6,2,10,9030
562,168,161,7,3.9,2584,8,6,1,108,4025
284,102,50,52,3.6,2585,10,2,1,112,1250
556,147,122,25,4.1,2586,9,1,1,104,3660
323,128,86,42,4.7,2587,4,5,3,216,1290
218,95,32,63,3.0,2588,3,6,1,57,1920
355,113,52,61,3.5,2589,7,6,1,124,3640
359,110,58,52,3.2,2590,6,4,1,256,5220
567,192,185,7,4.6,2591,7,5,3,349,12950
534,172,163,9,3.3,2592,7,1,2,54,11410
178,95,40,55,4.2,2593,3,2,3,212,2400
270,106,54,52,3.3,2594,8,2,3,268,1350
384,115,65,50,3.3,2595,6,2,2,63,5850
299,99,47,52,4.8,2596,8,5,2,69,1175
386,146,114,32,4.3,2597,9,6,3,279,3420
572,161,150,11,4.7,2598,7,4,3,41,10500
347,129,83,46,3.3,2599,1,1,3,75,3320
323,114,59,55,4.2,2600,8,6,3,150,1475
347,124,77,47,4.4,2601,7,4,2,250,5390
277,104,52,52,4.9,2602,10,6,1,127,1300
193,83,23,60,4.9,2603,8,2,1,198,575
502,161,150,11,4.2,2604,7,3,1,145,10500
587,158,131,27,4.6,2605,10,5,1,302,3275
330,120,64,56,4.2,2606,8,5,2,115,1600
238,110,54,56,4.5,2607,5,2,3,345,1080
382,112,64,48,3.6,2608,9,2,1,180,1920
240,101,40,61,4.2,2609,4,4,1,134,600
249,109,59,50,3.4,2610,3,6,3,34,3540
376,134,93,41,4.0,2611,6,5,3,140,8370
156,75,12,63,3.0,2612,7,4,2,348,840
542,140,108,32,4.7,2613,4,3,2,226,1620
404,127,83,44,4.3,2614,10,1,2,210,2075
362,113,59,54,3.9,2615,7,5,2,57,4130
440,135,93,42,3.7,2616,7,2,1,351,6510
218,94,30,64,3.3,2617,2,5,1,166,1050
315,102,46,56,3.6,2618,5,1,1,112,920
355,114,63,51,4.4,2619,2,5,2,131,2205
238,100,37,63,3.1,2620,4,3,2,286,555
489,153,129,24,3.7,2621,7,1,1,205,9030
264,93,36,57,4.1,2622,5,6,1,182,720
182,81,17,64,3.2,2623,8,6,2,277,425
533,165,154,11,3.3,2624,7,1,1,141,10780
424,128,75,53,3.2,2625,4,4,2,16,1125
317,110,52,58,4.5,2626,9,1,1,108,1560
556,164,152,12,4.8,2627,1,1,1,334,6080
395,139,106,33,4.5,2628,9,5,3,337,3180
294,114,55,59,4.2,2629,4,4,2,161,825
487,151,128,23,4.9,2630,6,2,1,130,11520
248,95,30,65,3.1,2631,5,2,1,192,600
422,127,80,47,4.9,2632,6,2,2,69,7200
196,84,29,55,3.8,2633,5,4,2,170,580
292,111,57,54,4.4,2634,2,6,2,54,1995
160,86,26,60,3.8,2635,9,2,2,345,780
511,133,86,47,4.5,2636,8,2,2,186,2150
428,158,131,27,3.6,2637,3,1,3,113,7860
288,115,55,60,4.9,2638,8,2,3,275,1375
363,126,81,45,4.5,2639,8,6,2,245,2025
353,111,56,55,4.5,2640,10,3,1,146,1400
582,183,182,1,4.2,2641,8,6,1,55,4550
259,109,47,62,4.0,2642,3,4,2,149,2820
565,158,133,25,3.5,2643,9,1,1,117,3990
150,79,21,58,4.6,2644,5,2,3,96,420
228,93,29,64,3.9,2645,2,2,1,270,1015
420,140,108,32,4.5,2646,5,4,2,309,2160
396,117,57,60,3.8,2647,4,4,1,88,855
572,143,109,34,4.0,2648,7,6,2,253,7630
544,171,167,4,4.9,2649,3,2,3,181,10020
505,181,178,3,4.2,2650,9,5,3,93,5340
427,130,85,45,3.4,2651,3,3,2,151,5100
509,146,121,25,3.8,2652,8,4,1,292,3025
595,152,127,25,3.4,2653,2,1,1,227,4445
439,132,90,42,3.5,2654,2,5,2,316,3150
541,173,173,0,4.7,2655,1,4,2,16,6920
471,165,153,12,3.8,2656,6,1,3,339,13770
443,138,100,38,3.0,2657,10,3,1,318,2500
501,153,126,27,4.4,2658,6,3,3,321,11340
291,122,77,45,4.0,2659,4,2,3,25,1155
386,137,98,39,4.9,2660,4,5,1,272,1470
525,174,169,5,4.6,2661,4,6,1,223,2535
298,116,58,58,4.3,2662,6,1,1,151,5220
317,129,76,53,3.3,2663,1,2,3,165,3040
353,130,79,51,3.0,2664,1,4,3,156,3160
423,135,99,36,3.4,2665,6,4,1,346,8910
434,131,84,47,4.3,2666,2,2,2,289,2940
466,134,98,36,4.5,2667,3,3,2,113,5880
362,112,58,54,4.6,2668,7,2,2,17,4060
258,105,53,52,4.4,2669,1,5,1,239,2120
332,104,45,59,3.8,2670,2,6,2,219,1575
542,171,169,2,4.3,2671,6,6,2,360,15210
441,162,141,21,4.3,2672,10,5,3,296,3525
362,118,69,49,4.5,2673,8,6,3,18,1725
174,94,32,62,4.9,2674,5,5,3,126,640
454,140,106,34,3.7,2675,2,5,1,290,3710
569,155,125,30,3.8,2676,4,1,2,14,1875
326,124,70,54,3.6,2677,7,3,1,80,4900
587,172,168,4,3.5,2678,8,2,1,109,4200
375,124,76,48,4.8,2679,6,5,2,117,6840
500,153,130,23,3.9,2680,6,4,2,318,11700
423,118,73,45,3.2,2681,3,5,1,351,4380
523,152,130,22,4.7,2682,7,1,3,13,9100
529,141,99,42,4.9,2683,1,5,1,47,3960
271,106,50,56,4.0,2684,10,6,2,330,1250
478,161,146,15,3.6,2685,9,6,3,109,4380
316,123,70,53,3.3,2686,9,2,3,292,2100
201,97,36,61,4.0,2687,7,1,1,243,2520
184,92,34,58,4.7,2688,10,5,1,159,850
456,150,119,31,3.5,2689,6,5,3,158,10710
332,123,74,49,4.5,2690,3,5,3,297,4440
210,95,38,57,3.9,2691,10,4,1,114,950
254,102,45,57,4.1,2692,2,5,3,173,1575
421,121,75,46,3.1,2693,5,5,1,44,1500
457,156,135,21,3.9,2694,9,5,1,270,4050
184,86,27,59,3.4,2695,9,1,1,151,810
244,95,30,65,3.9,2696,4,1,2,112,450
575,197,197,0,3.5,2697,7,6,3,329,13790
412,127,84,43,4.0,2698,5,6,1,353,1680
404,139,100,39,4.9,2699,4,5,3,352,1500
183,87,26,61,3.3,2700,2,1,3,328,910
342,112,55,57,3.1,2701,6,3,2,152,4950
554,144,112,32,4.2,2702,2,2,2,347,3920
445,161,148,13,4.4,2703,3,2,3,178,8880
426,140,100,40,4.8,2704,5,3,1,69,2000
349,122,79,43,4.3,2705,6,4,2,351,7110
374,133,91,42,3.7,2706,7,5,2,164,6370
536,175,175,0,3.2,2707,7,6,2,174,12250
223,98,40,58,4.5,2708,8,5,1,328,1000
569,165,149,16,4.3,2709,5,5,2,9,2980
157,86,23,63,4.9,2710,10,4,1,282,575
367,133,89,44,5.0,2711,3,1,3,28,5340
521,142,108,34,3.7,2712,8,2,1,273,2700
546,163,150,13,4.7,2713,5,2,2,16,3000
445,158,140,18,4.3,2714,7,2,3,262,9800
576,163,143,20,3.7,2715,8,5,2,274,3575
366,115,67,48,3.7,2716,4,6,2,127,1005
531,166,156,10,4.9,2717,7,6,2,176,10920
249,90,35,55,3.2,2718,7,5,2,239,2450
190,94,36,58,3.3,2719,2,2,1,90,1260
218,96,33,63,4.4,2720,6,3,3,274,2970
503,162,153,9,3.2,2721,1,3,2,145,6120
171,78,14,64,3.6,2722,5,4,2,154,280
185,82,28,54,3.8,2723,4,4,1,64,420
503,153,124,29,3.7,2724,3,4,1,143,7440
470,160,148,12,4.7,2725,1,4,1,299,5920
474,150,116,34,4.3,2726,7,4,1,136,8120
449,146,119,27,4.8,2727,3,1,3,149,7140
276,115,68,47,4.0,2728,6,1,3,103,6120
243,111,57,54,4.2,2729,10,1,3,211,1425
152,81,23,58,3.2,2730,4,1,3,155,345
568,159,135,24,4.2,2731,5,3,3,138,2700
474,157,143,14,4.3,2732,7,5,3,119,10010
171,82,26,56,4.1,2733,6,1,3,50,2340
259,94,34,60,3.4,2734,10,5,1,52,850
284,110,55,55,3.2,2735,5,3,2,237,1100
312,114,62,52,4.6,2736,2,2,1,187,2170
283,115,56,59,4.0,2737,4,6,3,135,840
382,133,89,44,3.2,2738,9,4,2,132,2670
425,123,74,49,3.2,2739,7,3,1,189,5180
478,155,138,17,3.8,2740,1,1,1,133,5520
253,102,49,53,4.0,2741,1,1,2,218,1960
255,99,45,54,3.7,2742,10,3,2,254,1125
259,106,50,56,3.0,2743,3,4,1,353,3000
517,158,132,26,4.9,2744,3,2,1,287,7920
572,184,177,7,4.1,2745,9,3,1,310,5310
285,116,57,59,4.3,2746,7,2,1,137,3990
462,140,98,42,3.0,2747,5,5,1,351,1960
178,88,34,54,4.4,2748,1,3,1,216,1360
231,104,43,61,4.7,2749,3,4,2,103,2580
468,129,87,42,4.8,2750,1,4,1,163,3480
388,127,79,48,5.0,2751,9,5,3,134,2370
243,96,38,58,4.7,2752,3,5,3,90,2280
157,77,12,65,3.2,2753,6,1,1,134,1080
248,100,36,64,4.4,2754,1,4,1,94,1440
156,80,24,56,3.3,2755,10,5,1,327,600
454,137,102,35,3.8,2756,1,1,1,188,4080
334,128,84,44,3.1,2757,2,5,1,98,2940
459,138,99,39,3.5,2758,10,1,3,148,2475
163,84,18,66,3.4,2759,1,1,2,43,720
237,90,32,58,4.6,2760,10,2,2,301,800
391,128,76,52,3.2,2761,9,5,1,33,2280
530,189,181,8,4.1,2762,6,1,3,290,16290
577,154,127,27,3.8,2763,10,5,1,260,3175
300,106,44,62,4.3,2764,6,2,1,192,3960
242,103,40,63,4.9,2765,7,5,1,79,2800
448,147,116,31,4.6,2766,1,4,2,131,4640
465,149,119,30,4.3,2767,4,2,1,288,1785
265,107,54,53,3.9,2768,5,5,3,362,1080
162,79,18,61,4.7,2769,9,6,2,50,540
329,104,41,63,3.2,2770,9,5,2,251,1230
424,124,74,50,4.1,2771,7,6,1,242,5180
525,145,113,32,3.9,2772,6,3,2,201,10170
214,90,24,66,4.8,2773,4,5,2,165,360
309,100,46,54,3.5,2774,6,4,2,221,4140
439,137,99,38,4.7,2775,5,2,2,162,1980
303,108,56,52,4.5,2776,4,2,1,130,840
461,153,133,20,3.7,2777,4,6,1,312,1995
287,109,47,62,4.0,2778,9,3,3,297,1410
420,126,74,52,3.3,2779,2,4,1,231,2590
235,100,46,54,3.3,2780,5,5,1,37,920
150,78,12,66,3.0,2781,7,2,3,79,840
556,173,173,0,3.2,2782,3,4,3,56,10380
416,121,65,56,3.8,2783,9,6,1,359,1950
588,170,169,1,4.3,2784,2,5,1,99,5915
253,105,50,55,3.1,2785,10,4,1,32,1250
303,120,75,45,4.8,2786,7,6,2,37,5250
348,116,65,51,4.6,2787,6,2,3,109,5850
500,147,110,37,4.4,2788,6,2,2,23,9900
199,92,35,57,4.2,2789,5,6,3,246,700
318,127,85,42,3.6,2790,6,6,3,34,7650
562,144,106,38,3.6,2791,6,6,1,303,9540
360,126,80,46,4.2,2792,4,5,3,211,1200
510,162,142,20,4.4,2793,2,4,3,287,4970
220,99,44,55,4.5,2794,9,1,1,215,1320
227,95,38,57,4.8,2795,9,2,2,295,1140
350,120,70,50,4.8,2796,8,2,1,344,1750
219,104,44,60,4.3,2797,7,1,3,337,3080
231,110,48,62,3.0,2798,6,5,3,51,4320
198,90,29,61,3.2,2799,2,6,1,175,1015
185,90,29,61,3.7,2800,4,6,2,93,435
208,96,32,64,3.4,2801,4,2,3,303,480
162,81,18,63,4.0,2802,4,2,3,30,270
195,84,20,64,4.1,2803,1,6,1,164,800
329,112,54,58,4.9,2804,5,2,3,176,1080
526,165,149,16,4.9,2805,10,4,1,226,3725
521,173,166,7,5.0,2806,4,5,3,268,2490
346,122,70,52,3.5,2807,6,2,1,135,6300
524,181,176,5,3.5,2808,3,4,3,338,10560
401,130,83,47,4.5,2809,5,1,3,184,1660
492,146,107,39,4.0,2810,10,5,1,169,2675
329,126,85,41,3.3,2811,4,3,2,135,1275
359,122,78,44,3.5,2812,10,3,2,171,1950
389,139,104,35,3.4,2813,10,2,3,183,2600
205,91,31,60,5.0,2814,4,3,1,79,465
310,107,48,59,4.5,2815,3,1,1,192,2880
206,88,32,56,3.9,2816,8,2,2,205,800
233,97,34,63,3.0,2817,7,4,2,290,2380
560,173,165,8,4.3,2818,6,1,2,179,14850
429,147,116,31,3.5,2819,3,6,3,276,6960
307,123,78,45,3.6,2820,3,5,3,302,4680
420,136,95,41,4.1,2821,5,3,1,154,1900
593,198,198,0,3.2,2822,6,5,3,201,17820
232,91,35,56,3.6,2823,5,4,1,285,700
210,84,27,57,4.5,2824,1,3,1,198,1080
571,163,153,10,4.5,2825,1,5,3,312,6120
179,84,29,55,3.4,2826,1,2,3,214,1160
573,160,148,12,3.6,2827,9,6,3,321,4440
393,117,68,49,4.0,2828,6,2,1,239,6120
540,139,105,34,3.2,2829,10,3,2,28,2625
539,180,175,5,3.2,2830,8,1,3,253,4375
570,193,184,9,4.3,2831,10,3,3,208,4600
324,115,66,49,3.2,2832,10,5,1,171,1650
420,134,85,49,3.9,2833,9,3,1,240,2550
516,138,98,40,3.2,2834,1,5,2,200,3920
206,98,35,63,3.3,2835,9,3,2,62,1050
600,158,139,19,4.5,2836,2,3,2,356,4865
323,113,58,55,4.1,2837,10,2,1,46,1450
558,168,165,3,4.1,2838,8,1,1,17,4125
166,89,32,57,4.7,2839,9,2,3,362,960
598,154,136,18,3.2,2840,3,1,1,182,8160
458,143,114,29,3.9,2841,4,3,1,250,1710
160,84,22,62,3.1,2842,10,4,2,241,550
275,109,48,61,3.2,2843,5,3,2,364,960
579,179,176,3,3.1,2844,5,4,2,106,3520
251,109,59,50,4.3,2845,3,1,1,193,3540
584,172,172,0,3.4,2846,6,2,1,268,15480
587,169,156,13,3.6,2847,9,1,3,13,4680
457,135,89,46,3.1,2848,4,2,2,17,1335
343,133,95,38,4.1,2849,5,4,3,103,1900
356,114,66,48,4.9,2850,6,6,2,161,5940
431,120,62,58,4.6,2851,6,2,1,45,5580
282,113,64,49,4.2,2852,4,5,3,76,960
391,122,78,44,4.8,2853,7,5,1,109,5460
544,175,171,4,4.6,2854,9,5,1,345,5130
340,118,64,54,3.7,2855,2,3,1,237,2240
540,157,141,16,3.8,2856,1,3,3,104,5640
372,141,103,38,4.5,2857,6,3,3,286,9270
333,106,50,56,3.4,2858,1,5,1,200,2000
335,131,87,44,4.1,2859,5,4,3,221,1740
490,137,97,40,3.6,2860,10,6,1,212,2425
547,151,118,33,4.7,2861,1,5,2,244,4720
493,144,112,32,3.3,2862,10,5,3,154,2800
356,121,72,49,4.7,2863,9,5,3,268,2160
369,119,71,48,4.8,2864,4,1,3,275,1065
394,141,101,40,4.5,2865,8,2,1,267,2525
504,167,154,13,4.8,2866,4,5,3,341,2310
577,161,148,13,4.4,2867,9,1,2,136,4440
351,111,60,51,3.7,2868,9,6,2,225,1800
153,82,29,53,4.2,2869,6,1,1,36,2610
445,165,152,13,4.2,2870,3,1,3,192,9120
547,160,146,14,4.5,2871,6,5,3,74,13140
527,168,159,9,3.7,2872,1,4,3,293,6360
450,142,112,30,4.1,2873,5,6,3,57,2240
257,100,38,62,3.4,2874,10,1,1,127,950
479,131,92,39,3.2,2875,8,5,1,189,2300
368,145,107,38,3.8,2876,10,6,3,142,2675
465,141,101,40,4.7,2877,8,3,3,31,2525
269,97,32,65,4.7,2878,9,5,2,27,960
449,123,69,54,4.5,2879,3,2,1,187,4140
198,92,30,62,4.0,2880,1,1,2,314,1200
429,134,97,37,3.0,2881,4,2,1,171,1455
249,107,53,54,3.0,2882,4,1,1,327,795
251,104,47,57,3.4,2883,2,2,3,10,1645
264,102,41,61,4.6,2884,2,5,3,216,1435
152,85,19,66,4.5,2885,9,6,1,89,570
230,95,38,57,3.4,2886,1,4,3,264,1520
386,141,105,36,3.4,2887,8,6,1,152,2625
210,89,23,66,3.6,2888,2,1,1,175,805
214,97,41,56,3.7,2889,1,4,3,358,1640
433,142,103,39,4.2,2890,8,3,3,351,2575
341,123,75,48,4.7,2891,2,5,2,30,2625
364,145,117,28,3.8,2892,1,3,3,16,4680
429,137,104,33,4.7,2893,1,2,1,339,4160
245,104,43,61,4.8,2894,8,5,1,321,1075
293,110,50,60,4.8,2895,1,1,2,110,2000
255,109,50,59,3.7,2896,3,2,1,310,3000
483,159,134,25,3.2,2897,7,4,1,42,9380
318,115,60,55,4.2,2898,6,6,3,115,5400
505,160,139,21,3.4,2899,6,2,2,245,12510
351,119,72,47,4.1,2900,3,5,3,69,4320
480,132,94,38,3.5,2901,9,2,2,243,2820
600,167,156,11,4.5,2902,8,6,1,218,3900
457,168,154,14,3.3,2903,2,6,3,185,5390
188,89,28,61,3.6,2904,3,4,3,337,1680
243,101,45,56,3.4,2905,4,3,1,254,675
557,161,146,15,3.2,2906,2,2,3,125,5110
340,108,51,57,4.7,2907,10,5,1,297,1275
227,96,31,65,4.8,2908,7,3,3,191,2170
467,141,110,31,3.5,2909,1,1,2,222,4400
231,93,28,65,3.5,2910,2,3,2,359,980
182,91,30,61,3.0,2911,5,1,1,210,600
518,169,157,12,3.6,2912,3,2,3,215,9420
585,185,183,2,4.3,2913,9,4,1,242,5490
214,103,41,62,4.9,2914,2,4,3,173,1435
512,160,143,17,4.6,2915,3,4,2,221,8580
304,110,54,56,4.0,2916,1,3,1,206,2160
256,102,46,56,3.9,2917,3,2,2,102,2760
179,89,31,58,4.3,2918,2,5,3,215,1085
416,150,124,26,3.4,2919,1,4,3,89,4960
508,137,103,34,3.3,2920,7,4,1,229,7210
396,135,89,46,4.7,2921,4,2,3,280,1335
191,88,23,65,3.3,2922,7,3,3,313,1610
423,141,108,33,4.9,2923,5,5,1,66,2160
378,116,68,48,3.5,2924,6,5,1,201,6120
196,85,23,62,3.2,2925,1,2,2,107,920
454,144,113,31,3.8,2926,8,2,2,314,2825
170,82,20,62,4.8,2927,10,5,2,351,500
334,108,52,56,4.7,2928,2,1,1,223,1820
517,135,99,36,3.2,2929,1,2,1,208,3960
540,143,105,38,4.7,2930,7,2,1,256,7350
263,106,48,58,4.9,2931,2,1,1,5,1680
398,124,72,52,3.8,2932,10,6,1,312,1800
575,185,185,0,3.3,2933,4,5,2,71,2775
515,134,90,44,3.5,2934,9,1,1,87,2700
366,132,91,41,3.3,2935,6,5,1,141,8190
255,93,37,56,4.9,2936,5,5,2,277,740
514,157,133,24,4.4,2937,6,5,3,299,11970
568,195,189,6,3.9,2938,6,1,3,61,17010
417,157,142,15,3.1,2939,4,4,3,142,2130
459,146,107,39,4.6,2940,6,1,1,220,9630
317,113,59,54,3.0,2941,10,1,1,349,1475
465,143,112,31,3.4,2942,2,6,3,175,3920
262,104,44,60,3.2,2943,9,4,3,336,1320
287,113,64,49,3.4,2944,3,4,1,337,3840
379,116,69,47,3.6,2945,6,6,2,61,6210
343,128,75,53,3.6,2946,3,5,3,46,4500
414,119,60,59,5.0,2947,3,4,1,200,3600
266,105,46,59,4.0,2948,7,3,2,99,3220
350,113,63,50,4.2,2949,5,3,1,209,1260
549,161,142,19,4.3,2950,2,5,1,124,4970
583,191,186,5,3.4,2951,10,3,3,265,4650
291,98,43,55,3.8,2952,6,5,2,214,3870
599,202,202,0,3.9,2953,7,4,3,229,14140
356,126,76,50,4.8,2954,3,6,3,169,4560
568,182,175,7,3.9,2955,7,6,2,175,12250
581,178,173,5,3.7,2956,2,2,1,119,6055
347,140,101,39,3.8,2957,9,5,3,101,3030
168,82,22,60,4.2,2958,7,2,1,349,1540
352,124,69,55,4.6,2959,1,4,1,246,2760
430,143,108,35,3.8,2960,5,2,2,240,2160
547,170,165,5,4.0,2961,6,2,2,294,14850
261,112,62,50,4.7,2962,7,3,3,144,4340
443,143,114,29,3.3,2963,3,1,3,161,6840
594,190,181,9,4.5,2964,2,3,2,165,6335
584,169,159,10,4.7,2965,7,5,2,11,11130
284,119,73,46,3.2,2966,1,3,3,331,2920
165,79,26,53,3.1,2967,10,4,2,341,650
445,149,125,24,4.2,2968,8,6,3,72,3125
191,88,29,59,3.3,2969,2,6,2,266,1015
545,155,137,18,4.8,2970,3,5,3,233,8220
571,150,124,26,3.6,2971,4,4,2,4,1860
424,149,114,35,4.3,2972,2,6,1,305,3990
501,148,116,32,4.6,2973,6,6,3,110,10440
163,81,20,61,4.6,2974,10,1,3,54,500
338,129,80,49,3.5,2975,1,1,1,95,3200
487,154,135,19,4.7,2976,6,2,2,353,12150
388,125,78,47,4.7,2977,5,6,2,169,1560
478,163,148,15,4.8,2978,4,1,3,359,2220
202,96,39,57,4.8,2979,1,4,2,312,1560
197,84,25,59,4.5,2980,9,1,1,162,750
456,157,129,28,3.9,2981,1,5,3,172,5160
412,132,95,37,4.9,2982,1,6,1,158,3800
355,132,88,44,4.1,2983,8,2,3,254,2200
581,191,182,9,4.3,2984,6,3,3,259,16380
414,157,131,26,4.3,2985,8,3,3,303,3275
195,89,29,60,4.9,2986,6,5,2,200,2610
347,127,79,48,3.8,2987,2,2,1,71,2765
421,125,71,54,3.9,2988,1,2,2,79,2840
249,95,32,63,3.7,2989,4,3,1,117,480
478,175,175,0,4.6,2990,8,4,3,321,4375
241,103,49,54,3.3,2991,5,5,1,235,980
260,103,41,62,4.9,2992,7,1,2,69,2870
154,85,25,60,4.6,2993,3,5,3,164,1500
462,125,82,43,3.6,2994,3,4,1,105,4920
582,160,142,18,3.4,2995,8,3,3,207,3550
535,182,182,0,4.9,2996,9,5,3,109,5460
597,184,183,1,4.1,2997,3,4,1,169,10980
381,136,92,44,4.9,2998,2,1,3,231,3220
251,105,47,58,3.8,2999,8,2,3,179,1175
420,136,91,45,3.7,3000,2,4,2,142,3185
587,151,117,34,4.9,3001,10,6,2,308,2925
348,131,89,42,4.2,3002,9,2,2,198,2670
353,141,106,35,4.2,3003,4,5,3,15,1590
343,120,74,46,4.2,3004,7,6,1,266,5180
314,121,70,51,4.1,3005,3,3,1,260,4200
380,122,77,45,3.9,3006,10,6,2,142,1925
280,96,43,53,4.6,3007,3,6,1,272,2580
317,124,78,46,3.2,3008,5,2,1,9,1560
165,84,18,66,4.3,3009,1,2,3,80,720
354,132,86,46,4.5,3010,10,2,2,111,2150
595,156,128,28,3.0,3011,1,1,1,7,5120
314,104,49,55,4.2,3012,10,5,2,22,1225
576,156,138,18,4.6,3013,7,3,2,16,9660
155,75,12,63,3.5,3014,6,1,1,101,1080
398,132,94,38,3.2,3015,2,4,1,354,3290
355,124,82,42,3.7,3016,2,2,2,173,2870
193,84,18,66,3.9,3017,1,4,1,151,720
419,159,136,23,4.5,3018,5,4,3,204,2720
584,155,130,25,4.0,3019,6,5,2,259,11700
312,116,63,53,4.3,3020,8,2,2,342,1575
156,84,21,63,4.3,3021,5,5,3,11,420
181,85,27,58,4.5,3022,7,5,3,35,1890
505,154,131,23,4.0,3023,8,1,1,307,3275
247,111,62,49,5.0,3024,1,1,3,271,2480
431,156,134,22,3.9,3025,6,6,3,191,12060
362,117,59,58,4.8,3026,9,2,2,228,1770
361,129,86,43,3.1,3027,10,1,2,359,2150
502,134,97,37,3.5,3028,1,3,2,240,3880
453,132,88,44,3.4,3029,9,1,1,162,2640
566,163,148,15,3.7,3030,2,5,1,138,5180
314,107,56,51,4.2,3031,5,4,2,262,1120
458,167,152,15,4.3,3032,3,6,3,302,9120
295,117,70,47,3.0,3033,1,2,1,288,2800
210,104,52,52,3.5,3034,6,3,3,335,4680
241,101,45,56,3.8,3035,8,2,2,153,1125
272,112,59,53,4.1,3036,1,3,2,40,2360
487,146,113,33,3.3,3037,1,1,3,71,4520
345,133,86,47,4.7,3038,5,4,3,101,1720
217,105,50,55,5.0,3039,4,2,3,110,750
407,149,126,23,3.9,3040,1,6,3,50,5040
435,140,95,45,5.0,3041,2,1,2,145,3325
197,94,29,65,3.2,3042,2,3,2,231,1015
343,114,57,57,4.1,3043,4,2,1,269,855
233,91,25,66,3.2,3044,7,1,1,12,1750
301,109,52,57,3.5,3045,1,1,3,365,2080
393,124,72,52,3.6,3046,1,4,2,91,2880
497,165,149,16,3.2,3047,9,6,1,101,4470
531,178,178,0,3.5,3048,4,5,3,60,2670
217,94,39,55,4.5,3049,4,1,3,235,585
268,108,46,62,4.5,3050,7,2,1,207,3220
341,105,47,58,4.0,3051,8,4,1,272,1175
351,126,74,52,3.9,3052,1,2,3,158,2960
216,100,41,59,3.5,3053,1,6,3,37,1640
450,152,128,24,3.1,3054,9,2,2,37,3840
562,168,155,13,3.7,3055,1,6,1,231,6200
323,121,70,51,4.5,3056,6,2,2,339,6300
337,127,86,41,3.4,3057,2,2,3,314,3010
469,127,86,41,4.9,3058,1,3,1,322,3440
488,171,170,1,4.2,3059,6,4,3,310,15300
296,113,57,56,3.5,3060,7,3,1,13,3990
158,84,26,58,3.8,3061,9,6,1,295,780
258,113,58,55,5.0,3062,9,4,3,253,1740
556,146,114,32,4.2,3063,2,3,1,86,3990
344,139,100,39,3.2,3064,4,2,3,81,1500
427,133,88,45,3.9,3065,6,1,1,363,7920
357,113,64,49,5.0,3066,4,2,1,1,960
163,88,31,57,3.0,3067,7,5,2,338,2170
366,118,59,59,3.7,3068,5,1,1,143,1180
341,111,51,60,3.4,3069,1,2,2,143,2040
376,122,71,51,4.9,3070,6,3,3,206,6390
498,152,124,28,4.4,3071,5,4,1,338,2480
538,154,135,19,4.9,3072,5,3,2,6,2700
369,134,93,41,3.5,3073,3,4,2,201,5580
403,127,73,54,3.7,3074,2,4,2,257,2555
274,111,62,49,4.5,3075,8,3,1,200,1550
588,185,178,7,3.1,3076,3,2,3,229,10680
273,118,61,57,4.4,3077,10,2,3,160,1525
258,95,42,53,3.8,3078,10,6,2,152,1050
594,160,148,12,3.3,3079,8,6,1,268,3700
466,146,114,32,3.9,3080,4,6,3,137,1710
264,105,41,64,3.3,3081,8,3,2,110,1025
444,145,105,40,3.1,3082,1,5,1,38,4200
539,149,116,33,4.9,3083,3,5,1,316,6960
459,155,125,30,4.6,3084,5,6,2,92,2500
591,198,198,0,3.7,3085,7,5,3,355,13860
315,105,45,60,3.2,3086,10,1,1,61,1125
553,148,113,35,3.4,3087,4,1,2,99,1695
215,92,29,63,3.4,3088,8,4,2,89,725
508,160,140,20,4.5,3089,9,5,3,168,4200
256,99,39,60,4.6,3090,1,3,3,62,1560
236,90,28,62,3.2,3091,7,3,2,199,1960
555,170,160,10,4.8,3092,10,3,2,197,4000
392,126,77,49,3.3,3093,4,1,1,218,1155
575,179,173,6,4.4,3094,4,2,1,314,2595
474,160,147,13,3.1,3095,7,4,2,210,10290
311,123,70,53,3.2,3096,6,3,3,274,6300
497,162,149,13,4.6,3097,2,4,2,361,5215
368,132,81,51,4.7,3098,9,5,2,258,2430
223,91,26,65,3.3,3099,3,4,2,47,1560
345,108,56,52,4.1,3100,6,2,2,44,5040
488,151,126,25,4.9,3101,5,5,2,105,2520
152,80,21,59,3.9,3102,1,6,3,244,840
248,107,48,59,3.3,3103,8,3,1,101,1200
353,127,84,43,4.0,3104,7,3,1,313,5880
222,93,37,56,4.1,3105,9,2,2,353,1110
486,131,88,43,3.1,3106,7,3,1,355,6160
507,154,128,26,3.8,3107,3,3,1,101,7680
456,137,102,35,4.4,3108,2,3,2,200,3570
469,144,114,30,4.1,3109,10,4,3,165,2850
228,100,35,65,4.7,3110,10,5,2,99,875
363,119,61,58,3.2,3111,8,5,2,323,1525
525,185,181,4,4.0,3112,7,4,3,257,12670
317,117,60,57,3.5,3113,7,4,3,281,4200
153,84,23,61,4.0,3114,1,5,3,136,920
299,106,48,58,3.8,3115,8,6,2,129,1200
228,107,48,59,3.1,3116,5,5,3,138,960
391,117,71,46,4.7,3117,2,1,2,353,2485
423,134,89,45,4.7,3118,4,1,2,356,1335
381,123,67,56,4.8,3119,5,2,1,91,1340
258,99,34,65,4.6,3120,8,3,3,177,850
426,120,71,49,4.6,3121,1,6,2,43,2840
258,103,44,59,4.3,3122,5,1,2,132,880
398,128,79,49,3.7,3123,2,3,3,306,2765
206,89,27,62,4.1,3124,6,5,2,286,2430
387,144,109,35,4.5,3125,1,5,3,177,4360
157,85,29,56,4.9,3126,9,3,3,343,870
322,113,58,55,3.0,3127,1,6,3,274,2320
225,105,42,63,3.7,3128,6,6,3,316,3780
320,116,69,47,3.0,3129,8,3,2,18,1725
170,89,29,60,4.3,3130,8,2,3,210,725
373,136,90,46,4.3,3131,9,4,3,240,2700
527,143,110,33,4.0,3132,4,1,2,330,1650
552,168,166,2,4.9,3133,7,3,2,130,11620
231,90,30,60,3.1,3134,4,2,2,17,450
342,118,65,53,4.7,3135,9,3,3,163,1950
200,92,32,60,3.8,3136,3,1,2,352,1920
340,117,65,52,3.3,3137,5,2,1,206,1300
570,174,173,1,4.2,3138,7,4,3,127,12110
270,115,58,57,4.3,3139,8,5,3,339,1450
407,156,129,27,3.5,3140,2,6,3,231,4515
168,81,19,62,4.7,3141,1,3,2,169,760
178,89,30,59,4.2,3142,10,3,2,229,750
471,155,131,24,3.4,3143,5,4,3,105,2620
426,146,118,28,3.4,3144,9,6,1,315,3540
448,139,94,45,4.1,3145,7,5,1,165,6580
461,142,112,30,4.1,3146,9,3,3,272,3360
412,133,83,50,4.7,3147,9,4,3,214,2490
354,113,58,55,4.4,3148,10,2,2,124,1450
164,85,27,58,4.8,3149,2,3,1,107,945
440,149,125,24,4.5,3150,8,3,1,2,3125
482,161,144,17,4.4,3151,1,1,1,53,5760
174,81,27,54,3.3,3152,5,1,1,47,540
433,127,84,43,4.0,3153,4,6,1,289,1260
461,133,88,45,3.1,3154,6,1,2,139,7920
411,153,133,20,4.5,3155,10,3,3,343,3325
331,104,47,57,3.9,3156,7,3,1,115,3290
201,87,21,66,4.4,3157,3,4,1,103,1260
333,125,79,46,4.2,3158,1,2,3,304,3160
513,135,91,44,5.0,3159,6,4,2,44,8190
189,85,25,60,4.9,3160,5,1,1,203,500
535,176,176,0,3.6,3161,5,2,2,259,3520
424,129,88,41,3.8,3162,4,1,1,265,1320
530,171,167,4,4.2,3163,5,5,2,151,3340
268,109,57,52,3.5,3164,8,3,1,203,1425
284,108,49,59,3.0,3165,6,4,2,126,4410
302,116,58,58,4.2,3166,4,2,3,354,870
409,143,106,37,4.2,3167,10,6,1,193,2650
511,171,163,8,3.2,3168,10,2,3,97,4075
513,155,126,29,3.7,3169,3,2,2,185,7560
478,135,91,44,3.2,3170,6,2,2,319,8190
327,116,65,51,3.9,3171,9,3,1,116,1950
256,106,56,50,3.9,3172,10,4,1,61,1400
522,176,176,0,3.7,3173,8,5,3,138,4400
471,152,128,24,3.2,3174,5,4,2,350,2560
322,132,82,50,4.0,3175,1,2,3,60,3280
432,159,135,24,3.5,3176,2,5,3,215,4725
347,133,87,46,4.6,3177,10,6,3,50,2175
565,142,102,40,4.2,3178,10,4,2,283,2550
297,119,73,46,4.9,3179,4,6,2,80,1095
533,178,171,7,3.2,3180,7,5,3,188,11970
381,138,98,40,5.0,3181,4,1,3,332,1470
150,86,23,63,3.6,3182,5,5,3,279,460
218,89,32,57,4.1,3183,8,6,1,10,800
366,133,91,42,3.7,3184,10,6,1,35,2275
592,160,146,14,3.6,3185,10,1,1,124,3650
300,103,51,52,4.7,3186,6,2,1,27,4590
585,178,173,5,3.3,3187,6,4,3,60,15570
431,135,89,46,3.8,3188,5,1,1,207,1780
550,176,176,0,3.7,3189,2,4,2,330,6160
398,125,74,51,4.6,3190,8,3,1,108,1850
163,76,13,63,4.5,3191,1,5,2,177,520
523,180,180,0,4.9,3192,5,6,3,199,3600
598,168,156,12,4.1,3193,6,3,2,344,14040
150,82,19,63,3.1,3194,2,4,1,46,665
524,162,148,14,3.6,3195,4,6,3,160,2220
197,92,35,57,3.9,3196,7,5,1,70,2450
571,159,147,12,4.4,3197,2,1,3,22,5145
314,111,59,52,3.9,3198,2,1,1,140,2065
176,85,18,67,3.2,3199,3,3,2,215,1080
274,98,34,64,3.6,3200,10,5,2,119,850
371,124,69,55,4.9,3201,3,4,3,254,4140
189,86,29,57,4.3,3202,9,3,3,79,870
366,118,66,52,4.7,3203,7,1,2,326,4620
483,159,147,12,4.2,3204,9,2,2,29,4410
340,123,70,53,3.0,3205,5,1,1,70,1400
249,108,51,57,4.7,3206,8,2,1,301,1275
506,166,152,14,3.3,3207,7,5,2,208,10640
553,156,135,21,3.1,3208,6,2,1,215,12150
313,101,49,52,3.8,3209,6,6,1,11,4410
222,100,39,61,3.1,3210,9,2,1,180,1170
216,85,25,60,3.3,3211,2,2,1,59,875
537,141,101,40,3.5,3212,2,2,1,62,3535
444,129,79,50,3.7,3213,3,2,1,19,4740
557,164,154,10,3.5,3214,5,2,3,22,3080
320,109,54,55,3.8,3215,6,2,2,293,4860
369,117,65,52,3.9,3216,10,2,2,177,1625
531,159,146,13,3.9,3217,8,5,3,51,3650
291,108,52,56,4.7,3218,3,3,3,49,3120
321,134,91,43,3.7,3219,5,6,3,252,1820
286,117,62,55,4.6,3220,5,4,2,43,1240
467,136,93,43,3.9,3221,1,4,2,1,3720
357,112,57,55,4.6,3222,3,3,1,36,3420
518,160,144,16,4.2,3223,4,1,3,218,2160
215,96,33,63,3.6,3224,4,3,2,186,495
453,138,99,39,3.2,3225,10,5,3,147,2475
250,102,41,61,4.9,3226,4,6,3,212,615
318,115,64,51,3.1,3227,9,3,3,112,1920
225,102,40,62,4.2,3228,9,4,3,103,1200
362,132,91,41,4.9,3229,5,5,2,2,1820
550,168,154,14,3.1,3230,4,6,1,166,2310
392,125,81,44,3.3,3231,3,5,3,339,4860
424,144,112,32,4.8,3232,6,3,1,359,10080
347,121,65,56,3.3,3233,8,3,2,303,1625
551,185,183,2,3.8,3234,4,5,3,122,2745
579,160,148,12,3.6,3235,6,2,2,257,13320
456,128,84,44,4.7,3236,3,5,1,201,5040
155,84,22,62,4.0,3237,6,5,2,23,1980
242,102,43,59,4.4,3238,5,3,1,131,860
467,172,163,9,3.8,3239,5,4,3,170,3260
318,102,43,59,3.2,3240,3,2,1,78,2580
208,92,30,62,4.5,3241,1,1,2,66,1200
265,112,53,59,4.0,3242,3,5,1,301,3180
486,160,137,23,3.6,3243,10,5,3,131,3425
195,95,42,53,3.9,3244,6,6,2,358,3780
187,81,15,66,5.0,3245,1,1,1,309,600
489,157,130,27,4.7,3246,2,6,2,187,4550
227,101,37,64,3.8,3247,1,3,1,365,1480
598,158,133,25,3.2,3248,5,6,1,346,2660
530,171,163,8,5.0,3249,9,4,3,270,4890
188,95,38,57,5.0,3250,3,1,3,271,2280
201,88,27,61,4.6,3251,2,5,3,360,945
554,148,113,35,4.6,3252,5,1,2,28,2260
583,158,138,20,4.3,3253,6,2,2,28,12420
434,129,78,51,3.3,3254,9,6,1,359,2340
312,130,79,51,4.5,3255,6,5,3,151,7110
393,128,79,49,4.7,3256,4,3,1,9,1185
272,94,38,56,4.0,3257,5,6,2,332,760
212,87,30,57,3.3,3258,4,3,1,159,450
188,86,25,61,3.4,3259,1,6,3,310,1000
489,155,132,23,4.1,3260,2,1,3,81,4620
315,126,73,53,3.0,3261,8,5,3,100,1825
399,152,126,26,4.2,3262,6,6,3,39,11340
291,106,51,55,3.6,3263,2,3,2,47,1785
179,80,24,56,4.4,3264,3,5,2,314,1440
328,116,61,55,4.6,3265,10,3,3,178,1525
379,124,74,50,3.8,3266,8,6,1,114,1850
337,122,66,56,4.0,3267,4,5,3,181,990
300,101,39,62,3.0,3268,5,3,1,249,780
590,147,120,27,4.0,3269,4,5,2,205,1800
476,146,107,39,4.3,3270,1,4,1,219,4280
424,144,105,39,3.4,3271,8,2,3,103,2625
595,152,122,30,4.1,3272,7,6,1,345,8540
229,96,37,59,3.7,3273,9,1,1,107,1110
333,104,44,60,3.2,3274,3,3,2,104,2640
459,148,124,24,3.2,3275,10,2,3,245,3100
491,136,101,35,4.9,3276,7,5,1,93,7070
453,150,121,29,3.6,3277,9,2,1,192,3630
400,132,89,43,4.0,3278,7,6,2,1,6230
158,86,20,66,4.2,3279,9,2,1,62,600
304,126,74,52,4.6,3280,3,5,3,153,4440
297,116,60,56,4.5,3281,6,4,1,53,5400
168,85,29,56,4.1,3282,9,2,1,176,870
347,119,69,50,4.3,3283,1,5,1,54,2760
387,132,82,50,3.4,3284,3,6,2,325,4920
278,107,44,63,3.6,3285,10,5,2,7,1100
326,117,62,55,4.4,3286,7,4,2,284,4340
245,105,50,55,4.9,3287,6,6,2,67,4500
503,165,155,10,4.2,3288,1,4,2,170,6200
343,124,74,50,3.9,3289,1,2,3,346,2960
340,115,60,55,3.3,3290,6,1,3,195,5400
364,117,66,51,3.1,3291,3,6,1,129,3960
412,131,86,45,4.2,3292,1,1,1,251,3440
584,156,135,21,4.5,3293,2,4,2,40,4725
560,169,159,10,4.5,3294,7,5,1,97,11130
304,116,61,55,3.2,3295,3,6,1,287,3660
206,88,35,53,3.8,3296,6,3,1,174,3150
323,117,67,50,4.9,3297,9,4,3,194,2010
438,126,74,52,3.7,3298,10,1,1,227,1850
263,104,45,59,4.4,3299,3,6,1,146,2700
263,111,62,49,3.3,3300,8,5,3,352,1550
293,110,54,56,3.4,3301,1,2,1,161,2160
196,83,21,62,4.9,3302,2,1,2,41,735
163,81,23,58,4.9,3303,8,1,1,309,575
500,164,151,13,4.2,3304,7,2,1,266,10570
263,107,47,60,3.2,3305,4,5,1,294,705
406,132,94,38,3.7,3306,8,5,2,354,2350
364,112,53,59,4.3,3307,1,2,1,213,2120
265,101,36,65,3.0,3308,2,4,3,21,1260
512,149,119,30,3.3,3309,8,3,1,34,2975
508,164,150,14,3.7,3310,6,1,3,178,13500
522,156,132,24,4.6,3311,1,1,3,309,5280
219,86,26,60,4.3,3312,3,6,2,100,1560
543,165,151,14,3.9,3313,9,5,3,200,4530
156,82,28,54,3.7,3314,10,6,1,344,700
191,94,34,60,4.9,3315,5,3,2,150,680
179,92,36,56,4.8,3316,7,1,3,153,2520
163,83,30,53,4.4,3317,8,6,1,135,750
178,94,37,57,3.1,3318,9,1,3,196,1110
495,148,119,29,4.4,3319,5,5,1,333,2380
472,133,87,46,3.3,3320,4,4,1,84,1305
213,93,28,65,4.7,3321,10,3,2,70,700
518,150,122,28,3.2,3322,9,4,2,205,3660
309,101,47,54,3.5,3323,2,2,1,112,1645
535,171,171,0,4.4,3324,2,6,1,340,5985
373,121,66,55,3.3,3325,6,4,1,85,5940
202,94,35,59,3.8,3326,6,1,2,193,3150
257,92,27,65,4.6,3327,7,6,1,314,1890
561,170,165,5,3.6,3328,4,1,1,242,2475
596,197,195,2,3.4,3329,3,1,3,136,11700
262,117,63,54,4.3,3330,7,5,3,216,4410
390,138,100,38,3.6,3331,2,4,3,190,3500
292,112,64,48,3.2,3332,8,3,1,126,1600
311,121,73,48,3.8,3333,8,5,3,19,1825
589,181,172,9,4.7,3334,7,2,2,227,12040
514,169,159,10,4.5,3335,4,1,3,80,2385
375,118,63,55,4.7,3336,2,6,1,233,2205
206,96,41,55,3.7,3337,2,4,1,35,1435
553,176,174,2,4.1,3338,8,5,1,359,4350
296,114,60,54,4.7,3339,1,4,2,41,2400
592,191,182,9,3.9,3340,5,3,3,13,3640
421,127,81,46,4.4,3341,2,2,1,283,2835
377,130,88,42,4.4,3342,3,6,1,134,5280
517,162,151,11,3.9,3343,5,4,3,218,3020
472,156,140,16,5.0,3344,4,2,1,137,2100
152,89,35,54,4.7,3345,3,2,3,58,2100
299,101,49,52,3.5,3346,9,3,1,3,1470
535,171,170,1,4.2,3347,3,5,1,346,10200
503,150,126,24,4.3,3348,8,3,2,339,3150
154,82,20,62,4.8,3349,4,4,1,101,300
437,130,89,41,4.7,3350,1,4,1,348,3560
283,112,51,61,4.8,3351,8,3,1,172,1275
572,160,141,19,3.6,3352,1,6,3,327,5640
552,175,166,9,3.4,3353,7,6,3,345,11620
445,131,90,41,3.1,3354,9,6,2,315,2700
273,102,45,57,3.7,3355,6,5,1,87,4050
247,95,39,56,3.4,3356,7,6,1,38,2730
330,116,65,51,4.3,3357,7,6,3,308,4550
312,118,67,51,4.7,3358,9,4,3,219,2010
168,79,20,59,4.6,3359,6,2,2,74,1800
460,141,99,42,3.9,3360,4,6,1,162,1485
349,118,68,50,4.1,3361,9,4,3,17,2040
446,155,128,27,3.8,3362,7,6,3,149,8960
592,189,188,1,3.4,3363,7,5,1,294,13160
479,160,143,17,3.7,3364,7,6,3,210,10010
339,129,79,50,4.2,3365,9,5,1,189,2370
294,106,44,62,3.2,3366,8,5,2,328,1100
436,154,131,23,4.6,3367,7,2,3,88,9170
398,124,82,42,4.6,3368,9,6,3,109,2460
324,124,75,49,3.4,3369,9,2,1,4,2250
436,140,96,44,4.3,3370,2,6,3,227,3360
313,123,72,51,3.2,3371,8,5,1,174,1800
389,128,84,44,4.8,3372,9,2,1,211,2520
477,147,120,27,4.7,3373,1,1,2,80,4800
383,125,82,43,4.0,3374,10,6,3,355,2050
504,169,162,7,3.4,3375,8,3,3,156,4050
376,113,65,48,3.3,3376,1,2,1,291,2600
301,109,57,52,4.9,3377,3,3,1,132,3420
584,188,180,8,4.5,3378,10,3,2,310,4500
497,147,114,33,4.4,3379,5,3,3,153,2280
356,124,78,46,4.2,3380,4,4,3,16,1170
587,172,167,5,3.0,3381,9,2,3,269,5010
227,102,48,54,3.8,3382,7,5,2,159,3360
549,192,185,7,3.3,3383,3,1,3,153,11100
539,177,177,0,3.0,3384,5,1,2,278,3540
394,136,100,36,3.2,3385,6,6,3,67,9000
208,84,29,55,3.2,3386,2,5,2,118,1015
364,132,83,49,3.8,3387,8,2,3,72,2075
492,163,152,11,3.9,3388,3,4,2,224,9120
313,109,47,62,4.2,3389,3,1,1,289,2820
356,138,98,40,3.5,3390,2,1,3,194,3430
474,151,120,31,4.6,3391,4,4,2,174,1800
403,140,102,38,3.8,3392,5,6,1,339,2040
308,106,51,55,4.8,3393,8,4,2,192,1275
298,116,67,49,4.8,3394,8,2,2,97,1675
160,83,18,65,3.6,3395,8,3,2,292,450
194,89,28,61,3.6,3396,7,6,1,205,1960
355,135,97,38,4.4,3397,5,6,3,134,1940
365,119,72,47,4.5,3398,7,6,1,70,5040
179,86,28,58,4.6,3399,5,2,1,270,560
433,143,114,29,4.9,3400,5,1,1,23,2280
419,128,79,49,3.1,3401,8,6,1,20,1975
469,148,114,34,3.1,3402,8,6,2,346,2850
474,142,102,40,4.5,3403,3,4,2,225,6120
479,132,84,48,4.3,3404,9,2,1,185,2520
328,122,76,46,5.0,3405,5,3,2,349,1520
517,172,172,0,5.0,3406,7,2,1,164,12040
258,98,42,56,3.9,3407,9,6,3,311,1260
466,159,135,24,4.1,3408,10,3,2,356,3375
221,95,36,59,5.0,3409,6,3,2,6,3240
537,153,128,25,3.9,3410,1,6,2,252,5120
403,141,100,41,4.3,3411,9,4,1,41,3000
270,94,39,55,4.3,3412,4,4,1,229,585
355,112,57,55,3.9,3413,10,2,1,1,1425
155,80,20,60,3.2,3414,9,6,2,165,600
245,104,49,55,4.2,3415,8,6,3,137,1225
204,88,29,59,4.0,3416,9,5,2,304,870
458,146,115,31,4.7,3417,7,4,3,188,8050
162,91,36,55,4.9,3418,9,1,3,184,1080
205,90,33,57,3.4,3419,10,4,1,140,825
591,161,139,22,4.1,3420,2,4,1,72,4865
580,145,119,26,4.3,3421,5,4,1,143,2380
244,100,45,55,3.4,3422,2,4,1,285,1575
328,127,83,44,3.5,3423,10,3,2,298,2075
250,92,28,64,3.7,3424,2,2,1,124,980
350,119,63,56,4.1,3425,9,6,1,239,1890
326,115,67,48,3.4,3426,2,2,3,339,2345
474,140,96,44,3.0,3427,5,6,1,152,1920
160,85,25,60,4.3,3428,3,5,2,97,1500
509,146,114,32,4.9,3429,6,3,1,14,10260
507,178,178,0,3.2,3430,1,4,3,117,7120
350,139,104,35,4.6,3431,6,3,3,212,9360
518,177,173,4,4.3,3432,1,4,3,92,6920
280,108,55,53,3.9,3433,3,1,3,290,3300
331,120,75,45,3.5,3434,4,6,2,78,1125
529,175,172,3,4.3,3435,9,5,3,70,5160
372,134,88,46,3.3,3436,3,4,3,83,5280
336,113,60,53,4.8,3437,10,3,3,249,1500
545,170,167,3,4.1,3438,8,3,1,140,4175
303,121,75,46,3.7,3439,6,5,2,162,6750
162,80,14,66,3.7,3440,7,3,1,46,980
422,133,94,39,4.6,3441,8,4,2,10,2350
293,117,69,48,3.9,3442,3,2,3,81,4140
222,90,36,54,4.8,3443,10,3,2,244,900
273,95,31,64,3.7,3444,1,6,2,242,1240
169,86,29,57,3.0,3445,7,6,1,66,2030
437,127,77,50,4.8,3446,8,5,1,223,1925
285,121,75,46,4.0,3447,2,6,3,156,2625
558,145,108,37,4.3,3448,5,6,1,284,2160
594,162,147,15,4.6,3449,6,5,1,90,13230
580,183,183,0,4.3,3450,4,3,2,157,2745
418,124,72,52,4.1,3451,1,4,2,345,2880
299,111,61,50,3.9,3452,7,1,3,150,4270
449,126,78,48,4.3,3453,5,5,2,42,1560
310,124,79,45,3.1,3454,7,6,3,318,5530
245,97,34,63,3.5,3455,10,6,1,83,850
581,188,188,0,4.0,3456,5,2,3,287,3760
539,173,166,7,4.5,3457,8,4,2,14,4150
419,130,78,52,4.2,3458,6,5,2,62,7020
269,105,53,52,4.7,3459,2,5,3,323,1855
187,93,31,62,3.7,3460,7,4,2,299,2170
570,196,189,7,4.8,3461,2,6,3,153,6615
375,137,102,35,3.4,3462,4,2,2,105,1530
421,134,98,36,4.9,3463,9,5,2,297,2940
179,91,28,63,3.8,3464,8,5,3,162,700
433,123,71,52,3.3,3465,8,2,1,338,1775
343,129,78,51,3.2,3466,10,1,3,121,1950
162,88,24,64,4.8,3467,2,3,3,284,840
481,143,111,32,3.7,3468,3,1,2,58,6660
490,147,119,28,4.3,3469,8,3,1,248,2975
225,102,44,58,4.2,3470,4,6,1,196,660
381,135,100,35,3.9,3471,5,2,3,61,2000
530,145,114,31,3.3,3472,5,5,2,71,2280
276,111,56,55,3.4,3473,9,1,2,28,1680
208,91,32,59,4.4,3474,10,5,3,73,800
479,158,143,15,4.2,3475,10,4,1,234,3575
178,87,21,66,4.6,3476,3,4,3,261,1260
547,169,164,5,3.5,3477,8,3,1,266,4100
167,85,18,67,3.3,3478,2,5,2,92,630
381,118,71,47,3.1,3479,4,1,2,11,1065
289,111,53,58,4.3,3480,3,4,2,37,3180
272,95,32,63,4.7,3481,8,1,2,46,800
238,104,45,59,3.2,3482,10,2,1,131,1125
180,85,19,66,3.2,3483,4,5,3,246,285
236,91,37,54,4.1,3484,9,1,2,46,1110
535,157,141,16,4.6,3485,5,3,2,357,2820
580,167,162,5,4.3,3486,4,2,1,293,2430
275,107,50,57,4.5,3487,10,3,2,175,1250
481,145,105,40,3.1,3488,6,4,2,328,9450
281,112,57,55,4.8,3489,5,6,1,26,1140
273,112,50,62,4.6,3490,4,4,1,236,750
314,106,42,64,4.1,3491,2,2,2,49,1470
535,168,158,10,3.7,3492,2,5,1,261,5530
391,133,89,44,4.6,3493,2,5,3,8,3115
369,116,63,53,4.5,3494,10,1,1,309,1575
406,141,101,40,4.2,3495,9,1,2,93,3030
529,172,170,2,4.1,3496,8,4,1,341,4250
403,128,83,45,4.7,3497,7,5,3,325,5810
571,188,182,6,4.4,3498,6,2,3,315,16380
185,90,30,60,3.4,3499,4,4,2,344,450
150,75,17,58,3.8,3500,3,1,1,109,1020
239,95,33,62,4.0,3501,6,6,2,360,2970
422,125,76,49,3.5,3502,4,3,2,320,1140
310,121,71,50,4.9,3503,4,4,3,3,1065
436,132,90,42,3.4,3504,9,2,3,327,2700
355,126,72,54,4.5,3505,3,6,2,267,4320
549,166,151,15,4.0,3506,8,6,1,48,3775
456,137,95,42,3.1,3507,7,5,3,31,6650
198,84,26,58,3.3,3508,2,5,1,38,910
248,100,42,58,4.4,3509,9,2,1,193,1260
584,174,173,1,4.2,3510,1,4,2,341,6920
576,182,182,0,4.2,3511,6,3,2,58,16380
311,103,39,64,3.2,3512,1,2,2,183,1560
363,133,91,42,4.3,3513,7,1,3,2,6370
402,137,94,43,3.2,3514,5,5,3,37,1880
236,105,46,59,4.7,3515,5,3,1,29,920
202,92,28,64,4.0,3516,4,4,1,125,420
195,89,34,55,4.4,3517,5,6,2,12,680
177,88,22,66,4.5,3518,2,1,2,208,770
189,85,31,54,4.4,3519,10,4,1,163,775
263,101,37,64,4.6,3520,4,6,1,351,555
464,134,85,49,4.5,3521,10,3,1,77,2125
577,178,171,7,4.2,3522,2,2,3,275,5985
547,166,155,11,4.8,3523,9,1,3,114,4650
450,128,88,40,3.6,3524,2,6,2,32,3080
224,88,33,55,3.5,3525,8,4,2,361,825
315,116,69,47,5.0,3526,8,6,2,309,1725
241,107,50,57,4.6,3527,4,2,3,138,750
352,116,57,59,4.6,3528,9,5,2,122,1710
269,108,57,51,3.1,3529,7,5,3,289,3990
456,150,124,26,3.1,3530,10,4,1,55,3100
335,116,60,56,4.8,3531,6,3,3,347,5400
459,140,106,34,4.6,3532,2,2,2,10,3710
364,120,65,55,3.4,3533,5,1,3,332,1300
369,132,84,48,3.2,3534,3,1,3,94,5040
155,78,22,56,3.3,3535,6,6,1,162,1980
198,94,28,66,3.8,3536,6,6,2,351,2520
372,135,88,47,4.8,3537,3,4,1,246,5280
298,105,49,56,4.7,3538,6,1,2,103,4410
230,91,38,53,4.5,3539,1,3,1,218,1520
307,107,45,62,3.2,3540,2,4,2,4,1575
322,110,60,50,4.2,3541,5,4,3,165,1200
329,133,91,42,3.1,3542,10,2,3,219,2275
303,114,63,51,3.1,3543,8,1,2,335,1575
491,165,152,13,3.8,3544,5,2,3,307,3040
533,151,119,32,3.5,3545,8,6,3,316,2975
371,126,84,42,3.3,3546,4,3,2,102,1260
425,137,91,46,4.7,3547,3,1,1,243,5460
461,153,134,19,3.5,3548,3,6,2,300,8040
484,139,100,39,3.8,3549,6,6,1,329,9000
288,101,40,61,4.3,3550,3,1,2,266,2400
271,103,40,63,4.9,3551,3,1,2,203,2400
463,154,135,19,4.6,3552,4,1,3,255,2025
277,102,47,55,4.9,3553,6,6,1,344,4230
160,82,29,53,4.7,3554,7,4,3,245,2030
538,175,173,2,4.7,3555,8,3,3,48,4325
368,117,61,56,3.6,3556,2,3,1,37,2135
318,120,74,46,4.1,3557,4,5,3,360,1110
540,148,120,28,4.0,3558,1,3,1,356,4800
295,112,59,53,4.9,3559,6,3,1,236,5310
425,144,109,35,4.4,3560,2,3,3,136,3815
596,150,119,31,4.2,3561,1,1,2,164,4760
538,169,167,2,4.9,3562,1,5,1,166,6680
350,117,69,48,3.7,3563,7,4,1,125,4830
427,160,146,14,3.2,3564,5,3,3,181,2920
283,100,46,54,3.4,3565,6,6,2,343,4140
444,122,70,52,3.6,3566,4,3,2,319,1050
550,174,174,0,4.6,3567,7,4,2,124,12180
309,127,84,43,4.8,3568,7,2,3,297,5880
186,92,38,54,3.9,3569,4,1,2,307,570
319,114,67,47,4.4,3570,8,2,1,50,1675
536,171,171,0,3.1,3571,8,4,3,343,4275
481,155,131,24,4.7,3572,9,1,1,293,3930
250,94,39,55,4.7,3573,4,4,2,81,585
374,127,74,53,4.9,3574,8,3,1,339,1850
150,76,23,53,4.8,3575,3,4,2,54,1380
418,129,80,49,3.8,3576,7,4,3,120,5600
249,94,32,62,4.4,3577,1,3,1,129,1280
282,111,60,51,3.5,3578,2,4,2,21,2100
495,138,99,39,4.4,3579,5,2,2,273,1980
379,146,111,35,3.6,3580,1,2,3,278,4440
369,143,108,35,3.5,3581,10,5,3,252,2700
310,119,69,50,4.8,3582,9,6,3,322,2070
285,116,66,50,3.6,3583,10,4,3,152,1650
514,169,168,1,3.4,3584,9,1,3,211,5040
535,165,154,11,4.1,3585,1,5,3,73,6160
596,189,187,2,3.8,3586,6,2,1,87,16830
455,130,79,51,3.2,3587,6,4,1,26,7110
180,89,33,56,4.4,3588,3,6,1,240,1980
557,171,171,0,4.0,3589,1,4,3,25,6840
519,143,114,29,3.7,3590,6,4,2,77,10260
275,120,75,45,4.4,3591,7,1,3,162,5250
473,169,156,13,3.5,3592,1,6,3,293,6240
185,91,34,57,5.0,3593,5,2,2,62,680
189,97,32,65,3.2,3594,4,5,3,131,480
407,140,99,41,3.8,3595,7,5,2,219,6930
390,150,123,27,4.3,3596,6,4,3,171,11070
399,133,90,43,4.5,3597,9,6,3,208,2700
430,154,134,20,3.3,3598,4,2,3,293,2010
450,152,128,24,3.1,3599,2,1,3,27,4480
504,159,143,16,4.4,3600,3,2,2,232,8580
587,172,170,2,4.4,3601,6,5,3,337,15300
239,93,32,61,3.1,3602,4,2,2,183,480
342,118,66,52,4.7,3603,4,5,2,278,990
579,163,154,9,4.0,3604,2,5,2,238,5390
303,106,48,58,4.2,3605,10,1,3,263,1200
532,173,167,6,4.6,3606,1,6,1,87,6680
579,167,162,5,4.4,3607,3,1,2,324,9720
593,174,168,6,3.2,3608,6,4,3,29,15120
408,126,77,49,4.0,3609,5,6,3,283,1540
545,166,158,8,4.9,3610,4,1,3,357,2370
505,165,152,13,3.7,3611,8,5,3,203,3800
564,171,171,0,4.6,3612,1,3,2,94,6840
342,126,84,42,4.8,3613,9,4,1,168,2520
326,116,59,57,4.9,3614,10,6,3,345,1475
309,112,62,50,4.5,3615,3,6,2,360,3720
183,82,18,64,4.4,3616,9,4,1,106,540
202,96,41,55,4.7,3617,8,3,3,141,1025
238,91,28,63,3.6,3618,5,5,2,81,560
195,87,31,56,3.7,3619,4,2,3,175,465
314,105,53,52,3.6,3620,5,2,1,357,1060
422,157,138,19,5.0,3621,10,2,3,15,3450
431,141,103,38,4.5,3622,2,4,3,29,3605
533,189,184,5,3.2,3623,3,4,3,147,11040
455,128,84,44,4.7,3624,8,6,2,184,2100
228,97,33,64,4.9,3625,7,5,3,348,2310
203,97,38,59,4.4,3626,4,3,1,219,570
535,143,105,38,3.3,3627,1,6,1,5,4200
222,94,29,65,4.3,3628,9,1,3,6,870
237,109,55,54,4.6,3629,4,3,3,97,825
249,99,46,53,4.9,3630,9,3,1,192,1380
155,76,23,53,4.3,3631,1,1,2,175,920
216,91,28,63,3.3,3632,10,5,3,39,700
582,171,171,0,3.3,3633,10,4,1,305,4275
212,85,24,61,3.4,3634,10,5,2,210,600
561,184,177,7,4.8,3635,9,6,3,285,5310
562,167,152,15,3.3,3636,1,1,3,22,6080
364,142,104,38,3.9,3637,1,4,3,75,4160
324,108,46,62,4.3,3638,2,2,2,179,1610
373,116,57,59,4.8,3639,7,4,2,250,3990
370,124,75,49,4.1,3640,7,2,2,45,5250
327,113,58,55,4.3,3641,4,1,3,53,870
220,105,42,63,4.6,3642,8,6,3,81,1050
154,84,22,62,4.3,3643,4,4,2,182,330
465,143,104,39,3.7,3644,2,2,1,298,3640
558,164,155,9,4.1,3645,2,1,2,258,5425
514,151,126,25,4.5,3646,2,5,1,19,4410
375,127,74,53,4.9,3647,6,2,1,121,6660
477,165,149,16,4.3,3648,3,5,3,204,8940
563,192,192,0,4.0,3649,1,3,3,185,7680
577,173,166,7,4.2,3650,4,4,2,300,2490
489,160,139,21,4.4,3651,9,2,3,263,4170
261,99,34,65,3.9,3652,9,2,1,52,1020
368,128,88,40,3.8,3653,7,3,2,53,6160
407,124,81,43,4.1,3654,10,5,2,204,2025
444,144,104,40,3.5,3655,6,4,3,193,9360
394,134,96,38,3.7,3656,5,4,1,117,1920
508,143,112,31,3.9,3657,9,3,1,176,3360
511,170,164,6,4.4,3658,5,3,1,76,3280
315,127,82,45,4.0,3659,10,2,3,86,2050
287,111,54,57,3.1,3660,3,3,3,258,3240
309,110,57,53,3.9,3661,4,5,2,251,855
255,92,27,65,3.8,3662,2,1,1,37,945
538,160,146,14,4.3,3663,5,3,1,51,2920
214,102,49,53,4.5,3664,8,3,3,141,1225
235,95,29,66,4.1,3665,2,4,2,329,1015
485,175,175,0,4.3,3666,4,6,3,58,2625
154,85,27,58,3.0,3667,6,2,1,144,2430
532,168,161,7,3.8,3668,10,5,1,43,4025
317,111,49,62,3.7,3669,7,4,1,235,3430
170,83,21,62,4.9,3670,4,3,1,250,315
403,134,96,38,3.4,3671,8,2,2,27,2400
443,152,122,30,4.4,3672,2,2,3,119,4270
528,180,176,4,4.5,3673,10,6,3,310,4400
314,114,66,48,3.0,3674,7,6,1,351,4620
597,165,150,15,3.8,3675,7,1,3,337,10500
460,152,127,25,3.5,3676,3,4,3,83,7620
437,148,124,24,3.7,3677,10,6,1,137,3100
201,89,28,61,3.7,3678,2,6,2,242,980
303,112,53,59,3.7,3679,6,5,2,286,4770
291,108,55,53,4.5,3680,4,6,1,334,825
489,139,101,38,3.9,3681,7,3,2,22,7070
168,86,23,63,4.5,3682,2,1,3,65,805
476,162,146,16,4.1,3683,3,1,2,225,8760
322,133,94,39,3.0,3684,5,1,3,162,1880
589,178,178,0,3.5,3685,2,5,3,108,6230
334,124,68,56,4.3,3686,3,3,3,320,4080
479,144,106,38,4.5,3687,7,4,1,345,7420
489,167,158,9,3.3,3688,3,5,3,159,9480
406,133,87,46,3.7,3689,10,4,3,362,2175
308,112,60,52,3.7,3690,10,5,2,208,1500
227,96,35,61,3.7,3691,7,2,2,238,2450
552,170,163,7,4.7,3692,2,4,2,303,5705
484,130,90,40,4.8,3693,5,4,2,121,1800
547,159,137,22,4.5,3694,5,5,3,18,2740
377,111,50,61,3.5,3695,6,5,2,365,4500
280,116,63,53,4.4,3696,5,3,3,328,1260
213,96,39,57,3.7,3697,6,3,1,331,3510
405,137,96,41,3.1,3698,3,4,2,145,5760
461,125,77,48,3.7,3699,3,1,1,64,4620
538,167,158,9,3.9,3700,1,5,1,169,6320
167,90,25,65,4.9,3701,2,4,3,34,875
353,119,72,47,3.7,3702,5,6,3,190,1440
544,156,137,19,3.5,3703,9,3,2,110,4110
272,115,64,51,3.8,3704,10,4,3,70,1600
215,89,23,66,4.9,3705,10,2,1,120,575
535,153,124,29,3.1,3706,5,2,3,354,2480
402,154,127,27,3.9,3707,8,3,3,200,3175
395,127,86,41,4.8,3708,7,3,1,334,6020
161,88,28,60,4.3,3709,9,2,3,331,840
581,175,166,9,4.0,3710,4,1,3,244,2490
271,110,52,58,4.4,3711,4,3,1,223,780
592,165,156,9,3.2,3712,9,3,1,330,4680
250,95,39,56,3.3,3713,8,2,2,80,975
205,100,43,57,4.1,3714,5,3,3,57,860
592,204,204,0,3.6,3715,2,4,3,127,7140
343,110,58,52,4.6,3716,6,1,2,30,5220
206,100,46,54,4.1,3717,5,6,3,216,920
259,102,37,65,4.4,3718,5,4,3,119,740
432,142,103,39,3.9,3719,3,6,1,134,6180
549,174,166,8,3.5,3720,6,5,2,349,14940
164,84,21,63,3.4,3721,8,5,1,49,525
199,93,35,58,3.4,3722,1,2,3,257,1400
150,84,24,60,4.8,3723,3,3,1,61,1440
524,187,187,0,4.3,3724,1,6,3,200,7480
271,96,40,56,3.7,3725,9,4,1,16,1200
502,151,118,33,4.0,3726,10,5,3,355,2950
418,145,116,29,3.6,3727,9,3,3,145,3480
263,116,66,50,3.3,3728,2,2,3,221,2310
557,166,156,10,3.6,3729,7,4,2,177,10920
355,126,82,44,4.5,3730,5,5,2,23,1640
348,131,91,40,4.4,3731,1,1,2,9,3640
267,100,45,55,5.0,3732,1,1,2,234,1800
499,151,128,23,4.7,3733,10,2,2,189,3200
246,100,42,58,4.9,3734,5,1,2,224,840
210,90,27,63,4.3,3735,8,1,3,64,675
549,155,126,29,3.3,3736,8,1,2,241,3150
526,163,146,17,4.0,3737,2,5,3,320,5110
251,105,54,51,3.6,3738,3,1,2,222,3240
152,79,25,54,3.7,3739,5,4,2,267,500
323,124,80,44,4.4,3740,6,4,3,248,7200
598,160,148,12,4.5,3741,1,2,1,100,5920
246,96,40,56,4.2,3742,3,5,2,188,2400
156,84,31,53,4.2,3743,2,5,2,324,1085
191,88,27,61,3.8,3744,10,1,3,103,675
305,105,52,53,3.8,3745,2,2,1,282,1820
279,111,59,52,4.1,3746,4,6,1,45,885
379,114,62,52,3.9,3747,3,4,1,196,3720
593,199,190,9,3.8,3748,10,3,3,27,4750
485,165,157,8,4.7,3749,7,3,3,277,10990
539,146,110,36,3.5,3750,10,2,2,262,2750
320,125,75,50,3.2,3751,10,4,2,363,1875
293,117,69,48,4.7,3752,9,6,3,52,2070
581,187,184,3,3.0,3753,3,2,2,95,11040
397,142,112,30,4.2,3754,8,5,3,178,2800
561,176,168,8,3.2,3755,6,4,2,160,15120
350,116,66,50,4.5,3756,10,4,2,355,1650
226,94,34,60,4.4,3757,10,3,3,135,850
322,128,84,44,3.0,3758,9,1,3,271,2520
420,129,82,47,3.8,3759,4,4,3,144,1230
243,90,32,58,3.3,3760,2,3,2,206,1120
167,88,28,60,3.9,3761,10,3,2,204,700
537,173,173,0,3.8,3762,1,6,3,226,6920
389,138,105,33,4.5,3763,10,6,1,207,2625
178,92,26,66,3.3,3764,5,1,1,228,520
245,103,49,54,4.8,3765,8,6,3,47,1225
268,94,30,64,3.4,3766,8,2,1,344,750
293,114,67,47,4.4,3767,6,1,1,23,6030
282,117,57,60,3.8,3768,2,6,3,62,1995
247,100,41,59,3.6,3769,8,4,2,100,1025
196,85,30,55,4.7,3770,6,5,2,156,2700
279,108,52,56,4.6,3771,6,3,3,10,4680
209,87,26,61,3.7,3772,5,6,1,178,520
560,151,124,27,3.8,3773,9,5,1,335,3720
320,115,61,54,4.1,3774,7,5,1,272,4270
353,117,68,49,4.2,3775,9,2,3,313,2040
277,95,30,65,4.2,3776,5,5,1,130,600
362,123,74,49,4.1,3777,4,2,2,264,1110
404,123,69,54,4.6,3778,9,2,1,355,2070
238,103,48,55,4.2,3779,4,6,3,170,720
368,124,70,54,4.1,3780,5,2,3,308,1400
152,75,10,65,3.4,3781,10,5,1,144,250
500,178,171,7,4.4,3782,7,2,3,234,11970
192,86,25,61,4.9,3783,1,3,2,105,1000
421,149,124,25,3.1,3784,6,1,3,330,11160
217,101,36,65,4.6,3785,4,4,3,209,540
498,140,98,42,4.7,3786,4,3,1,252,1470
178,82,24,58,4.9,3787,4,4,2,297,360
443,126,75,51,4.4,3788,1,4,1,332,3000
512,162,152,10,3.2,3789,9,6,3,327,4560
454,139,101,38,3.2,3790,10,2,3,268,2525
406,134,92,42,3.0,3791,7,6,2,249,6440
439,141,111,30,5.0,3792,5,4,1,8,2220
466,128,77,51,3.1,3793,1,5,1,302,3080
520,139,97,42,4.4,3794,9,3,1,12,2910
575,190,190,0,3.7,3795,1,1,3,33,7600
325,125,82,43,3.2,3796,5,3,2,40,1640
480,138,94,44,4.9,3797,2,1,1,349,3290
304,129,81,48,4.8,3798,10,6,3,68,2025
573,149,116,33,3.7,3799,10,5,2,50,2900
271,97,41,56,4.2,3800,9,6,2,262,1230
270,108,52,56,4.0,3801,10,3,2,91,1300
475,161,143,18,4.7,3802,3,1,3,268,8580
403,136,90,46,3.7,3803,9,5,3,94,2700
264,109,55,54,4.8,3804,6,6,2,201,4950
423,139,96,43,3.6,3805,6,6,1,158,8640
470,158,131,27,4.2,3806,1,2,3,317,5240
397,126,76,50,4.8,3807,7,5,2,135,5320
214,99,34,65,3.4,3808,8,4,3,201,850
454,155,135,20,4.9,3809,1,5,1,348,5400
225,88,33,55,3.2,3810,7,1,2,103,2310
352,114,66,48,3.7,3811,8,1,1,73,1650
474,131,89,42,4.6,3812,1,5,1,25,3560
420,142,104,38,3.3,3813,2,3,3,361,3640
577,170,168,2,3.8,3814,3,3,2,90,10080
558,165,155,10,3.0,3815,10,5,3,331,3875
543,157,141,16,3.5,3816,4,5,1,336,2115
518,157,130,27,4.1,3817,1,2,1,264,5200
371,121,77,44,4.7,3818,1,4,2,105,3080
381,128,86,42,4.4,3819,8,3,3,335,2150
515,171,161,10,3.8,3820,1,1,3,304,6440
520,163,149,14,4.9,3821,8,6,2,118,3725
468,159,144,15,4.1,3822,3,5,2,209,8640
313,119,72,47,3.7,3823,6,2,1,347,6480
505,161,142,19,4.7,3824,9,5,3,353,4260
276,99,39,60,3.5,3825,3,5,1,53,2340
242,94,41,53,3.4,3826,1,5,1,169,1640
161,82,29,53,3.9,3827,6,3,3,296,2610
327,125,76,49,3.1,3828,3,5,1,106,4560
199,92,31,61,4.9,3829,7,5,1,180,2170
177,87,31,56,3.1,3830,10,3,2,264,775
324,104,49,55,4.2,3831,6,4,1,188,4410
217,98,46,52,3.1,3832,5,1,3,116,920
450,150,127,23,4.9,3833,5,2,2,235,2540
516,162,144,18,4.2,3834,7,6,1,100,10080
515,146,114,32,4.7,3835,2,1,1,138,3990
212,102,39,63,4.9,3836,10,4,3,190,975
292,97,44,53,3.9,3837,8,1,2,326,1100
493,163,153,10,3.9,3838,5,3,1,293,3060
597,166,150,16,3.6,3839,1,5,1,11,6000
310,112,55,57,4.3,3840,1,3,1,140,2200
385,118,62,56,4.4,3841,10,5,2,363,1550
171,79,14,65,4.8,3842,9,6,1,14,420
584,171,167,4,4.7,3843,5,2,2,83,3340
200,83,28,55,4.9,3844,9,6,2,315,840
347,116,65,51,3.9,3845,5,2,2,322,1300
195,95,38,57,3.1,3846,7,3,2,46,2660
488,141,104,37,4.5,3847,1,3,2,66,4160
395,114,55,59,4.4,3848,4,2,1,46,825
207,90,34,56,3.4,3849,9,3,1,86,1020
294,116,67,49,4.4,3850,4,5,3,271,1005
175,90,32,58,4.5,3851,3,4,2,62,1920
340,114,57,57,4.2,3852,2,5,2,250,1995
190,92,35,57,3.1,3853,10,4,3,283,875
413,141,99,42,4.7,3854,9,3,3,16,2970
193,91,25,66,3.7,3855,5,4,3,340,500
256,115,56,59,4.0,3856,4,1,3,9,840
257,92,25,67,3.3,3857,10,6,2,300,625
319,128,86,42,4.0,3858,4,2,3,312,1290
200,92,33,59,3.2,3859,3,4,1,77,1980
340,130,79,51,4.7,3860,5,4,3,40,1580
220,96,30,66,4.3,3861,1,4,3,134,1200
166,89,32,57,4.8,3862,2,6,3,223,1120
355,113,60,53,4.0,3863,10,3,2,85,1500
350,120,75,45,4.5,3864,5,2,3,308,1500
545,139,103,36,3.2,3865,3,6,2,180,6180
464,171,167,4,4.4,3866,8,1,3,277,4175
440,131,84,47,3.8,3867,10,3,1,132,2100
467,138,100,38,4.2,3868,9,1,1,161,3000
322,121,73,48,3.8,3869,8,5,1,205,1825
277,99,38,61,3.1,3870,8,2,1,359,950
381,122,75,47,3.7,3871,10,2,2,102,1875
572,182,182,0,4.3,3872,1,1,2,358,7280
185,86,30,56,4.1,3873,7,4,1,144,2100
446,140,99,41,4.5,3874,3,5,1,172,5940
167,87,26,61,3.2,3875,2,3,2,235,910
463,147,111,36,3.0,3876,4,4,3,156,1665
226,95,30,65,3.5,3877,9,4,3,57,900
189,81,16,65,4.7,3878,10,4,1,64,400
506,157,140,17,4.2,3879,1,5,2,345,5600
459,136,89,47,3.0,3880,5,5,3,122,1780
440,148,125,23,4.2,3881,9,6,1,128,3750
583,183,183,0,4.0,3882,7,1,1,316,12810
298,103,39,64,3.6,3883,3,2,2,224,2340
203,87,26,61,4.8,3884,9,2,1,70,780
230,95,38,57,4.3,3885,3,1,2,101,2280
169,86,29,57,4.5,3886,10,3,3,308,725
201,95,30,65,3.0,3887,10,4,3,158,750
540,163,145,18,4.9,3888,7,4,3,273,10150
488,170,165,5,4.5,3889,7,4,3,286,11550
589,157,139,18,4.2,3890,3,4,1,3,8340
459,157,140,17,3.5,3891,1,2,3,315,5600
245,113,53,60,3.0,3892,5,3,3,159,1060
235,94,29,65,4.4,3893,3,4,1,149,1740
400,117,71,46,3.1,3894,7,1,1,289,4970
357,115,67,48,3.2,3895,2,3,2,3,2345
169,77,16,61,3.9,3896,4,4,1,196,240
456,162,150,12,4.2,3897,10,4,3,58,3750
410,130,89,41,3.5,3898,6,1,2,56,8010
383,133,91,42,4.0,3899,1,1,1,17,3640
310,114,65,49,3.4,3900,10,3,2,44,1625
202,94,37,57,4.4,3901,9,2,3,311,1110
292,101,37,64,3.5,3902,1,6,1,14,1480
321,112,54,58,3.5,3903,7,3,1,296,3780
305,122,70,52,3.7,3904,9,3,2,131,2100
205,95,40,55,3.5,3905,2,1,1,40,1400
309,109,52,57,5.0,3906,1,6,1,55,2080
517,159,140,19,3.5,3907,4,5,2,238,2100
594,177,170,7,3.5,3908,2,4,1,128,5950
250,106,48,58,4.7,3909,8,3,2,92,1200
228,96,40,56,3.2,3910,2,4,1,7,1400
290,114,65,49,4.0,3911,3,6,1,233,3900
167,85,27,58,4.3,3912,10,1,3,9,675
386,116,67,49,3.2,3913,7,6,1,202,4690
351,140,101,39,4.5,3914,1,6,3,98,4040
256,98,36,62,4.3,3915,4,3,3,185,540
334,125,73,52,4.2,3916,7,1,2,176,5110
393,145,111,34,3.8,3917,8,6,3,110,2775
314,108,54,54,4.8,3918,7,2,1,108,3780
174,88,34,54,4.6,3919,1,6,1,61,1360
192,82,17,65,4.7,3920,1,4,2,242,680
282,98,34,64,4.7,3921,9,1,1,73,1020
412,133,87,46,4.3,3922,9,2,1,52,2610
176,84,21,63,4.3,3923,2,3,2,207,735
285,107,51,56,4.4,3924,1,3,1,361,2040
471,160,147,13,3.8,3925,3,4,2,68,8820
186,92,26,66,3.8,3926,8,6,1,306,650
570,163,143,20,4.3,3927,4,1,2,261,2145
574,151,121,30,4.5,3928,3,2,2,176,7260
461,142,105,37,4.8,3929,4,5,2,41,1575
361,116,69,47,3.5,3930,5,4,2,54,1380
515,159,138,21,3.3,3931,5,6,2,115,2760
562,148,120,28,3.5,3932,4,1,1,151,1800
583,196,189,7,4.9,3933,2,3,3,108,6615
362,117,65,52,3.6,3934,2,4,1,190,2275
542,158,145,13,4.9,3935,4,3,2,180,2175
550,141,101,40,3.0,3936,6,2,1,93,9090
314,112,63,49,3.7,3937,1,3,2,147,2520
495,171,167,4,4.4,3938,2,6,3,233,5845
395,129,81,48,4.2,3939,9,6,3,263,2430
515,170,161,9,3.9,3940,1,3,1,186,6440
520,175,169,6,3.3,3941,8,4,3,93,4225
187,82,21,61,3.7,3942,6,6,2,257,1890
400,136,101,35,4.1,3943,2,1,2,364,3535
586,193,185,8,4.1,3944,10,3,3,291,4625
518,160,137,23,3.1,3945,6,4,1,163,12330
383,132,88,44,3.3,3946,4,2,1,292,1320
591,165,152,13,4.9,3947,10,1,3,26,3800
255,106,51,55,3.1,3948,8,2,2,352,1275
530,159,135,24,4.3,3949,1,6,1,241,5400
411,146,120,26,4.7,3950,8,1,2,313,3000
499,134,95,39,3.9,3951,10,6,1,345,2375
428,136,95,41,3.3,3952,6,1,3,126,8550
582,150,122,28,3.5,3953,10,5,2,60,3050
499,149,124,25,3.9,3954,4,6,1,334,1860
317,116,67,49,3.7,3955,4,2,2,271,1005
159,76,11,65,4.2,3956,1,1,1,284,440
513,149,116,33,3.4,3957,6,2,2,186,10440
364,112,54,58,3.6,3958,3,5,1,158,3240
268,107,53,54,3.3,3959,9,2,2,286,1590
383,138,98,40,4.5,3960,3,1,3,1,5880
592,184,184,0,3.8,3961,1,6,2,222,7360
463,162,144,18,3.0,3962,4,4,3,6,2160
341,107,43,64,3.8,3963,6,4,1,247,3870
447,134,93,41,3.6,3964,6,1,3,139,8370
201,90,27,63,3.3,3965,1,1,2,284,1080
414,126,73,53,3.7,3966,8,2,2,279,1825
562,145,116,29,4.5,3967,2,4,1,304,4060
512,152,122,30,4.4,3968,8,4,3,122,3050
174,91,34,57,3.9,3969,9,1,2,237,1020
288,117,71,46,4.4,3970,7,6,1,318,4970
324,125,70,55,4.5,3971,8,6,3,337,1750
547,151,128,23,3.9,3972,7,5,1,175,8960
510,160,140,20,3.2,3973,10,6,3,107,3500
450,135,91,44,4.6,3974,9,2,3,228,2730
511,137,98,39,3.9,3975,1,3,2,151,3920
461,158,136,22,4.9,3976,8,5,1,308,3400
455,135,98,37,3.7,3977,7,2,2,114,6860
377,123,70,53,4.6,3978,7,1,3,29,4900
159,84,25,59,3.8,3979,3,3,2,328,1500
316,111,55,56,3.0,3980,6,6,3,134,4950
442,159,135,24,4.8,3981,9,1,3,314,4050
209,89,31,58,4.2,3982,8,2,1,111,775
413,131,90,41,4.5,3983,1,5,1,207,3600
475,127,80,47,3.6,3984,9,6,2,130,2400
532,159,147,12,4.7,3985,5,5,2,17,2940
474,172,172,0,4.7,3986,5,4,3,80,3440
496,163,144,19,4.0,3987,9,4,1,256,4320
412,133,96,37,3.5,3988,2,1,2,163,3360
352,108,54,54,3.0,3989,10,6,2,32,1350
404,144,112,32,4.7,3990,3,3,3,359,6720
310,128,79,49,3.6,3991,6,4,3,181,7110
447,138,102,36,4.5,3992,4,5,3,285,1530
302,129,77,52,4.4,3993,3,4,3,223,4620
277,114,61,53,3.7,3994,6,1,2,305,5490
529,168,164,4,4.6,3995,2,5,2,300,5740
587,182,176,6,4.8,3996,9,4,3,349,5280
490,155,134,21,3.6,3997,4,6,3,337,2010
400,126,79,47,4.3,3998,1,6,3,361,3160
388,138,102,36,4.3,3999,10,1,2,28,2550
478,157,137,20,3.4,4000,1,6,3,51,5480
247,95,32,63,4.8,4001,8,5,1,108,800
459,157,134,23,4.4,4002,2,1,2,204,4690
264,111,59,52,4.6,4003,8,2,2,285,1475
384,132,93,39,3.7,4004,8,5,1,11,2325
380,138,92,46,3.4,4005,2,5,3,231,3220
396,123,78,45,4.2,4006,6,1,1,63,7020
513,147,120,27,3.9,4007,3,4,2,301,7200
170,83,18,65,3.4,4008,1,1,1,145,720
438,158,132,26,4.5,4009,7,4,3,308,9240
277,114,56,58,4.0,4010,2,6,2,194,1960
165,82,18,64,3.3,4011,7,4,3,79,1260
485,142,103,39,3.6,4012,3,6,2,157,6180
277,114,58,56,3.7,4013,7,6,2,184,4060
176,81,20,61,3.9,4014,7,5,2,178,1400
543,189,183,6,3.5,4015,10,3,3,97,4575
589,172,172,0,3.8,4016,4,2,3,13,2580
505,147,115,32,4.4,4017,8,6,2,62,2875
158,81,24,57,3.9,4018,2,2,3,222,840
355,128,75,53,3.9,4019,1,5,2,340,3000
324,106,43,63,3.4,4020,5,6,1,64,860
463,151,125,26,4.8,4021,6,5,3,85,11250
522,174,174,0,4.4,4022,8,2,3,172,4350
529,158,138,20,4.6,4023,5,6,2,354,2760
151,74,10,64,3.3,4024,5,1,1,54,200
436,137,100,37,3.9,4025,1,2,1,83,4000
549,150,124,26,3.6,4026,10,5,1,216,3100
554,142,103,39,3.3,4027,10,2,2,229,2575
575,184,177,7,3.8,4028,9,6,2,220,5310
299,114,58,56,4.0,4029,1,4,2,48,2320
401,140,102,38,4.6,4030,6,1,1,257,9180
575,150,125,25,3.5,4031,4,4,2,303,1875
386,128,86,42,3.5,4032,7,5,1,223,6020
283,96,41,55,4.4,4033,9,5,2,92,1230
395,147,109,38,5.0,4034,7,4,3,217,7630
413,146,109,37,4.1,4035,2,3,1,175,3815
181,90,26,64,4.8,4036,9,6,3,104,780
512,143,108,35,3.1,4037,5,3,2,38,2160
188,81,21,60,4.5,4038,10,3,1,178,525
155,83,27,56,3.8,4039,9,2,2,241,810
579,164,154,10,4.0,4040,2,1,3,329,5390
218,89,27,62,4.3,4041,6,3,1,6,2430
555,164,145,19,5.0,4042,4,2,1,218,2175
434,120,73,47,3.2,4043,6,5,2,289,6570
549,159,134,25,3.7,4044,9,3,2,52,4020
482,157,133,24,3.1,4045,10,2,3,42,3325
430,143,110,33,3.8,4046,4,3,1,115,1650
361,117,59,58,3.2,4047,6,2,1,88,5310
496,160,143,17,4.1,4048,1,1,1,25,5720
156,77,21,56,3.6,4049,8,1,1,121,525
510,134,85,49,5.0,4050,3,6,1,288,5100
336,111,56,55,4.3,4051,10,3,2,141,1400
477,139,106,33,4.5,4052,7,5,2,181,7420
280,98,43,55,4.4,4053,6,5,2,282,3870
492,132,82,50,3.8,4054,6,6,2,316,7380
375,146,120,26,4.4,4055,3,1,3,320,7200
272,111,61,50,3.8,4056,3,1,1,338,3660
544,153,123,30,4.5,4057,2,3,2,137,4305
313,118,72,46,4.6,4058,9,4,1,207,2160
559,166,155,11,4.0,4059,1,4,2,272,6200
451,151,121,30,4.9,4060,6,6,3,262,10890
237,100,42,58,3.5,4061,4,1,2,340,630
466,133,87,46,3.7,4062,2,3,1,284,3045
375,123,67,56,3.2,4063,8,6,3,55,1675
340,129,81,48,3.8,4064,9,6,2,31,2430
433,139,107,32,3.3,4065,2,3,2,109,3745
360,118,70,48,3.9,4066,2,2,3,55,2450
504,165,146,19,4.8,4067,6,6,1,331,13140
285,109,53,56,4.3,4068,4,5,2,127,795
585,169,157,12,4.6,4069,7,4,1,237,10990
592,203,203,0,4.5,4070,9,2,3,22,6090
461,151,124,27,3.0,4071,6,3,3,87,11160
383,132,86,46,4.4,4072,3,5,2,123,5160
370,115,59,56,4.1,4073,6,5,1,107,5310
468,153,134,19,3.9,4074,8,5,3,218,3350
382,139,98,41,3.6,4075,2,3,2,154,3430
381,118,59,59,3.2,4076,6,1,2,45,5310
504,169,156,13,4.4,4077,2,5,1,54,5460
506,170,159,11,5.0,4078,8,4,3,291,3975
342,108,58,50,3.6,4079,6,2,1,317,5220
395,136,101,35,4.3,4080,6,6,3,312,9090
334,107,46,61,4.4,4081,5,4,1,29,920
164,80,18,62,4.0,4082,10,3,1,211,450
343,123,74,49,4.3,4083,5,2,1,11,1480
177,91,27,64,4.6,4084,3,5,1,50,1620
184,88,24,64,3.6,4085,10,3,2,259,600
246,98,34,64,3.4,4086,4,2,3,236,510
428,136,101,35,3.1,4087,10,5,1,101,2525
313,116,70,46,4.0,4088,5,3,3,137,1400
268,106,56,50,3.6,4089,4,4,3,353,840
471,138,93,45,4.9,4090,8,6,1,281,2325
345,129,82,47,4.7,4091,9,1,2,249,2460
451,140,104,36,4.8,4092,4,3,3,159,1560
379,115,58,57,3.2,4093,6,5,2,220,5220
567,146,118,28,4.5,4094,8,3,2,256,2950
158,86,28,58,3.9,4095,8,5,1,263,700
596,171,162,9,3.9,4096,10,3,1,296,4050
245,99,45,54,3.8,4097,7,1,2,229,3150
226,94,31,63,4.7,4098,3,5,2,62,1860
358,130,82,48,4.3,4099,1,2,1,95,3280
395,140,98,42,3.4,4100,7,5,2,243,6860
405,117,63,54,3.4,4101,10,6,1,155,1575
390,150,127,23,3.9,4102,2,2,3,18,4445
237,103,50,53,3.9,4103,8,3,2,117,1250
553,185,178,7,3.7,4104,8,1,3,339,4450
416,158,144,14,3.9,4105,4,6,3,340,2160
300,108,53,55,4.1,4106,1,2,2,164,2120
365,129,86,43,3.9,4107,2,3,3,72,3010
344,122,69,53,4.0,4108,7,6,3,312,4830
405,122,76,46,3.4,4109,4,6,2,30,1140
295,105,48,57,4.8,4110,8,3,2,24,1200
487,137,100,37,3.5,4111,1,1,1,95,4000
496,146,107,39,4.0,4112,2,1,2,190,3745
454,125,72,53,4.9,4113,9,1,2,325,2160
444,145,108,37,4.4,4114,3,6,1,158,6480
593,185,179,6,3.7,4115,5,1,3,214,3580
314,101,46,55,3.0,4116,1,6,2,78,1840
255,113,55,58,3.7,4117,3,4,3,93,3300
475,144,112,32,4.5,4118,8,3,1,164,2800
337,129,82,47,3.9,4119,4,3,3,24,1230
330,117,67,50,4.1,4120,6,4,2,317,6030
315,117,64,53,3.3,4121,7,6,1,319,4480
376,125,83,42,3.6,4122,5,5,2,174,1660
469,150,117,33,4.5,4123,3,1,2,168,7020
564,193,193,0,4.1,4124,8,5,3,249,4825
351,109,47,62,4.2,4125,5,3,1,221,940
303,105,45,60,3.6,4126,5,4,1,174,900
554,159,140,19,4.5,4127,1,6,1,323,5600
163,84,18,66,3.4,4128,3,6,3,225,1080
238,102,49,53,5.0,4129,3,6,2,121,2940
448,130,88,42,4.7,4130,8,5,1,112,2200
196,93,27,66,3.7,4131,6,2,2,339,2430
394,131,80,51,4.4,4132,7,3,1,111,5600
279,119,70,49,3.5,4133,2,2,3,87,2450
358,131,89,42,3.2,4134,6,2,3,286,8010
529,146,115,31,4.4,4135,6,6,1,172,10350
259,105,48,57,3.9,4136,3,3,1,288,2880
402,140,96,44,4.5,4137,8,5,1,129,2400
467,143,104,39,3.1,4138,8,2,1,188,2600
436,141,106,35,3.1,4139,6,2,2,140,9540
514,159,138,21,4.6,4140,9,5,2,2,4140
572,171,171,0,4.2,4141,5,6,1,86,3420
493,141,106,35,4.5,4142,5,2,1,353,2120
376,132,95,37,4.3,4143,5,2,1,119,1900
514,168,155,13,3.0,4144,6,6,1,120,13950
438,150,127,23,4.5,4145,9,2,1,365,3810
566,152,122,30,4.6,4146,7,2,1,140,8540
559,158,139,19,3.2,4147,6,4,1,339,12510
326,122,77,45,4.4,4148,4,5,3,56,1155
227,100,47,53,4.5,4149,10,2,2,251,1175
577,199,198,1,4.5,4150,1,5,3,231,7920
311,123,67,56,4.9,4151,1,3,2,5,2680
590,164,158,6,3.9,4152,4,2,2,274,2370
461,168,166,2,4.7,4153,2,4,3,239,5810
275,121,67,54,3.4,4154,2,6,3,241,2345
402,131,79,52,4.6,4155,1,5,1,64,3160
290,116,59,57,3.5,4156,5,6,3,187,1180
582,173,172,1,4.6,4157,3,5,3,327,10320
505,168,163,5,3.3,4158,9,6,3,296,4890
524,155,133,22,4.7,4159,2,5,3,200,4655
501,159,139,20,3.6,4160,8,4,2,264,3475
543,170,161,9,4.8,4161,2,5,1,320,5635
369,125,77,48,3.4,4162,3,1,1,56,4620
224,86,31,55,3.5,4163,3,2,2,358,1860
415,140,108,32,3.5,4164,7,4,3,138,7560
514,148,118,30,4.5,4165,10,1,2,136,2950
266,99,36,63,4.2,4166,4,5,1,130,540
212,97,32,65,4.0,4167,1,4,3,324,1280
279,104,48,56,3.2,4168,6,5,2,345,4320
509,135,95,40,3.8,4169,3,1,2,335,5700
165,81,23,58,4.2,4170,4,5,3,219,345
550,153,131,22,3.5,4171,1,4,2,179,5240
529,164,156,8,3.5,4172,8,1,3,66,3900
195,89,35,54,4.4,4173,10,1,3,354,875
293,112,62,50,3.8,4174,7,4,2,326,4340
585,171,167,4,4.3,4175,1,2,1,37,6680
547,178,175,3,4.6,4176,10,2,1,13,4375
503,172,172,0,3.4,4177,8,5,3,240,4300
338,128,80,48,4.7,4178,9,6,1,18,2400
554,164,157,7,4.4,4179,1,6,3,326,6280
499,151,118,33,3.4,4180,4,1,1,274,1770
273,112,54,58,4.7,4181,1,4,3,220,2160
157,81,22,59,4.9,4182,1,3,3,288,880
321,109,48,61,4.2,4183,2,6,2,284,1680
463,151,122,29,3.6,4184,6,3,3,26,10980
581,181,174,7,3.9,4185,10,3,2,248,4350
156,86,31,55,4.8,4186,1,5,2,336,1240
254,100,45,55,4.6,4187,10,4,2,330,1125
244,108,58,50,3.8,4188,2,5,3,119,2030
571,154,135,19,4.0,4189,3,5,2,21,8100
501,133,90,43,3.0,4190,5,6,2,234,1800
499,154,129,25,3.9,4191,8,3,1,289,3225
170,84,19,65,4.4,4192,3,4,2,168,1140
310,118,71,47,5.0,4193,3,3,1,344,4260
397,135,100,35,3.8,4194,3,5,1,229,6000
213,85,21,64,3.8,4195,9,6,2,343,630
476,142,101,41,3.7,4196,6,4,3,264,9090
577,185,185,0,4.8,4197,5,3,1,224,3700
519,175,167,8,3.2,4198,5,5,3,321,3340
303,105,52,53,4.3,4199,5,4,1,83,1040
273,101,40,61,3.3,4200,9,5,2,219,1200
524,186,179,7,3.5,4201,3,3,3,272,10740
436,146,107,39,3.9,4202,6,3,3,302,9630
324,110,49,61,3.3,4203,8,2,1,224,1225
574,175,172,3,4.0,4204,9,2,2,155,5160
359,119,61,58,3.3,4205,2,3,1,250,2135
431,145,111,34,3.6,4206,3,5,3,136,6660
205,96,33,63,4.4,4207,8,6,2,302,825
581,146,110,36,4.0,4208,2,5,1,240,3850
534,173,173,0,4.5,4209,9,3,2,146,5190
168,84,26,58,3.5,4210,8,1,1,187,650
229,101,40,61,4.1,4211,2,3,3,214,1400
465,127,80,47,4.6,4212,8,4,2,204,2000
352,119,68,51,3.8,4213,7,4,3,334,4760
545,172,170,2,5.0,4214,5,6,3,150,3400
445,162,152,10,3.1,4215,10,1,3,218,3800
536,157,132,25,3.8,4216,8,2,3,19,3300
214,95,33,62,3.7,4217,3,3,1,115,1980
273,121,71,50,4.5,4218,3,2,3,116,4260
266,101,41,60,3.3,4219,4,1,1,268,615
354,126,73,53,3.7,4220,10,3,3,157,1825
539,140,107,33,3.7,4221,10,6,1,184,2675
457,140,102,38,3.5,4222,4,2,3,271,1530
422,123,79,44,4.0,4223,8,4,1,268,1975
404,121,76,45,4.2,4224,3,6,1,68,4560
564,176,176,0,4.4,4225,3,5,1,219,10560
504,137,93,44,3.5,4226,9,3,1,82,2790
155,77,23,54,3.4,4227,10,1,1,301,575
565,164,150,14,3.8,4228,9,6,2,6,4500
480,137,94,43,3.9,4229,7,1,1,166,6580
535,156,133,23,4.1,4230,7,6,2,328,9310
484,139,107,32,4.4,4231,1,3,2,149,4280
199,97,39,58,4.6,4232,8,4,3,19,975
372,119,72,47,3.3,4233,8,1,2,142,1800
369,127,77,50,4.5,4234,2,3,1,74,2695
259,96,37,59,4.2,4235,9,6,2,333,1110
591,164,150,14,3.0,4236,9,2,3,306,4500
411,146,119,27,3.7,4237,2,4,1,232,4165
215,91,31,60,4.8,4238,1,1,2,261,1240
476,141,105,36,3.4,4239,4,6,2,155,1575
391,147,118,29,4.4,4240,4,5,3,177,1770
436,144,104,40,4.8,4241,8,3,1,349,2600
321,105,48,57,3.8,4242,9,5,1,52,1440
330,109,56,53,3.9,4243,7,3,1,286,3920
266,105,50,55,3.6,4244,4,3,2,247,750
328,113,58,55,4.6,4245,2,4,2,270,2030
188,92,29,63,3.1,4246,3,1,3,181,1740
158,84,25,59,4.9,4247,5,6,2,157,500
263,99,40,59,4.3,4248,4,6,2,65,600
237,93,35,58,3.9,4249,8,6,1,64,875
183,79,14,65,4.2,4250,2,4,1,358,490
304,108,56,52,3.0,4251,1,3,2,301,2240
361,133,91,42,4.5,4252,8,4,1,84,2275
490,152,129,23,4.9,4253,3,4,2,184,7740
557,179,177,2,3.2,4254,4,2,3,295,2655
476,139,99,40,4.5,4255,7,6,3,129,6930
364,116,63,53,4.6,4256,6,4,2,230,5670
375,131,92,39,4.8,4257,9,6,1,186,2760
406,146,113,33,3.9,4258,8,6,3,153,2825
376,131,87,44,3.2,4259,3,3,2,175,5220
271,99,37,62,3.7,4260,9,4,2,312,1110
313,120,68,52,3.3,4261,9,6,3,306,2040
272,99,46,53,4.2,4262,8,5,1,257,1150
263,99,42,57,3.8,4263,6,1,1,1,3780
245,96,44,52,3.5,4264,5,5,1,45,880
416,124,81,43,3.6,4265,1,6,1,282,3240
368,135,87,48,3.4,4266,4,5,3,94,1305
291,120,71,49,3.2,4267,10,4,3,27,1775
245,110,48,62,5.0,4268,5,2,3,261,960
567,171,166,5,4.1,4269,2,3,2,110,5810
514,158,141,17,3.1,4270,9,6,2,204,4230
416,124,73,51,3.3,4271,7,6,1,272,5110
150,83,22,61,4.5,4272,4,2,3,346,330
323,121,64,57,3.2,4273,2,1,1,3,2240
588,183,175,8,4.9,4274,8,4,1,305,4375
178,91,34,57,4.1,4275,9,1,3,5,1020
355,108,50,58,3.7,4276,3,3,1,187,3000
263,103,39,64,4.0,4277,2,3,1,90,1365
397,143,111,32,4.9,4278,5,2,3,7,2220
534,137,101,36,3.2,4279,8,3,1,47,2525
452,151,118,33,4.5,4280,8,2,1,14,2950
233,97,45,52,4.5,4281,7,2,2,216,3150
573,180,172,8,4.9,4282,1,5,1,30,6880
417,140,107,33,3.9,4283,7,3,3,240,7490
354,125,72,53,4.8,4284,4,2,1,113,1080
482,164,153,11,5.0,4285,1,2,2,333,6120
312,104,41,63,4.1,4286,4,1,1,36,615
427,140,98,42,4.7,4287,5,2,2,158,1960
597,155,128,27,3.6,4288,3,6,2,174,7680
543,140,108,32,3.3,4289,9,1,2,108,3240
457,164,154,10,4.4,4290,7,1,3,172,10780
540,176,172,4,3.1,4291,2,1,1,39,6020
222,99,34,65,4.0,4292,5,2,1,69,680
502,153,132,21,4.6,4293,5,6,3,201,2640
509,167,155,12,3.1,4294,9,5,1,29,4650
367,116,66,50,4.8,4295,6,3,1,96,5940
452,162,149,13,3.1,4296,1,3,3,305,5960
284,105,49,56,3.4,4297,10,4,2,333,1225
576,164,147,17,4.2,4298,9,1,2,299,4410
223,91,29,62,3.9,4299,6,6,1,191,2610
241,107,54,53,4.1,4300,4,1,3,259,810
459,142,101,41,3.8,4301,4,5,3,128,1515
418,132,85,47,4.3,4302,8,3,3,112,2125
448,155,135,20,3.8,4303,7,2,2,207,9450
193,91,37,54,4.4,4304,4,5,3,9,555
543,176,169,7,3.5,4305,1,5,3,179,6760
473,144,103,41,3.2,4306,2,3,2,179,3605
579,194,189,5,3.1,4307,8,4,3,36,4725
217,102,39,63,3.6,4308,10,2,3,60,975
324,122,72,50,4.7,4309,3,5,1,191,4320
531,160,137,23,3.9,4310,7,3,2,52,9590
323,125,81,44,4.8,4311,1,2,3,194,3240
246,99,39,60,4.8,4312,5,6,1,284,780
574,170,160,10,3.5,4313,2,6,3,124,5600
153,84,27,57,3.5,4314,5,6,2,80,540
521,170,168,2,4.6,4315,3,5,2,268,10080
554,151,129,22,4.7,4316,9,1,1,216,3870
598,178,173,5,3.1,4317,10,1,2,269,4325
368,116,59,57,4.0,4318,5,6,1,157,1180
191,90,24,66,4.6,4319,9,6,2,33,720
591,203,198,5,5.0,4320,8,1,3,170,4950
565,157,136,21,3.9,4321,4,5,2,56,2040
363,131,88,43,3.3,4322,8,5,3,87,2200
311,117,60,57,4.3,4323,8,4,2,118,1500
184,92,31,61,3.1,4324,5,1,3,356,620
337,126,78,48,3.3,4325,7,2,3,180,5460
392,150,126,24,3.1,4326,4,4,3,225,1890
403,136,102,34,4.0,4327,9,4,2,63,3060
178,83,17,66,4.4,4328,8,3,2,262,425
434,123,79,44,4.5,4329,4,1,2,327,1185
198,94,32,62,4.4,4330,8,6,3,98,800
262,99,40,59,3.2,4331,6,2,3,166,3600
452,166,154,12,4.4,4332,8,3,3,112,3850
259,100,36,64,4.4,4333,3,5,3,335,2160
569,175,173,2,3.3,4334,3,5,1,121,10380
164,85,30,55,3.4,4335,10,2,2,89,750
300,114,64,50,4.1,4336,3,4,3,39,3840
470,155,133,22,4.0,4337,4,2,2,252,1995
209,91,29,62,3.4,4338,8,1,2,82,725
215,94,28,66,4.9,4339,9,4,1,139,840
232,91,34,57,3.6,4340,5,2,1,271,680
157,77,13,64,5.0,4341,10,4,1,184,325
434,135,98,37,4.7,4342,4,4,1,315,1470
159,80,27,53,5.0,4343,10,5,1,138,675
151,82,27,55,3.3,4344,1,3,3,362,1080
593,151,130,21,4.9,4345,5,2,1,78,2600
234,107,46,61,3.9,4346,9,4,3,154,1380
255,108,56,52,4.6,4347,2,2,1,147,1960
441,151,123,28,4.3,4348,4,2,2,163,1845
428,122,68,54,3.5,4349,6,1,1,241,6120
416,135,95,40,3.2,4350,7,3,1,30,6650
590,150,119,31,3.4,4351,6,4,2,58,10710
389,136,100,36,3.0,4352,3,6,3,62,6000
554,166,157,9,3.2,4353,3,4,2,224,9420
446,158,144,14,4.1,4354,7,4,3,186,10080
443,124,71,53,4.0,4355,7,1,2,300,4970
540,174,171,3,3.7,4356,3,1,1,70,10260
354,121,71,50,4.0,4357,10,4,1,337,1775
553,142,113,29,4.6,4358,7,3,1,170,7910
454,142,113,29,5.0,4359,6,5,3,278,10170
559,158,139,19,4.7,4360,9,1,2,325,4170
460,154,124,30,3.7,4361,2,5,1,51,4340
188,89,27,62,3.6,4362,5,2,1,62,540
243,103,42,61,4.0,4363,6,6,3,52,3780
449,125,83,42,4.5,4364,6,6,1,86,7470
547,167,152,15,3.6,4365,4,4,1,185,2280
442,154,130,24,3.4,4366,2,5,2,176,4550
382,125,73,52,3.8,4367,4,3,1,7,1095
495,132,83,49,4.5,4368,2,1,1,107,2905
306,101,44,57,4.6,4369,4,2,1,164,660
231,98,39,59,3.2,4370,10,4,2,170,975
499,149,120,29,3.9,4371,7,1,3,34,8400
307,119,67,52,4.4,4372,7,6,1,231,4690
523,167,160,7,3.8,4373,8,1,2,247,4000
432,155,125,30,4.9,4374,9,3,3,178,3750
392,138,99,39,4.7,4375,2,5,3,315,3465
506,155,132,23,3.1,4376,3,5,3,206,7920
400,134,97,37,4.5,4377,8,4,1,102,2425
563,163,152,11,4.5,4378,4,4,2,66,2280
569,183,183,0,3.2,4379,6,3,2,149,16470
290,115,65,50,3.1,4380,3,4,2,26,3900
162,81,17,64,4.2,4381,6,1,1,313,1530
497,142,103,39,4.3,4382,6,3,2,359,9270
271,106,55,51,4.9,4383,1,4,3,268,2200
341,110,56,54,3.7,4384,1,2,2,324,2240
245,94,37,57,3.8,4385,3,6,2,27,2220
565,151,120,31,3.1,4386,6,5,1,315,10800
150,76,23,53,5.0,4387,7,3,1,191,1610
202,89,30,59,3.5,4388,7,2,1,258,2100
371,144,109,35,3.9,4389,2,2,3,20,3815
504,172,166,6,3.4,4390,6,4,3,208,14940
570,168,158,10,4.2,4391,3,3,3,98,9480
295,117,58,59,3.4,4392,2,2,2,82,2030
397,144,113,31,3.7,4393,1,6,3,120,4520
284,113,62,51,3.9,4394,9,3,3,322,1860
591,149,118,31,3.4,4395,3,5,1,56,7080
288,115,58,57,4.7,4396,7,3,3,196,4060
359,137,91,46,4.5,4397,8,2,3,339,2275
371,132,92,40,4.7,4398,7,1,3,312,6440
231,91,36,55,3.8,4399,5,6,2,88,720
206,91,28,63,3.7,4400,2,2,1,215,980
302,114,57,57,4.8,4401,9,6,2,34,1710
406,136,99,37,4.0,4402,4,1,3,180,1485
183,95,34,61,3.2,4403,2,5,3,15,1190
170,94,36,58,3.4,4404,6,1,3,305,3240
375,125,73,52,4.6,4405,6,3,2,203,6570
580,168,166,2,3.7,4406,9,4,3,244,4980
594,174,172,2,3.4,4407,1,4,2,350,6880
246,100,48,52,4.0,4408,1,5,2,31,1920
275,110,59,51,4.0,4409,6,6,3,249,5310
283,107,54,53,4.1,4410,6,1,2,183,4860
260,111,59,52,3.1,4411,2,2,2,11,2065
152,80,23,57,4.2,4412,4,3,3,300,345
231,103,47,56,4.9,4413,7,2,1,82,3290
345,106,52,54,4.6,4414,4,2,2,111,780
585,156,128,28,5.0,4415,7,4,1,232,8960
479,168,158,10,4.6,4416,2,6,3,305,5530
256,93,40,53,4.9,4417,10,2,1,323,1000
197,87,24,63,3.3,4418,3,3,3,9,1440
221,98,44,54,4.7,4419,9,6,2,262,1320
304,117,57,60,4.1,4420,1,6,1,22,2280
421,135,95,40,3.7,4421,6,4,3,106,8550
254,96,41,55,3.7,4422,10,6,2,235,1025
419,155,133,22,3.3,4423,3,5,3,269,7980
541,155,129,26,4.7,4424,3,6,2,192,7740
408,153,126,27,4.3,4425,5,1,3,347,2520
551,167,156,11,4.2,4426,9,6,3,38,4680
213,96,43,53,4.7,4427,9,3,1,55,1290
529,164,155,9,4.6,4428,6,3,3,45,13950
412,135,87,48,4.8,4429,6,3,2,79,7830
411,136,93,43,3.8,4430,1,6,2,264,3720
320,124,74,50,4.2,4431,3,5,1,140,4440
457,148,116,32,4.0,4432,7,6,3,160,8120
537,164,151,13,3.9,4433,9,6,1,171,4530
543,189,184,5,3.7,4434,10,4,3,45,4600
600,168,161,7,3.9,4435,6,6,3,107,14490
565,167,160,7,3.1,4436,2,5,2,344,5600
597,173,168,5,4.1,4437,6,4,1,118,15120
386,125,72,53,3.4,4438,4,1,2,308,1080
487,146,113,33,4.2,4439,4,1,3,358,1695
547,157,138,19,4.5,4440,8,4,1,223,3450
213,97,42,55,4.0,4441,6,2,3,67,3780
294,113,55,58,3.6,4442,5,1,1,160,1100
178,91,30,61,4.1,4443,1,4,2,337,1200
468,170,170,0,3.4,4444,7,4,3,140,11900
489,155,135,20,4.0,4445,9,2,3,122,4050
177,93,31,62,5.0,4446,9,3,3,129,930
407,125,71,54,3.9,4447,1,1,1,317,2840
436,134,96,38,4.2,4448,10,1,3,36,2400
350,130,90,40,4.9,4449,3,3,1,108,5400
492,131,89,42,4.9,4450,5,3,1,267,1780
329,127,73,54,3.7,4451,9,6,2,56,2190
190,86,22,64,3.3,4452,2,2,1,96,770
174,91,36,55,3.5,4453,6,2,3,40,3240
274,98,32,66,4.3,4454,4,1,2,361,480
475,160,137,23,4.1,4455,9,1,2,32,4110
302,110,60,50,4.5,4456,9,4,1,159,1800
277,120,74,46,3.3,4457,4,3,3,282,1110
303,103,41,62,4.5,4458,3,6,2,37,2460
396,145,112,33,3.6,4459,6,1,3,201,10080
481,167,164,3,3.3,4460,10,6,3,305,4100
358,124,78,46,3.7,4461,4,5,2,92,1170
392,121,73,48,3.3,4462,9,4,2,5,2190
489,163,147,16,3.8,4463,10,5,2,161,3675
465,134,97,37,3.7,4464,2,3,1,54,3395
484,163,142,21,4.9,4465,6,2,3,139,12780
538,161,147,14,3.8,4466,2,5,3,300,5145
182,91,33,58,4.6,4467,9,2,2,135,990
286,99,34,65,3.5,4468,8,4,1,192,850
511,135,92,43,4.4,4469,10,3,1,85,2300
361,127,82,45,4.9,4470,9,4,1,60,2460
176,82,22,60,4.4,4471,3,4,2,92,1320
489,159,141,18,4.0,4472,10,4,2,264,3525
177,79,24,55,3.3,4473,1,4,2,12,960
483,151,126,25,3.5,4474,10,4,2,137,3150
389,125,74,51,4.9,4475,8,5,1,129,1850
559,142,104,38,3.3,4476,6,1,1,26,9360
376,131,93,38,3.7,4477,4,4,2,71,1395
192,89,31,58,3.7,4478,7,6,1,265,2170
359,114,58,56,4.8,4479,7,1,1,162,4060
428,161,141,20,4.7,4480,1,5,3,260,5640
594,164,148,16,3.4,4481,9,4,2,174,4440
504,161,140,21,3.4,4482,2,6,2,120,4900
355,127,80,47,3.1,4483,1,2,1,260,3200
458,136,102,34,4.3,4484,8,5,1,8,2550
335,112,53,59,3.9,4485,4,6,2,114,795
465,128,76,52,4.6,4486,7,3,1,105,5320
570,170,170,0,3.0,4487,9,2,3,327,5100
213,96,30,66,4.2,4488,7,2,3,355,2100
355,115,67,48,4.9,4489,5,3,1,286,1340
378,112,54,58,3.2,4490,6,2,1,73,4860
277,110,54,56,3.7,4491,6,2,3,80,4860
253,108,50,58,3.7,4492,3,1,1,285,3000
278,109,48,61,3.8,4493,8,4,3,339,1200
357,128,76,52,3.9,4494,3,3,1,156,4560
153,81,15,66,3.9,4495,1,4,1,190,600
188,86,28,58,3.2,4496,10,2,3,99,700
253,104,52,52,3.4,4497,2,2,3,227,1820
158,78,17,61,4.5,4498,3,3,2,297,1020
595,182,173,9,4.8,4499,5,4,3,88,3460
224,92,30,62,3.4,4500,3,2,3,317,1800
533,175,175,0,3.7,4501,4,3,3,267,2625
223,91,38,53,4.5,4502,1,6,2,345,1520
428,155,126,29,3.1,4503,6,6,3,254,11340
350,112,57,55,3.4,4504,6,1,1,44,5130
396,135,89,46,3.9,4505,7,3,1,110,6230
569,147,121,26,5.0,4506,2,3,1,82,4235
166,82,23,59,3.0,4507,10,6,3,195,575
206,99,47,52,4.2,4508,1,5,3,218,1880
591,150,125,25,4.7,4509,3,5,2,96,7500
420,140,103,37,3.7,4510,4,5,3,113,1545
402,144,115,29,4.1,4511,5,6,2,26,2300
179,88,35,53,4.2,4512,5,3,2,305,700
246,98,36,62,5.0,4513,9,2,2,205,1080
164,89,23,66,3.8,4514,10,3,3,207,575
595,190,186,4,4.1,4515,6,1,2,105,16740
489,173,164,9,4.2,4516,1,4,3,319,6560
390,125,80,45,4.9,4517,1,3,1,322,3200
447,147,121,26,3.3,4518,5,6,3,75,2420
553,144,110,34,4.0,4519,4,6,2,326,1650
163,81,15,66,4.2,4520,5,6,2,67,300
582,180,172,8,4.3,4521,6,6,2,330,15480
219,96,38,58,3.0,4522,3,4,1,265,2280
386,137,102,35,3.1,4523,9,4,2,302,3060
387,127,74,53,3.2,4524,2,5,2,132,2590
355,117,65,52,3.9,4525,2,4,3,199,2275
335,137,104,33,3.3,4526,2,1,3,117,3640
254,102,48,54,4.7,4527,5,4,3,311,960
524,162,140,22,4.0,4528,6,6,3,249,12600
532,175,169,6,3.7,4529,10,4,3,17,4225
524,163,147,16,4.0,4530,8,5,2,342,3675
460,166,158,8,4.9,4531,10,5,3,87,3950
485,136,92,44,3.7,4532,7,3,2,242,6440
390,123,79,44,3.1,4533,2,2,2,152,2765
181,91,31,60,4.3,4534,3,3,2,261,1860
564,166,158,8,3.8,4535,4,1,1,6,2370
257,104,43,61,4.3,4536,3,1,2,250,2580
435,131,86,45,4.1,4537,10,2,2,246,2150
341,113,57,56,3.4,4538,10,2,2,165,1425
219,98,39,59,3.5,4539,1,3,1,41,1560
245,97,44,53,4.3,4540,5,6,1,214,880
212,98,35,63,4.6,4541,7,1,3,357,2450
192,88,27,61,4.8,4542,3,4,2,13,1620
483,142,111,31,4.3,4543,2,4,1,37,3885
396,145,118,27,4.7,4544,7,3,3,106,8260
254,110,51,59,3.6,4545,6,2,3,262,4590
276,96,35,61,4.0,4546,7,6,1,59,2450
385,130,86,44,3.1,4547,8,2,2,10,2150
509,170,164,6,3.4,4548,2,4,3,332,5740
252,104,46,58,4.8,4549,3,6,3,276,2760
424,119,70,49,4.5,4550,9,4,1,73,2100
286,113,53,60,3.0,4551,6,2,2,244,4770
392,133,97,36,4.2,4552,2,1,3,192,3395
585,167,161,6,4.2,4553,5,6,1,172,3220
259,99,39,60,3.4,4554,5,2,2,54,780
201,93,27,66,4.7,4555,5,5,2,19,540
352,138,106,32,3.8,4556,7,2,3,50,7420
245,106,46,60,3.8,4557,4,4,1,38,690
213,95,41,54,3.8,4558,8,5,1,69,1025
223,95,29,66,4.0,4559,8,6,2,174,725
491,152,125,27,4.8,4560,3,1,3,166,7500
391,144,103,41,3.8,4561,6,6,3,183,9270
586,164,157,7,3.7,4562,9,2,2,180,4710
218,95,40,55,3.2,4563,7,5,1,322,2800
234,96,36,60,3.1,4564,8,1,1,266,900
322,118,60,58,4.1,4565,2,4,1,165,2100
248,104,45,59,4.5,4566,5,2,3,199,900
324,110,54,56,4.4,4567,9,6,1,239,1620
374,129,88,41,3.9,4568,5,6,2,59,1760
510,161,142,19,4.2,4569,1,1,2,351,5680
591,174,167,7,4.1,4570,2,2,1,351,5845
207,93,39,54,3.2,4571,9,1,3,9,1170
445,152,124,28,4.7,4572,4,6,3,353,1860
152,87,21,66,3.2,4573,8,2,3,279,525
176,87,27,60,4.2,4574,8,3,1,272,675
350,123,75,48,3.1,4575,9,4,2,154,2250
245,94,34,60,3.9,4576,10,6,1,229,850
202,102,48,54,4.3,4577,2,4,3,302,1680
557,177,168,9,4.8,4578,3,2,3,6,10080
414,124,73,51,3.8,4579,1,1,1,28,2920
298,119,60,59,4.5,4580,3,5,1,151,3600
352,119,62,57,4.3,4581,6,5,2,127,5580
310,104,47,57,3.8,4582,8,5,1,86,1175
347,135,95,40,4.8,4583,10,5,3,42,2375
534,162,146,16,4.4,4584,2,3,2,70,5110
426,145,107,38,3.2,4585,1,3,3,91,4280
241,89,36,53,3.4,4586,7,1,2,125,2520
159,91,27,64,3.6,4587,5,3,3,311,540
291,104,41,63,3.9,4588,7,5,1,64,2870
493,148,124,24,3.9,4589,2,2,2,242,4340
447,146,110,36,4.1,4590,3,3,2,174,6600
557,178,178,0,3.4,4591,8,6,2,219,4450
547,160,142,18,4.8,4592,8,4,2,49,3550
483,173,171,2,4.5,4593,8,5,3,42,4275
464,145,106,39,4.6,4594,9,3,1,354,3180
453,145,111,34,3.5,4595,2,2,2,126,3885
327,135,97,38,3.0,4596,1,5,3,147,3880
520,169,166,3,4.2,4597,1,3,3,193,6640
550,168,160,8,4.4,4598,3,4,3,276,9600
271,110,57,53,3.7,4599,5,6,1,129,1140
293,111,51,60,3.3,4600,9,3,3,54,1530
322,122,78,44,3.4,4601,7,2,2,36,5460
463,135,96,39,3.8,4602,7,5,2,301,6720
206,83,23,60,4.0,4603,7,6,2,111,1610
590,163,148,15,4.5,4604,3,1,1,223,8880
278,107,45,62,3.3,4605,1,5,3,15,1800
593,183,183,0,4.6,4606,4,3,1,173,2745
572,152,132,20,4.1,4607,3,6,2,42,7920
375,120,76,44,3.6,4608,5,2,2,156,1520
599,150,117,33,3.9,4609,7,2,2,84,8190
275,96,34,62,4.2,4610,4,1,2,304,510
158,77,14,63,3.1,4611,5,3,1,247,280
550,167,151,16,3.1,4612,7,3,2,89,10570
560,170,163,7,4.1,4613,9,2,1,20,4890
496,135,95,40,3.3,4614,5,2,2,116,1900
162,81,17,64,4.0,4615,6,6,2,168,1530
474,145,116,29,4.6,4616,4,3,1,14,1740
294,116,69,47,3.0,4617,5,3,1,51,1380
293,112,54,58,3.4,4618,1,5,1,131,2160
216,97,32,65,4.7,4619,6,2,3,283,2880
150,85,19,66,3.4,4620,4,2,3,67,285
320,123,69,54,3.1,4621,7,3,3,32,4830
497,146,120,26,5.0,4622,8,5,1,240,3000
400,136,100,36,4.5,4623,5,1,1,142,2000
404,130,85,45,4.5,4624,9,3,2,224,2550
406,135,89,46,4.6,4625,3,4,1,36,5340
422,138,102,36,4.3,4626,5,6,2,306,2040
409,117,63,54,3.2,4627,6,1,1,40,5670
528,185,185,0,4.7,4628,7,3,3,290,12950
574,155,133,22,4.1,4629,10,6,2,34,3325
446,148,122,26,4.4,4630,10,3,1,38,3050
328,115,64,51,3.4,4631,5,4,2,230,1280
476,150,127,23,3.3,4632,9,1,1,314,3810
457,155,133,22,3.2,4633,6,2,3,121,11970
165,87,33,54,3.8,4634,6,1,3,358,2970
177,91,26,65,4.5,4635,8,3,1,236,650
486,143,106,37,3.7,4636,9,1,3,357,3180
536,161,150,11,4.7,4637,7,5,3,155,10500
496,148,119,29,4.7,4638,2,4,2,74,4165
479,162,153,9,3.2,4639,8,6,2,203,3825
383,138,93,45,4.5,4640,1,2,2,10,3720
539,182,177,5,3.8,4641,10,2,3,299,4425
492,175,170,5,3.2,4642,7,1,3,186,11900
432,135,95,40,3.8,4643,6,4,2,339,8550
214,97,39,58,3.1,4644,4,4,1,217,585
362,111,50,61,5.0,4645,9,1,2,268,1500
548,162,146,16,3.9,4646,10,2,3,154,3650
487,157,130,27,3.9,4647,6,1,2,158,11700
487,165,151,14,4.2,4648,4,4,3,237,2265
477,156,130,26,4.0,4649,3,5,1,169,7800
469,147,122,25,4.1,4650,10,6,3,103,3050
294,107,54,53,3.4,4651,1,6,3,350,2160
543,143,103,40,4.6,4652,4,1,2,5,1545
567,163,144,19,3.3,4653,4,1,2,252,2160
568,143,105,38,3.5,4654,5,1,2,319,2100
523,182,182,0,4.4,4655,3,5,3,73,10920
257,97,42,55,4.3,4656,7,1,1,114,2940
570,147,110,37,3.2,4657,5,4,1,247,2200
164,82,19,63,4.5,4658,8,1,2,3,475
177,90,26,64,3.2,4659,3,5,2,155,1560
233,107,51,56,4.3,4660,6,3,3,292,4590
567,170,164,6,4.5,4661,7,5,2,246,11480
205,93,36,57,4.1,4662,4,3,1,342,540
526,179,171,8,4.1,4663,6,5,3,54,15390
374,131,82,49,4.4,4664,3,1,3,45,4920
423,156,136,20,4.6,4665,1,5,3,183,5440
243,99,41,58,3.7,4666,1,2,3,162,1640
178,96,41,55,4.9,4667,9,6,3,297,1230
410,126,84,42,4.0,4668,8,6,2,43,2100
195,98,37,61,3.5,4669,9,3,3,275,1110
242,98,39,59,3.5,4670,7,4,1,296,2730
285,97,37,60,3.6,4671,4,6,2,191,555
154,79,21,58,3.9,4672,4,1,1,82,315
562,176,176,0,3.5,4673,7,1,3,49,12320
484,161,141,20,3.2,4674,6,1,3,12,12690
230,101,41,60,4.5,4675,10,4,1,138,1025
197,95,38,57,4.7,4676,1,1,3,291,1520
389,129,83,46,4.9,4677,6,5,1,44,7470
511,140,106,34,3.8,4678,5,4,2,160,2120
340,124,79,45,4.6,4679,8,2,1,31,1975
410,145,108,37,3.9,4680,2,3,1,177,3780
501,147,122,25,4.0,4681,8,5,3,274,3050
521,170,163,7,4.2,4682,4,4,2,30,2445
331,108,56,52,3.4,4683,2,1,2,26,1960
498,159,135,24,4.1,4684,6,6,3,194,12150
162,83,20,63,3.8,4685,6,2,1,333,1800
348,117,70,47,3.5,4686,10,5,1,131,1750
170,81,20,61,3.2,4687,6,4,2,305,1800
268,112,51,61,3.7,4688,4,6,2,69,765
422,119,73,46,4.3,4689,8,6,2,98,1825
450,149,122,27,5.0,4690,7,1,2,169,8540
401,130,87,43,3.4,4691,4,4,3,98,1305
535,158,143,15,3.3,4692,3,5,3,101,8580
461,127,78,49,3.2,4693,3,1,2,143,4680
150,82,17,65,3.5,4694,4,4,1,239,255
506,168,163,5,4.3,4695,6,3,2,176,14670
597,178,174,4,4.0,4696,3,1,3,102,10440
242,90,31,59,3.4,4697,7,2,1,320,2170
176,89,30,59,3.9,4698,7,1,2,131,2100
463,156,131,25,4.9,4699,8,1,1,244,3275
176,87,26,61,4.2,4700,7,5,2,335,1820
226,86,20,66,3.9,4701,9,1,1,119,600
485,131,82,49,4.9,4702,9,3,1,141,2460
582,152,128,24,5.0,4703,2,4,2,122,4480
361,124,69,55,4.6,4704,2,2,3,88,2415
519,138,98,40,3.9,4705,9,4,2,364,2940
235,102,45,57,4.1,4706,3,2,1,364,2700
459,152,119,33,3.3,4707,1,1,3,31,4760
162,82,24,58,3.8,4708,3,5,1,216,1440
508,158,139,19,3.7,4709,9,4,3,155,4170
444,133,87,46,4.2,4710,7,5,2,359,6090
350,124,71,53,3.9,4711,3,4,1,95,4260
203,92,37,55,3.3,4712,7,6,3,221,2590
288,116,66,50,4.9,4713,9,3,1,19,1980
204,92,29,63,4.9,4714,8,4,3,268,725
296,115,66,49,4.5,4715,2,5,1,152,2310
167,88,33,55,4.7,4716,6,4,3,205,2970
311,122,78,44,3.2,4717,9,4,3,119,2340
384,140,100,40,4.9,4718,4,6,2,137,1500
270,111,54,57,3.4,4719,2,3,3,214,1890
231,102,39,63,3.9,4720,5,1,1,288,780
417,158,139,19,4.1,4721,2,5,3,133,4865
299,120,65,55,3.8,4722,1,5,3,218,2600
341,130,89,41,4.8,4723,10,1,2,330,2225
492,147,112,35,4.9,4724,3,6,1,156,6720
336,129,78,51,3.3,4725,8,4,1,337,1950
432,141,111,30,4.2,4726,1,4,1,180,4440
269,97,43,54,3.8,4727,7,5,1,347,3010
426,147,114,33,4.8,4728,2,6,1,67,3990
484,153,125,28,3.1,4729,4,6,1,203,1875
570,157,132,25,3.3,4730,3,3,1,209,7920
524,172,172,0,4.2,4731,4,3,3,165,2580
567,176,173,3,3.1,4732,10,5,2,228,4325
200,91,32,59,3.1,4733,4,1,3,97,480
190,99,38,61,3.4,4734,2,3,3,81,1330
488,150,126,24,3.9,4735,5,3,3,224,2520
394,137,104,33,3.0,4736,7,3,1,198,7280
576,176,175,1,3.3,4737,7,3,3,264,12250
307,103,47,56,3.7,4738,10,5,2,113,1175
278,98,36,62,4.4,4739,5,5,2,195,720
192,83,28,55,3.4,4740,8,6,2,38,700
212,84,29,55,4.6,4741,8,1,2,250,725
298,119,65,54,4.8,4742,1,3,1,21,2600
557,169,169,0,4.3,4743,10,1,3,66,4225
482,142,104,38,3.6,4744,10,3,2,345,2600
445,135,100,35,4.5,4745,3,2,2,260,6000
401,147,116,31,4.9,4746,4,3,3,36,1740
347,118,66,52,3.1,4747,4,4,2,288,990
406,141,100,41,4.2,4748,1,3,1,362,4000
244,102,41,61,4.1,4749,7,5,3,335,2870
420,149,120,29,3.7,4750,10,5,2,203,3000
152,82,24,58,3.7,4751,8,1,1,76,600
237,108,48,60,4.3,4752,2,3,3,42,1680
167,87,22,65,3.6,4753,6,5,2,89,1980
169,87,22,65,3.5,4754,2,2,1,89,770
428,151,130,21,4.8,4755,5,6,1,106,2600
205,93,33,60,3.7,4756,5,5,1,77,660
325,110,50,60,4.4,4757,7,3,2,221,3500
351,109,49,60,3.8,4758,2,5,1,252,1715
382,130,85,45,4.9,4759,7,6,3,164,5950
383,131,84,47,3.7,4760,9,6,1,2,2520
371,142,107,35,4.4,4761,2,2,3,241,3745
373,121,74,47,4.1,4762,9,3,3,90,2220
173,90,34,56,4.2,4763,4,6,3,222,510
216,100,39,61,4.3,4764,4,4,2,345,585
453,150,126,24,4.9,4765,8,5,2,363,3150
418,133,92,41,3.9,4766,4,1,1,350,1380
522,151,117,34,3.3,4767,2,6,3,16,4095
538,171,171,0,4.4,4768,2,5,1,92,5985
426,124,70,54,3.2,4769,3,3,1,63,4200
442,151,128,23,4.6,4770,5,5,2,338,2560
363,122,66,56,3.8,4771,6,6,3,351,5940
473,173,169,4,3.1,4772,3,2,3,109,10140
524,153,124,29,4.3,4773,3,5,3,104,7440
270,106,56,50,4.2,4774,1,5,3,295,2240
494,144,108,36,4.1,4775,5,1,3,255,2160
399,125,81,44,4.2,4776,1,4,3,210,3240
177,79,17,62,3.5,4777,9,3,1,230,510
162,82,16,66,4.3,4778,5,6,1,272,320
509,168,156,12,4.5,4779,7,6,1,123,10920
400,135,94,41,3.8,4780,3,4,3,120,5640
332,112,54,58,4.1,4781,10,1,1,95,1350
199,93,28,65,3.7,4782,10,5,3,17,700
261,104,42,62,3.9,4783,2,6,1,267,1470
327,108,49,59,4.7,4784,5,2,1,81,980
441,126,81,45,4.7,4785,3,5,2,44,4860
408,141,104,37,3.4,4786,7,5,2,113,7280
575,152,121,31,4.4,4787,5,2,2,105,2420
327,117,69,48,3.7,4788,10,6,1,345,1725
297,115,56,59,3.8,4789,5,2,2,64,1120
167,87,32,55,4.3,4790,8,3,1,334,800
151,83,20,63,3.8,4791,1,3,1,348,800
298,124,79,45,4.6,4792,6,1,3,327,7110
279,109,58,51,3.0,4793,5,2,2,135,1160
234,106,45,61,3.6,4794,8,4,3,106,1125
583,185,181,4,4.3,4795,1,3,2,64,7240
261,96,30,66,3.1,4796,2,5,1,17,1050
258,98,44,54,4.7,4797,4,6,1,285,660
319,118,65,53,3.2,4798,10,4,3,34,1625
386,119,65,54,4.6,4799,6,6,2,232,5850
244,104,45,59,4.3,4800,3,3,1,313,2700
295,111,55,56,4.5,4801,9,5,3,49,1650
310,107,56,51,3.1,4802,10,1,1,43,1400
553,170,168,2,3.8,4803,5,3,3,165,3360
446,148,112,36,3.1,4804,7,4,2,105,7840
379,115,64,51,4.7,4805,3,3,1,1,3840
476,127,75,52,3.4,4806,6,2,2,217,6750
524,162,149,13,4.3,4807,5,4,3,63,2980
267,108,49,59,3.1,4808,8,4,3,70,1225
259,110,55,55,3.1,4809,6,2,3,134,4950
229,89,31,58,4.6,4810,10,2,1,171,775
309,114,55,59,4.2,4811,8,6,2,121,1375
516,155,128,27,4.1,4812,5,3,1,36,2560
496,150,115,35,4.8,4813,4,3,3,3,1725
487,156,134,22,3.9,4814,3,3,2,200,8040
374,119,67,52,3.9,4815,1,6,1,183,2680
308,117,68,49,4.6,4816,2,6,3,322,2380
257,101,46,55,4.5,4817,6,3,2,269,4140
321,110,57,53,3.9,4818,7,6,2,124,3990
343,119,73,46,3.3,4819,8,1,3,25,1825
399,136,94,42,4.8,4820,8,5,2,125,2350
392,127,76,51,4.6,4821,8,5,2,306,1900
476,142,100,42,3.1,4822,6,4,1,269,9000
523,151,117,34,5.0,4823,2,3,3,103,4095
407,149,124,25,4.0,4824,8,3,3,353,3100
236,104,44,60,4.8,4825,2,4,3,281,1540
334,119,66,53,3.8,4826,2,5,2,246,2310
289,112,53,59,4.7,4827,6,2,1,175,4770
164,83,20,63,3.5,4828,9,5,1,346,600
561,161,146,15,4.2,4829,5,2,2,363,2920
432,145,107,38,3.3,4830,2,2,2,230,3745
260,95,29,66,4.3,4831,4,5,1,62,435
336,106,45,61,3.5,4832,5,2,2,77,900
497,159,143,16,4.1,4833,3,5,2,137,8580
173,79,22,57,4.8,4834,10,2,1,262,550
576,170,167,3,3.0,4835,1,2,1,355,6680
398,126,81,45,4.4,4836,10,3,1,246,2025
503,167,158,9,4.7,4837,1,2,1,79,6320
585,156,130,26,4.6,4838,6,1,1,21,11700
340,121,70,51,3.6,4839,5,5,3,53,1400
388,139,105,34,4.1,4840,5,6,1,299,2100
222,101,49,52,3.5,4841,10,6,1,15,1225
486,160,144,16,4.9,4842,3,6,2,275,8640
478,169,158,11,3.2,4843,2,2,3,356,5530
162,78,23,55,3.2,4844,1,1,2,242,920
245,96,36,60,3.3,4845,7,3,1,195,2520
262,101,45,56,3.7,4846,5,2,1,145,900
531,171,168,3,4.4,4847,9,2,1,140,5040
355,110,54,56,5.0,4848,5,1,2,103,1080
360,134,85,49,3.4,4849,9,6,2,200,2550
409,149,119,30,3.9,4850,3,4,3,360,7140
170,78,22,56,4.6,4851,8,3,1,124,550
294,105,44,61,3.2,4852,1,6,1,148,1760
181,84,23,61,4.6,4853,5,3,3,281,460
406,132,88,44,4.9,4854,6,1,2,99,7920
550,157,138,19,4.0,4855,3,4,1,298,8280
162,81,25,56,3.6,4856,3,3,2,4,1500
268,114,53,61,3.2,4857,9,4,3,42,1590
382,128,86,42,3.3,4858,8,3,3,69,2150
210,86,24,62,3.2,4859,1,6,2,198,960
280,114,66,48,3.8,4860,3,5,1,86,3960
455,124,73,51,3.1,4861,2,5,1,305,2555
495,162,147,15,4.6,4862,5,4,1,11,2940
492,162,152,10,4.7,4863,1,4,3,278,6080
434,151,119,32,3.3,4864,9,1,3,170,3570
527,147,114,33,4.1,4865,10,6,1,138,2850
486,150,116,34,3.2,4866,9,6,1,261,3480
405,140,101,39,4.8,4867,4,3,3,191,1515
287,119,62,57,4.0,4868,8,3,3,250,1550
380,121,70,51,4.7,4869,5,4,1,170,1400
228,96,34,62,4.4,4870,8,6,1,68,850
381,124,78,46,3.3,4871,6,6,1,66,7020
180,87,31,56,4.4,4872,8,3,2,210,775
438,157,135,22,4.4,4873,9,3,3,20,4050
237,92,37,55,3.7,4874,10,6,1,97,925
233,88,35,53,4.2,4875,1,3,2,240,1400
490,155,138,17,4.1,4876,4,1,2,90,2070
296,120,65,55,4.2,4877,9,1,3,227,1950
557,159,137,22,4.2,4878,4,3,3,195,2055
363,120,74,46,4.9,4879,9,3,2,245,2220
593,184,175,9,4.9,4880,7,2,1,288,12250
586,163,146,17,3.5,4881,1,5,1,253,5840
503,145,117,28,3.4,4882,6,2,1,323,10530
597,179,179,0,4.7,4883,8,1,3,186,4475
261,107,48,59,3.6,4884,8,5,3,289,1200
528,157,142,15,3.6,4885,5,3,3,8,2840
203,87,29,58,3.5,4886,5,4,1,127,580
478,167,152,15,4.3,4887,10,1,3,170,3800
241,96,38,58,3.2,4888,6,3,2,20,3420
469,160,142,18,3.5,4889,8,2,1,338,3550
238,93,36,57,4.2,4890,2,4,2,343,1260
279,109,56,53,4.8,4891,8,1,3,221,1400
341,114,66,48,3.0,4892,10,6,2,299,1650
283,119,64,55,4.7,4893,5,1,3,142,1280
501,144,110,34,4.6,4894,8,2,2,193,2750
316,124,69,55,4.4,4895,6,6,1,184,6210
357,127,82,45,4.3,4896,6,1,1,295,7380
255,110,58,52,3.1,4897,6,6,1,227,5220
156,83,26,57,3.8,4898,4,4,2,209,390
470,164,149,15,4.2,4899,2,1,3,3,5215
401,126,72,54,3.8,4900,9,6,1,127,2160
329,114,55,59,3.6,4901,5,6,3,133,1100
191,81,19,62,4.5,4902,3,1,2,156,1140
435,157,142,15,4.0,4903,8,3,3,198,3550
207,92,27,65,3.5,4904,8,2,2,244,675
301,99,41,58,4.2,4905,9,5,2,233,1230
566,163,146,17,3.3,4906,2,3,2,65,5110
296,116,58,58,3.5,4907,5,5,2,146,1160
264,97,45,52,4.1,4908,10,1,2,79,1125
446,139,107,32,3.6,4909,7,1,1,14,7490
289,111,60,51,3.9,4910,2,4,2,348,2100
407,117,62,55,4.0,4911,2,2,2,120,2170
478,153,127,26,3.0,4912,2,6,3,90,4445
170,85,30,55,4.3,4913,5,1,2,335,600
545,175,169,6,3.7,4914,1,1,3,219,6760
597,181,181,0,3.8,4915,1,5,2,16,7240
516,154,128,26,4.4,4916,4,5,3,326,1920
317,103,40,63,4.0,4917,10,2,1,185,1000
489,153,131,22,3.6,4918,8,5,3,130,3275
598,162,145,17,3.1,4919,1,5,2,273,5800
314,106,45,61,4.6,4920,3,4,2,310,2700
545,140,102,38,4.4,4921,10,4,1,212,2550
546,175,173,2,4.8,4922,7,4,2,83,12110
522,147,111,36,3.3,4923,7,6,2,290,7770
574,162,150,12,4.7,4924,9,4,2,284,4500
562,177,177,0,4.0,4925,10,1,1,81,4425
290,104,42,62,3.4,4926,2,3,1,39,1470
280,105,54,51,3.4,4927,10,6,3,183,1350
169,82,20,62,4.5,4928,6,1,3,22,1800
215,91,36,55,3.6,4929,5,1,2,223,720
324,119,69,50,4.7,4930,9,2,1,59,2070
320,112,54,58,3.3,4931,3,5,2,207,3240
161,82,18,64,3.0,4932,8,1,2,16,450
358,122,72,50,4.1,4933,6,2,1,246,6480
416,156,136,20,4.8,4934,8,5,3,332,3400
504,142,111,31,4.9,4935,3,6,2,332,6660
561,196,190,6,5.0,4936,5,1,3,254,3800
408,124,77,47,4.3,4937,1,4,1,150,3080
177,92,36,56,4.2,4938,4,6,3,180,540
391,134,96,38,4.8,4939,3,6,1,70,5760
362,122,72,50,4.6,4940,3,4,2,10,4320
325,110,53,57,3.6,4941,4,4,1,128,795
278,107,56,51,4.7,4942,3,6,1,299,3360
545,142,100,42,3.3,4943,7,6,1,287,7000
311,106,42,64,4.1,4944,2,1,1,183,1470
246,93,37,56,4.5,4945,3,6,1,98,2220
311,119,62,57,3.8,4946,9,1,3,72,1860
559,170,163,7,4.4,4947,8,1,3,124,4075
532,168,161,7,3.9,4948,5,4,2,59,3220
437,153,128,25,4.4,4949,6,5,3,17,11520
177,83,26,57,3.7,4950,3,5,3,187,1560
235,90,35,55,4.6,4951,7,6,1,202,2450
255,106,44,62,3.7,4952,2,4,2,160,1540
421,137,103,34,4.4,4953,6,6,2,107,9270
192,90,24,66,4.5,4954,7,4,2,50,1680
310,123,73,50,3.5,4955,6,4,2,88,6570
572,144,104,40,4.9,4956,3,6,1,196,6240
598,184,180,4,3.7,4957,8,3,3,336,4500
407,139,103,36,4.4,4958,5,3,1,118,2060
342,124,78,46,4.4,4959,6,1,1,275,7020
223,106,54,52,3.3,4960,10,3,3,244,1350
179,88,28,60,4.0,4961,1,3,2,154,1120
273,95,32,63,3.2,4962,10,4,1,153,800
156,82,18,64,4.6,4963,6,3,1,28,1620
329,132,89,43,3.7,4964,6,4,3,175,8010
514,167,163,4,4.1,4965,9,6,1,208,4890
323,127,79,48,4.8,4966,9,5,3,179,2370
185,90,25,65,4.4,4967,9,4,2,322,750
191,93,36,57,4.8,4968,4,4,3,8,540
365,119,67,52,4.3,4969,3,6,2,285,4020
310,103,39,64,3.4,4970,7,5,2,178,2730
246,100,40,60,4.9,4971,4,2,3,347,600
352,108,47,61,3.2,4972,7,3,1,53,3290
440,139,106,33,4.4,4973,4,4,2,192,1590
433,138,106,32,4.0,4974,10,4,2,161,2650
193,99,34,65,3.7,4975,3,3,3,306,2040
283,104,53,51,5.0,4976,1,6,2,92,2120
524,158,134,24,3.0,4977,2,5,3,107,4690
294,100,41,59,3.4,4978,10,1,1,342,1025
442,129,87,42,4.3,4979,5,3,2,194,1740
265,108,47,61,3.3,4980,7,1,3,315,3290
328,116,67,49,3.7,4981,3,4,3,239,4020
467,143,110,33,4.0,4982,4,3,3,128,1650
600,157,140,17,3.3,4983,6,2,1,254,12600
535,167,154,13,4.4,4984,3,5,1,283,9240
255,93,38,55,3.5,4985,4,3,2,318,570
209,89,26,63,4.7,4986,5,6,3,178,520
588,167,158,9,4.9,4987,4,3,1,113,2370
321,119,61,58,4.3,4988,9,2,1,7,1830
388,136,92,44,4.3,4989,5,1,2,69,1840
267,109,55,54,3.1,4990,4,4,3,109,825
584,159,137,22,3.4,4991,4,4,1,230,2055
175,91,34,57,3.6,4992,2,6,3,71,1190
334,120,65,55,4.3,4993,10,5,1,305,1625
229,99,36,63,4.7,4994,3,3,2,194,2160
362,124,74,50,3.1,4995,7,1,2,125,5180
356,122,72,50,4.6,4996,7,3,1,180,5040
318,121,73,48,3.6,4997,4,5,2,80,1095
406,140,105,35,4.9,4998,5,1,2,229,2100
236,94,32,62,4.2,4999,9,2,2,110,960
287,109,57,52,3.2,5000,4,6,3,84,855
579,180,173,7,4.9,5001,4,1,3,362,2595
579,187,187,0,4.9,5002,5,3,3,105,3740
438,140,100,40,3.4,5003,8,4,1,242,2500
384,137,91,46,4.4,5004,7,4,2,258,6370
582,171,161,10,4.6,5005,9,4,2,110,4830
585,171,171,0,3.8,5006,2,5,2,301,5985
222,102,49,53,4.2,5007,3,5,2,228,2940
209,90,34,56,3.9,5008,1,3,3,332,1360
437,145,116,29,4.1,5009,5,1,3,129,2320
219,86,32,54,4.8,5010,10,2,1,151,800
431,150,117,33,3.0,5011,3,6,2,39,7020
352,133,90,43,3.3,5012,4,4,2,48,1350
264,102,44,58,3.7,5013,10,4,1,124,1100
477,139,105,34,4.7,5014,10,2,1,355,2625
451,150,120,30,3.5,5015,3,4,3,343,7200
274,99,43,56,3.0,5016,2,5,1,74,1505
431,154,127,27,4.4,5017,4,3,3,178,1905
407,128,76,52,3.7,5018,9,1,3,265,2280
560,176,173,3,3.3,5019,2,5,1,215,6055
174,89,31,58,3.1,5020,9,6,3,217,930
347,122,72,50,4.5,5021,6,5,1,79,6480
186,93,27,66,3.9,5022,1,6,1,239,1080
281,115,65,50,3.5,5023,7,4,2,56,4550
294,114,56,58,4.6,5024,10,5,2,308,1400
459,131,89,42,4.1,5025,9,1,1,117,2670
184,86,23,63,4.9,5026,10,6,3,90,575
488,165,158,7,3.4,5027,8,3,3,66,3950
194,84,23,61,4.2,5028,5,6,1,253,460
235,89,24,65,3.6,5029,6,3,2,79,2160
528,164,148,16,4.5,5030,2,6,2,125,5180
427,141,104,37,3.8,5031,9,3,1,156,3120
575,182,182,0,3.1,5032,4,5,1,136,2730
481,160,143,17,3.9,5033,1,5,3,356,5720
160,82,22,60,3.5,5034,3,6,2,140,1320
474,152,121,31,3.8,5035,3,3,2,41,7260
235,90,28,62,4.1,5036,9,5,1,102,840
263,100,42,58,4.0,5037,5,2,3,96,840
574,193,191,2,3.1,5038,10,4,3,106,4775
432,144,117,27,3.5,5039,9,6,2,98,3510
313,101,44,57,4.2,5040,10,4,2,104,1100
257,99,40,59,4.1,5041,1,1,1,198,1600
286,110,50,60,3.8,5042,8,3,2,345,1250
246,106,49,57,4.0,5043,5,4,3,178,980
198,86,27,59,3.7,5044,7,3,2,268,1890
518,173,173,0,4.0,5045,10,4,3,266,4325
518,174,174,0,4.0,5046,8,1,3,192,4350
311,111,52,59,4.6,5047,5,3,1,273,1040
313,115,61,54,4.0,5048,5,4,3,346,1220
180,89,36,53,5.0,5049,7,3,2,311,2520
253,109,60,49,4.2,5050,9,6,2,37,1800
509,174,170,4,4.0,5051,7,2,3,268,11900
470,139,105,34,3.5,5052,3,4,1,349,6300
227,97,36,61,3.3,5053,2,5,2,247,1260
323,131,93,38,3.7,5054,1,5,3,196,3720
356,129,80,49,4.6,5055,8,2,2,91,2000
387,116,64,52,4.5,5056,8,5,2,209,1600
473,160,140,20,4.0,5057,9,4,1,61,4200
162,84,22,62,3.9,5058,10,5,1,107,550
361,124,81,43,3.4,5059,8,6,2,228,2025
241,90,36,54,4.4,5060,8,3,2,122,900
221,100,47,53,5.0,5061,3,6,2,123,2820
273,112,51,61,4.8,5062,7,3,1,322,3570
338,134,94,40,3.3,5063,7,1,3,160,6580
193,82,19,63,3.7,5064,3,1,2,203,1140
231,95,32,63,3.7,5065,3,6,1,115,1920
307,108,46,62,3.9,5066,1,4,2,318,1840
484,135,99,36,4.5,5067,4,2,2,154,1485
363,133,89,44,3.8,5068,9,5,1,338,2670
374,129,85,44,4.6,5069,6,1,1,300,7650
160,86,27,59,3.9,5070,3,6,1,203,1620
352,117,59,58,3.8,5071,6,1,2,58,5310
300,101,38,63,4.5,5072,9,1,1,55,1140
270,100,35,65,4.0,5073,1,5,2,188,1400
294,111,55,56,4.6,5074,10,6,2,350,1375
589,170,159,11,3.1,5075,3,6,3,211,9540
360,120,74,46,4.9,5076,4,5,1,41,1110
578,161,150,11,3.0,5077,7,4,3,315,10500
465,142,109,33,3.7,5078,10,1,3,117,2725
411,119,66,53,4.5,5079,1,4,2,273,2640
528,143,107,36,4.8,5080,1,6,2,129,4280
159,85,27,58,4.3,5081,2,6,3,114,945
204,96,32,64,4.8,5082,2,3,2,270,1120
363,123,71,52,3.6,5083,1,4,1,132,2840
188,81,17,64,4.8,5084,8,4,1,91,425
546,152,131,21,3.5,5085,3,6,1,191,7860
559,183,183,0,3.3,5086,5,2,3,79,3660
236,111,59,52,4.9,5087,1,2,3,22,2360
377,135,90,45,4.9,5088,4,5,3,305,1350
405,129,89,40,3.6,5089,5,5,1,162,1780
237,93,39,54,4.2,5090,5,6,2,138,780
409,127,83,44,3.4,5091,8,6,1,86,2075
221,100,43,57,3.0,5092,7,5,2,280,3010
370,146,120,26,3.7,5093,2,5,3,86,4200
514,175,175,0,3.1,5094,3,5,3,31,10500
177,88,32,56,4.5,5095,3,2,3,309,1920
353,131,87,44,4.9,5096,2,2,3,234,3045
396,124,72,52,4.2,5097,3,3,1,114,4320
581,191,182,9,3.4,5098,8,3,3,328,4550
477,137,97,40,4.3,5099,4,1,2,3,1455
413,127,73,54,4.5,5100,1,1,2,63,2920
587,160,135,25,4.7,5101,9,1,2,217,4050
258,95,29,66,4.2,5102,8,4,2,231,725
281,114,64,50,3.1,5103,6,1,3,355,5760
587,161,149,12,3.5,5104,6,6,3,6,13410
502,143,109,34,4.5,5105,9,4,2,185,3270
456,148,111,37,3.9,5106,6,4,3,193,9990
523,181,181,0,3.9,5107,4,5,3,256,2715
435,126,80,46,4.2,5108,1,2,1,273,3200
332,104,42,62,4.2,5109,8,5,2,221,1050
159,83,27,56,3.7,5110,4,5,1,8,405
503,165,155,10,4.9,5111,8,4,3,143,3875
368,122,67,55,3.9,5112,5,5,2,361,1340
184,87,27,60,4.8,5113,9,5,3,157,810
267,93,36,57,4.5,5114,9,6,2,86,1080
337,105,51,54,4.1,5115,2,5,1,251,1785
457,154,127,27,4.4,5116,8,3,1,243,3175
280,113,55,58,3.9,5117,5,3,1,305,1100
253,113,52,61,3.6,5118,10,3,3,45,1300
444,139,104,35,3.6,5119,1,4,2,23,4160
395,142,100,42,4.6,5120,2,1,3,61,3500
545,139,101,38,3.4,5121,3,3,2,10,6060
199,86,21,65,4.4,5122,2,2,2,341,735
469,169,156,13,3.9,5123,4,3,3,337,2340
488,153,133,20,3.1,5124,9,3,1,40,3990
201,90,26,64,3.5,5125,2,4,2,109,910
210,97,37,60,3.9,5126,5,5,3,230,740
380,122,77,45,4.0,5127,4,2,2,289,1155
433,125,77,48,4.5,5128,5,2,2,57,1540
410,124,78,46,4.2,5129,9,1,2,183,2340
476,142,111,31,3.7,5130,1,3,3,183,4440
248,97,43,54,3.6,5131,7,1,3,224,3010
213,95,35,60,4.9,5132,3,3,3,236,2100
372,126,83,43,4.8,5133,5,3,3,339,1660
151,86,24,62,3.1,5134,6,2,3,215,2160
173,92,27,65,3.1,5135,4,2,3,228,405
377,125,76,49,4.0,5136,1,3,3,14,3040
407,139,97,42,3.3,5137,9,3,1,40,2910
282,108,56,52,4.2,5138,6,3,2,247,5040
395,138,98,40,4.3,5139,2,6,1,226,3430
525,181,181,0,5.0,5140,10,4,3,196,4525
491,163,155,8,4.4,5141,3,1,2,242,9300
331,123,78,45,4.6,5142,8,6,2,332,1950
315,101,46,55,3.2,5143,9,5,1,73,1380
281,103,50,53,3.1,5144,1,2,1,140,2000
200,95,36,59,3.7,5145,3,4,1,296,2160
206,92,37,55,4.5,5146,10,5,1,193,925
370,110,61,49,4.6,5147,10,5,1,200,1525
230,99,36,63,4.0,5148,10,6,1,114,900
518,149,126,23,3.3,5149,10,4,1,253,3150
527,145,106,39,3.8,5150,8,4,1,95,2650
313,124,72,52,4.8,5151,5,3,2,354,1440
177,93,35,58,3.3,5152,4,4,3,80,525
373,121,65,56,3.6,5153,3,6,1,181,3900
489,175,169,6,3.5,5154,1,5,3,233,6760
265,96,42,54,4.3,5155,10,2,2,233,1050
374,147,113,34,4.3,5156,4,4,3,153,1695
292,112,57,55,5.0,5157,8,2,1,264,1425
264,111,57,54,4.5,5158,7,6,1,132,3990
490,162,141,21,3.5,5159,9,5,3,35,4230
381,115,61,54,4.6,5160,7,2,1,56,4270
347,115,59,56,3.3,5161,9,4,2,228,1770
165,93,32,61,4.3,5162,5,1,3,345,640
230,87,27,60,4.1,5163,7,3,1,337,1890
214,105,50,55,4.2,5164,5,5,3,133,1000
372,136,94,42,4.1,5165,2,6,2,101,3290
276,95,35,60,4.3,5166,4,4,1,47,525
182,86,31,55,4.9,5167,7,1,2,199,2170
188,87,28,59,3.5,5168,7,6,2,298,1960
577,178,173,5,4.5,5169,5,5,1,199,3460
480,162,147,15,3.8,5170,9,2,3,287,4410
287,105,51,54,3.8,5171,3,1,1,57,3060
544,144,105,39,3.3,5172,4,1,1,59,1575
170,94,28,66,3.2,5173,10,6,3,292,700
235,89,31,58,4.1,5174,5,3,2,312,620
600,158,144,14,4.6,5175,2,3,2,285,5040
564,163,149,14,4.5,5176,5,5,2,272,2980
522,147,117,30,4.6,5177,1,2,1,309,4680
586,169,160,9,3.0,5178,7,6,1,9,11200
324,127,73,54,3.7,5179,1,2,3,327,2920
478,156,137,19,4.2,5180,7,3,1,174,9590
548,143,112,31,3.8,5181,5,2,1,39,2240
220,93,31,62,4.8,5182,1,6,3,318,1240
223,94,38,56,4.4,5183,6,6,3,125,3420
592,180,171,9,3.9,5184,9,5,2,243,5130
571,167,163,4,4.4,5185,9,3,2,133,4890
349,106,46,60,3.2,5186,8,2,1,348,1150
339,117,71,46,3.2,5187,4,4,2,268,1065
401,131,84,47,5.0,5188,7,6,3,135,5880
305,113,53,60,3.8,5189,1,5,3,183,2120
347,111,51,60,4.5,5190,9,5,1,362,1530
225,93,28,65,4.8,5191,10,4,1,115,700
492,160,147,13,3.7,5192,3,3,1,279,8820
353,134,98,36,4.0,5193,9,2,3,287,2940
168,81,25,56,4.6,5194,6,6,1,48,2250
413,134,93,41,3.2,5195,10,3,1,132,2325
463,138,95,43,3.4,5196,4,4,1,141,1425
564,160,137,23,3.3,5197,4,5,2,131,2055
192,86,23,63,3.2,5198,3,5,2,129,1380
510,157,136,21,4.7,5199,2,4,2,247,4760
413,143,109,34,3.2,5200,8,2,1,10,2725
438,160,136,24,3.3,5201,8,4,3,3,3400
296,103,43,60,4.3,5202,2,4,2,149,1505
506,133,86,47,3.4,5203,6,2,1,132,7740
573,179,179,0,3.9,5204,5,3,2,211,3580
367,136,92,44,3.9,5205,1,4,2,200,3680
534,139,108,31,3.1,5206,8,2,2,34,2700
410,139,107,32,4.1,5207,3,1,2,52,6420
478,144,110,34,4.6,5208,5,3,1,185,2200
246,92,31,61,3.4,5209,3,3,2,243,1860
218,91,37,54,4.0,5210,8,1,2,115,925
383,125,75,50,3.1,5211,10,4,1,74,1875
419,121,67,54,4.1,5212,9,1,2,17,2010
514,154,132,22,4.7,5213,3,1,1,89,7920
427,125,82,43,3.0,5214,10,3,2,153,2050
319,118,67,51,4.6,5215,10,6,3,242,1675
178,92,28,64,4.1,5216,10,1,3,335,700
226,93,40,53,3.8,5217,1,4,1,77,1600
453,148,119,29,4.3,5218,10,4,2,131,2975
416,124,74,50,4.5,5219,5,3,2,315,1480
316,119,66,53,5.0,5220,2,3,1,262,2310
208,95,31,64,3.5,5221,5,3,1,250,620
194,93,34,59,4.0,5222,1,3,3,326,1360
495,163,147,16,3.6,5223,4,5,1,14,2205
497,157,137,20,4.3,5224,10,1,2,358,3425
172,78,12,66,3.2,5225,1,6,1,286,480
568,167,158,9,3.4,5226,9,4,1,138,4740
315,111,62,49,4.2,5227,10,3,3,248,1550
377,130,78,52,3.0,5228,4,2,2,145,1170
413,144,108,36,3.3,5229,7,3,2,30,7560
598,181,181,0,4.3,5230,6,3,3,123,16290
251,99,34,65,4.2,5231,9,5,3,364,1020
182,91,29,62,3.4,5232,7,2,2,104,2030
371,138,102,36,4.0,5233,3,4,3,32,6120
519,165,159,6,3.7,5234,6,5,1,228,14310
255,97,43,54,4.3,5235,1,6,3,324,1720
281,114,55,59,4.3,5236,5,5,2,95,1100
594,189,186,3,3.2,5237,8,6,2,38,4650
168,89,29,60,4.8,5238,2,4,2,7,1015
576,164,156,8,4.7,5239,10,3,2,279,3900
534,180,176,4,3.8,5240,5,5,3,295,3520
550,148,116,32,4.5,5241,3,6,2,221,6960
516,146,114,32,4.5,5242,7,5,2,161,7980
313,119,69,50,4.5,5243,3,6,3,65,4140
240,100,39,61,4.6,5244,10,6,2,106,975
533,157,135,22,3.2,5245,4,6,3,149,2025
254,104,42,62,3.2,5246,2,3,2,54,1470
590,178,173,5,3.5,5247,8,4,3,274,4325
313,110,53,57,3.4,5248,2,5,1,317,1855
252,104,41,63,4.6,5249,4,1,1,124,615
349,127,80,47,4.7,5250,5,1,3,82,1600
596,150,127,23,4.3,5251,1,1,2,153,5080
533,160,141,19,4.9,5252,10,6,2,357,3525
541,161,146,15,3.8,5253,8,3,2,355,3650
321,122,74,48,4.4,5254,1,4,3,73,2960
243,106,52,54,4.9,5255,5,3,3,311,1040
243,96,32,64,4.1,5256,9,1,3,264,960
258,101,39,62,3.9,5257,5,5,2,361,780
230,100,43,57,4.7,5258,1,2,3,225,1720
405,136,100,36,4.2,5259,7,1,1,344,7000
238,89,32,57,3.7,5260,6,3,2,330,2880
373,120,71,49,3.3,5261,10,3,1,279,1775
335,118,69,49,3.1,5262,7,5,2,256,4830
551,171,168,3,4.6,5263,1,6,1,139,6720
558,180,179,1,4.7,5264,3,5,2,266,10740
203,88,30,58,4.3,5265,10,1,2,255,750
360,140,103,37,3.5,5266,8,3,3,50,2575
314,117,65,52,3.5,5267,7,5,2,76,4550
330,116,56,60,4.9,5268,9,6,1,15,1680
528,178,178,0,4.4,5269,4,4,3,193,2670
313,103,47,56,4.8,5270,1,6,1,229,1880
399,138,97,41,3.5,5271,4,3,2,289,1455
258,99,46,53,3.8,5272,2,4,1,16,1610
540,189,183,6,3.6,5273,4,1,3,39,2745
530,188,182,6,4.9,5274,6,3,3,228,16380
556,178,171,7,4.0,5275,8,3,1,48,4275
150,79,16,63,4.1,5276,7,2,1,316,1120
297,112,53,59,3.2,5277,3,1,3,1,3180
474,143,114,29,3.8,5278,7,5,1,140,7980
368,126,81,45,4.0,5279,2,2,3,183,2835
158,86,29,57,4.1,5280,4,3,3,32,435
518,164,147,17,4.2,5281,10,5,3,95,3675
329,123,75,48,4.5,5282,9,3,2,34,2250
485,133,84,49,4.6,5283,7,4,2,267,5880
284,97,37,60,3.5,5284,6,4,2,276,3330
323,122,72,50,3.6,5285,8,4,3,33,1800
190,88,29,59,3.9,5286,8,2,2,95,725
552,191,191,0,4.1,5287,5,6,3,36,3820
341,117,59,58,4.6,5288,7,1,3,56,4130
180,83,22,61,4.5,5289,1,1,2,42,880
314,107,49,58,4.5,5290,4,3,1,95,735
291,103,41,62,4.7,5291,3,1,2,330,2460
246,94,28,66,4.5,5292,8,6,1,91,700
253,114,58,56,4.2,5293,3,1,3,29,3480
493,163,155,8,3.3,5294,2,6,3,240,5425
454,141,106,35,4.0,5295,5,1,2,198,2120
408,150,127,23,4.0,5296,10,6,3,253,3175
276,111,58,53,4.3,5297,4,5,3,210,870
594,164,154,10,4.0,5298,3,4,2,165,9240
564,197,197,0,4.8,5299,9,4,3,314,5910
292,107,45,62,4.2,5300,6,1,2,106,4050
501,166,158,8,3.5,5301,1,2,2,86,6320
357,120,64,56,3.7,5302,8,1,2,75,1600
320,118,70,48,3.7,5303,1,3,1,149,2800
384,118,67,51,4.7,5304,5,4,1,97,1340
560,164,155,9,4.8,5305,6,3,1,84,13950
409,126,77,49,4.4,5306,1,3,3,245,3080
562,149,119,30,3.7,5307,9,5,2,270,3570
373,144,108,36,3.1,5308,8,6,3,300,2700
328,124,74,50,4.2,5309,1,2,2,128,2960
549,152,127,25,3.5,5310,5,2,1,125,2540
397,121,72,49,4.8,5311,8,3,1,74,1800
297,105,44,61,3.9,5312,5,6,1,184,880
595,171,171,0,4.9,5313,1,1,1,193,6840
167,85,27,58,3.4,5314,3,4,2,116,1620
366,114,60,54,3.9,5315,5,1,2,109,1200
354,126,76,50,4.1,5316,1,4,3,242,3040
298,105,52,53,4.5,5317,7,2,1,125,3640
487,177,172,5,3.1,5318,10,5,3,302,4300
483,129,84,45,4.8,5319,9,6,2,45,2520
227,95,33,62,4.5,5320,10,5,2,264,825
173,80,15,65,3.0,5321,8,6,2,240,375
180,87,21,66,3.8,5322,7,4,1,112,1470
369,112,60,52,3.7,5323,5,6,2,79,1200
268,100,39,61,3.9,5324,5,3,3,102,780
171,86,24,62,3.1,5325,1,5,3,365,960
220,86,32,54,4.8,5326,2,5,2,212,1120
483,150,119,31,4.2,5327,1,4,2,94,4760
528,185,179,6,4.6,5328,7,6,3,43,12530
261,101,49,52,3.3,5329,9,4,1,185,1470
530,150,127,23,3.4,5330,9,5,3,121,3810
596,158,142,16,4.3,5331,6,6,1,310,12780
355,125,70,55,4.5,5332,4,6,2,276,1050
258,103,52,51,4.8,5333,7,6,3,301,3640
403,140,97,43,3.6,5334,4,6,2,78,1455
206,84,27,57,4.0,5335,4,3,2,38,405
404,142,106,36,4.9,5336,5,2,1,125,2120
159,80,15,65,4.4,5337,3,5,1,12,900
177,82,20,62,4.9,5338,7,5,1,78,1400
374,115,59,56,3.4,5339,7,2,1,149,4130
356,118,71,47,4.7,5340,10,3,1,194,1775
555,174,170,4,3.1,5341,10,3,3,250,4250
481,132,85,47,4.3,5342,2,3,2,323,2975
198,100,37,63,3.8,5343,10,1,3,278,925
379,130,91,39,3.5,5344,6,5,3,166,8190
370,146,117,29,4.3,5345,8,4,3,273,2925
555,170,163,7,3.5,5346,2,4,1,39,5705
558,179,179,0,3.9,5347,2,2,2,111,6265
409,130,88,42,3.4,5348,2,4,3,285,3080
276,114,64,50,3.3,5349,10,3,1,260,1600
151,81,25,56,3.2,5350,4,3,3,141,375
151,86,22,64,3.7,5351,6,5,3,139,1980
330,105,44,61,3.3,5352,7,4,1,87,3080
575,166,150,16,4.7,5353,8,2,2,136,3750
581,170,161,9,4.7,5354,5,5,3,160,3220
593,161,144,17,4.8,5355,8,4,3,176,3600
411,138,99,39,3.3,5356,1,1,2,154,3960
246,90,34,56,3.4,5357,4,5,1,24,510
421,123,74,49,3.3,5358,10,2,1,299,1850
599,167,162,5,3.9,5359,8,1,1,230,4050
321,124,81,43,3.6,5360,2,6,3,352,2835
477,154,132,22,4.4,5361,10,3,2,149,3300
460,163,145,18,3.8,5362,6,6,3,90,13050
230,94,32,62,4.4,5363,10,3,2,243,800
267,111,59,52,4.0,5364,7,4,1,152,4130
188,93,38,55,4.6,5365,3,1,1,198,2280
455,143,102,41,4.8,5366,10,5,3,17,2550
263,94,33,61,4.6,5367,9,2,2,245,990
412,129,80,49,4.1,5368,5,2,2,131,1600
366,133,96,37,4.2,5369,3,2,1,15,5760
479,130,83,47,3.6,5370,2,1,2,221,2905
397,125,73,52,3.5,5371,2,6,1,302,2555
561,183,183,0,3.9,5372,2,2,3,175,6405
270,107,48,59,3.8,5373,8,3,3,221,1200
564,192,190,2,4.1,5374,8,5,3,222,4750
322,123,73,50,4.9,5375,8,2,1,152,1825
172,78,20,58,3.6,5376,7,1,1,28,1400
582,199,190,9,3.8,5377,10,3,3,171,4750
182,88,23,65,4.7,5378,9,5,2,174,690
364,135,90,45,3.8,5379,4,1,2,14,1350
564,160,136,24,3.9,5380,9,6,3,5,4080
177,84,22,62,4.5,5381,3,3,3,115,1320
466,126,72,54,3.7,5382,3,2,1,187,4320
353,116,58,58,5.0,5383,8,5,3,131,1450
412,146,118,28,4.1,5384,6,4,3,350,10620
182,85,27,58,3.2,5385,8,2,2,18,675
455,128,82,46,4.3,5386,8,2,1,284,2050
169,89,35,54,4.4,5387,6,5,3,123,3150
400,122,66,56,4.0,5388,6,4,2,78,5940
457,154,123,31,4.0,5389,7,4,3,341,8610
527,144,109,35,5.0,5390,8,4,2,253,2725
581,187,187,0,3.7,5391,10,4,1,281,4675
428,141,98,43,4.7,5392,7,5,3,124,6860
166,86,20,66,3.9,5393,10,6,2,97,500
556,181,181,0,4.0,5394,5,5,1,192,3620
271,107,53,54,3.8,5395,3,5,1,87,3180
192,81,24,57,4.4,5396,1,4,1,303,960
153,90,35,55,4.9,5397,8,1,3,85,875
256,105,43,62,4.5,5398,2,5,2,82,1505
209,88,30,58,4.9,5399,3,1,1,179,1800
182,89,23,66,4.2,5400,1,1,1,210,920
388,124,80,44,3.2,5401,7,3,3,108,5600
335,119,72,47,3.0,5402,2,2,2,131,2520
558,161,144,17,5.0,5403,10,5,3,43,3600
194,84,20,64,3.5,5404,7,4,2,8,1400
226,100,43,57,4.6,5405,1,6,2,211,1720
177,87,27,60,3.0,5406,5,4,3,207,540
248,98,37,61,3.2,5407,8,4,2,296,925
338,117,61,56,3.3,5408,1,1,2,272,2440
466,131,81,50,3.6,5409,2,4,2,92,2835
510,148,122,26,4.1,5410,2,6,2,142,4270
204,84,22,62,3.3,5411,10,1,1,180,550
299,120,67,53,4.9,5412,8,3,1,225,1675
494,133,94,39,3.9,5413,5,5,1,143,1880
150,78,18,60,3.6,5414,2,3,1,30,630
427,143,101,42,3.4,5415,1,4,2,304,4040
402,129,82,47,3.2,5416,5,1,1,4,1640
203,89,31,58,3.4,5417,5,6,1,155,620
473,143,101,42,4.9,5418,9,6,2,295,3030
344,121,63,58,3.1,5419,2,4,3,304,2205
298,114,64,50,4.8,5420,7,5,2,60,4480
586,150,128,22,3.6,5421,8,1,2,95,3200
305,118,63,55,4.8,5422,8,6,2,218,1575
487,146,119,27,4.1,5423,6,4,3,288,10710
479,132,82,50,4.6,5424,1,4,1,80,3280
354,121,73,48,4.6,5425,6,2,2,14,6570
464,135,97,38,3.8,5426,7,2,2,28,6790
582,163,147,16,3.4,5427,5,4,1,59,2940
535,137,90,47,4.6,5428,4,4,1,195,1350
199,94,38,56,3.2,5429,5,6,3,34,760
478,150,127,23,4.4,5430,6,1,2,277,11430
584,172,171,1,3.9,5431,2,6,2,337,5985
381,113,60,53,4.6,5432,7,3,2,71,4200
290,110,52,58,4.3,5433,1,5,1,255,2080
273,115,60,55,5.0,5434,10,5,3,120,1500
277,95,39,56,3.9,5435,10,4,2,181,975
578,172,172,0,4.4,5436,7,2,1,160,12040
152,80,15,65,4.8,5437,6,6,1,59,1350
468,135,87,48,4.5,5438,7,4,2,93,6090
160,76,16,60,4.0,5439,2,4,1,251,560
184,86,21,65,3.8,5440,9,3,1,25,630
255,96,37,59,4.9,5441,4,6,1,214,555
327,123,77,46,4.4,5442,2,1,1,215,2695
528,169,164,5,5.0,5443,8,1,3,117,4100
407,139,96,43,4.9,5444,4,2,1,365,1440
320,131,81,50,4.6,5445,2,6,3,231,2835
191,86,27,59,3.3,5446,3,5,1,40,1620
415,121,65,56,4.4,5447,3,4,2,99,3900
197,93,34,59,4.3,5448,6,5,1,88,3060
253,95,36,59,4.7,5449,8,4,1,92,900
519,158,133,25,3.1,5450,6,2,1,107,11970
283,109,54,55,3.1,5451,10,5,1,321,1350
223,102,47,55,3.7,5452,6,1,2,147,4230
265,110,56,54,3.7,5453,7,6,1,170,3920
401,127,83,44,4.6,5454,9,1,2,186,2490
449,127,82,45,4.4,5455,10,4,1,120,2050
215,91,30,61,3.2,5456,5,6,3,28,600
272,95,29,66,4.0,5457,5,6,2,111,580
241,112,55,57,4.9,5458,1,4,3,332,2200
237,103,40,63,3.4,5459,5,2,2,344,800
397,140,109,31,4.6,5460,9,5,1,351,3270
305,105,41,64,5.0,5461,2,2,2,323,1435
415,136,90,46,3.5,5462,10,5,2,362,2250
245,107,52,55,3.0,5463,9,5,3,320,1560
184,88,23,65,4.9,5464,10,1,1,47,575
515,167,154,13,3.9,5465,6,6,3,346,13860
529,139,106,33,3.4,5466,10,2,2,132,2650
444,127,87,40,3.7,5467,6,4,2,146,7830
588,146,110,36,4.8,5468,10,1,1,19,2750
415,145,114,31,4.4,5469,9,2,2,196,3420
164,83,28,55,3.5,5470,9,6,1,242,840
523,154,132,22,5.0,5471,8,3,1,196,3300
398,131,81,50,5.0,5472,9,3,3,232,2430
314,126,78,48,4.5,5473,5,2,3,126,1560
498,167,161,6,4.4,5474,4,1,3,102,2415
201,93,38,55,3.2,5475,5,6,1,238,760
322,102,41,61,4.0,5476,7,6,2,273,2870
500,149,122,27,3.2,5477,6,2,1,172,10980
398,115,56,59,4.6,5478,3,6,1,68,3360
157,81,15,66,4.0,5479,1,4,1,317,600
574,199,194,5,3.3,5480,8,4,3,360,4850
394,124,81,43,4.8,5481,6,2,2,136,7290
577,172,166,6,3.8,5482,7,2,3,146,11620
216,101,47,54,4.5,5483,5,5,2,143,940
430,157,135,22,4.4,5484,10,6,3,94,3375
425,146,120,26,4.9,5485,1,5,3,233,4800
372,147,120,27,4.4,5486,7,4,3,225,8400
284,96,35,61,3.5,5487,10,1,1,203,875
339,124,80,44,5.0,5488,5,3,3,117,1600
174,86,32,54,3.6,5489,8,5,2,37,800
168,80,18,62,4.7,5490,3,2,2,47,1080
328,121,70,51,3.0,5491,1,6,3,262,2800
371,134,85,49,5.0,5492,6,4,3,24,7650
169,86,24,62,4.7,5493,6,5,1,239,2160
347,114,61,53,4.6,5494,10,6,2,287,1525
358,134,93,41,4.2,5495,7,5,1,66,6510
367,131,79,52,3.2,5496,4,5,3,222,1185
506,160,137,23,5.0,5497,1,4,2,51,5480
555,147,119,28,3.7,5498,5,4,1,320,2380
338,120,66,54,3.5,5499,5,3,2,184,1320
594,157,140,17,3.9,5500,10,5,1,148,3500
588,198,198,0,4.5,5501,10,3,3,191,4950
503,158,132,26,4.2,5502,1,2,2,103,5280
233,110,49,61,3.8,5503,1,4,3,341,1960
344,121,76,45,4.9,5504,6,3,3,138,6840
278,96,41,55,4.1,5505,8,3,2,214,1025
593,184,184,0,3.3,5506,5,2,2,213,3680
542,169,164,5,4.5,5507,6,1,2,267,14760
517,171,170,1,5.0,5508,5,4,2,264,3400
488,141,110,31,4.7,5509,2,4,1,67,3850
557,181,176,5,4.1,5510,3,6,3,138,10560
159,88,29,59,3.8,5511,9,3,3,154,870
364,134,92,42,4.1,5512,10,4,2,313,2300
588,150,116,34,4.7,5513,6,5,1,196,10440
214,89,29,60,4.6,5514,4,3,1,128,435
535,173,173,0,3.4,5515,4,2,3,89,2595
579,158,142,16,4.3,5516,4,1,1,8,2130
372,134,98,36,3.0,5517,10,3,1,271,2450
313,109,51,58,4.7,5518,10,6,3,26,1275
557,160,146,14,3.6,5519,3,3,2,139,8760
396,125,82,43,3.9,5520,10,5,3,132,2050
336,122,70,52,3.7,5521,8,6,1,200,1750
294,115,60,55,3.3,5522,2,5,3,87,2100
401,143,109,34,3.5,5523,3,4,2,61,6540
513,148,124,24,4.9,5524,7,3,2,340,8680
273,121,63,58,4.4,5525,3,4,3,334,3780
324,119,62,57,3.9,5526,2,2,1,43,2170
470,143,110,33,3.7,5527,9,6,1,91,3300
180,90,37,53,3.3,5528,10,3,2,144,925
161,91,37,54,4.2,5529,4,5,3,34,555
548,167,155,12,3.5,5530,8,4,2,305,3875
571,172,163,9,3.1,5531,2,1,2,141,5705
560,155,133,22,4.0,5532,4,5,2,324,1995
281,106,48,58,5.0,5533,9,5,2,200,1440
207,98,38,60,4.2,5534,2,1,1,358,1330
561,166,155,11,3.1,5535,10,5,2,339,3875
328,116,63,53,4.2,5536,5,4,2,161,1260
394,114,54,60,3.4,5537,1,6,1,222,2160
159,87,27,60,3.6,5538,2,2,2,19,945
590,194,189,5,4.2,5539,2,6,3,307,6615
196,91,35,56,3.7,5540,1,3,2,28,1400
210,93,31,62,3.8,5541,5,6,2,54,620
184,87,30,57,4.8,5542,3,2,1,225,1800
452,167,162,5,3.3,5543,7,1,3,225,11340
566,184,184,0,4.9,5544,2,6,1,332,6440
480,133,92,41,4.9,5545,4,3,2,89,1380
495,143,115,28,4.4,5546,9,5,1,140,3450
406,123,78,45,4.0,5547,9,4,1,112,2340
472,152,119,33,4.6,5548,9,1,2,329,3570
554,195,195,0,3.4,5549,10,2,3,307,4875
333,121,65,56,3.8,5550,8,5,3,168,1625
292,112,61,51,4.0,5551,8,3,2,299,1525
352,136,95,41,4.2,5552,8,3,3,41,2375
600,186,178,8,4.6,5553,9,3,2,77,5340
234,102,44,58,4.6,5554,10,3,3,255,1100
176,84,29,55,4.7,5555,5,1,2,227,580
593,160,149,11,4.5,5556,4,3,2,232,2235
398,134,85,49,3.3,5557,7,2,2,103,5950
189,87,21,66,4.1,5558,6,6,1,112,1890
277,104,42,62,3.8,5559,6,6,2,237,3780
299,103,44,59,3.6,5560,5,3,2,95,880
339,121,64,57,4.8,5561,3,2,2,262,3840
339,126,73,53,4.6,5562,6,4,2,257,6570
520,172,172,0,3.9,5563,1,6,1,202,6880
380,138,105,33,4.0,5564,5,4,1,170,2100
203,86,22,64,3.5,5565,8,3,1,195,550
192,95,33,62,4.1,5566,1,2,3,321,1320
573,182,175,7,4.9,5567,5,6,1,279,3500
150,80,20,60,3.7,5568,1,1,3,150,800
356,132,86,46,4.7,5569,4,2,2,220,1290
427,146,120,26,3.9,5570,7,6,1,218,8400
552,153,122,31,4.8,5571,1,5,2,60,4880
442,123,69,54,4.0,5572,5,4,1,55,1380
557,165,153,12,3.1,5573,6,4,1,309,13770
581,165,154,11,3.7,5574,9,4,3,167,4620
308,117,64,53,4.2,5575,8,4,1,217,1600
362,117,62,55,4.8,5576,9,5,2,225,1860
547,171,165,6,4.1,5577,10,1,1,56,4125
338,137,99,38,4.0,5578,1,6,3,360,3960
171,87,31,56,4.1,5579,10,6,3,284,775
288,98,37,61,4.8,5580,6,3,1,264,3330
469,152,126,26,4.6,5581,8,1,2,132,3150
181,90,25,65,3.7,5582,9,3,2,303,750
492,166,151,15,3.8,5583,10,3,1,6,3775
172,81,21,60,4.5,5584,10,1,2,290,525
300,108,51,57,4.3,5585,5,2,2,131,1020
172,93,30,63,3.9,5586,1,1,3,262,1200
493,156,139,17,3.2,5587,8,5,3,48,3475
212,94,28,66,4.6,5588,6,1,3,158,2520
502,160,136,24,4.4,5589,5,4,1,89,2720
379,116,60,56,4.9,5590,1,4,1,46,2400
202,101,43,58,4.6,5591,4,3,3,121,645
217,100,37,63,4.6,5592,10,6,3,89,925
303,105,41,64,4.9,5593,3,6,2,266,2460
335,128,86,42,3.7,5594,5,5,1,328,1720
250,107,48,59,4.6,5595,3,4,2,235,2880
202,88,30,58,4.6,5596,2,2,2,82,1050
471,129,87,42,4.5,5597,10,1,2,112,2175
181,89,34,55,3.0,5598,8,6,3,223,850
226,100,35,65,4.6,5599,1,4,2,224,1400
517,161,146,15,3.1,5600,8,5,2,27,3650
330,119,67,52,3.9,5601,2,6,3,116,2345
511,170,165,5,4.8,5602,4,1,1,205,2475
597,164,144,20,3.3,5603,4,6,2,243,2160
412,145,117,28,3.1,5604,4,1,1,160,1755
597,149,121,28,5.0,5605,7,4,1,127,8470
287,115,62,53,4.6,5606,2,5,3,67,2170
199,91,29,62,4.8,5607,10,6,2,155,725
373,125,78,47,3.6,5608,1,4,1,106,3120
268,99,33,66,3.5,5609,2,2,2,77,1155
150,84,24,60,3.6,5610,4,3,2,190,360
340,112,58,54,4.8,5611,10,6,1,267,1450
532,138,99,39,3.0,5612,7,6,2,81,6930
445,150,121,29,3.5,5613,9,2,2,120,3630
501,166,161,5,3.1,5614,1,5,1,172,6440
317,108,48,60,4.8,5615,9,4,2,231,1440
294,104,46,58,3.3,5616,9,5,1,280,1380
551,146,112,34,3.4,5617,7,5,2,232,7840
424,139,99,40,4.8,5618,8,1,3,239,2475
230,88,34,54,3.9,5619,7,4,1,93,2380
156,80,27,53,4.2,5620,7,3,3,53,1890
475,145,110,35,4.5,5621,9,1,1,220,3300
161,82,26,56,4.9,5622,8,6,1,140,650
184,87,34,53,3.4,5623,7,4,2,191,2380
508,175,172,3,4.1,5624,4,6,3,286,2580
265,116,59,57,3.1,5625,10,3,3,108,1475
241,95,29,66,3.7,5626,7,2,2,188,2030
374,128,88,40,4.7,5627,1,2,3,70,3520
462,141,103,38,4.1,5628,3,1,3,283,6180
370,134,91,43,3.6,5629,3,4,2,72,5460
193,99,38,61,4.4,5630,3,3,3,126,2280
365,128,87,41,4.1,5631,7,6,3,47,6090
345,126,73,53,4.1,5632,6,6,1,59,6570
395,121,74,47,4.5,5633,2,1,2,299,2590
293,102,41,61,4.4,5634,1,2,1,63,1640
203,83,18,65,3.6,5635,3,3,2,315,1080
403,115,67,48,3.6,5636,8,5,2,54,1675
369,132,93,39,4.0,5637,4,3,3,2,1395
527,161,149,12,4.0,5638,1,5,3,286,5960
361,127,80,47,3.4,5639,3,6,3,135,4800
225,101,36,65,4.1,5640,9,2,2,31,1080
558,153,128,25,3.1,5641,2,6,1,305,4480
200,89,23,66,4.1,5642,7,3,3,38,1610
579,164,154,10,3.3,5643,4,5,2,7,2310
600,148,117,31,4.6,5644,5,4,2,155,2340
182,87,25,62,4.5,5645,9,5,2,179,750
428,142,107,35,4.9,5646,8,3,3,69,2675
496,136,93,43,3.2,5647,5,1,2,14,1860
459,132,81,51,4.1,5648,10,1,2,54,2025
436,141,110,31,3.7,5649,6,6,1,18,9900
383,148,124,24,4.9,5650,9,6,3,268,3720
280,106,54,52,3.9,5651,3,4,1,151,3240
180,82,26,56,5.0,5652,4,2,1,39,390
510,144,108,36,4.8,5653,4,4,1,186,1620
475,135,86,49,4.1,5654,10,3,2,306,2150
377,137,100,37,4.6,5655,3,6,1,289,6000
204,94,41,53,4.1,5656,10,5,1,189,1025
191,88,31,57,3.2,5657,6,4,1,337,2790
252,96,32,64,4.9,5658,10,6,2,326,800
348,127,83,44,3.6,5659,7,5,3,342,5810
577,186,179,7,3.9,5660,3,5,1,290,10740
394,127,82,45,3.6,5661,2,4,3,197,2870
290,109,47,62,4.5,5662,9,3,3,79,1410
300,109,55,54,4.2,5663,10,4,3,43,1375
581,171,166,5,4.8,5664,7,4,2,235,11620
284,111,51,60,4.2,5665,8,4,3,249,1275
387,141,104,37,3.9,5666,1,2,2,274,4160
491,141,110,31,3.5,5667,4,2,1,218,1650
374,126,82,44,4.1,5668,8,6,2,244,2050
219,87,26,61,4.3,5669,2,5,1,361,910
528,171,166,5,5.0,5670,9,1,3,290,4980
355,114,62,52,3.1,5671,7,4,1,323,4340
483,158,141,17,3.3,5672,10,5,1,335,3525
470,160,137,23,3.1,5673,3,1,3,192,8220
361,125,70,55,4.2,5674,4,4,1,171,1050
459,124,78,46,3.2,5675,6,2,1,16,7020
596,176,171,5,4.9,5676,2,4,3,322,5985
199,95,31,64,4.3,5677,1,4,1,180,1240
591,181,172,9,4.8,5678,6,6,2,343,15480
324,119,74,45,3.4,5679,8,3,1,11,1850
205,89,34,55,4.8,5680,8,4,1,97,850
533,161,148,13,4.3,5681,1,1,1,314,5920
197,82,18,64,3.7,5682,10,5,1,254,450
240,112,63,49,3.5,5683,6,5,3,339,5670
540,151,123,28,4.3,5684,6,3,2,308,11070
248,106,53,53,4.7,5685,7,4,1,252,3710
157,83,22,61,3.4,5686,4,5,1,262,330
325,125,79,46,4.9,5687,10,4,2,78,1975
520,168,156,12,4.9,5688,6,5,1,198,14040
540,170,159,11,3.8,5689,8,2,2,18,3975
160,83,19,64,4.2,5690,3,6,2,191,1140
300,111,61,50,4.4,5691,6,3,3,92,5490
326,115,62,53,4.4,5692,6,3,2,192,5580
301,101,46,55,4.3,5693,1,4,2,87,1840
467,153,133,20,4.5,5694,6,1,2,185,11970
202,89,32,57,4.8,5695,6,6,1,53,2880
166,83,21,62,5.0,5696,1,3,1,111,840
446,124,79,45,3.5,5697,8,6,2,159,1975
214,92,35,57,3.9,5698,9,4,1,122,1050
414,117,68,49,3.7,5699,6,6,1,265,6120
195,85,28,57,5.0,5700,2,4,2,358,980
483,150,120,30,3.6,5701,5,2,3,205,2400
413,143,105,38,3.1,5702,1,5,2,200,4200
462,133,90,43,4.1,5703,7,3,2,211,6300
467,144,115,29,4.5,5704,7,5,3,365,8050
233,101,38,63,3.8,5705,9,2,1,6,1140
487,140,100,40,4.5,5706,5,6,1,313,2000
261,93,27,66,3.7,5707,2,4,2,245,945
468,160,138,22,3.8,5708,1,1,3,62,5520
357,127,86,41,4.5,5709,10,5,1,361,2150
321,102,49,53,4.0,5710,4,1,1,356,735
528,154,133,21,5.0,5711,6,1,1,315,11970
459,141,103,38,3.3,5712,10,3,1,212,2575
451,151,120,31,3.8,5713,2,3,1,259,4200
335,107,53,54,4.6,5714,6,4,2,194,4770
409,146,116,30,3.3,5715,3,4,2,2,6960
530,153,133,20,4.8,5716,8,6,3,232,3325
520,153,126,27,3.9,5717,2,3,3,273,4410
200,93,30,63,4.9,5718,10,4,2,346,750
443,148,114,34,4.3,5719,10,2,2,24,2850
600,196,196,0,3.9,5720,4,5,3,92,2940
222,99,46,53,3.1,5721,1,2,2,160,1840
307,120,75,45,4.0,5722,4,3,2,97,1125
329,126,75,51,4.0,5723,1,2,1,142,3000
248,96,33,63,4.8,5724,4,2,1,259,495
237,99,47,52,4.4,5725,3,3,2,227,2820
495,149,121,28,4.4,5726,6,1,3,147,10890
195,88,26,62,4.5,5727,3,5,3,294,1560
218,92,33,59,4.2,5728,10,6,2,247,825
278,118,72,46,3.2,5729,6,3,3,360,6480
487,164,154,10,4.9,5730,4,4,2,189,2310
474,158,132,26,4.9,5731,8,1,3,259,3300
490,158,135,23,4.3,5732,10,5,3,222,3375
152,75,20,55,3.2,5733,7,3,2,279,1400
195,93,30,63,3.2,5734,7,6,1,229,2100
216,96,31,65,3.5,5735,10,5,3,20,775
189,96,41,55,3.9,5736,4,3,3,226,615
518,162,143,19,3.5,5737,5,1,1,207,2860
244,95,35,60,4.4,5738,1,4,1,52,1400
582,174,172,2,4.8,5739,4,3,3,64,2580
395,136,94,42,3.0,5740,10,1,2,156,2350
160,82,16,66,4.2,5741,2,6,3,58,560
210,99,47,52,3.8,5742,8,4,3,177,1175
262,115,67,48,3.0,5743,7,1,3,28,4690
428,160,147,13,4.1,5744,8,6,3,283,3675
446,164,157,7,4.3,5745,8,2,3,117,3925
395,136,90,46,3.8,5746,1,2,3,320,3600
583,159,133,26,3.5,5747,4,1,1,82,1995
477,155,131,24,4.3,5748,2,3,3,342,4585
295,98,42,56,3.8,5749,2,4,2,273,1470
288,114,66,48,3.3,5750,10,3,2,158,1650
159,82,20,62,4.4,5751,3,3,2,152,1200
410,124,71,53,3.9,5752,9,6,2,282,2130
529,188,186,2,5.0,5753,9,4,3,94,5580
156,76,15,61,3.5,5754,3,5,1,154,900
158,85,31,54,4.9,5755,7,2,2,43,2170
522,150,120,30,3.8,5756,8,6,3,227,3000
159,86,22,64,4.9,5757,6,6,1,281,1980
478,155,132,23,4.6,5758,2,2,3,201,4620
493,154,135,19,3.4,5759,6,6,2,106,12150
359,129,85,44,3.2,5760,2,6,3,17,2975
182,86,21,65,4.4,5761,2,1,1,277,735
163,83,21,62,3.9,5762,1,4,2,102,840
284,117,66,51,3.1,5763,2,5,3,329,2310
465,142,109,33,4.8,5764,3,1,2,28,6540
468,141,110,31,4.1,5765,5,6,2,105,2200
406,135,100,35,4.8,5766,2,1,1,82,3500
590,200,197,3,4.7,5767,6,5,3,35,17730
394,138,96,42,3.3,5768,5,1,1,61,1920
175,87,28,59,4.5,5769,10,6,3,99,700
293,103,48,55,4.0,5770,8,6,2,100,1200
509,139,94,45,3.1,5771,2,4,2,153,3290
337,107,48,59,4.2,5772,5,5,1,323,960
545,177,177,0,4.9,5773,8,5,3,9,4425
462,166,152,14,3.4,5774,5,4,3,135,3040
443,122,78,44,4.7,5775,2,2,1,121,2730
284,117,64,53,4.8,5776,3,6,1,27,3840
178,86,33,53,4.4,5777,10,3,2,235,825
270,108,49,59,3.4,5778,8,3,2,14,1225
553,163,153,10,3.0,5779,9,2,3,132,4590
394,146,118,28,4.9,5780,7,4,3,342,8260
429,145,108,37,3.3,5781,2,4,1,219,3780
157,86,23,63,3.2,5782,7,6,3,283,1610
226,89,25,64,3.5,5783,7,6,1,59,1750
441,147,116,31,3.7,5784,3,4,1,192,6960
153,85,23,62,3.0,5785,9,1,1,139,690
588,179,179,0,4.0,5786,6,3,2,363,16110
463,141,108,33,4.1,5787,8,1,2,329,2700
337,126,82,44,3.4,5788,8,3,3,56,2050
161,83,22,61,4.7,5789,10,1,2,332,550
344,115,63,52,3.3,5790,3,2,2,142,3780
223,102,44,58,3.7,5791,4,2,1,150,660
339,121,70,51,4.5,5792,5,2,1,67,1400
574,178,174,4,4.5,5793,5,4,3,327,3480
506,140,103,37,3.2,5794,9,3,2,101,3090
425,135,100,35,4.6,5795,2,1,2,143,3500
244,104,51,53,3.3,5796,9,6,1,43,1530
349,124,74,50,4.7,5797,2,4,2,277,2590
288,106,52,54,3.7,5798,4,4,3,34,780
228,100,47,53,3.8,5799,8,2,1,227,1175
559,145,114,31,3.1,5800,6,5,2,258,10260
172,85,31,54,4.3,5801,4,3,2,168,465
324,125,80,45,4.7,5802,6,2,2,152,7200
465,138,102,36,4.0,5803,8,2,2,270,2550
505,151,128,23,4.0,5804,6,5,1,205,11520
365,126,77,49,3.8,5805,3,6,1,17,4620
240,101,42,59,4.2,5806,4,1,2,43,630
313,116,64,52,4.8,5807,3,2,1,35,3840
418,156,127,29,3.9,5808,1,2,3,56,5080
254,91,37,54,4.9,5809,8,3,2,87,925
482,137,103,34,3.5,5810,9,4,1,53,3090
580,163,154,9,4.4,5811,5,2,1,234,3080
258,113,53,60,4.4,5812,4,6,3,92,795
178,85,23,62,4.4,5813,9,1,2,168,690
441,153,127,26,4.0,5814,10,4,2,275,3175
434,122,73,49,4.7,5815,5,2,1,173,1460
235,106,54,52,4.8,5816,10,6,3,240,1350
347,114,53,61,3.4,5817,8,4,1,273,1325
204,90,25,65,3.9,5818,3,2,2,333,1500
510,164,150,14,4.1,5819,8,2,3,124,3750
422,119,64,55,3.0,5820,5,1,1,96,1280
326,107,49,58,3.2,5821,4,5,1,173,735
444,125,70,55,3.0,5822,1,1,1,170,2800
487,143,108,35,4.7,5823,2,5,3,72,3780
428,121,74,47,3.9,5824,3,6,1,336,4440
585,181,176,5,3.0,5825,1,6,1,10,7040
348,136,89,47,4.9,5826,2,2,3,76,3115
230,93,38,55,4.4,5827,10,5,1,92,950
526,144,106,38,3.7,5828,4,5,1,96,1590
365,145,105,40,3.6,5829,8,5,3,320,2625
211,90,28,62,4.3,5830,4,1,3,48,420
263,93,33,60,3.9,5831,3,6,1,148,1980
300,105,51,54,4.7,5832,8,5,2,106,1275
362,115,55,60,3.4,5833,4,1,2,148,825
335,109,55,54,3.2,5834,9,4,1,227,1650
509,163,146,17,3.2,5835,1,2,2,59,5840
399,117,62,55,3.9,5836,4,1,2,222,930
287,96,43,53,4.6,5837,5,4,2,77,860
543,173,169,4,4.0,5838,6,3,2,115,15210
348,123,67,56,3.2,5839,6,3,2,292,6030
160,78,13,65,3.8,5840,2,2,2,17,455
417,130,78,52,4.7,5841,2,6,1,310,2730
166,82,27,55,4.2,5842,7,4,3,320,1890
392,147,113,34,3.8,5843,10,3,3,40,2825
488,165,158,7,4.2,5844,8,5,2,322,3950
425,154,125,29,3.0,5845,4,3,3,136,1875
398,149,119,30,4.6,5846,9,2,3,99,3570
399,117,62,55,4.6,5847,6,4,1,148,5580
208,98,37,61,3.4,5848,10,3,2,174,925
338,137,91,46,3.1,5849,2,1,3,114,3185
368,118,62,56,4.9,5850,1,3,2,176,2480
565,181,175,6,3.8,5851,8,1,3,109,4375
162,79,13,66,4.3,5852,2,6,1,5,455
490,143,114,29,3.4,5853,4,4,3,93,1710
207,100,35,65,3.3,5854,6,1,3,4,3150
315,105,52,53,3.2,5855,7,2,1,121,3640
429,129,77,52,4.0,5856,8,5,1,363,1925
199,96,38,58,4.2,5857,1,1,2,133,1520
433,134,94,40,3.4,5858,6,2,2,66,8460
466,126,84,42,4.8,5859,4,6,2,54,1260
366,121,65,56,3.3,5860,2,3,1,346,2275
347,136,96,40,3.8,5861,6,4,3,146,8640
345,129,84,45,3.5,5862,7,5,2,142,5880
482,157,142,15,4.9,5863,5,1,1,362,2840
332,125,79,46,4.8,5864,8,1,2,317,1975
154,86,31,55,4.7,5865,5,5,3,165,620
496,156,129,27,3.0,5866,9,5,1,287,3870
539,171,161,10,4.1,5867,9,4,2,198,4830
168,83,20,63,4.6,5868,9,1,2,122,600
157,82,16,66,4.5,5869,3,4,3,145,960
266,93,38,55,3.9,5870,1,3,1,229,1520
453,154,133,21,3.2,5871,4,2,3,294,1995
582,184,175,9,4.2,5872,1,1,3,124,7000
328,112,56,56,4.2,5873,6,3,3,235,5040
411,141,106,35,4.3,5874,3,4,3,93,6360
531,156,136,20,3.6,5875,7,4,1,246,9520
438,145,108,37,3.3,5876,8,1,2,64,2700
285,112,53,59,4.4,5877,8,5,1,294,1325
442,132,88,44,4.5,5878,5,6,2,39,1760
182,83,17,66,4.8,5879,6,6,1,267,1530
226,93,38,55,4.1,5880,3,3,2,241,2280
167,84,25,59,4.6,5881,4,1,2,212,375
245,103,46,57,3.5,5882,6,5,2,57,4140
277,96,31,65,4.1,5883,10,6,1,7,775
188,92,33,59,4.4,5884,6,5,1,225,2970
223,87,31,56,5.0,5885,9,1,2,139,930
162,83,25,58,4.0,5886,8,1,3,64,625
309,119,65,54,4.9,5887,7,5,2,297,4550
249,111,57,54,4.1,5888,10,2,3,83,1425
356,124,69,55,3.0,5889,4,5,1,328,1035
287,97,35,62,4.1,5890,2,2,2,208,1225
526,163,148,15,3.0,5891,9,5,3,338,4440
185,90,34,56,3.3,5892,6,6,1,18,3060
434,145,112,33,3.4,5893,8,6,3,350,2800
565,165,159,6,3.9,5894,1,3,3,220,6360
438,138,95,43,3.9,5895,6,2,1,356,8550
527,147,109,38,4.3,5896,2,2,1,237,3815
553,151,118,33,4.3,5897,9,6,2,99,3540
361,137,93,44,4.1,5898,10,1,3,341,2325
254,103,50,53,3.3,5899,5,5,2,29,1000
202,88,24,64,4.3,5900,9,6,2,234,720
423,158,133,25,3.4,5901,9,2,3,213,3990
176,81,19,62,3.1,5902,4,6,1,234,285
356,121,68,53,4.2,5903,10,2,2,288,1700
361,132,82,50,3.0,5904,8,3,3,79,2050
450,139,95,44,3.3,5905,3,5,1,331,5700
377,128,83,45,3.7,5906,3,6,2,53,4980
537,176,176,0,3.4,5907,3,2,2,39,10560
199,90,27,63,4.2,5908,9,4,2,125,810
414,135,98,37,3.3,5909,2,6,3,246,3430
566,146,117,29,3.2,5910,6,3,1,95,10530
268,103,39,64,3.1,5911,8,5,2,89,975
401,133,84,49,4.7,5912,4,2,3,90,1260
300,121,76,45,3.3,5913,6,1,1,12,6840
215,89,28,61,3.8,5914,4,4,1,12,420
481,165,154,11,4.9,5915,9,3,3,238,4620
358,143,104,39,4.2,5916,10,5,3,130,2600
477,142,108,34,4.7,5917,7,2,2,155,7560
545,155,131,24,4.2,5918,7,4,3,265,9170
362,127,80,47,4.5,5919,3,1,2,287,4800
590,176,172,4,4.0,5920,5,3,3,116,3440
418,139,98,41,4.9,5921,10,1,2,324,2450
187,86,24,62,4.1,5922,4,6,1,214,360
538,138,95,43,3.5,5923,3,3,1,33,5700
329,119,62,57,3.2,5924,8,4,1,264,1550
466,157,142,15,3.2,5925,8,1,2,193,3550
519,164,153,11,3.6,5926,10,1,1,99,3825
305,105,51,54,3.3,5927,1,5,2,277,2040
412,126,85,41,3.2,5928,1,3,2,54,3400
464,168,154,14,4.7,5929,5,3,3,315,3080
554,149,122,27,3.6,5930,2,2,1,154,4270
556,147,110,37,3.1,5931,10,4,2,263,2750
336,124,77,47,3.8,5932,10,4,3,27,1925
186,89,35,54,3.0,5933,9,5,1,39,1050
596,183,182,1,4.4,5934,1,4,3,178,7280
442,147,120,27,3.9,5935,1,1,1,350,4800
599,176,170,6,5.0,5936,4,6,1,65,2550
160,83,28,55,3.7,5937,4,6,3,143,420
196,91,27,64,4.5,5938,2,6,3,309,945
318,121,69,52,3.5,5939,10,4,2,161,1725
247,104,44,60,3.4,5940,9,1,3,124,1320
566,167,161,6,4.9,5941,8,3,2,315,4025
521,167,164,3,3.6,5942,4,2,3,23,2460
205,86,22,64,4.9,5943,6,1,1,289,1980
320,129,82,47,3.2,5944,6,2,3,255,7380
463,130,89,41,4.8,5945,10,2,1,358,2225
481,138,94,44,4.4,5946,2,3,1,85,3290
585,159,141,18,4.2,5947,6,3,1,248,12690
393,125,82,43,4.7,5948,1,5,1,47,3280
277,115,61,54,3.7,5949,8,5,3,184,1525
507,136,101,35,3.1,5950,10,5,1,255,2525
398,143,108,35,4.2,5951,4,4,1,28,1620
530,146,117,29,3.8,5952,3,2,2,187,7020
451,145,117,28,3.9,5953,5,4,3,361,2340
578,158,142,16,3.0,5954,1,3,1,231,5680
502,139,105,34,4.1,5955,2,4,2,69,3675
356,133,86,47,4.4,5956,10,3,2,205,2150
542,185,185,0,5.0,5957,6,3,3,161,16650
415,124,70,54,5.0,5958,1,4,2,322,2800
504,153,133,20,4.4,5959,9,5,1,177,3990
177,93,31,62,3.9,5960,2,3,3,183,1085
381,130,83,47,4.5,5961,1,5,3,198,3320
182,83,29,54,4.3,5962,4,5,2,193,435
178,96,43,53,4.2,5963,6,4,3,78,3870
345,117,60,57,5.0,5964,6,2,1,54,5400
361,126,72,54,4.1,5965,7,6,1,305,5040
403,125,81,44,3.9,5966,9,4,3,208,2430
444,150,124,26,4.3,5967,3,6,1,305,7440
578,188,183,5,4.5,5968,10,3,3,257,4575
540,140,102,38,3.4,5969,5,4,1,185,2040
526,138,95,43,4.6,5970,10,3,2,29,2375
555,164,147,17,3.3,5971,3,6,3,12,8820
500,142,109,33,3.5,5972,6,3,1,204,9810
440,133,88,45,3.4,5973,6,4,3,241,7920
568,168,156,12,3.2,5974,3,4,3,177,9360
174,93,38,55,3.4,5975,8,6,3,68,950
280,106,43,63,4.6,5976,3,6,2,18,2580
331,111,53,58,4.3,5977,1,5,1,23,2120
466,127,74,53,4.2,5978,4,1,2,179,1110
552,173,164,9,4.9,5979,5,1,1,361,3280
317,125,72,53,3.9,5980,10,3,3,122,1800
483,156,139,17,4.9,5981,5,5,3,22,2780
561,151,122,29,3.9,5982,3,2,2,25,7320
160,83,21,62,3.9,5983,8,5,3,316,525
594,185,185,0,4.7,5984,4,6,1,205,2775
294,102,45,57,3.6,5985,4,2,1,8,675
275,107,49,58,4.7,5986,10,6,2,117,1225
339,120,73,47,3.1,5987,4,3,3,21,1095
539,167,157,10,3.9,5988,3,3,1,111,9420
304,108,54,54,4.9,5989,6,6,3,141,4860
511,167,161,6,3.4,5990,8,6,2,353,4025
598,184,180,4,4.3,5991,7,3,1,43,12600
492,148,119,29,3.2,5992,9,1,1,136,3570
514,166,152,14,4.5,5993,6,4,2,180,13680
494,148,123,25,3.6,5994,10,1,1,258,3075
220,86,25,61,4.3,5995,9,3,2,226,750
514,151,123,28,4.2,5996,4,1,3,11,1845
205,95,36,59,3.4,5997,4,5,2,7,540
272,96,38,58,3.5,5998,7,2,1,143,2660
550,176,176,0,3.3,5999,2,4,1,308,6160
280,96,32,64,4.6,6000,7,6,2,124,2240
331,117,61,56,3.0,6001,2,5,1,271,2135
447,130,82,48,4.3,6002,3,2,2,223,4920
531,171,162,9,3.1,6003,8,6,1,326,4050
543,167,162,5,5.0,6004,7,3,2,284,11340
460,138,97,41,4.5,6005,6,4,2,127,8730
577,169,169,0,3.6,6006,3,2,2,84,10140
499,167,159,8,4.0,6007,2,1,1,24,5565
421,139,103,36,3.7,6008,10,2,2,228,2575
274,105,41,64,4.4,6009,9,3,2,107,1230
437,141,107,34,4.7,6010,2,4,2,24,3745
356,130,90,40,3.6,6011,6,6,2,269,8100
497,154,123,31,4.8,6012,7,3,1,135,8610
423,140,103,37,4.6,6013,5,3,3,86,2060
595,148,116,32,4.8,6014,9,2,2,82,3480
279,113,56,57,3.4,6015,1,1,1,249,2240
572,163,150,13,3.4,6016,4,4,2,67,2250
302,117,70,47,3.5,6017,8,3,1,263,1750
475,141,106,35,4.3,6018,3,5,3,267,6360
184,90,36,54,3.8,6019,5,2,1,334,720
526,172,168,4,3.2,6020,5,4,2,107,3360
489,159,134,25,4.0,6021,4,4,3,313,2010
243,97,33,64,5.0,6022,7,4,1,274,2310
276,95,29,66,3.2,6023,9,2,1,147,870
263,99,43,56,4.9,6024,9,2,1,149,1290
185,96,41,55,4.4,6025,6,3,3,323,3690
343,109,59,50,4.3,6026,9,5,1,271,1770
221,105,45,60,3.8,6027,10,2,3,360,1125
209,89,29,60,3.1,6028,10,5,3,290,725
401,117,59,58,4.1,6029,3,1,2,128,3540
232,96,34,62,3.9,6030,10,6,1,42,850
521,152,130,22,3.7,6031,1,2,2,20,5200
476,165,155,10,4.3,6032,10,3,3,322,3875
453,162,143,19,3.8,6033,10,2,3,128,3575
474,154,132,22,5.0,6034,7,3,2,64,9240
516,162,147,15,4.1,6035,2,6,2,67,5145
311,118,67,51,3.0,6036,4,2,2,113,1005
285,101,49,52,4.1,6037,3,2,1,11,2940
151,82,28,54,3.9,6038,1,2,3,3,1120
327,131,91,40,4.4,6039,10,5,3,340,2275
221,87,34,53,4.6,6040,9,1,1,109,1020
248,91,37,54,4.9,6041,1,1,1,39,1480
593,181,181,0,4.8,6042,3,2,1,161,10860
424,146,109,37,3.2,6043,1,3,2,245,4360
304,100,40,60,4.4,6044,1,1,2,319,1600
197,93,38,55,3.8,6045,8,2,3,142,950
421,149,120,29,4.9,6046,2,5,1,17,4200
320,113,65,48,4.3,6047,5,5,1,319,1300
381,127,81,46,4.3,6048,1,5,1,172,3240
201,101,41,60,4.7,6049,6,4,3,191,3690
441,153,125,28,5.0,6050,9,1,3,335,3750
385,128,87,41,4.1,6051,7,4,1,223,6090
565,159,144,15,4.8,6052,10,5,3,331,3600
492,154,134,20,4.7,6053,8,6,1,301,3350
464,160,148,12,4.3,6054,1,1,3,103,5920
467,163,152,11,4.5,6055,5,3,3,171,3040
483,161,140,21,3.7,6056,1,4,1,222,5600
509,169,166,3,4.2,6057,5,5,3,206,3320
267,101,38,63,4.8,6058,3,3,3,189,2280
372,119,72,47,4.5,6059,1,2,2,267,2880
163,80,15,65,4.3,6060,3,6,1,241,900
290,113,57,56,3.9,6061,3,6,3,327,3420
405,124,70,54,3.6,6062,9,1,2,146,2100
510,160,137,23,4.6,6063,5,4,3,233,2740
273,100,39,61,3.3,6064,6,5,2,343,3510
350,126,79,47,4.0,6065,8,6,1,1,1975
448,136,91,45,4.1,6066,8,1,2,152,2275
309,112,52,60,3.8,6067,9,4,1,23,1560
264,106,43,63,3.3,6068,3,2,3,95,2580
356,116,69,47,3.2,6069,4,5,3,224,1035
283,103,40,63,4.7,6070,6,4,2,84,3600
582,181,177,4,4.9,6071,4,3,3,130,2655
241,101,43,58,3.2,6072,2,5,3,172,1505
472,138,102,36,3.9,6073,8,3,2,116,2550
153,78,20,58,3.5,6074,7,6,2,153,1400
172,83,25,58,3.9,6075,9,4,2,43,750
429,123,74,49,3.9,6076,3,6,1,177,4440
250,100,45,55,4.8,6077,3,4,2,92,2700
214,96,30,66,4.3,6078,7,1,3,63,2100
205,94,33,61,3.6,6079,6,4,1,8,2970
202,88,23,65,3.6,6080,5,6,3,17,460
478,150,128,22,4.2,6081,2,6,1,64,4480
416,135,97,38,3.0,6082,7,4,1,259,6790
393,139,102,37,4.4,6083,10,2,1,28,2550
323,130,79,51,4.4,6084,9,2,3,196,2370
441,162,141,21,4.3,6085,10,1,3,87,3525
525,157,130,27,4.7,6086,2,2,2,62,4550
466,145,109,36,3.1,6087,2,4,1,173,3815
387,122,78,44,3.8,6088,3,4,2,331,4680
216,100,38,62,4.1,6089,10,6,2,59,950
241,113,59,54,3.0,6090,4,1,3,149,885
492,130,81,49,3.0,6091,1,2,2,187,3240
425,146,118,28,4.0,6092,10,5,1,43,2950
176,84,18,66,5.0,6093,8,2,2,40,450
442,152,123,29,4.7,6094,4,6,1,229,1845
481,144,107,37,3.1,6095,4,1,3,206,1605
437,121,75,46,4.4,6096,2,5,1,119,2625
467,166,160,6,4.2,6097,8,6,3,80,4000
359,122,79,43,3.5,6098,9,5,2,104,2370
252,103,42,61,4.2,6099,4,3,1,108,630
177,89,33,56,3.5,6100,5,6,2,66,660
584,179,172,7,4.8,6101,7,3,3,211,12040
354,124,82,42,4.2,6102,6,6,1,155,7380
163,88,29,59,4.0,6103,2,4,1,16,1015
450,132,90,42,4.2,6104,8,1,1,85,2250
302,109,52,57,4.3,6105,2,5,2,31,1820
245,94,41,53,3.5,6106,1,1,2,86,1640
437,136,91,45,4.0,6107,5,6,1,229,1820
424,127,77,50,3.1,6108,6,3,2,340,6930
365,118,67,51,4.7,6109,8,5,2,285,1675
160,80,26,54,3.0,6110,8,2,2,118,650
592,180,180,0,3.3,6111,6,5,3,314,16200
326,124,74,50,4.0,6112,7,3,1,316,5180
287,96,35,61,4.4,6113,9,1,2,233,1050
549,174,169,5,4.4,6114,8,5,1,12,4225
551,139,99,40,3.2,6115,6,1,2,296,8910
483,139,98,41,4.6,6116,4,1,1,220,1470
564,179,179,0,3.6,6117,7,4,2,265,12530
384,149,113,36,4.9,6118,6,1,3,193,10170
375,137,91,46,4.7,6119,7,2,1,20,6370
516,143,111,32,3.9,6120,1,3,1,292,4440
408,143,103,40,3.1,6121,5,5,2,176,2060
157,85,26,59,3.5,6122,3,4,1,286,1560
406,126,79,47,3.7,6123,8,4,2,89,1975
319,123,72,51,4.8,6124,8,3,3,252,1800
540,177,176,1,4.0,6125,4,4,1,160,2640
308,102,37,65,3.1,6126,4,3,2,263,555
283,110,51,59,3.5,6127,7,4,3,123,3570
328,118,68,50,3.6,6128,9,5,2,228,2040
568,158,136,22,4.3,6129,6,5,1,236,12240
396,132,86,46,4.3,6130,3,5,1,149,5160
452,130,88,42,3.9,6131,5,1,2,254,1760
328,107,53,54,4.0,6132,2,4,2,8,1855
276,100,44,56,4.3,6133,3,6,2,219,2640
191,98,43,55,4.4,6134,5,6,3,73,860
300,99,38,61,4.1,6135,10,5,2,84,950
319,112,54,58,3.4,6136,9,6,2,99,1620
390,141,102,39,4.6,6137,6,1,2,129,9180
423,141,104,37,3.2,6138,9,6,2,61,3120
508,163,148,15,3.6,6139,5,3,2,326,2960
426,121,73,48,3.8,6140,1,1,2,11,2920
505,156,127,29,4.7,6141,5,1,1,304,2540
218,91,36,55,4.7,6142,5,1,2,182,720
471,159,142,17,3.7,6143,8,3,1,50,3550
314,123,73,50,4.0,6144,2,1,3,84,2555
415,144,104,40,4.6,6145,10,5,1,244,2600
328,105,53,52,3.5,6146,3,3,2,331,3180
517,153,127,26,4.4,6147,2,2,3,173,4445
297,116,58,58,4.8,6148,8,4,2,106,1450
288,99,45,54,3.6,6149,10,5,1,227,1125
252,104,42,62,3.4,6150,4,5,2,80,630
216,91,31,60,3.0,6151,1,6,3,142,1240
268,104,44,60,4.4,6152,4,4,3,326,660
256,99,35,64,4.4,6153,4,5,1,99,525
562,142,102,40,3.7,6154,2,3,1,313,3570
287,124,81,43,4.7,6155,5,6,3,215,1620
492,131,91,40,4.5,6156,3,4,1,294,5460
336,114,65,49,3.3,6157,9,5,3,111,1950
485,172,167,5,3.1,6158,6,1,3,246,15030
561,173,165,8,4.9,6159,7,2,2,59,11550
152,82,25,57,3.3,6160,1,4,2,115,1000
250,100,35,65,4.5,6161,8,1,2,8,875
262,111,55,56,3.5,6162,3,4,2,135,3300
182,87,23,64,4.2,6163,9,6,2,36,690
554,155,131,24,4.4,6164,9,1,3,95,3930
572,162,152,10,4.9,6165,3,2,2,120,9120
150,74,13,61,3.9,6166,4,3,2,201,195
382,121,74,47,4.7,6167,5,1,1,36,1480
454,157,134,23,4.1,6168,9,6,3,243,4020
593,153,123,30,3.6,6169,10,6,2,241,3075
159,82,17,65,4.1,6170,3,5,3,145,1020
390,134,88,46,3.7,6171,2,2,3,197,3080
582,180,180,0,3.3,6172,5,1,2,262,3600
567,148,118,30,4.4,6173,8,2,1,241,2950
516,182,177,5,3.3,6174,1,5,3,342,7080
229,91,27,64,3.5,6175,2,5,2,173,945
157,77,19,58,4.1,6176,1,2,2,333,760
487,138,96,42,3.7,6177,9,6,1,152,2880
440,132,94,38,3.3,6178,10,2,2,212,2350
475,145,109,36,4.8,6179,5,4,3,257,2180
358,129,81,48,3.1,6180,6,3,2,119,7290
384,118,60,58,4.8,6181,10,3,2,203,1500
150,74,9,65,3.8,6182,3,3,2,99,540
215,104,51,53,4.9,6183,1,1,3,110,2040
365,138,105,33,3.4,6184,8,5,3,14,2625
299,114,66,48,3.9,6185,8,4,2,198,1650
503,167,153,14,3.1,6186,8,1,2,346,3825
231,104,48,56,4.7,6187,2,2,1,89,1680
250,93,29,64,3.4,6188,5,3,2,357,580
224,99,47,52,4.4,6189,4,1,1,309,705
292,101,41,60,4.8,6190,5,1,2,145,820
278,104,40,64,4.0,6191,8,4,2,213,1000
444,152,130,22,4.3,6192,3,6,2,34,7800
230,96,37,59,3.6,6193,4,6,3,301,555
433,127,81,46,3.9,6194,7,6,1,362,5670
553,170,170,0,4.9,6195,7,6,2,163,11900
540,165,153,12,3.7,6196,3,5,3,339,9180
508,163,149,14,3.3,6197,9,5,1,100,4470
157,75,16,59,4.7,6198,3,5,2,75,960
458,137,98,39,3.6,6199,4,4,2,72,1470
530,160,138,22,4.5,6200,8,6,3,253,3450
171,89,33,56,4.7,6201,7,3,3,34,2310
532,169,166,3,4.4,6202,1,5,2,164,6640
470,152,119,33,4.8,6203,6,2,2,117,10710
241,112,53,59,3.8,6204,4,3,3,319,795
480,168,162,6,4.7,6205,4,6,3,29,2430
441,137,94,43,3.4,6206,7,4,2,265,6580
581,187,180,7,3.0,6207,6,1,1,133,16200
221,96,33,63,3.6,6208,3,1,3,59,1980
394,118,72,46,4.4,6209,3,5,2,323,4320
461,148,117,31,4.1,6210,1,5,1,210,4680
527,164,146,18,4.5,6211,2,1,1,259,5110
233,92,33,59,3.6,6212,7,3,1,198,2310
372,127,76,51,4.0,6213,1,4,3,78,3040
388,126,73,53,4.5,6214,1,6,1,176,2920
205,98,37,61,4.0,6215,1,5,2,72,1480
460,168,155,13,3.2,6216,4,3,3,37,2325
516,147,113,34,4.2,6217,6,6,3,280,10170
374,130,89,41,4.7,6218,1,2,2,82,3560
165,77,17,60,3.6,6219,8,1,2,296,425
187,80,27,53,3.5,6220,8,5,1,30,675
559,173,167,6,3.2,6221,1,4,1,247,6680
431,132,82,50,4.5,6222,10,1,2,281,2050
286,114,59,55,4.9,6223,5,5,3,228,1180
440,141,99,42,4.9,6224,1,1,3,43,3960
183,87,21,66,3.2,6225,8,1,1,288,525
190,83,28,55,3.9,6226,5,3,1,199,560
534,160,136,24,3.8,6227,3,1,3,360,8160
155,90,36,54,4.0,6228,7,3,3,208,2520
212,97,38,59,4.8,6229,3,6,3,304,2280
374,131,88,43,4.3,6230,1,5,1,198,3520
303,123,66,57,4.5,6231,8,5,3,329,1650
215,98,38,60,3.1,6232,2,1,2,349,1330
526,166,162,4,4.7,6233,2,6,1,334,5670
545,171,170,1,4.4,6234,6,2,2,28,15300
381,140,105,35,3.3,6235,2,6,1,172,3675
414,143,106,37,4.5,6236,8,3,2,88,2650
592,181,176,5,4.3,6237,2,1,2,199,6160
570,159,138,21,4.3,6238,7,2,2,177,9660
513,165,151,14,4.1,6239,9,4,1,193,4530
185,89,30,59,3.3,6240,7,2,1,166,2100
526,154,132,22,4.0,6241,1,4,1,218,5280
384,122,65,57,4.0,6242,10,6,3,249,1625
407,145,106,39,4.4,6243,1,6,3,237,4240
331,105,43,62,4.3,6244,5,1,1,256,860
574,185,176,9,3.2,6245,5,3,3,89,3520
525,150,128,22,4.7,6246,7,2,2,188,8960
592,180,172,8,4.7,6247,9,4,2,31,5160
150,81,26,55,4.1,6248,6,6,2,67,2340
350,126,72,54,4.5,6249,10,1,2,111,1800
261,93,33,60,4.4,6250,3,3,1,83,1980
154,82,24,58,4.3,6251,4,3,3,163,360
575,167,151,16,3.8,6252,7,2,1,155,10570
174,82,21,61,4.8,6253,7,6,1,94,1470
449,160,149,11,3.3,6254,5,3,3,114,2980
350,115,57,58,4.2,6255,5,5,3,21,1140
375,127,85,42,4.3,6256,1,1,2,250,3400
462,139,102,37,3.5,6257,6,6,2,345,9180
578,163,151,12,4.7,6258,8,5,1,79,3775
542,155,131,24,3.0,6259,5,4,1,119,2620
292,104,53,51,3.4,6260,1,5,2,220,2120
331,134,94,40,3.6,6261,10,6,3,273,2350
351,131,80,51,3.4,6262,9,2,1,203,2400
369,143,109,34,4.9,6263,9,4,3,92,3270
311,123,74,49,3.6,6264,5,5,3,283,1480
150,76,17,59,4.1,6265,10,6,1,348,425
426,122,69,53,4.3,6266,10,2,1,3,1725
583,184,184,0,4.5,6267,8,5,2,359,4600
162,80,25,55,4.0,6268,2,3,2,37,875
354,120,68,52,3.5,6269,4,2,1,26,1020
293,113,63,50,4.8,6270,1,5,2,133,2520
372,113,54,59,5.0,6271,5,6,2,179,1080
370,128,87,41,4.3,6272,8,2,3,41,2175
159,82,20,62,4.7,6273,4,6,1,197,300
449,158,140,18,3.6,6274,7,2,3,279,9800
278,112,61,51,4.2,6275,4,6,2,113,915
598,185,178,7,3.5,6276,3,6,3,191,10680
360,116,59,57,4.5,6277,10,5,2,296,1475
268,106,55,51,3.1,6278,10,1,2,277,1375
264,111,56,55,3.8,6279,7,3,3,45,3920
516,140,105,35,3.0,6280,9,5,1,327,3150
234,103,50,53,3.7,6281,2,3,3,57,1750
520,159,146,13,5.0,6282,4,6,3,356,2190
401,139,103,36,3.8,6283,4,1,1,57,1545
368,123,69,54,4.4,6284,4,4,1,278,1035
583,168,166,2,4.2,6285,7,4,2,130,11620
509,169,160,9,4.4,6286,6,6,3,184,14400
502,151,120,31,4.5,6287,1,5,3,300,4800
536,190,185,5,4.2,6288,2,2,3,205,6475
459,151,121,30,3.4,6289,8,3,1,322,3025
593,175,169,6,3.0,6290,3,5,2,289,10140
558,187,187,0,4.1,6291,2,2,3,124,6545
161,76,22,54,4.5,6292,4,5,2,337,330
564,149,121,28,3.3,6293,6,1,1,115,10890
327,115,58,57,4.6,6294,6,1,2,34,5220
305,116,67,49,3.6,6295,5,3,2,224,1340
561,163,144,19,3.1,6296,10,1,1,66,3600
572,170,170,0,3.1,6297,7,6,2,270,11900
378,120,75,45,3.6,6298,10,4,3,280,1875
515,161,145,16,3.4,6299,4,2,3,59,2175
242,94,33,61,4.5,6300,6,4,1,61,2970
226,99,45,54,3.1,6301,3,3,3,5,2700
508,148,119,29,3.7,6302,8,1,2,191,2975
506,160,143,17,3.4,6303,8,4,2,228,3575
595,150,125,25,3.5,6304,6,1,1,161,11250
306,101,47,54,4.2,6305,4,2,2,175,705
554,192,192,0,4.8,6306,9,5,3,167,5760
277,111,55,56,3.7,6307,9,3,3,80,1650
302,105,42,63,4.8,6308,3,1,1,52,2520
549,170,163,7,4.6,6309,1,2,3,282,6520
242,111,56,55,4.0,6310,7,6,3,34,3920
339,122,69,53,3.0,6311,10,4,1,161,1725
537,161,143,18,4.2,6312,9,6,2,329,4290
486,135,87,48,4.7,6313,4,1,1,45,1305
319,121,70,51,3.7,6314,1,4,3,225,2800
462,127,81,46,4.5,6315,3,6,2,147,4860
234,98,36,62,4.0,6316,2,1,3,200,1260
593,149,118,31,4.5,6317,8,3,2,284,2950
483,136,91,45,4.6,6318,6,3,1,56,8190
517,146,120,26,4.7,6319,10,5,2,364,3000
465,136,94,42,4.0,6320,8,1,1,216,2350
514,154,130,24,3.8,6321,2,6,2,149,4550
399,127,81,46,3.2,6322,8,5,2,138,2025
383,144,111,33,3.2,6323,9,5,3,66,3330
230,91,31,60,4.7,6324,4,5,1,29,465
519,136,89,47,4.4,6325,9,1,2,32,2670
503,147,122,25,4.5,6326,2,5,1,327,4270
309,122,73,49,4.0,6327,8,3,3,342,1825
395,141,99,42,4.0,6328,4,1,2,48,1485
441,136,96,40,3.8,6329,10,6,3,107,2400
171,83,30,53,3.9,6330,10,3,3,96,750
490,158,134,24,3.7,6331,9,3,3,313,4020
248,107,44,63,5.0,6332,8,1,3,46,1100
299,116,59,57,3.5,6333,3,2,2,3,3540
394,124,73,51,4.0,6334,6,2,1,209,6570
435,123,68,55,4.6,6335,5,5,1,198,1360
372,137,101,36,4.2,6336,1,4,3,52,4040
556,153,129,24,3.4,6337,5,4,1,93,2580
328,132,87,45,3.5,6338,8,1,3,179,2175
567,143,104,39,3.7,6339,8,6,2,331,2600
380,120,71,49,4.3,6340,4,1,2,50,1065
391,116,68,48,4.0,6341,10,2,2,251,1700
486,154,126,28,3.4,6342,9,6,3,160,3780
318,118,73,45,3.4,6343,3,4,3,330,4380
411,140,102,38,3.5,6344,2,6,3,137,3570
518,148,117,31,4.9,6345,6,1,3,326,10530
590,170,169,1,3.1,6346,4,1,1,182,2535
221,88,30,58,4.7,6347,6,3,1,174,2700
574,162,143,19,4.3,6348,2,5,1,171,5005
370,134,87,47,3.1,6349,1,3,3,253,3480
407,142,101,41,3.3,6350,3,1,2,187,6060
227,96,44,52,4.9,6351,9,6,1,303,1320
151,81,19,62,4.0,6352,7,3,1,42,1330
436,137,94,43,3.1,6353,4,5,1,126,1410
499,163,151,12,3.0,6354,7,3,1,305,10570
569,181,178,3,3.0,6355,5,1,1,88,3560
250,110,49,61,3.2,6356,6,2,3,251,4410
320,123,79,44,4.4,6357,2,6,3,100,2765
455,144,104,40,3.5,6358,5,1,2,321,2080
479,162,149,13,3.3,6359,10,4,1,352,3725
427,144,103,41,4.8,6360,6,6,2,319,9270
572,147,110,37,3.7,6361,4,6,1,3,1650
159,79,22,57,3.6,6362,4,3,1,7,330
461,129,76,53,4.7,6363,6,1,1,326,6840
340,110,58,52,5.0,6364,5,5,1,279,1160
241,108,49,59,4.4,6365,3,4,3,62,2940
481,159,138,21,5.0,6366,9,6,2,12,4140
360,117,58,59,4.4,6367,6,4,1,92,5220
233,88,27,61,4.8,6368,3,3,2,314,1620
201,93,36,57,3.2,6369,6,2,3,313,3240
479,152,132,20,4.5,6370,9,6,1,52,3960
469,143,109,34,4.8,6371,1,3,3,337,4360
585,156,130,26,4.2,6372,9,1,2,43,3900
166,81,27,54,4.1,6373,1,6,2,134,1080
413,133,83,50,3.4,6374,10,2,3,39,2075
228,103,51,52,4.1,6375,5,5,1,240,1020
415,138,100,38,3.5,6376,6,1,2,170,9000
561,182,182,0,4.2,6377,5,5,2,164,3640
290,98,33,65,4.1,6378,5,5,2,41,660
188,80,18,62,4.0,6379,4,1,2,55,270
520,174,174,0,3.5,6380,5,6,3,251,3480
295,101,41,60,4.8,6381,2,3,1,273,1435
224,93,31,62,3.5,6382,4,4,2,88,465
427,121,77,44,3.1,6383,2,1,2,104,2695
212,93,28,65,4.0,6384,8,1,2,210,700
199,84,30,54,4.4,6385,5,1,1,136,600
537,183,176,7,3.2,6386,7,5,3,348,12320
302,119,74,45,4.3,6387,2,6,2,279,2590
234,91,36,55,3.0,6388,5,6,1,52,720
572,199,199,0,5.0,6389,2,4,3,135,6965
245,103,42,61,3.2,6390,3,2,3,259,2520
351,136,89,47,4.5,6391,6,2,3,77,8010
479,163,150,13,4.3,6392,2,5,2,30,5250
325,102,50,52,4.8,6393,1,3,2,25,2000
478,147,115,32,3.3,6394,9,5,1,218,3450
193,88,26,62,4.9,6395,8,5,3,298,650
448,147,122,25,4.1,6396,7,5,1,122,8540
322,124,80,44,4.9,6397,7,5,3,248,5600
367,126,74,52,3.3,6398,2,1,1,319,2590
432,128,83,45,4.0,6399,8,1,1,355,2075
440,143,101,42,4.8,6400,8,6,2,163,2525
238,102,47,55,4.3,6401,10,4,1,299,1175
309,119,69,50,4.5,6402,1,3,1,225,2760
335,122,68,54,3.1,6403,6,1,1,246,6120
585,145,107,38,3.2,6404,6,2,1,323,9630
304,108,48,60,3.9,6405,4,1,3,254,720
584,173,173,0,3.3,6406,1,4,2,202,6920
162,85,30,55,3.6,6407,10,6,3,237,750
483,165,152,13,3.8,6408,2,4,3,68,5320
189,90,37,53,3.9,6409,6,2,3,206,3330
468,143,109,34,4.4,6410,2,4,3,16,3815
360,134,92,42,3.2,6411,2,6,1,210,3220
405,135,99,36,3.7,6412,6,1,2,17,8910
198,95,41,54,4.7,6413,1,2,1,213,1640
222,101,47,54,3.4,6414,6,5,2,37,4230
257,107,47,60,3.4,6415,8,6,2,155,1175
357,116,60,56,4.8,6416,4,3,1,29,900
170,79,21,58,4.6,6417,10,1,2,279,525
555,169,164,5,4.8,6418,5,2,3,187,3280
180,80,24,56,3.7,6419,2,5,1,63,840
243,97,38,59,4.7,6420,1,4,3,22,1520
425,152,130,22,4.2,6421,9,3,3,272,3900
565,183,181,2,3.7,6422,5,4,3,247,3620
332,119,62,57,4.8,6423,1,3,2,3,2480
473,128,77,51,4.5,6424,6,4,2,337,6930
280,101,39,62,3.9,6425,2,5,2,173,1365
369,127,85,42,3.8,6426,4,5,3,283,1275
425,132,89,43,3.3,6427,5,6,1,164,1780
480,157,137,20,3.6,6428,10,5,2,120,3425
529,176,174,2,4.8,6429,9,4,3,83,5220
477,138,100,38,3.7,6430,5,6,1,220,2000
555,166,162,4,4.3,6431,3,4,1,350,9720
455,148,120,28,4.6,6432,10,1,2,223,3000
478,162,145,17,3.7,6433,10,5,3,146,3625
186,81,19,62,3.2,6434,1,1,1,271,760
450,144,113,31,4.3,6435,7,2,1,240,7910
503,146,112,34,3.7,6436,10,5,3,252,2800
317,112,61,51,4.1,6437,8,5,2,34,1525
482,173,173,0,4.8,6438,8,4,3,136,4325
307,117,58,59,3.4,6439,10,2,1,218,1450
151,88,28,60,3.1,6440,5,4,3,81,560
230,109,56,53,3.2,6441,7,6,3,40,3920
364,121,67,54,3.9,6442,10,5,2,132,1675
443,154,134,20,4.1,6443,1,2,1,226,5360
249,97,31,66,3.8,6444,2,2,2,61,1085
440,143,114,29,5.0,6445,4,1,1,243,1710
289,99,40,59,3.5,6446,6,3,2,113,3600
530,167,162,5,3.3,6447,5,2,1,30,3240
401,124,80,44,3.8,6448,4,1,2,203,1200
578,174,174,0,3.9,6449,5,1,1,246,3480
392,139,100,39,3.1,6450,4,6,2,6,1500
269,114,56,58,3.5,6451,7,5,3,281,3920
403,122,77,45,4.4,6452,1,5,1,307,3080
234,98,41,57,4.7,6453,8,5,3,236,1025
525,172,164,8,4.1,6454,3,4,2,144,9840
398,134,93,41,3.9,6455,5,4,1,241,1860
179,79,16,63,3.1,6456,9,2,2,238,480
227,93,29,64,3.3,6457,2,2,1,66,1015
172,92,38,54,3.1,6458,7,4,3,68,2660
285,108,51,57,3.1,6459,8,4,1,181,1275
364,128,80,48,3.6,6460,8,5,2,345,2000
449,145,114,31,3.9,6461,10,2,1,335,2850
493,157,139,18,4.7,6462,6,1,1,333,12510
492,144,112,32,4.7,6463,10,1,3,301,2800
284,108,45,63,4.5,6464,7,1,2,7,3150
388,131,85,46,3.9,6465,10,2,1,30,2125
255,112,64,48,3.3,6466,1,4,3,10,2560
353,127,86,41,3.8,6467,6,3,1,74,7740
596,173,164,9,4.8,6468,7,2,2,296,11480
240,103,40,63,4.5,6469,3,5,3,59,2400
322,118,70,48,3.3,6470,9,2,3,171,2100
189,94,40,54,3.3,6471,2,4,1,128,1400
276,96,37,59,3.7,6472,7,3,1,306,2590
400,145,107,38,3.3,6473,5,4,3,202,2140
568,175,166,9,4.0,6474,9,6,3,268,4980
489,148,122,26,4.6,6475,3,1,1,224,7320
261,105,51,54,4.2,6476,9,1,3,182,1530
357,131,80,51,4.0,6477,9,1,3,61,2400
272,102,49,53,3.3,6478,7,2,3,36,3430
253,103,39,64,3.6,6479,2,3,1,8,1365
436,150,122,28,4.6,6480,8,2,2,359,3050
260,101,38,63,4.0,6481,5,4,1,30,760
239,101,47,54,4.4,6482,2,6,1,314,1645
317,121,70,51,4.5,6483,2,1,3,94,2450
523,171,171,0,4.1,6484,3,6,2,80,10260
535,164,146,18,4.6,6485,8,1,1,53,3650
574,170,168,2,3.8,6486,2,1,1,165,5880
163,83,25,58,4.4,6487,9,6,2,168,750
256,105,48,57,3.3,6488,2,5,1,225,1680
574,178,178,0,3.5,6489,7,2,3,209,12460
558,162,142,20,3.2,6490,3,5,3,61,8520
224,105,47,58,4.2,6491,3,1,3,11,2820
440,133,84,49,4.4,6492,8,4,1,187,2100
366,123,71,52,4.7,6493,5,5,3,137,1420
252,99,44,55,3.0,6494,3,3,1,264,2640
582,176,171,5,4.8,6495,7,5,3,178,11970
412,145,107,38,4.3,6496,5,2,1,193,2140
527,158,133,25,4.1,6497,3,6,1,128,7980
590,202,198,4,4.2,6498,7,5,3,179,13860
553,158,143,15,4.7,6499,7,5,2,131,10010
467,170,167,3,3.8,6500,7,6,3,155,11690
357,111,55,56,3.5,6501,10,2,2,279,1375
556,175,169,6,3.9,6502,2,1,2,329,5915
250,108,49,59,4.2,6503,6,3,2,359,4410
251,99,46,53,3.5,6504,4,5,1,135,690
224,97,34,63,4.9,6505,8,2,1,217,850
580,186,178,8,4.3,6506,2,1,2,194,6230
269,97,39,58,3.7,6507,1,4,2,267,1560
452,148,116,32,3.0,6508,8,1,2,10,2900
392,122,68,54,4.5,6509,8,2,1,247,1700
312,117,68,49,4.4,6510,3,3,1,257,4080
189,93,33,60,3.5,6511,10,6,1,115,825
378,140,109,31,3.5,6512,6,6,3,357,9810
235,90,35,55,3.8,6513,9,4,1,21,1050
166,84,27,57,4.2,6514,8,1,1,25,675
502,179,174,5,3.7,6515,9,2,3,138,5220
363,129,87,42,4.3,6516,9,6,2,231,2610
339,116,60,56,3.6,6517,8,1,3,248,1500
252,99,37,62,3.8,6518,5,5,3,135,740
191,91,25,66,3.6,6519,4,1,3,220,375
499,159,145,14,4.4,6520,10,5,1,77,3625
190,95,36,59,3.0,6521,10,5,3,110,900
561,159,146,13,4.1,6522,3,2,3,306,8760
489,164,152,12,3.3,6523,1,3,3,321,6080
222,93,33,60,3.3,6524,10,5,3,321,825
537,173,172,1,4.9,6525,2,5,1,357,6020
530,176,174,2,4.9,6526,7,3,3,326,12180
570,157,130,27,3.9,6527,2,5,1,79,4550
283,112,54,58,4.4,6528,1,1,3,199,2160
175,80,20,60,4.0,6529,6,5,2,229,1800
364,134,86,48,3.5,6530,10,6,3,87,2150
465,132,92,40,4.5,6531,1,4,2,252,3680
480,146,115,31,3.4,6532,7,1,2,361,8050
466,142,103,39,4.8,6533,8,3,1,93,2575
424,138,93,45,4.7,6534,7,3,1,308,6510
276,112,56,56,4.4,6535,4,3,3,142,840
222,89,34,55,3.8,6536,8,4,2,162,850
407,128,87,41,3.2,6537,8,1,3,363,2175
476,151,120,31,4.2,6538,3,4,3,139,7200
490,148,121,27,3.3,6539,4,3,1,36,1815
270,108,53,55,3.7,6540,4,5,2,225,795
212,95,41,54,4.2,6541,6,1,2,331,3690
439,130,79,51,3.7,6542,6,6,1,256,7110
446,150,117,33,3.6,6543,1,4,2,308,4680
403,124,81,43,3.7,6544,7,1,2,134,5670
475,162,152,10,3.0,6545,10,3,2,302,3800
370,120,69,51,4.6,6546,10,1,3,319,1725
565,169,166,3,4.3,6547,2,3,3,111,5810
510,162,141,21,4.2,6548,4,3,1,108,2115
236,105,47,58,3.2,6549,10,5,1,87,1175
514,165,155,10,3.3,6550,5,6,3,145,3100
450,126,82,44,3.4,6551,1,5,1,188,3280
449,124,80,44,4.5,6552,8,3,1,62,2000
495,165,147,18,4.4,6553,6,1,3,318,13230
273,115,55,60,3.5,6554,8,1,3,36,1375
509,159,142,17,3.6,6555,10,4,3,92,3550
250,111,62,49,4.3,6556,3,2,3,98,3720
325,115,59,56,4.1,6557,4,2,3,346,885
300,99,40,59,4.6,6558,8,2,2,82,1000
488,158,132,26,3.4,6559,6,3,2,201,11880
274,114,63,51,4.0,6560,2,1,2,1,2205
295,118,70,48,4.3,6561,3,6,1,300,4200
430,157,130,27,4.3,6562,5,6,3,105,2600
560,178,178,0,3.4,6563,5,1,1,20,3560
420,149,123,26,4.0,6564,5,4,1,232,2460
428,149,116,33,4.8,6565,1,2,1,292,4640
445,152,131,21,4.4,6566,4,3,1,184,1965
461,163,148,15,3.6,6567,10,1,3,49,3700
460,136,101,35,3.9,6568,5,6,1,111,2020
277,98,44,54,3.0,6569,4,3,2,213,660
509,134,87,47,3.9,6570,9,1,1,86,2610
283,108,54,54,4.3,6571,5,1,2,100,1080
495,135,93,42,4.2,6572,2,4,1,365,3255
445,134,98,36,4.4,6573,3,6,3,159,5880
416,129,82,47,4.6,6574,3,5,1,115,4920
589,171,166,5,4.0,6575,1,5,2,114,6640
270,104,51,53,3.7,6576,8,3,2,90,1275
150,85,30,55,4.9,6577,5,6,1,75,600
497,159,142,17,4.7,6578,7,4,2,220,9940
152,75,11,64,4.6,6579,8,4,2,343,275
157,77,22,55,4.3,6580,10,2,2,41,550
463,148,115,33,4.5,6581,2,2,3,236,4025
273,94,31,63,3.4,6582,9,6,2,176,930
520,172,165,7,4.0,6583,5,2,3,41,3300
535,143,107,36,4.6,6584,8,3,1,330,2675
208,92,26,66,4.3,6585,7,5,3,125,1820
544,146,108,38,4.6,6586,4,6,2,118,1620
389,135,95,40,4.2,6587,5,4,3,57,1900
400,119,74,45,3.4,6588,8,4,1,123,1850
517,171,166,5,4.9,6589,2,1,3,318,5810
182,92,37,55,3.7,6590,8,6,3,66,925
525,169,157,12,4.5,6591,2,3,1,348,5495
539,185,185,0,3.9,6592,3,4,3,97,11100
328,122,70,52,4.1,6593,8,4,2,289,1750
363,142,105,37,4.4,6594,4,3,3,335,1575
314,121,77,44,3.1,6595,1,5,2,235,3080
361,110,53,57,4.2,6596,2,4,2,142,1855
220,99,34,65,3.6,6597,2,4,3,359,1190
343,130,78,52,4.7,6598,6,3,3,232,7020
502,163,153,10,4.9,6599,6,4,1,2,13770
510,134,89,45,3.2,6600,9,5,1,61,2670
150,78,21,57,3.3,6601,7,6,3,222,1470
244,92,39,53,4.3,6602,5,2,1,199,780
599,179,175,4,4.9,6603,4,5,3,87,2625
387,140,101,39,4.3,6604,9,4,3,360,3030
318,119,69,50,4.2,6605,2,4,2,333,2415
473,156,137,19,3.6,6606,3,5,3,2,8220
499,147,114,33,3.4,6607,2,6,2,9,3990
514,138,103,35,3.9,6608,2,1,2,310,3605
216,91,26,65,4.0,6609,5,2,3,169,520
277,96,39,57,3.8,6610,10,2,2,272,975
439,162,141,21,3.6,6611,1,6,3,271,5640
459,157,136,21,4.8,6612,7,1,3,99,9520
583,171,166,5,4.6,6613,1,3,1,209,6640
333,116,56,60,4.4,6614,6,3,3,85,5040
300,111,55,56,3.6,6615,9,2,1,69,1650
430,130,78,52,4.4,6616,10,1,1,314,1950
211,93,34,59,3.7,6617,7,6,1,335,2380
578,186,177,9,5.0,6618,1,4,3,125,7080
493,146,119,27,3.7,6619,5,4,3,267,2380
284,104,49,55,3.6,6620,9,6,1,103,1470
425,133,84,49,4.4,6621,7,5,2,160,5880
219,99,39,60,4.1,6622,8,1,2,108,975
164,91,35,56,3.4,6623,2,1,3,49,1225
155,79,14,65,4.3,6624,1,2,1,109,560
337,119,66,53,4.9,6625,6,3,2,3,5940
457,143,112,31,4.3,6626,6,1,1,91,10080
333,118,61,57,3.5,6627,10,3,1,270,1525
511,166,150,16,4.1,6628,10,3,2,113,3750
211,87,28,59,4.2,6629,5,6,2,278,560
253,95,33,62,3.2,6630,3,5,1,302,1980
599,169,163,6,4.5,6631,10,2,1,84,4075
531,166,158,8,4.3,6632,3,3,1,83,9480
248,93,27,66,4.7,6633,5,6,2,353,540
306,114,65,49,3.5,6634,1,4,1,222,2600
401,127,77,50,4.2,6635,2,6,1,304,2695
560,169,160,9,5.0,6636,1,1,1,294,6400
510,152,121,31,3.3,6637,1,6,1,206,4840
511,178,178,0,3.2,6638,1,2,3,360,7120
257,102,37,65,4.7,6639,6,1,3,92,3330
237,103,41,62,3.5,6640,2,1,3,242,1435
269,109,46,63,3.2,6641,5,1,2,243,920
502,152,123,29,3.8,6642,2,4,1,199,4305
381,123,67,56,4.0,6643,4,2,1,261,1005
155,80,25,55,4.3,6644,6,4,1,17,2250
349,109,58,51,3.5,6645,3,2,2,340,3480
203,86,29,57,3.8,6646,5,5,1,43,580
163,86,21,65,4.7,6647,7,6,2,186,1470
449,146,117,29,4.8,6648,9,3,3,255,3510
374,128,88,40,3.3,6649,2,5,3,108,3080
278,116,63,53,4.7,6650,10,1,3,106,1575
281,115,68,47,3.8,6651,2,6,1,293,2380
282,117,63,54,4.0,6652,6,4,3,103,5670
528,148,122,26,4.8,6653,6,1,1,22,10980
302,118,67,51,4.2,6654,4,4,2,53,1005
192,88,24,64,4.9,6655,3,4,3,325,1440
509,145,114,31,3.4,6656,4,3,1,28,1710
397,146,112,34,3.5,6657,10,5,3,238,2800
209,99,45,54,3.0,6658,6,5,1,188,4050
290,103,40,63,3.4,6659,3,2,2,283,2400
377,128,80,48,3.4,6660,1,1,1,236,3200
588,152,128,24,4.8,6661,1,1,1,202,5120
400,121,69,52,3.3,6662,9,1,2,152,2070
421,129,87,42,4.9,6663,7,5,2,52,6090
231,107,55,52,4.5,6664,3,5,3,307,3300
435,145,114,31,4.4,6665,1,3,2,103,4560
420,143,110,33,4.2,6666,5,2,2,187,2200
404,124,80,44,4.3,6667,5,6,2,107,1600
252,103,51,52,3.6,6668,3,3,3,293,3060
496,171,168,3,3.3,6669,2,1,3,332,5880
574,165,149,16,3.6,6670,1,6,3,239,5960
593,176,176,0,3.9,6671,1,2,2,357,7040
263,112,50,62,4.3,6672,3,5,3,320,3000
541,148,119,29,3.5,6673,10,5,2,365,2975
398,117,59,58,3.7,6674,1,2,2,274,2360
371,111,53,58,4.7,6675,2,6,2,364,1855
391,122,74,48,3.7,6676,8,5,2,314,1850
442,144,117,27,4.8,6677,4,6,3,197,1755
546,158,141,17,3.7,6678,5,3,1,271,2820
587,198,189,9,3.1,6679,7,2,3,126,13230
534,167,152,15,3.2,6680,1,5,3,76,6080
349,128,80,48,3.2,6681,5,5,1,80,1600
347,118,63,55,3.5,6682,3,4,1,301,3780
430,151,130,21,4.6,6683,3,4,2,294,7800
560,177,171,6,4.7,6684,6,1,2,220,15390
453,130,81,49,5.0,6685,8,2,1,266,2025
572,148,122,26,4.0,6686,7,2,1,288,8540
536,139,100,39,3.3,6687,3,6,2,10,6000
168,85,27,58,4.4,6688,7,4,1,143,1890
231,93,40,53,4.8,6689,7,2,2,123,2800
403,150,121,29,4.2,6690,6,1,3,185,10890
454,148,114,34,3.7,6691,7,2,3,177,7980
375,123,74,49,4.7,6692,3,5,1,87,4440
507,135,91,44,4.3,6693,4,4,1,80,1365
562,180,180,0,3.3,6694,6,4,1,23,16200
334,110,50,60,3.7,6695,1,3,2,351,2000
176,86,20,66,4.2,6696,9,4,3,152,600
505,155,138,17,4.6,6697,1,6,3,365,5520
185,85,24,61,3.8,6698,3,5,3,94,1440
458,156,128,28,4.5,6699,2,1,1,223,4480
293,97,37,60,3.0,6700,7,5,2,1,2590
462,154,123,31,4.1,6701,10,5,1,173,3075
419,146,115,31,4.3,6702,7,3,1,353,8050
314,117,67,50,3.9,6703,6,4,3,277,6030
283,111,51,60,4.3,6704,10,5,2,33,1275
259,107,49,58,3.8,6705,6,1,1,208,4410
494,132,93,39,4.8,6706,10,3,2,138,2325
560,173,167,6,3.1,6707,4,1,2,282,2505
421,148,120,28,4.3,6708,7,5,1,53,8400
205,98,46,52,3.3,6709,7,2,3,321,3220
186,91,27,64,3.4,6710,10,6,3,350,675
520,168,164,4,3.8,6711,1,5,1,17,6560
583,164,150,14,3.4,6712,9,4,1,304,4500
517,136,99,37,4.3,6713,2,5,1,107,3465
563,188,180,8,4.2,6714,6,4,3,254,16200
575,146,107,39,3.4,6715,2,3,1,324,3745
157,81,26,55,4.5,6716,9,1,3,118,780
170,83,30,53,3.4,6717,6,2,2,315,2700
164,77,16,61,3.8,6718,10,3,1,301,400
432,146,110,36,4.0,6719,1,4,2,164,4400
560,159,143,16,3.3,6720,4,6,1,313,2145
193,100,45,55,4.2,6721,1,2,3,308,1800
299,119,68,51,3.1,6722,10,2,3,259,1700
339,114,67,47,3.1,6723,8,3,1,353,1675
151,87,32,55,3.9,6724,5,3,3,37,640
574,157,132,25,4.5,6725,1,2,3,4,5280
236,98,35,63,4.7,6726,5,3,2,333,700
199,84,30,54,3.2,6727,7,6,1,159,2100
439,145,106,39,3.0,6728,4,5,1,2,1590
465,166,149,17,4.7,6729,4,3,3,102,2235
306,125,82,43,5.0,6730,2,2,3,345,2870
226,92,35,57,3.8,6731,9,6,1,297,1050
409,120,69,51,3.3,6732,7,3,2,98,4830
594,172,167,5,4.6,6733,1,5,3,60,6680
317,126,82,44,3.3,6734,7,2,3,321,5740
316,109,53,56,4.9,6735,8,1,2,166,1325
600,168,158,10,4.3,6736,1,5,3,299,6320
275,106,52,54,3.9,6737,3,1,3,13,3120
376,144,106,38,3.3,6738,9,1,3,196,3180
196,90,34,56,3.3,6739,4,6,1,104,510
362,131,92,39,4.6,6740,9,4,1,32,2760
235,103,46,57,4.8,6741,9,5,3,216,1380
577,153,132,21,4.2,6742,1,4,1,159,5280
593,168,160,8,3.1,6743,4,4,3,149,2400
584,181,181,0,3.1,6744,2,4,2,86,6335
555,145,111,34,3.6,6745,6,3,1,313,9990
575,189,186,3,3.7,6746,6,4,3,321,16740
275,96,34,62,3.5,6747,5,3,2,64,680
258,102,50,52,3.9,6748,2,6,2,68,1750
562,159,139,20,3.5,6749,8,4,1,327,3475
215,97,43,54,4.6,6750,6,4,2,151,3870
325,118,62,56,4.8,6751,6,3,2,349,5580
229,101,39,62,3.8,6752,1,6,2,305,1560
333,128,78,50,3.3,6753,6,2,2,167,7020
520,161,144,17,4.0,6754,7,2,3,180,10080
456,152,131,21,4.0,6755,9,3,1,40,3930
474,173,167,6,4.7,6756,2,2,3,319,5845
207,96,37,59,4.3,6757,1,2,2,159,1480
337,116,57,59,3.2,6758,5,3,2,35,1140
190,89,36,53,3.3,6759,5,1,1,335,720
462,155,126,29,3.7,6760,3,1,3,72,7560
322,111,58,53,3.9,6761,4,2,2,64,870
338,116,68,48,3.7,6762,1,1,3,313,2720
435,121,73,48,4.7,6763,2,2,2,197,2555
168,83,19,64,4.5,6764,1,5,1,296,760
353,120,72,48,3.8,6765,7,3,3,150,5040
577,160,139,21,4.9,6766,1,6,2,332,5560
527,152,122,30,3.2,6767,4,2,3,185,1830
267,119,65,54,3.2,6768,7,3,3,146,4550
218,91,31,60,4.3,6769,6,6,3,198,2790
207,91,28,63,4.7,6770,4,1,2,258,420
361,127,76,51,4.4,6771,5,4,2,144,1520
596,185,185,0,3.9,6772,6,5,3,321,16650
299,101,44,57,4.9,6773,2,4,2,230,1540
320,123,75,48,4.9,6774,6,3,1,355,6750
558,155,129,26,3.1,6775,8,4,1,346,3225
212,91,35,56,4.2,6776,8,2,3,259,875
539,158,144,14,3.6,6777,5,4,1,179,2880
519,161,146,15,3.8,6778,1,4,2,85,5840
454,131,85,46,4.6,6779,4,2,2,63,1275
485,163,151,12,3.7,6780,8,4,1,37,3775
354,119,74,45,4.0,6781,7,6,1,111,5180
568,155,133,22,4.4,6782,8,1,1,361,3325
263,93,32,61,3.2,6783,5,2,1,120,640
336,114,58,56,4.7,6784,3,6,2,110,3480
322,112,55,57,3.6,6785,5,5,1,326,1100
393,151,120,31,3.6,6786,9,5,3,245,3600
328,125,75,50,4.6,6787,3,6,2,71,4500
319,119,67,52,3.4,6788,8,1,2,132,1675
494,158,144,14,3.3,6789,3,2,3,109,8640
222,97,41,56,4.4,6790,2,3,2,163,1435
228,95,30,65,3.6,6791,6,3,2,294,2700
554,168,161,7,4.7,6792,10,2,2,241,4025
342,123,76,47,3.3,6793,4,6,1,26,1140
415,136,95,41,3.6,6794,4,4,3,2,1425
200,87,32,55,4.3,6795,3,2,1,25,1920
164,89,25,64,3.2,6796,6,5,3,229,2250
516,156,130,26,4.4,6797,1,5,3,145,5200
593,172,164,8,3.9,6798,7,2,2,122,11480
252,113,63,50,4.6,6799,5,6,3,26,1260
190,88,31,57,3.6,6800,10,3,2,364,775
165,88,34,54,3.7,6801,3,5,3,218,2040
390,142,103,39,4.8,6802,10,1,3,292,2575
257,96,42,54,3.4,6803,9,5,1,243,1260
511,134,92,42,4.5,6804,3,1,1,338,5520
566,179,177,2,5.0,6805,9,4,2,142,5310
383,134,85,49,4.9,6806,1,3,3,198,3400
159,84,24,60,3.2,6807,7,3,2,90,1680
465,149,126,23,4.5,6808,9,4,3,158,3780
404,145,109,36,3.1,6809,6,1,3,98,9810
495,163,151,12,3.6,6810,1,1,3,334,6040
553,153,123,30,4.1,6811,2,1,3,271,4305
412,128,78,50,4.1,6812,1,1,1,38,3120
260,101,45,56,3.2,6813,2,6,1,96,1575
436,149,115,34,3.2,6814,3,5,2,328,6900
584,165,152,13,3.9,6815,5,6,1,43,3040
166,85,29,56,4.7,6816,9,3,1,37,870
217,90,34,56,4.0,6817,4,1,1,80,510
204,88,32,56,3.2,6818,9,4,1,115,960
255,108,54,54,3.5,6819,5,5,1,120,1080
515,172,169,3,4.6,6820,8,3,3,211,4225
276,115,56,59,3.2,6821,2,4,3,100,1960
373,113,55,58,4.2,6822,7,4,1,56,3850
198,90,26,64,3.8,6823,10,4,1,236,650
297,115,55,60,3.4,6824,3,2,1,151,3300
515,184,181,3,4.7,6825,1,4,3,350,7240
378,133,88,45,3.6,6826,7,4,3,214,6160
208,87,28,59,4.3,6827,8,3,2,290,700
316,124,72,52,4.6,6828,7,3,1,17,5040
543,140,100,40,4.5,6829,3,5,1,66,6000
429,140,102,38,4.2,6830,1,3,3,65,4080
429,129,83,46,3.2,6831,3,4,2,349,4980
323,118,67,51,4.7,6832,8,6,1,19,1675
592,165,158,7,3.9,6833,6,2,1,1,14220
378,121,76,45,3.3,6834,2,4,2,98,2660
473,170,161,9,3.4,6835,10,2,3,145,4025
382,145,106,39,4.7,6836,10,4,3,207,2650
253,108,56,52,4.5,6837,6,3,2,71,5040
510,141,101,40,3.1,6838,8,2,2,320,2525
243,112,57,55,3.4,6839,9,1,3,246,1710
190,87,26,61,3.6,6840,3,6,1,98,1560
199,89,35,54,4.0,6841,7,3,2,139,2450
419,129,84,45,4.3,6842,10,3,2,212,2100
388,115,59,56,4.7,6843,7,3,2,343,4130
581,161,152,9,4.2,6844,2,4,3,175,5320
559,144,112,32,4.7,6845,8,5,2,207,2800
493,144,117,27,3.9,6846,10,3,1,283,2925
418,118,62,56,3.4,6847,2,1,2,7,2170
478,171,162,9,3.5,6848,1,2,3,149,6480
170,94,33,61,4.7,6849,8,3,3,360,825
241,100,42,58,3.9,6850,7,3,1,277,2940
363,136,96,40,3.5,6851,2,6,2,180,3360
234,88,34,54,3.6,6852,2,3,2,326,1190
377,124,81,43,4.1,6853,9,1,3,281,2430
227,98,42,56,3.6,6854,4,2,3,293,630
585,192,192,0,4.8,6855,3,5,3,330,11520
435,128,76,52,3.4,6856,6,3,1,300,6840
542,150,127,23,3.1,6857,9,1,1,265,3810
496,150,127,23,3.5,6858,5,1,3,123,2540
261,104,50,54,3.3,6859,3,2,3,55,3000
213,103,45,58,3.3,6860,10,3,3,60,1125
460,161,148,13,4.2,6861,10,3,3,168,3700
403,142,108,34,4.5,6862,5,5,1,28,2160
194,95,40,55,4.9,6863,7,4,2,261,2800
270,96,40,56,3.1,6864,4,2,2,71,600
568,172,172,0,3.6,6865,4,5,2,191,2580
237,99,41,58,3.1,6866,4,1,3,54,615
502,150,127,23,4.8,6867,9,4,3,109,3810
340,125,80,45,4.8,6868,9,3,3,238,2400
183,91,35,56,4.7,6869,8,6,1,142,875
519,147,122,25,4.5,6870,4,3,3,175,1830
150,81,24,57,4.7,6871,1,2,2,120,960
306,109,60,49,3.6,6872,6,1,2,40,5400
262,102,49,53,3.1,6873,1,3,1,357,1960
576,189,181,8,4.3,6874,7,3,3,112,12670
480,161,146,15,4.0,6875,9,3,3,113,4380
507,140,105,35,3.3,6876,3,2,2,217,6300
406,135,90,45,3.9,6877,4,1,2,205,1350
422,128,86,42,4.4,6878,10,4,2,116,2150
152,81,21,60,3.6,6879,3,6,3,149,1260
263,96,37,59,3.7,6880,5,2,2,303,740
233,93,30,63,4.4,6881,8,4,1,268,750
442,134,96,38,4.3,6882,1,4,2,226,3840
296,112,57,55,3.8,6883,5,6,1,228,1140
401,115,63,52,3.3,6884,6,4,2,192,5670
396,115,59,56,3.6,6885,1,2,2,269,2360
289,111,52,59,4.2,6886,4,5,2,312,780
458,150,124,26,4.5,6887,10,2,2,61,3100
520,166,157,9,4.0,6888,3,5,2,246,9420
417,128,76,52,4.9,6889,4,6,2,96,1140
425,130,89,41,3.3,6890,4,5,2,271,1335
563,161,145,16,3.5,6891,10,6,1,43,3625
208,94,36,58,3.5,6892,8,6,3,326,900
491,176,169,7,4.2,6893,1,2,3,47,6760
179,85,30,55,3.3,6894,7,3,2,316,2100
244,106,49,57,3.8,6895,4,6,2,249,735
562,181,181,0,4.4,6896,10,3,2,236,4525
188,94,28,66,3.7,6897,10,6,2,233,700
370,125,75,50,3.4,6898,6,6,3,48,6750
492,178,171,7,3.8,6899,1,1,3,235,6840
273,114,64,50,3.9,6900,3,5,2,106,3840
205,100,36,64,4.2,6901,7,3,3,332,2520
258,98,36,62,4.9,6902,5,5,3,204,720
389,130,83,47,4.0,6903,6,1,1,240,7470
315,120,70,50,4.9,6904,9,2,3,127,2100
410,143,114,29,4.6,6905,3,3,3,189,6840
565,160,146,14,4.9,6906,2,3,2,3,5110
480,161,139,22,4.7,6907,6,1,1,314,12510
407,126,81,45,4.0,6908,6,1,1,316,7290
556,181,181,0,3.6,6909,6,1,1,217,16290
516,166,158,8,4.2,6910,5,5,3,33,3160
226,104,44,60,4.7,6911,8,2,3,228,1100
537,146,108,38,3.0,6912,5,1,2,205,2160
385,137,97,40,4.7,6913,8,1,1,337,2425
505,177,177,0,3.1,6914,4,6,3,276,2655
333,120,72,48,3.0,6915,6,5,1,59,6480
229,93,27,66,3.1,6916,5,5,2,16,540
500,144,109,35,4.9,6917,2,5,2,27,3815
592,157,135,22,4.9,6918,8,5,2,256,3375
242,94,36,58,5.0,6919,3,2,1,148,2160
247,108,52,56,3.8,6920,5,3,3,308,1040
176,82,25,57,3.7,6921,3,2,1,309,1500
328,126,82,44,3.1,6922,1,3,3,145,3280
207,96,38,58,4.7,6923,4,6,1,136,570
481,144,106,38,5.0,6924,9,2,1,352,3180
556,188,181,7,3.1,6925,2,6,3,38,6335
375,114,63,51,4.9,6926,9,3,1,190,1890
432,131,81,50,4.0,6927,8,1,1,32,2025
592,194,194,0,3.2,6928,4,2,3,158,2910
284,119,68,51,4.1,6929,1,3,3,181,2720
432,139,94,45,4.2,6930,2,5,3,264,3290
330,105,53,52,3.4,6931,4,4,2,77,795
501,150,119,31,4.1,6932,1,4,2,97,4760
344,115,66,49,4.9,6933,4,2,3,311,990
153,81,21,60,4.7,6934,4,3,3,158,315
220,100,35,65,3.8,6935,5,6,1,160,700
371,120,67,53,4.2,6936,4,5,3,176,1005
506,157,137,20,4.8,6937,7,4,3,53,9590
508,180,175,5,4.0,6938,2,2,3,21,6125
598,193,189,4,4.7,6939,8,6,3,115,4725
524,158,132,26,3.3,6940,2,1,2,166,4620
186,88,32,56,3.5,6941,10,1,3,14,800
566,147,119,28,3.8,6942,5,6,1,261,2380
398,144,111,33,3.2,6943,3,1,1,334,6660
463,128,79,49,3.7,6944,1,6,1,256,3160
423,128,78,50,4.6,6945,10,2,1,69,1950
285,113,58,55,3.6,6946,10,6,2,107,1450
539,181,177,4,4.8,6947,4,6,3,96,2655
516,169,167,2,4.5,6948,1,4,1,42,6680
390,140,108,32,3.6,6949,7,1,1,346,7560
502,148,112,36,4.1,6950,9,3,2,44,3360
467,159,144,15,4.8,6951,10,3,3,265,3600
596,176,176,0,4.3,6952,9,5,2,87,5280
368,143,111,32,4.2,6953,6,1,3,172,9990
197,94,34,60,4.8,6954,10,2,1,290,850
350,114,65,49,3.6,6955,4,4,1,129,975
262,100,40,60,4.2,6956,4,4,1,43,600
173,81,27,54,4.6,6957,2,2,2,362,945
577,151,123,28,4.9,6958,5,1,2,195,2460
480,143,107,36,4.8,6959,2,5,3,53,3745
356,122,65,57,4.3,6960,3,5,2,260,3900
487,152,120,32,4.4,6961,5,1,1,247,2400
208,102,40,62,4.0,6962,4,5,3,357,600
302,128,84,44,4.6,6963,3,4,3,140,5040
266,102,44,58,3.2,6964,8,6,1,298,1100
232,102,42,60,4.3,6965,9,5,3,101,1260
211,100,45,55,4.0,6966,3,5,3,281,2700
307,100,42,58,3.4,6967,10,4,2,79,1050
471,152,125,27,3.8,6968,2,1,1,202,4375
442,137,93,44,4.5,6969,2,5,3,95,3255
213,94,32,62,3.7,6970,7,2,1,225,2240
298,119,68,51,4.9,6971,8,5,2,171,1700
278,122,78,44,4.5,6972,9,2,3,110,2340
575,168,155,13,3.6,6973,1,3,3,49,6200
402,140,96,44,3.2,6974,3,3,1,264,5760
198,101,37,64,3.8,6975,2,4,3,160,1295
392,127,81,46,3.5,6976,7,2,1,177,5670
286,107,44,63,4.2,6977,3,5,1,299,2640
341,122,69,53,4.8,6978,2,1,1,234,2415
333,126,83,43,4.3,6979,2,5,3,219,2905
427,131,80,51,4.9,6980,3,1,2,167,4800
351,129,84,45,3.1,6981,2,1,1,200,2940
415,143,105,38,4.1,6982,9,5,1,258,3150
250,106,51,55,3.1,6983,8,6,2,200,1275
291,104,40,64,4.3,6984,4,4,3,124,600
283,110,57,53,3.1,6985,1,1,2,205,2280
268,94,35,59,4.3,6986,10,2,2,166,875
563,148,123,25,4.0,6987,8,1,1,205,3075
180,81,25,56,3.8,6988,7,1,2,126,1750
174,85,22,63,3.7,6989,2,4,3,285,770
537,147,112,35,3.1,6990,4,3,1,222,1680
389,137,92,45,3.4,6991,2,5,1,100,3220
450,139,94,45,4.3,6992,2,4,3,111,3290
462,130,82,48,4.8,6993,1,3,2,146,3280
282,105,54,51,3.8,6994,5,6,3,88,1080
464,140,102,38,3.6,6995,2,2,1,295,3570
507,166,151,15,3.9,6996,8,4,2,265,3775
426,135,95,40,3.5,6997,8,6,3,145,2375
465,169,160,9,3.7,6998,2,5,3,160,5600
229,98,36,62,4.7,6999,8,1,2,12,900
288,106,49,57,3.7,7000,2,3,1,196,1715
583,188,182,6,4.1,7001,9,3,1,219,5460
366,120,63,57,4.5,7002,4,4,3,349,945
471,134,97,37,4.9,7003,8,2,1,262,2425
552,160,140,20,3.6,7004,7,5,3,22,9800
297,115,61,54,3.6,7005,7,3,1,53,4270
466,145,107,38,3.7,7006,3,1,2,144,6420
168,93,38,55,3.5,7007,3,6,3,116,2280
330,108,49,59,4.6,7008,5,5,1,148,980
422,149,117,32,3.9,7009,4,6,1,363,1755
362,132,92,40,4.8,7010,7,2,3,251,6440
233,100,38,62,4.2,7011,1,2,1,197,1520
199,84,20,64,4.1,7012,8,1,1,8,500
214,97,42,55,3.3,7013,6,5,1,268,3780
285,115,56,59,3.7,7014,6,1,1,63,5040
213,97,45,52,3.9,7015,7,3,3,311,3150
542,164,156,8,4.2,7016,1,2,2,78,6240
424,125,72,53,4.4,7017,4,1,1,85,1080
331,118,60,58,3.4,7018,7,4,1,185,4200
511,134,98,36,3.7,7019,2,2,2,161,3430
276,109,47,62,3.7,7020,10,2,2,166,1175
382,134,97,37,3.3,7021,8,3,3,178,2425
599,166,149,17,5.0,7022,8,5,1,102,3725
468,143,103,40,4.2,7023,1,3,1,108,4120
506,151,126,25,5.0,7024,10,3,1,226,3150
439,154,133,21,3.2,7025,2,2,2,314,4655
437,129,78,51,3.3,7026,6,3,2,176,7020
506,133,87,46,3.2,7027,2,6,1,111,3045
584,184,182,2,3.4,7028,10,4,1,340,4550
600,153,133,20,4.6,7029,8,1,1,283,3325
372,142,107,35,3.7,7030,4,3,3,152,1605
258,99,35,64,3.1,7031,6,2,2,113,3150
331,121,67,54,4.7,7032,4,5,2,49,1005
525,164,146,18,3.0,7033,4,4,2,247,2190
183,97,41,56,3.1,7034,10,6,3,26,1025
319,102,48,54,4.1,7035,10,3,1,7,1200
346,130,83,47,4.7,7036,9,3,3,187,2490
232,92,30,62,4.5,7037,6,2,1,50,2700
236,89,24,65,4.3,7038,5,4,2,263,480
205,93,27,66,4.3,7039,9,6,2,359,810
312,118,63,55,3.0,7040,5,5,2,299,1260
157,83,27,56,3.5,7041,7,6,2,323,1890
457,166,162,4,3.8,7042,8,3,3,253,4050
561,160,141,19,4.4,7043,8,4,1,24,3525
528,149,122,27,4.9,7044,2,5,1,186,4270
214,93,28,65,3.9,7045,6,1,1,241,2520
220,101,47,54,4.4,7046,6,1,2,147,4230
534,154,137,17,4.9,7047,7,6,2,179,9590
159,82,24,58,3.2,7048,8,6,2,89,600
349,138,104,34,4.5,7049,4,5,3,286,1560
150,81,28,53,3.9,7050,10,2,2,42,700
372,120,63,57,4.7,7051,2,6,1,189,2205
189,90,27,63,3.5,7052,2,5,3,38,945
493,138,102,36,3.9,7053,8,1,1,143,2550
307,118,66,52,4.8,7054,1,6,3,20,2640
543,170,166,4,3.3,7055,8,1,3,78,4150
267,93,30,63,4.8,7056,7,2,1,71,2100
444,148,115,33,4.8,7057,4,4,3,198,1725
185,81,21,60,4.0,7058,3,5,1,330,1260
534,156,133,23,4.3,7059,9,3,3,54,3990
304,112,64,48,4.2,7060,7,2,1,70,4480
504,141,102,39,4.6,7061,6,6,2,247,9180
589,179,171,8,3.4,7062,3,3,3,1,10260
318,117,60,57,4.0,7063,3,5,3,329,3600
221,99,42,57,4.3,7064,3,1,1,1,2520
378,131,89,42,4.7,7065,2,6,2,198,3115
311,131,83,48,3.7,7066,10,6,3,26,2075
404,124,74,50,3.6,7067,2,5,2,342,2590
315,104,44,60,5.0,7068,5,1,1,134,880
381,114,57,57,3.3,7069,1,1,1,154,2280
483,137,104,33,3.0,7070,3,1,1,39,6240
459,131,86,45,4.9,7071,4,3,1,243,1290
523,183,180,3,4.9,7072,8,2,3,263,4500
295,108,53,55,4.3,7073,7,5,2,173,3710
395,125,80,45,4.7,7074,4,3,2,324,1200
413,127,85,42,3.2,7075,2,1,3,198,2975
217,98,46,52,3.9,7076,3,1,1,195,2760
491,151,124,27,3.1,7077,4,1,2,351,1860
198,88,33,55,3.9,7078,2,3,3,291,1155
528,157,138,19,4.9,7079,4,2,1,14,2070
164,86,28,58,3.9,7080,4,1,1,41,420
186,90,33,57,4.8,7081,4,1,2,190,495
464,130,84,46,4.9,7082,7,2,1,102,5880
173,88,22,66,3.8,7083,2,3,2,282,770
566,154,134,20,4.9,7084,1,6,1,79,5360
175,81,28,53,4.7,7085,8,5,1,24,700
470,151,130,21,3.2,7086,9,4,1,156,3900
470,142,102,40,3.4,7087,2,2,1,38,3570
526,144,112,32,4.1,7088,7,6,1,283,7840
204,102,48,54,4.5,7089,5,6,3,292,960
540,174,168,6,4.1,7090,10,3,2,364,4200
230,99,41,58,4.9,7091,2,4,3,7,1435
153,76,20,56,4.5,7092,4,3,1,86,300
305,125,76,49,3.7,7093,5,4,3,29,1520
356,118,60,58,3.6,7094,1,2,1,218,2400
564,166,160,6,3.9,7095,6,6,2,150,14400
413,123,79,44,3.0,7096,2,2,1,265,2765
449,153,130,23,4.4,7097,3,5,1,217,7800
452,153,121,32,4.3,7098,10,1,1,93,3025
442,161,142,19,3.5,7099,6,1,3,52,12780
572,181,181,0,4.9,7100,5,6,3,351,3620
293,114,54,60,4.6,7101,9,3,2,222,1620
453,151,121,30,4.7,7102,4,5,1,204,1815
542,176,176,0,4.3,7103,9,1,2,58,5280
409,131,91,40,3.6,7104,3,2,1,195,5460
189,87,23,64,3.4,7105,6,2,2,153,2070
212,86,32,54,4.1,7106,6,3,2,199,2880
560,168,161,7,3.1,7107,5,1,3,255,3220
553,170,167,3,3.5,7108,6,4,3,231,15030
237,102,38,64,4.6,7109,3,6,1,193,2280
323,119,73,46,3.2,7110,5,3,2,307,1460
211,88,22,66,3.3,7111,5,2,2,319,440
474,145,113,32,4.2,7112,7,3,1,36,7910
425,151,122,29,3.9,7113,1,2,3,360,4880
568,158,139,19,3.2,7114,10,4,3,261,3475
387,138,100,38,4.5,7115,8,3,2,12,2500
189,92,34,58,3.5,7116,9,6,1,73,1020
532,175,166,9,4.3,7117,10,5,2,97,4150
150,80,22,58,3.3,7118,3,6,3,138,1320
510,164,147,17,3.6,7119,5,5,1,215,2940
527,146,111,35,3.6,7120,6,2,2,5,9990
470,143,106,37,4.1,7121,9,3,3,170,3180
578,198,198,0,3.9,7122,2,2,3,44,6930
265,100,35,65,3.5,7123,2,5,2,255,1225
491,165,150,15,3.1,7124,5,2,3,299,3000
394,144,105,39,3.8,7125,5,5,3,61,2100
587,180,179,1,4.3,7126,6,4,2,341,16110
456,128,79,49,4.5,7127,1,3,2,98,3160
423,137,94,43,4.6,7128,5,4,2,24,1880
317,112,55,57,4.0,7129,1,4,3,138,2200
554,175,175,0,4.9,7130,5,5,1,64,3500
188,93,31,62,4.2,7131,2,1,1,286,1085
526,169,157,12,4.8,7132,10,6,1,296,3925
178,84,31,53,4.1,7133,10,3,1,62,775
218,98,41,57,3.4,7134,10,5,1,207,1025
522,166,153,13,4.0,7135,6,6,2,243,13770
195,86,24,62,3.8,7136,10,5,2,338,600
498,158,137,21,3.9,7137,5,4,3,220,2740
192,86,27,59,3.0,7138,5,2,3,199,540
504,160,145,15,3.8,7139,1,1,2,281,5800
561,156,140,16,3.7,7140,8,1,2,326,3500
190,95,42,53,5.0,7141,4,1,3,100,630
596,170,170,0,4.0,7142,7,3,1,110,11900
494,158,144,14,3.5,7143,4,6,2,254,2160
453,141,101,40,3.3,7144,8,3,1,216,2525
183,82,25,57,4.1,7145,1,6,2,6,1000
157,76,17,59,4.9,7146,2,1,1,361,595
308,110,51,59,3.1,7147,9,6,3,363,1530
526,181,179,2,4.1,7148,7,2,3,148,12530
173,86,21,65,4.4,7149,2,3,2,197,735
438,134,91,43,4.2,7150,2,5,2,64,3185
207,95,35,60,4.8,7151,2,6,2,330,1225
344,121,69,52,3.2,7152,3,5,2,18,4140
377,136,95,41,4.8,7153,4,3,1,88,1425
456,167,163,4,3.4,7154,8,4,3,164,4075
333,127,81,46,4.5,7155,5,4,2,227,1620
199,86,32,54,3.3,7156,6,6,2,49,2880
335,121,69,52,3.1,7157,1,5,3,228,2760
301,111,61,50,4.7,7158,6,6,1,136,5490
376,135,88,47,3.5,7159,4,3,2,46,1320
252,92,30,62,4.7,7160,2,3,1,274,1050
161,83,26,57,4.6,7161,8,2,3,261,650
432,148,123,25,4.9,7162,3,6,3,203,7380
349,119,66,53,4.4,7163,6,5,1,335,5940
535,166,152,14,4.0,7164,10,2,3,357,3800
406,123,72,51,4.6,7165,1,6,1,244,2880
295,123,78,45,4.9,7166,9,2,3,308,2340
301,111,50,61,4.0,7167,7,3,2,145,3500
550,163,143,20,4.4,7168,1,1,1,131,5720
582,164,145,19,3.9,7169,9,4,2,25,4350
210,87,34,53,3.7,7170,7,2,2,47,2380
504,147,120,27,4.3,7171,10,1,3,69,3000
163,85,32,53,4.2,7172,9,4,1,301,960
161,89,27,62,3.5,7173,7,2,3,233,1890
498,178,174,4,4.5,7174,4,2,3,100,2610
372,120,63,57,3.9,7175,7,2,3,86,4410
571,166,150,16,3.6,7176,8,6,2,113,3750
531,164,156,8,4.5,7177,5,5,1,73,3120
152,80,25,55,3.6,7178,8,6,3,131,625
266,111,56,55,4.8,7179,8,3,1,9,1400
463,150,123,27,3.7,7180,10,4,3,363,3075
540,157,140,17,5.0,7181,5,4,3,198,2800
522,152,126,26,4.7,7182,9,5,2,152,3780
421,146,113,33,4.6,7183,7,4,3,112,7910
241,97,34,63,3.5,7184,2,1,1,338,1190
583,148,116,32,3.3,7185,8,3,2,203,2900
256,93,34,59,4.0,7186,10,1,2,242,850
471,136,96,40,4.3,7187,6,5,1,185,8640
358,134,86,48,4.9,7188,10,5,3,143,2150
418,144,117,27,3.4,7189,5,3,1,303,2340
178,84,29,55,4.6,7190,4,4,2,234,435
501,156,140,16,3.6,7191,7,6,1,123,9800
239,102,41,61,4.5,7192,4,2,3,151,615
519,164,150,14,3.5,7193,9,4,1,284,4500
186,90,25,65,4.3,7194,6,6,1,333,2250
469,149,119,30,3.6,7195,10,5,2,221,2975
373,132,83,49,4.0,7196,6,1,2,194,7470
464,126,85,41,4.4,7197,3,4,2,66,5100
244,91,26,65,3.5,7198,8,4,2,36,650
228,105,49,56,3.9,7199,7,3,3,149,3430
344,118,72,46,3.4,7200,5,6,3,357,1440
192,88,22,66,3.3,7201,5,2,2,142,440
176,84,28,56,3.6,7202,9,5,2,132,840
500,154,133,21,3.4,7203,10,1,3,43,3325
460,129,86,43,4.4,7204,3,2,1,224,5160
362,125,73,52,3.7,7205,3,4,2,254,4380
418,136,102,34,4.5,7206,1,4,2,353,4080
550,160,148,12,3.7,7207,2,4,1,247,5180
481,142,101,41,3.5,7208,5,5,3,222,2020
418,146,116,30,4.5,7209,2,4,3,50,4060
354,119,64,55,4.9,7210,4,5,1,291,960
298,109,55,54,4.8,7211,4,4,1,83,825
240,102,43,59,4.8,7212,10,4,2,206,1075
522,166,159,7,4.9,7213,8,3,1,55,3975
306,115,68,47,3.1,7214,10,6,1,187,1700
223,89,34,55,3.1,7215,5,2,1,22,680
480,130,85,45,4.0,7216,8,3,1,365,2125
580,187,180,7,5.0,7217,6,5,3,10,16200
542,158,136,22,3.2,7218,1,3,1,120,5440
240,89,26,63,3.6,7219,3,5,1,82,1560
272,103,43,60,4.8,7220,6,5,2,142,3870
475,166,163,3,4.6,7221,6,2,3,308,14670
268,109,50,59,3.9,7222,3,3,1,85,3000
178,90,32,58,3.3,7223,3,3,3,16,1920
540,173,166,7,3.5,7224,6,4,3,364,14940
226,102,45,57,4.2,7225,5,4,1,5,900
236,88,30,58,3.2,7226,2,6,2,357,1050
389,126,71,55,3.9,7227,7,5,1,345,4970
580,183,183,0,3.7,7228,8,4,2,364,4575
374,126,73,53,3.7,7229,2,2,3,91,2555
576,163,142,21,3.3,7230,9,1,3,331,4260
312,129,85,44,4.9,7231,6,3,3,86,7650
340,123,79,44,3.0,7232,6,6,2,126,7110
588,167,159,8,3.3,7233,3,4,1,274,9540
505,133,85,48,4.0,7234,8,4,2,210,2125
349,109,46,63,3.3,7235,8,1,2,24,1150
587,181,178,3,5.0,7236,8,6,3,78,4450
402,144,117,27,3.6,7237,2,5,3,313,4095
522,156,134,22,4.3,7238,1,6,2,174,5360
326,107,49,58,4.6,7239,3,1,1,133,2940
591,146,107,39,4.9,7240,5,5,1,141,2140
241,95,31,64,4.5,7241,8,2,2,42,775
270,101,48,53,3.1,7242,2,3,2,145,1680
299,100,42,58,3.2,7243,1,4,2,25,1680
390,121,70,51,4.6,7244,6,6,1,79,6300
543,146,107,39,4.6,7245,5,5,2,33,2140
526,166,156,10,4.6,7246,1,4,3,135,6240
212,93,32,61,3.1,7247,3,1,3,75,1920
157,80,21,59,4.6,7248,7,1,3,186,1470
229,98,39,59,4.2,7249,7,1,2,146,2730
370,125,76,49,3.9,7250,7,4,2,258,5320
360,116,67,49,4.0,7251,6,6,2,117,6030
577,152,127,25,3.5,7252,1,2,1,37,5080
400,115,62,53,3.5,7253,6,6,2,125,5580
225,90,30,60,4.6,7254,8,1,1,307,750
595,158,132,26,3.2,7255,8,2,2,232,3300
402,129,82,47,5.0,7256,10,4,1,76,2050
507,133,89,44,4.2,7257,1,6,1,139,3560
233,96,42,54,3.5,7258,4,3,2,122,630
304,105,43,62,3.8,7259,3,6,2,327,2580
265,112,55,57,4.3,7260,4,5,2,23,825
482,141,110,31,3.7,7261,1,5,2,150,4400
206,94,36,58,3.3,7262,3,6,1,45,2160
490,151,124,27,4.1,7263,1,3,3,51,4960
203,97,32,65,3.5,7264,1,6,3,313,1280
586,153,124,29,3.3,7265,6,5,2,338,11160
315,102,51,51,4.6,7266,6,1,2,27,4590
580,147,115,32,3.7,7267,3,1,1,125,6900
300,100,42,58,4.2,7268,7,3,1,341,2940
423,123,77,46,4.0,7269,1,5,2,262,3080
460,151,117,34,3.6,7270,2,6,3,190,4095
570,182,178,4,3.8,7271,2,1,3,214,6230
245,105,52,53,3.0,7272,9,6,1,103,1560
370,129,88,41,3.5,7273,9,1,3,324,2640
264,103,43,60,4.2,7274,7,5,3,250,3010
358,122,71,51,3.2,7275,2,6,2,237,2485
429,138,97,41,4.3,7276,4,1,3,294,1455
491,148,117,31,4.6,7277,6,6,3,206,10530
323,103,42,61,4.6,7278,8,1,2,170,1050
489,142,110,32,5.0,7279,1,3,2,66,4400
465,154,129,25,4.7,7280,6,2,3,246,11610
272,103,40,63,4.9,7281,9,2,2,140,1200
297,111,59,52,4.3,7282,3,5,2,84,3540
190,86,27,59,3.2,7283,9,6,1,332,810
211,94,30,64,3.1,7284,5,2,3,343,600
183,84,29,55,5.0,7285,4,4,1,343,435
183,93,27,66,3.0,7286,2,3,3,17,945
598,157,143,14,4.7,7287,1,2,1,146,5720
291,102,38,64,3.2,7288,5,6,1,313,760
232,99,41,58,4.7,7289,2,5,2,230,1435
388,120,65,55,4.3,7290,8,1,2,171,1625
315,121,75,46,4.8,7291,6,1,3,174,6750
443,163,152,11,4.1,7292,9,5,3,308,4560
318,109,46,63,4.9,7293,4,3,1,357,690
299,115,66,49,3.2,7294,5,3,2,253,1320
535,145,114,31,4.8,7295,2,2,2,213,3990
212,98,44,54,4.6,7296,4,3,3,207,660
219,92,35,57,4.2,7297,5,4,2,205,700
582,176,174,2,4.7,7298,2,6,2,149,6090
565,171,166,5,3.7,7299,9,3,1,292,4980
340,116,61,55,4.2,7300,4,3,2,114,915
396,125,77,48,3.6,7301,4,2,3,142,1155
248,104,43,61,4.7,7302,8,6,2,293,1075
292,112,61,51,4.4,7303,3,4,2,277,3660
406,139,101,38,3.5,7304,9,4,3,16,3030
580,191,191,0,3.7,7305,6,1,3,346,17190
219,94,38,56,3.7,7306,3,2,3,261,2280
448,155,137,18,4.6,7307,9,2,2,95,4110
320,116,60,56,3.1,7308,7,4,2,86,4200
405,129,87,42,4.2,7309,3,6,2,281,5220
551,156,131,25,4.4,7310,2,6,2,72,4585
529,166,153,13,4.2,7311,7,1,1,155,10710
585,187,182,5,4.1,7312,6,1,3,358,16380
207,100,37,63,3.6,7313,5,3,3,241,740
574,153,124,29,3.8,7314,7,3,2,312,8680
203,92,38,54,4.4,7315,6,1,2,158,3420
286,107,53,54,4.0,7316,8,5,3,322,1325
223,100,41,59,3.8,7317,3,5,2,166,2460
189,82,17,65,3.0,7318,2,3,1,146,595
443,145,106,39,4.0,7319,2,6,2,43,3710
431,124,70,54,3.5,7320,2,6,2,262,2450
166,79,17,62,3.8,7321,4,1,2,289,255
271,113,59,54,4.8,7322,10,1,1,39,1475
358,116,57,59,4.6,7323,6,4,1,258,5130
324,112,63,49,3.6,7324,3,1,1,75,3780
485,135,98,37,3.4,7325,7,4,1,364,6860
360,122,70,52,3.0,7326,9,3,1,270,2100
256,115,60,55,4.7,7327,6,1,3,298,5400
194,84,22,62,3.9,7328,2,4,1,52,770
464,142,109,33,3.2,7329,4,4,2,185,1635
308,114,66,48,3.6,7330,5,1,3,85,1320
183,87,20,67,4.1,7331,2,3,3,89,700
329,132,85,47,3.1,7332,3,6,3,302,5100
228,97,38,59,3.7,7333,2,3,1,205,1330
193,85,29,56,4.2,7334,10,2,1,283,725
535,180,180,0,3.1,7335,6,5,3,141,16200
444,134,94,40,3.2,7336,5,2,2,54,1880
440,143,114,29,4.9,7337,3,6,1,227,6840
448,152,125,27,3.7,7338,7,2,1,322,8750
236,105,52,53,3.2,7339,2,3,1,342,1820
151,76,14,62,4.5,7340,3,5,2,53,840
485,138,93,45,3.8,7341,3,6,2,320,5580
380,131,89,42,3.9,7342,10,1,1,25,2225
198,91,38,53,3.3,7343,5,1,2,343,760
439,145,110,35,3.4,7344,7,2,2,244,7700
371,130,89,41,3.6,7345,7,5,1,226,6230
544,161,140,21,3.5,7346,1,1,2,26,5600
196,89,32,57,4.1,7347,10,1,2,298,800
298,110,61,49,4.8,7348,8,4,2,171,1525
216,85,26,59,3.9,7349,4,3,1,179,390
599,205,197,8,3.4,7350,10,2,3,212,4925
231,95,42,53,4.1,7351,6,1,1,156,3780
532,163,143,20,3.6,7352,9,2,3,238,4290
566,162,149,13,3.0,7353,10,3,2,98,3725
506,160,140,20,3.5,7354,6,5,3,268,12600
384,131,80,51,3.8,7355,7,3,1,171,5600
261,104,44,60,3.6,7356,7,2,1,196,3080
536,166,150,16,4.2,7357,9,5,2,209,4500
152,84,29,55,3.5,7358,7,3,3,347,2030
551,167,151,16,4.8,7359,9,5,2,98,4530
555,144,109,35,4.9,7360,7,6,1,14,7630
249,98,34,64,3.5,7361,6,3,1,198,3060
234,98,34,64,3.9,7362,10,4,2,112,850
596,147,121,26,3.8,7363,9,6,1,310,3630
590,168,154,14,4.4,7364,1,6,2,237,6160
454,129,77,52,4.2,7365,1,6,2,212,3080
470,160,148,12,4.2,7366,8,2,3,130,3700
497,151,120,31,3.1,7367,7,4,1,134,8400
216,93,28,65,3.0,7368,2,6,3,86,980
395,139,107,32,3.9,7369,8,6,1,334,2675
276,114,55,59,3.9,7370,9,4,2,25,1650
580,146,107,39,4.7,7371,8,5,1,301,2675
156,88,22,66,4.0,7372,1,5,3,200,880
427,128,75,53,4.0,7373,4,1,1,243,1125
570,183,174,9,4.1,7374,7,6,2,12,12180
549,179,178,1,3.8,7375,5,2,3,93,3560
443,154,127,27,4.2,7376,1,3,1,227,5080
206,87,24,63,4.7,7377,10,1,1,345,600
277,109,55,54,4.3,7378,10,1,2,221,1375
224,94,36,58,4.4,7379,5,4,1,249,720
438,138,103,35,3.9,7380,8,3,1,209,2575
309,118,71,47,4.6,7381,7,6,1,343,4970
454,137,100,37,3.6,7382,2,4,3,41,3500
176,91,34,57,4.6,7383,10,5,2,49,850
268,97,45,52,3.4,7384,1,1,2,163,1800
208,86,24,62,3.0,7385,8,3,2,310,600
340,115,68,47,4.9,7386,5,4,2,148,1360
491,131,81,50,3.1,7387,6,5,2,111,7290
207,93,36,57,4.4,7388,5,3,1,318,720
521,147,118,29,3.7,7389,8,3,2,172,2950
351,118,67,51,3.2,7390,3,3,1,294,4020
553,140,108,32,4.5,7391,3,4,1,277,6480
429,146,107,39,4.8,7392,2,2,1,88,3745
242,93,33,60,3.7,7393,8,4,2,230,825
191,90,30,60,4.0,7394,7,6,2,30,2100
183,89,35,54,3.5,7395,7,1,3,249,2450
478,140,107,33,3.5,7396,1,5,2,187,4280
295,99,33,66,4.2,7397,1,3,1,321,1320
363,119,69,50,3.2,7398,1,3,1,72,2760
246,97,40,57,4.9,7399,3,2,2,46,2400
297,121,71,50,3.7,7400,4,2,3,336,1065
440,130,86,44,3.2,7401,2,5,2,340,3010
179,89,29,60,3.7,7402,5,6,3,207,580
233,99,45,54,4.0,7403,2,5,3,303,1575
503,166,151,15,4.1,7404,7,1,3,187,10570
281,108,52,56,4.9,7405,7,6,3,16,3640
414,117,68,49,4.8,7406,4,6,1,17,1020
597,154,125,29,4.2,7407,9,1,2,253,3750
161,81,21,60,3.3,7408,3,1,2,42,1260
421,131,91,40,4.4,7409,7,6,3,141,6370
234,96,31,65,4.8,7410,5,3,2,94,620
380,120,66,54,3.8,7411,1,3,2,215,2640
181,90,29,61,4.2,7412,1,1,2,16,1160
197,90,37,53,3.7,7413,10,5,3,293,925
490,163,144,19,3.5,7414,2,1,3,272,5040
574,144,112,32,4.9,7415,5,3,1,316,2240
309,111,60,51,4.8,7416,6,3,3,199,5400
328,123,79,44,4.5,7417,4,5,1,192,1185
384,133,91,42,3.7,7418,1,4,2,108,3640
243,97,43,54,3.6,7419,6,2,3,188,3870
154,84,18,66,3.2,7420,10,4,2,23,450
537,168,157,11,3.9,7421,7,5,3,333,10990
365,133,92,41,3.3,7422,2,6,1,167,3220
541,158,145,13,4.8,7423,5,4,3,192,2900
242,90,34,56,4.9,7424,7,1,1,34,2380
321,130,81,49,3.3,7425,7,6,3,141,5670
321,124,82,42,3.9,7426,3,3,1,16,4920
215,95,42,53,3.3,7427,9,2,1,359,1260
235,88,35,53,5.0,7428,1,1,1,176,1400
158,86,31,55,5.0,7429,6,1,3,179,2790
207,89,34,55,4.0,7430,3,5,1,116,2040
580,173,173,0,3.2,7431,8,3,3,257,4325
584,176,176,0,3.3,7432,9,2,3,280,5280
362,134,92,42,4.5,7433,2,4,1,100,3220
482,166,152,14,5.0,7434,3,6,3,205,9120
538,156,128,28,4.0,7435,4,6,1,40,1920
322,125,83,42,4.3,7436,7,4,2,166,5810
241,112,62,50,3.4,7437,5,2,3,237,1240
390,130,82,48,3.5,7438,5,6,2,79,1640
472,158,143,15,3.8,7439,7,4,2,101,10010
227,93,40,53,3.2,7440,4,1,2,317,600
172,90,35,55,4.9,7441,8,5,1,235,875
473,152,132,20,4.6,7442,5,4,3,220,2640
174,82,18,64,3.3,7443,1,2,1,141,720
347,132,91,41,4.5,7444,4,1,1,74,1365
565,182,175,7,4.8,7445,5,3,3,331,3500
218,92,39,53,3.0,7446,7,6,1,254,2730
258,100,42,58,3.9,7447,2,6,2,316,1470
474,152,121,31,4.0,7448,1,6,1,258,4840
170,85,20,65,3.1,7449,5,2,1,331,400
168,83,17,66,3.6,7450,4,5,3,269,255
423,132,84,48,4.1,7451,4,4,3,178,1260
391,127,85,42,4.4,7452,3,6,3,47,5100
243,92,38,54,3.4,7453,2,6,1,18,1330
428,146,113,33,4.2,7454,9,6,3,19,3390
386,131,83,48,4.1,7455,7,4,3,174,5810
440,135,99,36,3.1,7456,9,5,1,47,2970
500,160,145,15,4.4,7457,7,5,3,365,10150
167,85,26,59,4.1,7458,4,3,1,254,390
224,97,35,62,4.4,7459,8,2,2,342,875
292,109,54,55,3.7,7460,6,4,2,39,4860
555,166,154,12,3.2,7461,2,3,3,131,5390
472,131,91,40,4.2,7462,5,4,1,225,1820
517,136,92,44,4.6,7463,4,5,1,258,1380
423,142,103,39,4.3,7464,3,5,3,248,6180
525,148,116,32,4.5,7465,3,3,1,93,6960
520,167,158,9,3.3,7466,7,6,1,313,11060
375,122,74,48,4.9,7467,10,6,3,15,1850
273,99,42,57,3.8,7468,1,6,2,73,1680
325,122,66,56,4.5,7469,10,2,2,81,1650
431,136,100,36,3.4,7470,3,2,2,1,6000
270,104,45,59,3.7,7471,10,3,1,196,1125
410,119,62,57,3.5,7472,4,5,1,121,930
320,113,59,54,4.9,7473,9,4,3,237,1770
495,154,136,18,4.0,7474,8,1,3,189,3400
596,200,196,4,3.2,7475,6,4,3,6,17640
381,130,79,51,3.6,7476,2,1,2,209,2765
274,101,40,61,3.7,7477,3,3,2,149,2400
485,131,89,42,4.9,7478,8,2,1,99,2225
302,103,41,62,4.9,7479,9,6,2,58,1230
178,79,22,57,4.4,7480,3,6,2,251,1320
514,161,142,19,4.8,7481,8,2,1,181,3550
550,155,137,18,4.8,7482,4,3,3,97,2055
253,107,50,57,4.4,7483,9,6,3,269,1500
500,166,159,7,4.0,7484,1,2,3,125,6360
447,140,105,35,4.7,7485,6,3,3,44,9450
524,138,97,41,3.7,7486,1,2,2,66,3880
232,92,28,64,3.9,7487,5,1,1,332,560
447,135,94,41,4.3,7488,4,5,3,268,1410
161,83,19,64,3.4,7489,6,2,3,16,1710
560,148,124,24,3.7,7490,6,4,2,35,11160
201,95,34,61,3.6,7491,8,4,1,59,850
295,113,60,53,4.6,7492,2,1,3,286,2100
231,101,45,56,3.4,7493,10,5,1,322,1125
474,158,139,19,4.2,7494,9,3,1,187,4170
354,132,93,39,3.4,7495,1,3,1,79,3720
525,160,146,14,3.4,7496,6,2,3,100,13140
594,183,177,6,4.3,7497,6,5,1,109,15930
404,152,120,32,4.7,7498,8,1,3,303,3000
177,89,23,66,4.8,7499,7,5,2,111,1610
266,102,45,57,4.0,7500,2,3,2,84,1575
410,145,117,28,4.2,7501,6,1,1,166,10530
572,179,179,0,3.1,7502,8,4,3,251,4475
203,98,45,53,4.5,7503,10,1,3,273,1125
567,192,184,8,3.6,7504,10,3,3,56,4600
575,168,164,4,3.4,7505,2,2,2,341,5740
471,146,111,35,4.3,7506,1,5,2,326,4440
583,154,136,18,4.2,7507,10,1,2,19,3400
546,164,150,14,4.3,7508,10,6,3,317,3750
304,119,67,52,4.0,7509,9,5,1,48,2010
371,141,101,40,4.8,7510,5,1,3,236,2020
325,127,74,53,3.8,7511,9,1,3,207,2220
484,144,109,35,4.6,7512,5,6,3,110,2180
599,150,122,28,3.2,7513,7,5,2,319,8540
401,134,95,39,3.5,7514,6,6,3,281,8550
194,93,27,66,3.3,7515,7,2,1,283,1890
505,153,133,20,3.1,7516,3,5,2,184,7980
195,82,17,65,4.3,7517,5,6,1,171,340
508,183,183,0,4.0,7518,6,6,3,329,16470
595,155,133,22,3.1,7519,2,1,1,139,4655
314,107,55,52,4.0,7520,6,6,1,330,4950
533,159,141,18,4.0,7521,1,1,2,37,5640
524,175,168,7,3.7,7522,6,5,3,121,15120
497,166,155,11,4.2,7523,6,1,2,307,13950
571,159,140,19,4.2,7524,7,3,2,194,9800
546,162,142,20,3.3,7525,10,6,1,333,3550
518,172,171,1,4.8,7526,5,3,2,32,3420
573,158,140,18,3.9,7527,3,4,1,220,8400
238,100,43,57,4.4,7528,9,6,1,160,1290
406,143,105,38,3.0,7529,2,2,3,196,3675
252,109,55,54,4.9,7530,9,1,3,286,1650
205,95,36,59,4.2,7531,6,3,2,76,3240
317,115,61,54,4.3,7532,10,5,3,30,1525
578,197,197,0,4.6,7533,1,1,3,263,7880
225,86,30,56,3.3,7534,9,2,1,130,900
365,129,84,45,3.3,7535,1,3,2,240,3360
473,138,95,43,3.3,7536,7,1,3,209,6650
413,129,77,52,3.4,7537,8,6,1,351,1925
546,148,118,30,3.3,7538,3,2,2,59,7080
287,122,73,49,3.4,7539,8,5,3,329,1825
280,106,53,53,3.3,7540,5,3,2,315,1060
501,138,103,35,3.6,7541,3,2,1,49,6180
448,125,78,47,4.4,7542,2,3,1,137,2730
225,103,45,58,4.9,7543,3,2,3,280,2700
191,95,42,53,3.6,7544,8,4,3,220,1050
394,139,102,37,4.8,7545,8,2,1,298,2550
402,120,64,56,4.3,7546,2,4,2,269,2240
252,100,43,57,4.7,7547,10,2,2,159,1075
418,144,116,28,3.4,7548,1,5,2,8,4640
487,129,83,46,4.0,7549,4,2,1,265,1245
397,131,87,44,4.8,7550,4,4,2,16,1305
389,119,64,55,4.0,7551,7,2,2,5,4480
244,103,39,64,3.7,7552,1,5,2,97,1560
497,159,142,17,3.3,7553,6,4,2,321,12780
530,154,133,21,3.8,7554,8,6,1,315,3325
600,154,127,27,4.3,7555,1,3,2,216,5080
209,103,45,58,3.3,7556,4,1,3,128,675
182,88,27,61,3.7,7557,1,5,3,262,1080
596,172,164,8,3.1,7558,10,4,3,322,4100
593,191,191,0,4.2,7559,6,4,3,135,17190
552,178,178,0,3.8,7560,1,3,2,280,7120
581,169,168,1,3.3,7561,9,6,3,176,5040
262,111,49,62,4.1,7562,8,6,2,112,1225
423,154,134,20,3.6,7563,5,1,3,277,2680
465,127,86,41,3.5,7564,3,6,1,71,5160
287,114,56,58,3.9,7565,7,2,1,15,3920
514,164,144,20,4.6,7566,8,3,1,256,3600
470,153,129,24,4.0,7567,9,6,2,218,3870
386,132,92,40,4.2,7568,2,2,2,8,3220
468,157,133,24,4.8,7569,1,6,2,324,5320
582,153,131,22,3.2,7570,2,3,2,88,4585
165,91,33,58,3.8,7571,8,4,3,197,825
427,137,100,37,4.5,7572,3,5,1,357,6000
170,90,32,58,4.5,7573,10,4,3,2,800
450,152,120,32,3.1,7574,6,2,3,258,10800
375,129,84,45,3.5,7575,8,5,3,223,2100
419,128,79,49,3.4,7576,1,1,2,219,3160
232,103,51,52,3.4,7577,8,3,1,277,1275
208,102,39,63,4.0,7578,8,3,3,41,975
185,83,18,65,4.5,7579,3,5,1,242,1080
231,95,34,61,4.6,7580,9,4,1,227,1020
375,129,84,45,4.4,7581,10,1,1,95,2100
246,107,55,52,3.7,7582,7,3,1,29,3850
464,146,117,29,4.1,7583,1,1,3,143,4680
408,129,80,49,4.5,7584,2,1,2,139,2800
214,97,38,59,4.5,7585,2,6,1,341,1330
273,113,60,53,4.8,7586,7,6,1,61,4200
166,83,18,65,5.0,7587,1,4,1,248,720
254,92,34,58,4.0,7588,4,4,1,56,510
245,103,39,64,4.2,7589,8,1,1,158,975
232,98,46,52,3.7,7590,8,4,2,354,1150
521,170,160,10,3.9,7591,7,4,2,111,11200
578,156,134,22,4.6,7592,2,5,2,92,4690
383,133,89,44,4.1,7593,5,1,3,38,1780
531,170,169,1,4.5,7594,2,1,2,74,5915
369,115,61,54,3.2,7595,10,6,1,342,1525
518,169,164,5,4.0,7596,7,6,1,12,11480
457,141,99,42,3.4,7597,1,2,2,118,3960
261,99,41,58,3.1,7598,4,1,1,166,615
237,107,55,52,3.2,7599,8,3,3,141,1375
364,117,64,53,4.3,7600,7,5,1,270,4480
280,113,57,56,4.8,7601,9,2,1,229,1710
285,97,32,65,4.1,7602,1,2,1,333,1280
228,102,43,59,4.3,7603,5,4,2,221,860
412,122,67,55,4.0,7604,10,2,2,136,1675
175,89,30,59,3.7,7605,6,6,2,47,2700
499,163,146,17,4.5,7606,4,3,3,238,2190
526,157,143,14,5.0,7607,2,4,2,219,5005
566,168,154,14,4.0,7608,6,1,2,103,13860
329,105,50,55,3.5,7609,4,5,2,217,750
298,120,71,49,4.7,7610,9,3,3,226,2130
600,200,196,4,4.7,7611,1,2,3,331,7840
466,142,104,38,3.9,7612,2,1,3,260,3640
174,82,19,63,4.8,7613,7,2,2,111,1330
541,144,108,36,4.8,7614,8,5,2,231,2700
311,106,42,64,3.9,7615,7,6,2,150,2940
319,113,59,54,3.3,7616,8,4,2,304,1475
491,162,148,14,3.6,7617,10,1,3,299,3700
428,143,108,35,4.5,7618,3,5,3,261,6480
461,152,126,26,4.4,7619,1,6,3,94,5040
405,131,83,48,3.8,7620,5,4,2,336,1660
305,115,56,59,4.2,7621,7,1,2,112,3920
320,127,78,49,4.1,7622,4,5,3,276,1170
442,139,107,32,3.7,7623,6,2,2,24,9630
219,101,37,64,3.2,7624,8,6,1,341,925
474,153,124,29,4.9,7625,9,1,3,234,3720
279,112,60,52,4.9,7626,9,1,3,275,1800
493,148,120,28,3.4,7627,7,6,1,225,8400
595,170,170,0,3.5,7628,4,2,1,95,2550
536,164,151,13,3.2,7629,5,4,1,241,3020
175,87,26,61,4.0,7630,7,3,3,307,1820
452,157,137,20,4.7,7631,10,3,1,59,3425
413,136,94,42,3.2,7632,4,6,2,126,1410
433,141,108,33,3.9,7633,9,4,2,90,3240
477,138,99,39,3.6,7634,10,4,1,107,2475
161,82,26,56,4.6,7635,10,1,2,202,650
492,149,119,30,4.7,7636,9,5,2,148,3570
235,93,28,65,4.5,7637,3,4,2,350,1680
226,93,28,65,4.9,7638,7,4,3,196,1960
349,129,90,39,3.7,7639,8,1,3,100,2250
163,79,16,63,4.6,7640,8,5,2,74,400
515,149,123,26,3.8,7641,6,1,2,14,11070
591,167,157,10,4.4,7642,3,2,2,308,9420
416,124,70,54,3.5,7643,9,2,1,203,2100
333,127,83,44,3.3,7644,8,4,2,180,2075
563,159,137,22,3.5,7645,1,4,1,253,5480
167,81,28,53,4.1,7646,5,6,3,54,560
160,84,24,60,3.8,7647,1,2,1,166,960
156,88,26,62,4.4,7648,9,3,3,295,780
350,125,82,43,3.8,7649,5,5,2,105,1640
540,152,131,21,3.2,7650,2,1,1,99,4585
335,109,51,58,5.0,7651,5,5,2,237,1020
453,160,137,23,3.8,7652,5,4,3,86,2740
535,158,132,26,4.6,7653,2,2,1,344,4620
209,101,40,61,3.6,7654,1,4,3,158,1600
301,104,41,63,4.0,7655,3,3,2,67,2460
430,149,116,33,3.4,7656,10,2,1,257,2900
289,105,42,63,4.7,7657,3,3,2,59,2520
579,163,144,19,3.6,7658,1,6,1,112,5760
525,175,174,1,4.4,7659,9,3,3,65,5220
462,148,114,34,4.9,7660,3,3,1,224,6840
351,137,94,43,4.4,7661,9,2,3,130,2820
337,106,43,63,4.3,7662,7,1,1,279,3010
284,98,36,62,4.8,7663,5,3,2,49,720
271,109,53,56,3.7,7664,7,2,2,340,3710
179,92,30,62,4.4,7665,10,4,2,314,750
283,112,51,61,3.0,7666,5,1,2,347,1020
408,116,63,53,3.1,7667,3,3,2,197,3780
584,162,141,21,4.6,7668,1,1,3,117,5640
358,124,73,51,3.3,7669,6,3,1,4,6570
295,104,42,62,3.7,7670,9,3,1,42,1260
510,163,145,18,3.3,7671,4,3,2,284,2175
563,175,173,2,3.2,7672,7,4,2,106,12110
259,110,59,51,4.7,7673,10,6,3,243,1475
577,201,201,0,3.8,7674,2,5,3,34,7035
222,91,33,58,4.9,7675,10,6,2,169,825
491,132,87,45,4.3,7676,2,3,2,332,3045
397,133,86,47,4.4,7677,10,2,3,82,2150
216,104,45,59,3.7,7678,4,1,3,38,675
581,153,125,28,3.3,7679,10,3,1,2,3125
322,123,70,53,3.6,7680,8,5,1,137,1750
532,185,179,6,4.7,7681,3,6,3,271,10740
281,110,60,50,4.9,7682,4,4,3,24,900
556,171,161,10,4.1,7683,1,3,2,180,6440
258,93,27,66,4.6,7684,1,3,1,331,1080
291,102,42,60,4.5,7685,1,1,2,342,1680
568,177,168,9,4.3,7686,1,6,2,108,6720
178,90,30,60,4.0,7687,1,3,2,204,1200
341,109,51,58,3.4,7688,4,4,2,242,765
417,138,103,35,3.9,7689,4,4,3,142,1545
447,150,115,35,3.2,7690,8,5,3,296,2875
216,98,36,62,4.2,7691,7,3,1,271,2520
196,82,21,61,3.3,7692,8,4,1,13,525
461,127,77,50,3.4,7693,6,3,1,280,6930
490,162,147,15,4.2,7694,3,4,2,339,8820
175,85,29,56,4.9,7695,6,1,1,342,2610
184,88,25,63,3.4,7696,3,4,1,207,1500
397,120,76,44,4.5,7697,6,4,1,200,6840
332,123,79,44,3.9,7698,9,6,3,16,2370
588,175,175,0,4.8,7699,4,6,3,252,2625
475,164,157,7,4.0,7700,3,2,3,314,9420
287,110,50,60,4.9,7701,5,3,2,196,1000
359,119,70,49,3.0,7702,3,3,2,315,4200
352,131,85,46,4.9,7703,7,2,1,190,5950
172,92,36,56,4.1,7704,5,4,3,362,720
557,177,169,8,3.7,7705,4,3,2,12,2535
182,89,30,59,4.7,7706,1,1,2,312,1200
571,194,193,1,3.4,7707,1,2,3,328,7720
236,97,37,60,3.1,7708,4,3,3,93,555
356,118,60,58,3.7,7709,5,3,1,1,1200
587,192,192,0,3.1,7710,8,1,3,230,4800
192,91,34,57,3.5,7711,10,6,2,177,850
166,86,22,64,3.7,7712,5,3,2,337,440
575,198,192,6,4.6,7713,2,2,3,282,6720
463,148,122,26,3.5,7714,9,6,3,356,3660
220,96,34,62,4.7,7715,10,2,1,283,850
554,171,171,0,3.9,7716,5,5,1,137,3420
439,138,106,32,3.4,7717,5,3,2,124,2120
304,113,53,60,4.1,7718,7,4,2,67,3710
333,104,49,55,4.2,7719,8,4,1,44,1225
270,119,65,54,4.4,7720,5,1,3,51,1300
534,176,176,0,4.4,7721,6,1,3,74,15840
288,108,46,62,3.4,7722,2,5,1,220,1610
535,172,163,9,4.6,7723,3,3,3,114,9780
541,167,156,11,4.3,7724,10,3,1,237,3900
424,135,88,47,3.9,7725,7,1,3,56,6160
216,97,37,60,4.7,7726,1,2,3,355,1480
379,142,110,32,4.6,7727,8,6,3,80,2750
212,96,37,59,3.6,7728,7,6,3,138,2590
585,145,109,36,4.4,7729,1,6,1,134,4360
202,85,26,59,4.8,7730,10,5,1,114,650
565,197,193,4,3.4,7731,8,5,3,243,4825
214,93,35,58,4.7,7732,10,4,2,268,875
234,102,51,51,4.6,7733,3,5,2,259,3060
243,94,34,60,4.3,7734,8,4,1,340,850
415,144,107,37,4.9,7735,3,4,1,4,6420
402,147,111,36,3.3,7736,9,3,3,37,3330
520,163,142,21,4.3,7737,8,2,2,166,3550
218,89,35,54,4.1,7738,6,2,2,238,3150
304,107,44,63,4.6,7739,9,1,1,1,1320
489,138,95,43,3.8,7740,7,3,1,80,6650
477,158,140,18,3.8,7741,6,5,2,129,12600
186,92,31,61,4.7,7742,2,3,3,94,1085
300,104,42,62,4.2,7743,6,4,1,172,3780
401,151,119,32,4.1,7744,3,4,3,337,7140
418,121,70,51,3.8,7745,9,3,2,278,2100
555,179,171,8,3.7,7746,8,6,3,55,4275
238,102,50,52,3.7,7747,9,4,3,320,1500
208,97,44,53,3.9,7748,2,5,2,268,1540
353,142,105,37,4.0,7749,10,1,3,163,2625
455,136,91,45,3.7,7750,6,5,2,1,8190
283,99,43,56,3.4,7751,3,4,2,270,2580
316,103,50,53,4.1,7752,2,4,2,272,1750
583,166,149,17,3.7,7753,3,5,2,104,8940
528,152,123,29,4.1,7754,4,4,3,126,1845
267,95,35,60,4.0,7755,3,4,2,260,2100
524,168,155,13,3.7,7756,2,6,3,187,5425
563,180,174,6,4.5,7757,5,1,2,232,3480
463,128,86,42,3.2,7758,8,2,2,1,2150
365,133,87,46,4.6,7759,9,4,2,322,2610
576,152,119,33,3.9,7760,4,3,2,125,1785
356,114,54,60,4.3,7761,5,3,1,20,1080
405,141,109,32,3.9,7762,2,6,3,134,3815
325,109,59,50,3.0,7763,5,5,2,31,1180
183,89,34,55,4.2,7764,2,3,1,217,1190
583,171,167,4,3.2,7765,5,5,3,39,3340
308,108,47,61,4.7,7766,10,5,1,333,1175
586,173,164,9,4.1,7767,7,6,2,315,11480
326,108,46,62,4.1,7768,3,4,2,265,2760
309,106,42,64,4.7,7769,1,6,1,93,1680
470,149,123,26,4.1,7770,9,4,1,342,3690
354,133,84,49,4.0,7771,8,2,3,1,2100
373,118,69,49,4.5,7772,4,1,2,37,1035
456,146,117,29,3.1,7773,10,2,3,187,2925
531,158,137,21,4.1,7774,8,6,3,161,3425
407,155,135,20,3.2,7775,9,4,3,221,4050
505,182,174,8,3.3,7776,9,1,3,135,5220
167,86,20,66,4.4,7777,4,1,2,87,300
265,107,55,52,4.9,7778,8,1,3,192,1375
206,89,28,61,3.9,7779,5,5,3,271,560
409,138,97,41,4.0,7780,2,4,1,89,3395
441,135,91,44,3.8,7781,1,4,2,285,3640
275,109,47,62,3.2,7782,9,3,3,54,1410
433,152,126,26,4.1,7783,7,4,2,14,8820
307,117,70,47,3.4,7784,8,3,1,43,1750
478,159,142,17,4.1,7785,3,1,1,271,8520
276,122,75,47,3.7,7786,1,3,3,80,3000
217,99,42,57,3.4,7787,6,6,2,95,3780
381,113,58,55,3.6,7788,3,5,1,315,3480
295,113,52,61,3.5,7789,10,1,1,346,1300
317,119,64,55,4.4,7790,6,4,3,279,5760
511,153,131,22,3.3,7791,3,6,3,271,7860
257,110,50,60,3.2,7792,8,5,1,111,1250
533,186,181,5,4.3,7793,2,6,3,354,6335
405,143,103,40,3.3,7794,3,6,2,298,6180
576,189,189,0,3.9,7795,10,6,3,270,4725
191,89,33,56,4.2,7796,1,2,2,243,1320
184,86,30,56,3.6,7797,1,2,1,299,1200
488,143,112,31,4.9,7798,1,3,3,288,4480
476,174,174,0,3.3,7799,2,2,3,189,6090
446,143,109,34,4.7,7800,4,4,1,237,1635
194,91,36,55,4.4,7801,3,2,2,89,2160
575,175,175,0,4.5,7802,3,5,2,180,10500
185,84,27,57,3.8,7803,4,1,2,70,405
365,133,91,42,3.2,7804,7,5,3,306,6370
508,157,132,25,4.6,7805,4,3,1,168,1980
270,108,54,54,4.4,7806,8,5,1,187,1350
447,124,80,44,3.1,7807,9,2,2,223,2400
556,178,176,2,3.3,7808,2,6,2,269,6160
484,139,105,34,3.9,7809,8,3,2,127,2625
469,130,86,44,4.9,7810,5,4,1,110,1720
278,107,48,59,3.3,7811,6,5,3,283,4320
563,178,176,2,4.5,7812,5,4,3,348,3520
448,125,79,46,3.1,7813,3,2,1,285,4740
593,159,137,22,4.5,7814,2,2,1,95,4795
272,94,39,55,4.7,7815,8,1,2,228,975
173,80,14,66,4.8,7816,7,4,1,272,980
300,127,80,47,4.6,7817,9,1,3,86,2400
462,160,142,18,4.3,7818,9,1,3,200,4260
438,144,104,40,3.6,7819,8,1,2,95,2600
556,156,129,27,4.4,7820,7,6,3,347,9030
519,147,118,29,4.3,7821,1,2,1,308,4720
326,114,61,53,3.3,7822,4,2,1,21,915
227,103,43,60,4.2,7823,7,6,1,264,3010
290,105,41,64,4.0,7824,7,1,1,83,2870
529,154,124,30,4.8,7825,2,1,2,163,4340
395,140,109,31,3.9,7826,6,2,1,80,9810
214,92,39,53,4.5,7827,7,1,3,346,2730
269,106,53,53,3.1,7828,5,2,3,138,1060
180,89,23,66,3.1,7829,5,5,2,123,460
427,129,90,39,4.7,7830,7,2,1,211,6300
308,117,70,47,4.6,7831,10,6,1,139,1750
589,153,127,26,4.7,7832,9,6,1,288,3810
201,87,25,62,3.4,7833,4,1,1,30,375
516,166,162,4,3.7,7834,5,6,2,318,3240
483,166,153,13,5.0,7835,6,4,3,11,13770
261,109,48,61,4.0,7836,1,5,3,106,1920
329,103,52,51,3.9,7837,9,5,2,160,1560
579,175,175,0,4.6,7838,7,6,1,291,12250
441,147,116,31,4.9,7839,5,3,2,76,2320
240,101,42,59,4.5,7840,5,6,1,110,840
547,188,179,9,4.7,7841,4,3,3,362,2685
159,82,20,62,4.5,7842,9,1,1,13,600
598,167,156,11,3.1,7843,2,6,2,292,5460
352,121,74,47,3.7,7844,6,1,2,213,6660
372,111,60,51,3.5,7845,6,2,1,321,5400
265,93,40,53,3.9,7846,9,1,2,128,1200
473,152,128,24,4.5,7847,4,2,2,168,1920
562,176,176,0,4.1,7848,10,5,1,256,4400
338,121,67,54,4.7,7849,5,1,1,356,1340
202,89,36,53,4.1,7850,3,4,3,142,2160
280,96,35,61,4.1,7851,8,2,1,103,875
588,169,160,9,3.1,7852,7,6,2,118,11200
437,121,74,47,4.1,7853,8,4,1,275,1850
510,178,172,6,3.7,7854,10,3,3,343,4300
512,145,106,39,4.3,7855,1,5,2,176,4240
513,136,99,37,3.5,7856,9,3,1,250,2970
401,139,103,36,3.8,7857,6,1,3,174,9270
152,84,30,54,5.0,7858,8,4,2,70,750
152,84,21,63,4.5,7859,10,4,2,338,525
262,103,44,59,4.8,7860,6,4,1,354,3960
503,142,103,39,3.5,7861,8,4,2,12,2575
284,99,33,66,3.5,7862,5,6,1,118,660
204,86,21,65,3.1,7863,9,6,1,67,630
401,154,130,24,4.1,7864,1,4,3,163,5200
586,156,131,25,4.5,7865,5,1,1,139,2620
320,124,80,44,4.3,7866,1,5,1,344,3200
160,90,32,58,3.3,7867,7,6,3,193,2240
199,85,26,59,4.3,7868,9,1,2,117,780
424,136,102,34,4.6,7869,9,5,3,317,3060
344,114,56,58,4.1,7870,6,5,1,235,5040
259,95,32,63,4.9,7871,4,3,2,16,480
264,102,41,61,4.2,7872,9,2,1,263,1230
505,138,97,41,3.7,7873,10,1,1,211,2425
284,99,45,54,4.5,7874,8,1,2,257,1125
200,92,37,55,4.1,7875,9,3,1,342,1110
279,112,57,55,4.3,7876,5,2,3,325,1140
450,145,112,33,5.0,7877,1,3,2,133,4480
519,145,106,39,3.8,7878,5,2,2,151,2120
359,114,57,57,3.9,7879,6,2,2,24,5130
236,100,48,52,4.5,7880,1,4,3,230,1920
472,158,133,25,4.7,7881,6,6,1,322,11970
382,150,115,35,4.5,7882,10,6,3,208,2875
223,96,36,60,3.8,7883,8,6,2,287,900
509,136,89,47,4.0,7884,7,5,2,98,6230
312,114,60,54,3.7,7885,6,3,3,107,5400
226,94,41,53,3.4,7886,2,1,2,317,1435
362,128,77,51,4.0,7887,3,1,3,244,4620
351,120,72,48,4.7,7888,6,2,1,107,6480
255,101,48,53,4.8,7889,9,5,3,9,1440
272,97,37,60,4.4,7890,8,2,1,322,925
285,116,62,54,3.8,7891,10,3,3,337,1550
200,95,33,62,3.1,7892,8,1,3,244,825
562,167,163,4,4.7,7893,10,1,2,144,4075
463,134,98,36,4.6,7894,6,3,1,250,8820
467,167,154,13,4.6,7895,3,3,3,357,9240
510,177,175,2,4.7,7896,8,1,3,264,4375
573,183,183,0,4.0,7897,2,6,2,255,6405
183,85,26,59,3.4,7898,4,6,1,278,390
482,149,125,24,3.1,7899,10,4,1,222,3125
527,179,175,4,3.5,7900,10,2,3,30,4375
451,158,133,25,3.9,7901,4,1,3,277,1995
444,158,134,24,3.1,7902,3,1,3,157,8040
238,100,48,52,4.5,7903,9,2,2,68,1440
406,136,93,43,4.7,7904,10,1,1,317,2325
188,88,34,54,3.2,7905,8,5,2,44,850
479,143,107,36,4.5,7906,4,3,1,227,1605
582,153,126,27,4.6,7907,7,3,1,93,8820
562,167,158,9,4.2,7908,7,2,2,293,11060
233,108,51,57,4.6,7909,2,6,3,173,1785
587,185,185,0,4.9,7910,4,1,1,259,2775
443,139,100,39,3.5,7911,10,5,2,42,2500
381,129,83,46,3.5,7912,10,1,2,126,2075
272,94,40,54,3.9,7913,10,1,1,116,1000
154,76,14,62,4.9,7914,6,3,1,319,1260
176,84,20,64,4.6,7915,2,2,2,354,700
565,167,158,9,4.0,7916,1,3,1,34,6320
521,139,102,37,3.3,7917,9,3,2,212,3060
362,109,49,60,4.1,7918,5,4,2,129,980
163,87,23,64,4.4,7919,9,2,1,99,690
192,90,31,59,4.4,7920,4,3,3,296,465
353,129,82,47,4.9,7921,4,1,2,160,1230
428,136,98,38,3.4,7922,3,6,3,81,5880
285,100,41,59,4.8,7923,9,2,2,334,1230
542,169,161,8,3.3,7924,4,4,3,171,2415
433,153,131,22,4.8,7925,2,1,3,271,4585
303,100,44,56,3.3,7926,7,1,1,236,3080
562,174,174,0,4.6,7927,7,5,3,209,12180
459,138,92,46,4.0,7928,9,5,1,240,2760
164,83,24,59,3.8,7929,1,5,2,172,960
241,89,26,63,4.4,7930,1,2,1,302,1040
261,101,41,60,3.6,7931,8,6,3,136,1025
309,123,72,51,4.3,7932,2,2,1,222,2520
225,89,27,62,5.0,7933,5,6,1,341,540
279,113,61,52,4.6,7934,2,2,1,208,2135
231,95,41,54,3.8,7935,7,4,3,43,2870
436,130,87,43,4.9,7936,2,5,2,129,3045
358,118,66,52,3.3,7937,8,5,2,3,1650
514,160,149,11,3.0,7938,3,5,2,249,8940
565,195,195,0,4.2,7939,3,5,3,103,11700
487,144,112,32,4.5,7940,2,6,1,282,3920
439,147,116,31,3.1,7941,9,2,1,260,3480
180,92,29,63,4.3,7942,2,1,3,268,1015
464,161,146,15,3.9,7943,9,5,3,290,4380
246,92,38,54,3.9,7944,1,6,2,190,1520
322,110,59,51,4.4,7945,1,5,2,355,2360
258,110,61,49,4.2,7946,7,3,2,331,4270
441,145,118,27,4.0,7947,3,3,1,212,7080
593,186,181,5,4.3,7948,1,5,2,354,7240
523,159,135,24,4.6,7949,4,3,1,182,2025
566,143,112,31,4.7,7950,3,2,1,30,6720
429,152,131,21,3.4,7951,7,1,3,96,9170
398,142,104,38,4.7,7952,9,6,3,277,3120
374,121,69,52,4.7,7953,6,3,1,5,6210
509,159,138,21,3.2,7954,8,1,1,234,3450
247,95,31,64,3.2,7955,10,2,1,135,775
228,106,54,52,3.8,7956,2,4,3,317,1890
174,90,27,63,4.4,7957,6,5,3,172,2430
416,154,125,29,4.0,7958,4,1,3,42,1875
439,129,80,49,5.0,7959,4,4,1,218,1200
517,182,182,0,4.3,7960,3,6,3,75,10920
432,135,95,40,3.4,7961,1,6,3,219,3800
188,92,26,66,3.5,7962,8,2,1,206,650
260,111,56,55,3.3,7963,1,3,2,196,2240
360,113,56,57,3.7,7964,1,5,1,177,2240
573,172,164,8,4.1,7965,7,5,2,13,11480
346,117,71,46,3.1,7966,9,1,3,199,2130
367,133,90,43,4.6,7967,9,5,3,104,2700
531,157,129,28,5.0,7968,4,2,2,121,1935
312,103,49,54,4.6,7969,7,2,2,204,3430
353,117,64,53,3.9,7970,5,5,1,284,1280
464,132,83,49,3.2,7971,7,1,2,245,5810
473,127,75,52,4.7,7972,8,6,2,130,1875
470,142,105,37,3.6,7973,7,5,2,96,7350
172,86,28,58,4.0,7974,7,3,3,251,1960
588,162,140,22,3.6,7975,9,6,2,199,4200
413,136,101,35,4.1,7976,10,3,2,187,2525
352,136,98,38,4.5,7977,1,2,3,318,3920
455,135,97,38,3.3,7978,7,1,2,301,6790
466,157,142,15,4.5,7979,2,2,2,33,4970
176,87,20,67,3.3,7980,3,6,3,68,1200
253,99,39,60,3.3,7981,3,4,1,187,2340
330,106,54,52,3.3,7982,8,5,2,118,1350
473,143,105,38,4.8,7983,2,2,3,119,3675
416,141,110,31,5.0,7984,7,3,2,156,7700
366,126,73,53,3.2,7985,5,5,3,124,1460
531,162,144,18,4.3,7986,5,4,1,49,2880
224,104,51,53,3.1,7987,1,3,3,165,2040
349,129,84,45,3.2,7988,5,6,2,169,1680
583,169,165,4,4.3,7989,2,3,3,324,5775
474,142,113,29,4.0,7990,6,1,1,199,10170
274,120,74,46,3.6,7991,1,6,3,31,2960
202,94,33,61,4.9,7992,1,2,3,350,1320
485,143,105,38,3.7,7993,3,1,2,147,6300
457,132,84,48,4.1,7994,8,5,1,10,2100
369,119,65,54,3.8,7995,4,4,2,16,975
345,125,72,53,3.1,7996,3,2,2,54,4320
358,113,61,52,4.8,7997,5,3,2,87,1220
502,167,164,3,3.1,7998,1,3,2,111,6560
413,151,128,23,3.3,7999,5,1,3,318,2560
216,92,38,54,3.5,8000,2,4,1,101,1330
293,114,61,53,4.6,8001,4,5,2,329,915
546,164,157,7,4.1,8002,8,1,1,123,3925
517,160,143,17,3.4,8003,6,3,2,300,12870
230,97,42,55,3.2,8004,10,1,1,157,1050
152,80,24,56,4.2,8005,6,1,1,354,2160
333,135,91,44,4.8,8006,1,1,3,344,3640
466,150,128,22,4.8,8007,4,1,3,3,1920
291,100,40,60,4.1,8008,3,2,1,108,2400
592,149,121,28,3.5,8009,7,1,1,158,8470
525,147,113,34,3.2,8010,6,1,1,139,10170
311,110,61,49,3.8,8011,4,1,2,192,915
276,110,52,58,3.9,8012,6,2,3,258,4680
332,114,56,58,4.2,8013,1,6,3,185,2240
386,123,79,44,4.4,8014,3,4,2,324,4740
522,159,145,14,3.4,8015,10,1,3,277,3625
411,122,73,49,4.3,8016,10,1,1,258,1825
218,97,33,64,3.3,8017,5,6,3,1,660
386,131,93,38,4.7,8018,9,4,2,108,2790
504,158,133,25,3.4,8019,6,5,2,35,11970
196,91,24,67,4.1,8020,4,6,3,164,360
315,113,56,57,4.0,8021,8,3,1,240,1400
291,125,76,49,3.7,8022,8,1,3,305,1900
472,158,132,26,4.9,8023,3,3,2,322,7920
206,96,41,55,4.0,8024,6,1,3,3,3690
542,156,136,20,3.8,8025,10,1,3,363,3400
489,143,108,35,5.0,8026,8,2,1,13,2700
494,150,122,28,4.1,8027,3,6,3,179,7320
253,113,57,56,4.3,8028,8,4,3,284,1425
159,82,25,57,4.6,8029,2,4,1,330,875
331,107,56,51,4.7,8030,9,3,2,256,1680
292,113,52,61,4.5,8031,1,1,1,148,2080
156,86,28,58,3.3,8032,4,1,3,163,420
477,139,102,37,4.3,8033,2,6,1,173,3570
341,109,48,61,3.8,8034,8,1,1,230,1200
232,102,50,52,3.2,8035,1,6,3,61,2000
351,129,86,43,4.3,8036,2,4,2,159,3010
432,152,129,23,4.5,8037,10,5,2,215,3225
561,154,131,23,3.4,8038,4,2,1,101,1965
295,111,60,51,3.6,8039,6,6,3,205,5400
479,161,145,16,4.1,8040,6,5,1,81,13050
372,122,71,51,4.9,8041,4,6,3,209,1065
359,116,56,60,3.7,8042,5,5,2,179,1120
363,130,87,43,3.3,8043,4,2,3,53,1305
593,171,167,4,3.6,8044,5,4,3,94,3340
226,99,44,55,3.3,8045,1,4,2,229,1760
207,93,40,53,4.2,8046,1,3,1,337,1600
204,101,46,55,3.8,8047,8,4,3,137,1150
424,144,109,35,4.1,8048,9,1,2,289,3270
161,86,24,62,3.2,8049,9,3,1,318,720
444,164,157,7,4.7,8050,10,4,3,318,3925
592,174,174,0,3.9,8051,9,5,1,128,5220
421,158,132,26,3.4,8052,8,5,3,321,3300
588,184,181,3,3.4,8053,3,5,1,67,10860
295,109,59,50,4.6,8054,2,3,3,295,2065
387,133,89,44,3.6,8055,9,3,3,74,2670
554,154,127,27,3.5,8056,9,5,1,97,3810
474,166,162,4,3.7,8057,5,3,3,317,3240
364,140,96,44,3.8,8058,7,5,3,175,6720
451,150,128,22,3.4,8059,1,5,1,286,5120
364,139,101,38,4.6,8060,2,1,3,159,3535
259,99,37,62,5.0,8061,3,2,2,214,2220
361,116,63,53,4.2,8062,2,6,1,270,2205
172,85,27,58,3.9,8063,1,4,1,24,1080
339,129,88,41,4.4,8064,5,1,3,14,1760
466,158,144,14,4.2,8065,8,6,1,79,3600
299,104,40,64,4.0,8066,7,5,2,138,2800
150,82,18,64,4.1,8067,1,4,3,194,720
283,105,51,54,4.0,8068,1,4,1,270,2040
466,131,81,50,4.7,8069,7,2,2,179,5670
556,167,155,12,4.3,8070,4,4,1,81,2325
476,157,129,28,3.4,8071,8,2,3,177,3225
517,166,152,14,3.1,8072,1,4,1,112,6080
577,161,146,15,4.3,8073,6,3,1,97,13140
211,86,21,65,4.9,8074,9,4,2,62,630
270,101,41,60,4.0,8075,8,5,1,355,1025
461,162,150,12,4.3,8076,2,6,3,241,5250
333,133,89,44,4.6,8077,4,6,3,360,1335
539,159,147,12,3.1,8078,8,2,1,233,3675
271,94,37,57,4.9,8079,5,5,1,62,740
283,114,62,52,4.1,8080,2,1,2,32,2170
153,81,22,59,3.6,8081,4,6,3,331,330
256,97,32,65,4.3,8082,6,4,2,200,2880
369,142,108,34,3.8,8083,4,1,3,200,1620
270,106,42,64,3.2,8084,8,6,1,175,1050
564,143,104,39,3.3,8085,10,1,2,292,2600
585,202,199,3,3.3,8086,7,6,3,219,13930
596,191,191,0,3.2,8087,1,3,3,302,7640
259,103,43,60,3.7,8088,9,6,2,277,1290
490,151,118,33,4.2,8089,4,1,1,53,1770
216,100,40,60,4.2,8090,6,2,1,55,3600
266,108,52,56,4.8,8091,10,2,1,66,1300
245,97,40,57,3.8,8092,10,5,3,66,1000
508,137,91,46,4.9,8093,1,5,2,199,3640
459,141,102,39,4.2,8094,2,6,3,170,3570
555,183,180,3,3.9,8095,6,1,3,41,16200
472,143,110,33,4.0,8096,2,2,3,248,3850
569,145,108,37,4.5,8097,6,3,2,149,9720
561,153,123,30,4.6,8098,7,1,1,12,8610
237,95,29,66,4.6,8099,10,4,2,172,725
178,86,20,66,4.6,8100,8,6,2,171,500
419,124,71,53,4.9,8101,1,1,2,282,2840
226,107,55,52,5.0,8102,3,1,3,19,3300
370,126,76,50,4.0,8103,3,4,1,142,4560
554,165,157,8,3.5,8104,8,1,2,118,3925
531,171,171,0,3.1,8105,2,6,2,136,5985
482,130,89,41,3.9,8106,5,5,1,95,1780
197,89,30,59,3.1,8107,10,4,3,24,750
190,86,21,65,3.0,8108,6,2,2,192,1890
255,106,51,55,3.2,8109,9,2,1,247,1530
578,167,164,3,4.8,8110,5,6,1,174,3280
196,97,39,58,4.2,8111,3,6,3,330,2340
570,152,126,26,3.3,8112,10,2,1,297,3150
568,181,173,8,3.4,8113,10,5,2,113,4325
586,189,188,1,4.8,8114,8,5,3,42,4700
529,160,140,20,3.3,8115,1,4,1,347,5600
460,141,101,40,4.7,8116,1,4,3,73,4040
246,105,42,63,3.5,8117,5,3,2,347,840
278,112,51,61,4.6,8118,6,3,2,73,4590
237,98,36,62,3.1,8119,6,6,3,251,3240
484,157,130,27,3.0,8120,9,3,2,116,3900
474,130,78,52,4.8,8121,8,5,2,315,1950
424,132,90,42,4.7,8122,6,1,3,131,8100
495,163,150,13,4.4,8123,6,1,3,321,13500
592,175,174,1,4.5,8124,10,4,3,148,4350
556,155,128,27,3.6,8125,10,1,1,260,3200
155,84,20,64,3.2,8126,5,6,1,315,400
595,181,176,5,3.8,8127,2,4,2,9,6160
436,147,122,25,4.8,8128,4,6,1,356,1830
348,133,84,49,4.0,8129,5,1,3,119,1680
324,117,67,50,4.7,8130,6,5,3,326,6030
344,107,56,51,4.9,8131,1,3,2,211,2240
484,134,90,44,3.3,8132,10,4,1,79,2250
456,148,121,27,4.6,8133,5,2,3,204,2420
162,80,19,61,4.1,8134,2,3,1,234,665
232,104,45,59,4.3,8135,3,3,2,358,2700
247,106,49,57,4.5,8136,3,2,1,160,2940
218,95,38,57,3.4,8137,3,2,3,116,2280
465,148,118,30,4.6,8138,4,1,1,252,1770
539,160,145,15,5.0,8139,8,5,3,288,3625
430,124,81,43,3.2,8140,9,3,2,342,2430
367,117,63,54,3.7,8141,2,4,2,207,2205
416,144,108,36,4.0,8142,8,1,2,361,2700
529,186,181,5,3.0,8143,6,4,3,348,16290
452,128,78,50,3.3,8144,2,3,2,185,2730
268,101,46,55,4.3,8145,2,2,3,332,1610
208,97,43,54,3.4,8146,8,6,3,113,1075
505,168,164,4,4.3,8147,1,5,1,124,6560
424,131,80,51,3.2,8148,3,1,1,125,4800
205,93,27,66,4.4,8149,2,5,1,349,945
166,87,25,62,3.1,8150,9,1,3,328,750
273,106,43,63,4.0,8151,10,1,3,163,1075
385,133,85,48,3.3,8152,2,1,3,312,2975
358,128,88,40,4.7,8153,7,2,3,255,6160
264,110,58,52,4.6,8154,8,1,1,249,1450
486,133,91,42,3.3,8155,2,2,2,337,3185
276,96,32,64,3.9,8156,5,5,2,151,640
478,137,103,34,4.3,8157,7,6,1,54,7210
512,138,95,43,3.1,8158,1,4,2,135,3800
529,165,155,10,4.1,8159,2,3,3,138,5425
555,173,173,0,3.5,8160,6,3,1,133,15570
315,121,76,45,4.7,8161,2,4,1,144,2660
155,83,21,62,3.9,8162,3,2,1,85,1260
565,153,132,21,3.4,8163,4,2,2,102,1980
211,93,27,66,4.5,8164,1,2,2,230,1080
450,124,79,45,4.4,8165,8,1,1,194,1975
525,139,100,39,3.7,8166,10,3,2,219,2500
380,112,55,57,4.5,8167,3,5,2,83,3300
249,91,28,63,3.7,8168,10,4,2,32,700
529,178,171,7,3.3,8169,7,4,3,211,11970
384,113,61,52,4.0,8170,6,4,2,46,5490
196,87,30,57,3.5,8171,2,6,1,48,1050
201,90,37,53,3.7,8172,7,1,1,289,2590
309,107,44,63,4.1,8173,1,3,1,177,1760
288,109,52,57,4.8,8174,7,3,2,149,3640
386,125,82,43,3.1,8175,10,4,2,88,2050
173,84,26,58,3.1,8176,1,5,3,246,1040
332,114,62,52,4.4,8177,5,5,1,296,1240
200,89,35,54,3.4,8178,1,2,1,218,1400
280,103,40,63,3.6,8179,3,2,3,328,2400
430,134,96,38,4.0,8180,2,3,2,248,3360
492,177,170,7,3.4,8181,5,6,3,21,3400
311,123,73,50,4.5,8182,3,1,3,233,4380
280,113,65,48,4.2,8183,10,3,3,221,1625
233,103,50,53,3.6,8184,7,4,2,85,3500
442,132,82,50,4.9,8185,2,1,2,117,2870
297,108,49,59,3.5,8186,1,5,3,180,1960
435,134,89,45,4.3,8187,6,1,2,113,8010
335,127,83,44,3.8,8188,8,6,3,177,2075
319,115,55,60,3.2,8189,10,3,1,51,1375
429,126,76,50,4.0,8190,9,5,1,252,2280
153,88,32,56,4.3,8191,7,3,3,43,2240
272,118,63,55,3.9,8192,7,1,3,291,4410
433,138,97,41,3.1,8193,2,4,1,154,3395
291,101,41,60,3.7,8194,3,1,2,28,2460
213,104,48,56,3.7,8195,1,1,3,39,1920
369,120,65,55,3.6,8196,3,6,2,77,3900
164,80,23,57,4.0,8197,5,4,1,104,460
349,116,60,56,4.3,8198,6,5,2,176,5400
366,134,88,46,3.6,8199,2,4,1,238,3080
593,194,192,2,3.9,8200,4,5,3,6,2880
170,81,19,62,3.4,8201,2,4,2,210,665
191,82,18,64,4.4,8202,3,6,1,198,1080
210,87,28,59,3.9,8203,5,6,2,275,560
378,133,91,42,4.2,8204,1,3,1,260,3640
503,166,160,6,4.9,8205,2,4,1,22,5600
488,175,175,0,3.4,8206,9,3,3,149,5250
166,83,25,58,3.1,8207,7,6,3,278,1750
553,158,135,23,3.1,8208,8,1,3,107,3375
267,112,59,53,4.2,8209,2,4,1,329,2065
413,145,119,26,3.4,8210,3,1,3,30,7140
519,137,96,41,4.5,8211,7,6,1,234,6720
294,108,45,63,3.1,8212,9,3,3,242,1350
233,103,48,55,3.3,8213,1,2,1,75,1920
180,82,21,61,3.6,8214,4,5,2,162,315
175,91,25,66,4.7,8215,7,1,3,8,1750
595,153,134,19,3.8,8216,4,5,2,68,2010
360,138,92,46,4.7,8217,3,4,3,114,5520
194,82,18,64,4.3,8218,5,2,2,253,360
202,97,39,58,3.5,8219,2,5,3,185,1365
357,117,65,52,3.7,8220,7,1,2,255,4550
400,115,66,49,3.5,8221,10,6,1,238,1650
326,132,89,43,3.4,8222,4,1,3,123,1335
429,139,94,45,4.5,8223,6,6,1,258,8460
278,114,54,60,4.6,8224,8,2,1,305,1350
555,194,187,7,3.7,8225,4,5,3,74,2805
428,139,95,44,3.3,8226,10,4,3,108,2375
296,116,67,49,3.4,8227,9,2,3,154,2010
189,86,30,56,4.8,8228,8,3,3,235,750
584,153,129,24,3.2,8229,2,6,2,288,4515
418,137,97,40,4.7,8230,4,1,2,72,1455
381,114,58,56,4.3,8231,8,3,2,41,1450
388,118,59,59,4.2,8232,2,2,1,100,2065
263,113,65,48,3.3,8233,1,6,3,58,2600
533,138,102,36,3.9,8234,7,5,2,328,7140
306,119,73,46,4.3,8235,6,4,1,131,6570
281,120,71,49,3.2,8236,10,3,3,227,1775
186,91,36,55,3.1,8237,1,1,1,28,1440
329,126,80,46,3.1,8238,5,3,2,300,1600
419,129,87,42,4.1,8239,9,4,3,357,2610
271,95,39,56,4.2,8240,8,1,1,141,975
315,114,66,48,3.6,8241,8,3,1,174,1650
190,88,23,65,3.1,8242,3,4,1,74,1380
575,163,156,7,4.0,8243,3,5,2,175,9360
299,102,40,62,3.9,8244,5,5,2,31,800
498,175,167,8,5.0,8245,7,4,3,95,11690
152,78,16,62,4.7,8246,3,5,1,84,960
379,148,116,32,4.5,8247,7,6,3,236,8120
550,179,171,8,4.6,8248,4,4,3,35,2565
278,111,55,56,3.1,8249,4,2,2,192,825
305,127,75,52,4.6,8250,5,1,3,172,1500
319,115,66,49,4.6,8251,6,2,2,80,5940
555,176,167,9,4.6,8252,6,1,3,261,15030
415,133,95,38,4.6,8253,1,1,1,209,3800
289,113,59,54,4.5,8254,2,2,2,131,2065
506,164,154,10,3.9,8255,5,6,2,241,3080
318,107,44,63,4.1,8256,4,6,2,229,660
385,122,69,53,4.4,8257,9,6,1,97,2070
583,163,147,16,3.9,8258,4,1,1,269,2205
419,133,96,37,4.1,8259,2,4,2,265,3360
431,126,80,46,5.0,8260,4,2,1,45,1200
337,125,71,54,4.7,8261,9,4,1,319,2130
491,156,140,16,4.2,8262,5,1,3,340,2800
428,122,75,47,4.6,8263,5,6,1,178,1500
252,101,41,60,3.2,8264,10,1,2,120,1025
592,162,151,11,3.2,8265,4,4,2,290,2265
298,102,50,52,4.9,8266,7,2,2,65,3500
436,140,100,40,3.9,8267,4,5,1,344,1500
569,143,102,41,3.8,8268,2,4,2,256,3570
470,163,153,10,4.9,8269,5,2,3,352,3060
539,139,102,37,3.2,8270,9,1,1,123,3060
350,106,49,57,4.7,8271,10,5,2,114,1225
223,88,34,54,4.9,8272,4,6,2,213,510
376,123,67,56,4.4,8273,3,1,3,153,4020
242,97,44,53,3.3,8274,3,3,3,78,2640
387,148,121,27,3.0,8275,4,4,3,42,1815
158,83,20,63,3.9,8276,3,5,3,48,1200
409,126,78,48,4.1,8277,1,6,3,138,3120
414,145,106,39,3.6,8278,6,5,2,156,9540
399,118,71,47,4.2,8279,4,5,2,187,1065
369,129,84,45,4.6,8280,5,5,2,248,1680
536,137,101,36,4.5,8281,6,1,1,62,9090
259,103,51,52,4.6,8282,8,3,2,203,1275
393,123,69,54,4.8,8283,10,2,2,99,1725
286,98,34,64,4.2,8284,8,1,2,50,850
161,81,28,53,3.5,8285,5,5,1,361,560
244,104,50,54,4.5,8286,2,3,1,311,1750
556,158,145,13,4.0,8287,1,6,3,127,5800
271,94,35,59,3.2,8288,1,1,2,122,1400
171,82,28,54,4.7,8289,3,4,2,229,1680
476,145,114,31,3.2,8290,10,4,1,78,2850
432,144,110,34,3.5,8291,9,3,3,118,3300
237,105,45,60,3.3,8292,3,3,1,104,2700
358,110,59,51,5.0,8293,6,4,1,199,5310
221,104,48,56,4.1,8294,6,4,3,88,4320
372,117,58,59,3.2,8295,4,2,1,177,870
564,175,170,5,4.4,8296,1,2,2,89,6800
201,83,23,60,3.4,8297,5,3,2,172,460
567,159,136,23,3.2,8298,2,1,1,103,4760
242,98,38,60,3.4,8299,10,6,3,12,950
452,132,83,49,4.2,8300,1,5,1,335,3320
558,152,128,24,4.6,8301,7,4,1,177,8960
238,104,42,62,4.6,8302,10,4,2,6,1050
418,119,60,59,3.6,8303,5,3,1,292,1200
257,109,58,51,3.7,8304,1,4,1,61,2320
189,90,27,63,3.6,8305,2,3,2,35,945
280,97,31,66,3.9,8306,5,2,2,127,620
373,133,92,41,3.3,8307,3,3,1,184,5520
179,90,28,62,3.3,8308,10,2,1,328,700
522,146,107,39,3.8,8309,3,1,2,172,6420
218,90,31,59,4.6,8310,2,2,2,177,1085
175,93,38,55,4.1,8311,6,5,3,360,3420
286,120,73,47,4.4,8312,5,5,3,69,1460
359,133,84,49,4.6,8313,6,1,3,8,7560
524,143,106,37,4.9,8314,8,5,1,145,2650
463,158,140,18,3.9,8315,2,3,3,118,4900
364,136,95,41,3.8,8316,7,4,3,201,6650
515,158,139,19,3.2,8317,2,2,3,143,4865
156,78,15,63,3.3,8318,6,2,2,250,1350
530,164,157,7,4.4,8319,6,1,2,14,14130
211,85,19,66,3.6,8320,8,4,2,112,475
467,137,99,38,3.2,8321,7,2,1,165,6930
366,130,84,46,4.2,8322,3,1,2,299,5040
424,132,84,48,4.2,8323,5,5,2,257,1680
314,119,61,58,3.0,8324,1,1,1,48,2440
168,82,19,63,5.0,8325,7,3,3,265,1330
257,98,44,54,4.4,8326,5,4,3,217,880
502,153,121,32,4.9,8327,8,5,1,177,3025
334,118,72,46,4.8,8328,5,4,1,103,1440
287,99,39,60,3.7,8329,8,5,2,319,975
210,91,31,60,4.5,8330,1,6,3,327,1240
172,79,18,61,3.4,8331,9,6,1,283,540
598,205,205,0,4.4,8332,5,4,3,270,4100
229,98,37,61,4.7,8333,2,5,3,122,1295
200,90,26,64,3.8,8334,5,4,1,2,520
394,127,76,51,4.1,8335,3,2,3,231,4560
592,175,175,0,4.2,8336,1,5,3,258,7000
251,93,30,63,4.6,8337,5,6,1,64,600
308,116,62,54,3.8,8338,8,5,2,168,1550
206,98,34,64,3.7,8339,2,5,1,161,1190
157,80,18,62,3.8,8340,6,1,3,328,1620
154,81,19,62,3.5,8341,8,4,2,320,475
466,169,156,13,4.0,8342,3,5,3,282,9360
585,161,141,20,4.9,8343,3,6,1,22,8460
290,111,58,53,3.1,8344,2,5,3,246,2030
347,123,72,51,3.5,8345,7,1,3,99,5040
435,123,70,53,4.8,8346,4,3,2,211,1050
399,152,119,33,4.0,8347,9,6,3,269,3570
181,87,30,57,4.3,8348,2,1,1,247,1050
348,126,73,53,4.8,8349,3,4,3,190,4380
533,146,115,31,4.2,8350,4,5,2,238,1725
161,82,20,62,3.4,8351,10,2,3,199,500
572,195,189,6,4.1,8352,2,6,3,174,6615
412,155,133,22,4.8,8353,8,6,3,40,3325
338,113,52,61,3.4,8354,4,3,3,342,780
306,128,81,47,3.6,8355,6,4,3,162,7290
322,117,66,51,4.6,8356,3,1,1,262,3960
216,97,37,60,4.1,8357,6,5,2,209,3330
276,108,58,50,4.9,8358,2,6,1,335,2030
350,138,95,43,4.1,8359,1,6,3,94,3800
206,92,33,59,4.8,8360,2,6,1,127,1155
292,115,60,55,4.4,8361,10,4,2,154,1500
489,147,123,24,3.8,8362,3,5,1,174,7380
455,155,126,29,4.6,8363,10,3,1,108,3150
300,110,50,60,3.9,8364,4,4,2,266,750
459,146,116,30,3.5,8365,7,2,2,6,8120
308,118,68,50,3.2,8366,6,3,3,244,6120
591,178,170,8,4.6,8367,6,1,2,229,15300
434,123,76,47,4.6,8368,1,2,2,298,3040
330,128,83,45,3.5,8369,8,6,3,345,2075
376,118,64,54,4.2,8370,8,2,2,225,1600
593,151,118,33,4.3,8371,9,3,1,295,3540
534,182,178,4,4.9,8372,6,3,3,292,16020
213,102,44,58,3.0,8373,7,6,3,297,3080
248,102,39,63,3.7,8374,8,1,1,164,975
206,83,20,63,5.0,8375,8,6,2,207,500
549,179,179,0,4.3,8376,5,5,2,319,3580
474,140,100,40,3.1,8377,4,5,2,166,1500
388,136,94,42,4.2,8378,2,2,2,121,3290
412,140,101,39,3.3,8379,2,3,2,170,3535
463,152,121,31,3.7,8380,8,4,2,336,3025
331,126,85,41,3.6,8381,6,3,2,250,7650
300,119,74,45,4.6,8382,7,3,1,86,5180
457,139,97,42,4.3,8383,8,3,1,48,2425
383,133,86,47,3.4,8384,3,5,2,150,5160
375,138,97,41,4.8,8385,5,5,2,99,1940
217,101,37,64,3.8,8386,3,3,3,202,2220
598,175,175,0,3.9,8387,5,4,1,279,3500
255,107,43,64,3.5,8388,4,4,2,184,645
351,124,69,55,3.3,8389,4,5,1,124,1035
573,157,137,20,3.5,8390,10,5,2,300,3425
541,164,150,14,3.4,8391,3,5,3,67,9000
349,118,66,52,3.5,8392,10,6,2,144,1650
275,94,33,61,4.7,8393,1,1,1,83,1320
380,122,72,50,3.2,8394,9,2,1,184,2160
377,121,63,58,4.2,8395,2,4,3,23,2205
488,170,170,0,3.9,8396,6,1,3,265,15300
498,160,142,18,3.2,8397,8,1,2,24,3550
243,109,54,55,4.1,8398,7,1,3,264,3780
177,86,20,66,3.5,8399,8,5,2,169,500
454,127,85,42,3.9,8400,3,1,2,305,5100
330,133,97,36,3.4,8401,5,2,3,364,1940
439,143,109,34,4.6,8402,9,1,1,167,3270
346,131,88,43,4.8,8403,4,1,3,361,1320
177,88,25,63,3.1,8404,4,1,1,227,375
267,93,38,55,4.5,8405,9,5,1,215,1140
170,85,27,58,5.0,8406,6,1,3,111,2430
201,98,46,52,3.6,8407,3,1,3,51,2760
230,104,41,63,3.1,8408,7,5,3,194,2870
599,153,132,21,4.1,8409,6,6,1,173,11880
426,140,106,34,3.3,8410,7,6,3,237,7420
584,179,178,1,3.6,8411,3,3,2,211,10680
462,151,125,26,4.3,8412,4,4,2,3,1875
460,157,137,20,4.1,8413,1,2,3,191,5480
439,164,147,17,4.2,8414,7,2,3,23,10290
280,102,47,55,4.4,8415,2,6,3,290,1645
589,171,171,0,4.4,8416,10,3,3,308,4275
395,140,108,32,3.6,8417,1,1,1,336,4320
484,160,137,23,4.7,8418,1,6,3,149,5480
377,112,51,61,4.6,8419,3,1,2,171,3060
426,134,85,49,3.2,8420,2,2,2,2,2975
151,81,27,54,3.5,8421,10,3,3,285,675
328,106,55,51,4.8,8422,8,4,1,11,1375
188,88,27,61,4.5,8423,7,2,2,60,1890
331,105,46,59,3.7,8424,4,6,1,169,690
498,143,110,33,4.1,8425,8,2,3,50,2750
478,154,124,30,3.6,8426,10,4,2,58,3100
231,98,39,59,4.6,8427,8,5,3,164,975
580,159,142,17,4.1,8428,5,1,1,71,2840
252,98,44,54,4.7,8429,10,5,2,285,1100
519,151,124,27,3.9,8430,2,2,2,206,4340
556,169,159,10,4.6,8431,1,5,1,278,6360
262,117,63,54,3.2,8432,2,5,3,111,2205
470,127,74,53,4.0,8433,5,4,2,243,1480
266,115,68,47,4.7,8434,8,3,3,136,1700
203,84,29,55,4.5,8435,5,6,2,281,580
315,130,86,44,4.3,8436,1,3,3,95,3440
544,144,106,38,4.4,8437,10,5,2,38,2650
516,174,167,7,4.7,8438,2,4,3,200,5845
345,126,73,53,4.1,8439,4,5,2,218,1095
579,167,157,10,3.9,8440,10,2,1,91,3925
586,153,127,26,4.3,8441,4,3,1,104,1905
394,119,69,50,4.7,8442,8,5,2,149,1725
353,135,91,44,3.6,8443,8,3,3,181,2275
409,145,114,31,4.2,8444,4,3,2,99,1710
469,132,82,50,4.8,8445,5,2,1,211,1640
394,143,105,38,4.9,8446,5,3,1,177,2100
278,108,51,57,3.3,8447,4,1,3,20,765
199,88,33,55,4.3,8448,6,1,3,325,2970
399,126,75,51,3.9,8449,5,2,3,149,1500
286,106,42,64,3.9,8450,10,2,3,124,1050
341,131,88,43,4.5,8451,1,6,3,334,3520
535,162,140,22,4.0,8452,1,2,2,135,5600
374,114,54,60,4.0,8453,1,5,2,144,2160
504,137,96,41,4.7,8454,9,4,1,32,2880
265,117,66,51,4.4,8455,10,4,3,14,1650
527,137,95,42,4.6,8456,5,1,1,139,1900
184,94,33,61,3.1,8457,2,3,3,257,1155
206,84,27,57,4.9,8458,8,5,2,337,675
197,89,30,59,3.1,8459,4,1,1,59,450
273,104,39,65,5.0,8460,9,3,3,250,1170
483,157,132,25,3.4,8461,9,4,3,139,3960
196,89,31,58,4.8,8462,9,3,3,131,930
305,119,63,56,5.0,8463,1,6,1,244,2520
208,92,37,55,4.3,8464,2,3,3,212,1295
153,85,26,59,4.4,8465,3,1,2,291,1560
293,106,56,50,3.1,8466,1,4,3,232,2240
443,148,112,36,4.1,8467,5,1,2,16,2240
443,132,88,44,5.0,8468,8,3,2,356,2200
158,86,27,59,4.0,8469,7,6,3,320,1890
567,174,168,6,3.8,8470,3,4,1,121,10080
183,90,33,57,4.7,8471,7,1,1,168,2310
458,128,76,52,3.7,8472,9,6,1,161,2280
191,92,29,63,4.1,8473,8,6,1,57,725
499,160,146,14,3.3,8474,1,1,1,247,5840
458,156,131,25,3.9,8475,10,3,2,214,3275
529,174,165,9,4.1,8476,4,3,3,64,2475
166,93,32,61,4.2,8477,8,1,3,19,800
248,95,33,62,4.4,8478,1,4,2,217,1320
453,148,116,32,3.3,8479,1,3,1,51,4640
298,123,69,54,4.0,8480,7,3,3,98,4830
270,103,44,59,4.1,8481,5,1,3,24,880
258,109,50,59,3.0,8482,3,6,1,136,3000
205,93,38,55,3.5,8483,3,2,1,126,2280
390,128,86,42,4.9,8484,4,6,1,156,1290
521,163,145,18,3.2,8485,7,6,2,21,10150
414,146,115,31,3.4,8486,5,6,1,231,2300
449,152,122,30,3.1,8487,10,6,2,265,3050
414,136,98,38,4.1,8488,3,6,1,181,5880
159,82,22,60,4.3,8489,8,6,1,14,550
475,136,92,44,4.5,8490,9,2,2,249,2760
241,105,46,59,4.0,8491,4,6,2,163,690
427,134,99,35,4.2,8492,7,3,1,12,6930
358,123,69,54,3.6,8493,10,3,1,221,1725
231,109,54,55,4.4,8494,6,5,3,135,4860
289,97,42,55,4.9,8495,4,3,2,39,630
164,86,25,61,3.5,8496,10,2,1,108,625
433,123,74,49,3.8,8497,6,6,1,192,6660
572,170,168,2,4.5,8498,3,1,2,48,10080
332,114,61,53,4.4,8499,4,3,2,199,915
549,175,170,5,4.8,8500,1,5,3,17,6800
365,136,90,46,4.8,8501,3,1,3,76,5400
326,104,50,54,3.1,8502,6,3,1,210,4500
343,138,97,41,3.6,8503,2,1,3,288,3395
415,156,128,28,4.0,8504,7,3,3,109,8960
390,127,79,48,3.2,8505,7,2,2,306,5530
235,102,43,59,4.8,8506,8,6,1,258,1075
343,136,90,46,3.4,8507,1,4,3,23,3600
454,144,110,34,3.0,8508,1,3,3,347,4400
565,172,164,8,4.1,8509,9,4,2,218,4920
375,132,90,42,4.9,8510,7,3,3,92,6300
557,167,159,8,4.2,8511,3,1,2,89,9540
263,111,60,51,4.7,8512,1,4,1,294,2400
290,121,68,53,3.4,8513,10,4,3,301,1700
511,135,91,44,3.7,8514,2,3,1,177,3185
255,107,47,60,4.5,8515,3,5,1,305,2820
500,154,129,25,4.4,8516,8,4,2,91,3225
332,104,42,62,3.8,8517,9,5,2,360,1260
212,99,36,63,3.8,8518,1,4,2,6,1440
173,84,25,59,4.4,8519,5,4,1,336,500
166,82,27,55,4.4,8520,8,4,3,87,675
350,119,66,53,3.5,8521,4,6,2,295,990
549,150,123,27,4.6,8522,5,6,1,318,2460
205,95,40,55,4.7,8523,6,6,2,143,3600
555,172,172,0,3.2,8524,7,6,1,142,12040
528,154,134,20,3.4,8525,8,6,2,218,3350
371,122,66,56,4.1,8526,6,5,2,271,5940
476,138,96,42,3.9,8527,4,6,2,220,1440
320,117,69,48,5.0,8528,6,1,3,354,6210
285,109,49,60,3.2,8529,10,3,1,298,1225
426,121,67,54,3.4,8530,2,5,2,186,2345
500,143,106,37,4.9,8531,5,2,2,84,2120
275,104,50,54,4.9,8532,10,3,1,57,1250
278,114,61,53,4.1,8533,5,3,2,218,1220
352,111,54,57,4.1,8534,3,1,1,279,3240
215,97,43,54,3.7,8535,3,3,3,10,2580
296,104,41,63,4.6,8536,9,2,2,173,1230
398,128,86,42,3.0,8537,2,3,2,71,3010
516,160,145,15,3.4,8538,4,4,2,169,2175
402,127,84,43,3.1,8539,8,6,2,317,2100
415,150,124,26,4.0,8540,2,6,3,105,4340
472,144,114,30,4.2,8541,2,2,2,269,3990
416,120,75,45,3.4,8542,3,2,2,32,4500
409,129,81,48,4.6,8543,1,6,3,130,3240
283,102,41,61,4.9,8544,4,4,2,157,615
522,140,106,34,4.8,8545,3,6,2,293,6360
306,110,56,54,4.7,8546,7,3,1,45,3920
596,195,191,4,4.2,8547,9,6,3,7,5730
242,97,41,56,4.5,8548,6,2,3,225,3690
488,176,176,0,3.4,8549,3,1,3,277,10560
496,172,166,6,4.8,8550,3,6,3,147,9960
461,153,133,20,4.5,8551,6,5,1,64,11970
544,172,170,2,4.4,8552,2,4,3,25,5950
311,122,65,57,4.0,8553,10,2,1,340,1625
497,155,125,30,3.4,8554,2,6,3,248,4375
403,122,75,47,4.8,8555,6,6,1,213,6750
550,158,132,26,3.1,8556,3,6,1,41,7920
465,146,110,36,4.1,8557,1,3,3,203,4400
317,111,59,52,3.4,8558,7,1,2,354,4130
218,98,37,61,3.5,8559,9,6,1,4,1110
170,88,22,66,4.0,8560,3,3,1,328,1320
178,86,26,60,3.5,8561,10,1,2,304,650
341,126,74,52,3.3,8562,5,2,3,102,1480
531,138,92,46,3.3,8563,8,3,1,320,2300
519,156,137,19,4.4,8564,8,2,1,307,3425
211,97,36,61,3.1,8565,9,1,3,113,1080
550,155,126,29,3.1,8566,6,6,1,13,11340
323,125,70,55,3.7,8567,2,2,2,248,2450
489,158,142,16,4.7,8568,6,2,2,193,12780
514,172,164,8,4.2,8569,5,3,3,117,3280
553,173,167,6,3.0,8570,2,6,3,25,5845
205,95,32,63,4.5,8571,5,4,2,17,640
176,80,14,66,4.9,8572,10,5,2,16,350
417,130,88,42,3.7,8573,9,2,2,272,2640
472,149,124,25,4.0,8574,1,2,2,192,4960
481,162,142,20,3.7,8575,8,6,3,89,3550
176,83,23,60,4.4,8576,8,3,2,313,575
600,190,182,8,4.8,8577,5,4,2,142,3640
309,110,47,63,3.7,8578,2,1,3,222,1645
314,124,70,54,3.6,8579,8,2,3,48,1750
562,169,156,13,3.8,8580,10,5,2,253,3900
391,137,100,37,3.4,8581,9,3,2,109,3000
569,165,152,13,3.6,8582,8,6,2,146,3800
356,130,91,39,5.0,8583,8,5,1,209,2275
501,155,132,23,4.5,8584,7,2,3,162,9240
558,162,149,13,4.5,8585,7,3,1,130,10430
320,118,68,50,3.1,8586,6,6,1,29,6120
489,140,108,32,3.9,8587,7,3,1,288,7560
447,147,117,30,3.2,8588,8,2,3,360,2925
333,117,71,46,3.4,8589,6,2,1,55,6390
363,122,75,47,3.4,8590,8,3,2,276,1875
543,166,149,17,4.3,8591,8,5,1,231,3725
464,171,164,7,3.5,8592,7,6,3,179,11480
373,112,64,48,3.9,8593,7,4,2,178,4480
547,177,172,5,5.0,8594,3,3,2,258,10320
593,179,170,9,4.2,8595,6,6,2,114,15300
288,107,52,55,3.4,8596,7,6,3,216,3640
586,199,192,7,3.4,8597,2,4,3,28,6720
469,149,120,29,5.0,8598,8,3,1,353,3000
457,124,72,52,4.2,8599,10,1,1,114,1800
161,87,29,58,4.3,8600,7,3,2,196,2030
184,87,34,53,3.3,8601,6,1,2,65,3060
519,147,112,35,3.2,8602,1,1,1,49,4480
345,131,81,50,3.9,8603,6,2,2,214,7290
349,138,92,46,3.1,8604,7,5,3,207,6440
253,98,39,59,4.6,8605,3,1,3,269,2340
578,182,182,0,3.2,8606,7,4,3,239,12740
257,105,44,61,4.4,8607,10,1,2,61,1100
338,120,63,57,4.3,8608,8,4,3,316,1575
363,138,99,39,3.8,8609,7,3,3,122,6930
274,108,51,57,3.2,8610,3,4,3,239,3060
366,122,71,51,4.2,8611,1,3,1,93,2840
449,154,126,28,3.6,8612,6,3,1,316,11340
238,96,36,60,3.4,8613,2,3,3,270,1260
456,139,98,41,3.1,8614,10,4,1,255,2450
362,111,57,54,4.9,8615,3,6,1,327,3420
545,167,155,12,4.5,8616,4,6,3,109,2325
318,111,60,51,4.6,8617,3,6,1,199,3600
462,158,137,21,3.2,8618,6,6,3,249,12330
433,131,88,43,4.3,8619,6,4,3,335,7920
306,112,56,56,4.8,8620,4,1,3,36,840
294,106,45,61,4.0,8621,8,5,2,356,1125
194,87,32,55,4.9,8622,8,1,2,94,800
268,107,54,53,4.6,8623,10,6,3,16,1350
404,148,123,25,4.3,8624,8,3,3,285,3075
361,130,84,46,3.8,8625,10,5,3,279,2100
471,135,89,46,3.3,8626,10,5,2,220,2225
568,178,178,0,4.4,8627,8,5,2,345,4450
239,99,35,64,3.9,8628,10,4,2,148,875
366,131,90,41,3.1,8629,8,5,2,218,2250
480,162,144,18,3.4,8630,7,1,2,187,10080
156,84,22,62,3.8,8631,10,2,1,313,550
324,126,85,41,4.3,8632,1,2,3,83,3400
456,154,129,25,3.1,8633,5,6,3,20,2580
307,117,66,51,3.2,8634,8,3,3,314,1650
427,147,117,30,3.8,8635,1,3,1,145,4680
282,112,51,61,4.9,8636,1,5,2,289,2040
475,146,107,39,3.8,8637,4,6,3,168,1605
328,113,64,49,4.5,8638,9,5,3,167,1920
552,166,159,7,4.0,8639,9,2,3,239,4770
417,129,87,42,5.0,8640,2,3,2,225,3045
540,158,132,26,4.7,8641,6,6,1,82,11880
538,160,139,21,3.7,8642,2,5,2,203,4865
322,118,70,48,3.9,8643,6,6,3,87,6300
213,86,21,65,4.5,8644,1,3,2,356,840
477,169,161,8,4.5,8645,10,6,3,88,4025
372,129,79,50,4.0,8646,3,2,3,341,4740
575,167,153,14,4.9,8647,3,4,3,166,9180
596,164,155,9,3.5,8648,3,3,1,55,9300
379,134,90,44,4.4,8649,7,2,2,25,6300
254,94,30,64,3.4,8650,6,5,1,189,2700
213,102,41,61,3.7,8651,8,5,3,196,1025
158,79,15,64,4.6,8652,8,4,1,298,375
367,123,75,48,4.2,8653,9,5,2,256,2250
379,139,99,40,3.8,8654,9,2,2,237,2970
211,97,41,56,4.2,8655,3,6,3,186,2460
157,79,22,57,3.9,8656,1,3,3,106,880
479,149,123,26,4.9,8657,3,1,3,329,7380
590,169,162,7,3.0,8658,5,4,3,24,3240
534,170,168,2,3.3,8659,1,6,1,169,6720
161,82,22,60,4.0,8660,3,5,1,72,1320
427,138,92,46,3.4,8661,1,5,1,143,3680
215,87,31,56,4.2,8662,6,5,1,62,2790
290,116,64,52,3.7,8663,1,5,2,255,2560
487,150,116,34,4.6,8664,5,1,2,103,2320
403,131,83,48,3.4,8665,4,3,1,335,1245
343,138,98,40,4.1,8666,4,4,3,269,1470
163,79,13,66,3.5,8667,1,3,1,316,520
298,111,59,52,3.7,8668,10,4,3,214,1475
340,106,46,60,4.8,8669,8,3,2,315,1150
233,100,43,57,4.1,8670,6,6,3,340,3870
238,99,36,63,4.7,8671,6,2,2,193,3240
501,171,170,1,4.0,8672,6,4,3,285,15300
539,174,165,9,4.5,8673,9,1,1,4,4950
443,158,139,19,4.5,8674,3,5,3,200,8340
591,154,123,31,4.2,8675,1,3,1,14,4920
534,166,162,4,4.1,8676,4,4,2,211,2430
473,154,131,23,4.3,8677,6,2,2,176,11790
261,97,43,54,4.8,8678,7,1,2,37,3010
403,123,80,43,4.6,8679,4,6,2,262,1200
181,82,28,54,3.3,8680,9,4,2,228,840
245,101,36,65,4.1,8681,9,1,3,351,1080
238,96,41,55,3.1,8682,2,2,3,268,1435
542,184,184,0,3.5,8683,4,3,3,58,2760
293,104,47,57,3.1,8684,9,5,1,65,1410
432,144,116,28,4.3,8685,10,3,2,273,2900
355,131,86,45,4.8,8686,7,1,1,231,6020
166,92,37,55,4.4,8687,3,5,3,76,2220
322,113,58,55,3.8,8688,4,5,2,118,870
579,184,184,0,3.2,8689,4,2,1,73,2760
291,99,37,62,4.0,8690,8,4,2,313,925
285,107,49,58,3.1,8691,6,6,2,48,4410
254,106,49,57,4.9,8692,9,6,3,321,1470
411,131,80,51,3.7,8693,1,2,2,20,3200
251,95,40,55,5.0,8694,8,2,1,135,1000
215,101,48,53,4.0,8695,8,1,3,188,1200
202,88,27,61,4.8,8696,5,1,2,11,540
183,80,18,62,4.3,8697,10,3,2,159,450
577,166,161,5,3.6,8698,10,5,3,84,4025
454,145,113,32,4.0,8699,1,1,2,70,4520
415,135,94,41,3.5,8700,5,6,1,185,1880
168,85,32,53,3.1,8701,6,5,2,216,2880
488,139,104,35,3.4,8702,7,3,1,353,7280
585,193,192,1,3.6,8703,1,3,3,34,7680
539,188,181,7,4.0,8704,2,4,3,52,6335
371,125,78,47,3.8,8705,7,4,3,161,5460
309,117,71,46,3.3,8706,5,1,2,224,1420
530,144,115,29,3.3,8707,3,5,1,19,6900
579,170,162,8,3.6,8708,6,2,2,137,14580
543,159,136,23,4.6,8709,1,2,2,12,5440
447,136,96,40,5.0,8710,2,2,3,195,3360
510,167,157,10,3.2,8711,6,1,3,144,14130
225,87,21,66,4.1,8712,7,3,1,263,1470
368,134,86,48,4.3,8713,6,1,1,207,7740
357,115,62,53,3.8,8714,7,5,1,80,4340
520,150,120,30,3.5,8715,8,5,2,286,3000
550,177,175,2,4.9,8716,4,1,2,129,2625
572,184,180,4,4.0,8717,5,5,1,143,3600
600,191,191,0,4.4,8718,9,6,1,362,5730
384,135,99,36,3.1,8719,3,2,3,289,5940
329,118,70,48,3.1,8720,9,3,2,150,2100
406,140,108,32,4.0,8721,5,3,2,240,2160
451,139,103,36,3.4,8722,9,5,3,278,3090
407,128,80,48,4.0,8723,1,3,3,56,3200
539,189,189,0,3.0,8724,8,2,3,100,4725
553,141,108,33,3.7,8725,5,3,2,234,2160
561,175,169,6,4.8,8726,7,6,2,89,11830
598,166,152,14,4.2,8727,4,5,2,359,2280
474,134,97,37,4.9,8728,10,1,1,82,2425
220,103,42,61,3.9,8729,4,2,3,182,630
500,164,156,8,4.4,8730,4,5,1,5,2340
356,131,86,45,3.3,8731,8,1,2,86,2150
222,97,45,52,4.0,8732,6,5,1,215,4050
510,171,168,3,3.2,8733,8,3,1,297,4200
211,95,37,58,3.7,8734,3,3,1,96,2220
248,107,46,61,4.3,8735,5,3,2,8,920
378,129,86,43,4.2,8736,6,6,3,180,7740
405,137,94,43,4.1,8737,9,6,2,6,2820
540,163,146,17,4.2,8738,3,2,1,343,8760
313,119,68,51,3.9,8739,10,1,2,105,1700
562,188,184,4,4.4,8740,6,1,3,116,16560
248,114,57,57,3.8,8741,7,5,3,235,3990
167,84,19,65,3.6,8742,10,5,1,364,475
592,182,180,2,4.0,8743,10,5,1,273,4500
528,185,176,9,3.6,8744,7,5,3,363,12320
405,130,91,39,3.7,8745,7,3,3,190,6370
256,107,55,52,4.2,8746,10,5,1,68,1375
225,91,31,60,4.4,8747,10,4,1,100,775
343,129,81,48,4.3,8748,8,3,1,342,2025
455,125,71,54,4.6,8749,4,2,1,313,1065
341,124,68,56,3.3,8750,9,5,2,243,2040
444,139,106,33,4.4,8751,9,1,1,235,3180
489,132,94,38,4.0,8752,4,1,1,240,1410
576,162,143,19,4.8,8753,4,1,2,245,2145
284,96,41,55,4.8,8754,8,1,2,65,1025
207,88,25,63,4.6,8755,3,6,2,253,1500
317,128,79,49,4.2,8756,1,5,3,9,3160
539,175,172,3,4.3,8757,4,2,1,152,2580
347,132,81,51,3.1,8758,1,2,3,40,3240
562,151,119,32,4.1,8759,10,5,1,348,2975
532,172,170,2,4.0,8760,10,1,3,360,4250
336,106,52,54,4.4,8761,10,6,2,288,1300
315,111,52,59,4.5,8762,6,6,2,121,4680
420,130,90,40,4.7,8763,2,2,2,41,3150
383,136,97,39,4.1,8764,2,1,1,52,3395
501,158,139,19,4.9,8765,9,3,1,96,4170
429,140,105,35,3.4,8766,9,1,2,347,3150
505,176,173,3,4.7,8767,7,4,3,38,12110
590,165,158,7,3.4,8768,7,3,3,215,11060
254,91,29,62,3.8,8769,2,2,1,4,1015
399,137,91,46,4.2,8770,4,2,3,339,1365
520,167,163,4,4.3,8771,5,2,2,329,3260
253,94,32,62,4.5,8772,4,6,2,266,480
576,153,126,27,3.2,8773,8,6,2,365,3150
311,116,64,52,3.9,8774,4,6,1,40,960
326,113,58,55,4.1,8775,8,1,2,317,1450
316,104,45,59,3.3,8776,1,6,1,63,1800
475,158,135,23,4.8,8777,5,2,1,158,2700
419,147,110,37,4.3,8778,9,6,1,193,3300
285,112,62,50,4.4,8779,8,6,1,263,1550
571,160,143,17,4.6,8780,8,2,3,129,3575
592,192,183,9,4.2,8781,8,5,3,217,4575
461,128,83,45,3.1,8782,5,3,1,48,1660
192,93,40,53,4.9,8783,5,6,2,116,800
204,94,33,61,3.1,8784,6,2,1,257,2970
407,117,66,51,3.4,8785,8,4,1,168,1650
439,129,76,53,3.9,8786,3,5,1,200,4560
459,155,127,28,4.2,8787,6,5,1,23,11430
206,92,37,55,4.1,8788,7,1,3,10,2590
534,151,122,29,4.1,8789,7,1,3,342,8540
323,122,72,50,3.7,8790,3,6,2,114,4320
304,115,66,49,3.5,8791,8,1,3,244,1650
393,137,103,34,4.6,8792,6,1,2,51,9270
248,100,45,55,3.8,8793,9,4,3,72,1350
420,121,69,52,3.7,8794,7,1,1,218,4830
161,80,20,60,5.0,8795,10,4,1,294,500
186,81,15,66,3.6,8796,10,5,1,89,375
392,120,68,52,4.1,8797,1,5,1,10,2720
468,126,78,48,4.9,8798,7,1,1,221,5460
209,84,26,58,3.6,8799,4,1,2,259,390
317,119,64,55,4.9,8800,10,1,2,173,1600
306,113,63,50,4.2,8801,6,5,3,28,5670
362,120,73,47,4.0,8802,8,5,3,179,1825
246,107,49,58,4.8,8803,3,4,2,244,2940
231,95,39,56,3.9,8804,2,4,2,107,1365
466,141,110,31,3.8,8805,9,3,3,210,3300
203,95,41,54,4.3,8806,3,2,1,31,2460
184,88,34,54,3.9,8807,10,3,2,118,850
234,89,22,67,4.8,8808,2,6,2,147,770
569,158,144,14,3.1,8809,8,4,3,74,3600
245,90,36,54,3.5,8810,4,3,1,212,540
151,83,25,58,3.1,8811,4,1,3,105,375
525,156,137,19,4.1,8812,7,5,3,75,9590
284,106,47,59,4.6,8813,1,2,3,3,1880
403,121,70,51,4.1,8814,5,1,2,293,1400
440,151,129,22,4.7,8815,1,5,1,143,5160
232,102,45,57,5.0,8816,2,1,1,106,1575
282,118,64,54,3.1,8817,1,3,3,87,2560
549,168,167,1,4.0,8818,3,4,1,283,10020
176,84,29,55,4.4,8819,7,5,3,100,2030
281,114,55,59,3.9,8820,10,6,1,305,1375
223,98,44,54,4.8,8821,5,2,1,192,880
588,166,160,6,4.6,8822,4,2,1,59,2400
336,120,70,50,3.2,8823,2,3,3,71,2450
552,168,166,2,3.1,8824,2,1,3,214,5810
366,140,106,34,4.4,8825,3,4,3,321,6360
586,150,120,30,3.2,8826,8,6,2,173,3000
190,81,18,63,3.7,8827,9,1,2,37,540
180,88,28,60,3.9,8828,2,6,1,164,980
334,125,78,47,4.8,8829,4,6,3,345,1170
161,88,28,60,3.2,8830,4,1,3,211,420
380,137,100,37,3.2,8831,1,4,3,26,4000
231,109,59,50,4.1,8832,9,4,3,49,1770
307,108,53,55,4.0,8833,6,5,3,357,4770
454,152,126,26,3.2,8834,2,2,3,186,4410
522,160,144,16,3.0,8835,4,6,3,190,2160
185,90,27,63,3.3,8836,9,3,2,182,810
433,141,102,39,3.5,8837,3,3,3,37,6120
217,93,34,59,4.3,8838,5,1,1,99,680
377,147,121,26,4.4,8839,2,1,3,237,4235
392,114,57,57,3.2,8840,10,3,2,308,1425
217,88,23,65,4.8,8841,4,4,2,183,345
221,88,34,54,3.9,8842,9,4,1,118,1020
421,131,93,38,4.8,8843,4,4,1,220,1395
427,139,104,35,4.4,8844,7,1,3,252,7280
260,103,46,57,3.4,8845,1,4,1,187,1840
403,150,126,24,3.3,8846,4,2,3,50,1890
371,112,55,57,3.9,8847,10,3,2,9,1375
497,156,137,19,3.2,8848,5,2,1,302,2740
273,104,52,52,4.0,8849,9,6,3,108,1560
398,129,77,52,4.0,8850,4,6,3,48,1155
260,108,56,52,3.5,8851,5,1,2,248,1120
534,182,177,5,4.2,8852,9,3,3,29,5310
368,117,65,52,3.4,8853,3,4,2,92,3900
208,103,44,59,3.5,8854,10,3,3,140,1100
393,134,85,49,3.5,8855,6,5,2,16,7650
394,128,81,47,5.0,8856,5,1,2,123,1620
308,121,66,55,4.9,8857,6,2,3,206,5940
170,84,27,57,4.3,8858,10,5,3,141,675
390,124,75,49,3.5,8859,6,2,3,116,6750
171,86,28,58,3.4,8860,9,6,3,278,840
474,149,119,30,4.4,8861,2,3,1,222,4165
469,146,115,31,4.0,8862,8,6,1,59,2875
176,91,33,58,4.5,8863,2,4,2,178,1155
291,112,62,50,3.2,8864,8,4,2,308,1550
580,161,138,23,4.4,8865,1,5,2,312,5520
458,141,105,36,3.1,8866,4,5,1,14,1575
405,131,87,44,3.7,8867,3,5,3,41,5220
351,113,52,61,3.7,8868,8,5,1,12,1300
409,149,121,28,3.7,8869,2,1,3,61,4235
507,162,145,17,3.0,8870,1,2,3,351,5800
316,108,47,61,4.9,8871,3,1,2,328,2820
579,154,131,23,4.0,8872,5,3,1,235,2620
272,106,44,62,4.6,8873,9,6,2,98,1320
525,146,117,29,4.6,8874,5,5,2,154,2340
264,102,49,53,4.3,8875,6,5,3,106,4410
488,130,90,40,4.3,8876,3,4,1,21,5400
392,131,82,49,3.6,8877,4,5,3,238,1230
230,103,41,62,4.0,8878,8,4,1,324,1025
262,95,35,60,3.1,8879,3,1,2,230,2100
242,101,41,60,3.8,8880,3,2,2,38,2460
420,139,104,35,4.8,8881,7,5,2,97,7280
469,151,126,25,4.5,8882,1,6,1,236,5040
297,104,52,52,4.7,8883,8,6,2,90,1300
332,121,66,55,4.0,8884,3,3,3,348,3960
165,84,29,55,3.5,8885,8,6,1,280,725
570,168,160,8,3.9,8886,1,6,1,260,6400
291,110,59,51,4.2,8887,5,4,3,151,1180
222,106,50,56,3.3,8888,6,3,3,350,4500
555,180,175,5,4.1,8889,8,2,1,12,4375
340,130,91,39,4.6,8890,7,3,3,356,6370
324,134,88,46,5.0,8891,9,2,3,256,2640
318,105,47,58,3.5,8892,4,2,1,171,705
343,127,73,54,3.7,8893,2,4,2,102,2555
335,129,79,50,4.8,8894,5,6,3,17,1580
352,116,57,59,3.4,8895,7,5,1,115,3990
539,180,172,8,3.2,8896,5,2,3,96,3440
570,157,140,17,4.3,8897,3,6,3,195,8400
192,95,37,58,5.0,8898,1,1,1,63,1480
546,160,146,14,5.0,8899,4,5,2,80,2190
365,129,77,52,4.2,8900,4,2,2,289,1155
426,159,145,14,4.2,8901,9,1,3,279,4350
437,152,131,21,3.7,8902,4,2,3,282,1965
215,94,31,63,4.1,8903,1,3,1,261,1240
567,162,147,15,3.7,8904,1,6,3,210,5880
460,131,90,41,4.3,8905,4,4,2,63,1350
582,181,181,0,3.6,8906,5,2,2,106,3620
271,112,60,52,3.1,8907,8,3,1,357,1500
343,128,87,41,3.2,8908,9,4,2,28,2610
533,183,183,0,4.3,8909,5,4,3,35,3660
459,157,141,16,3.7,8910,7,2,3,290,9870
227,93,27,66,3.0,8911,9,1,3,321,810
245,90,24,66,4.7,8912,3,5,1,236,1440
589,186,178,8,3.4,8913,6,6,2,214,16020
275,114,56,58,4.1,8914,10,2,2,133,1400
263,105,41,64,3.6,8915,2,2,2,312,1435
599,180,172,8,3.9,8916,9,2,1,217,5160
401,136,91,45,3.1,8917,2,2,1,248,3185
199,82,22,60,4.9,8918,1,1,1,1,880
304,122,69,53,4.9,8919,9,3,3,348,2070
447,150,121,29,4.7,8920,1,4,1,1,4840
202,91,29,62,3.7,8921,3,2,2,126,1740
221,92,37,55,4.6,8922,6,2,2,171,3330
282,116,61,55,3.0,8923,5,1,3,232,1220
266,111,54,57,3.1,8924,3,5,1,205,3240
568,160,147,13,4.6,8925,6,1,3,249,13230
599,162,142,20,3.8,8926,2,5,3,131,4970
392,120,62,58,4.9,8927,9,3,2,139,1860
227,100,43,57,3.5,8928,8,3,3,270,1075
457,163,144,19,4.6,8929,3,5,3,77,8640
429,124,73,51,4.6,8930,9,2,2,353,2190
238,105,44,61,4.4,8931,8,6,2,289,1100
219,101,38,63,4.3,8932,4,5,2,340,570
223,93,28,65,3.5,8933,8,4,3,244,700
152,84,29,55,3.7,8934,3,4,1,191,1740
156,80,24,56,3.3,8935,4,3,3,95,360
271,103,46,57,3.6,8936,6,1,3,6,4140
438,129,77,52,3.9,8937,9,2,2,316,2310
371,140,98,42,4.7,8938,4,6,3,293,1470
393,117,67,50,3.2,8939,9,4,2,322,2010
208,91,37,54,4.6,8940,4,5,2,109,555
316,110,52,58,4.6,8941,9,3,2,207,1560
338,109,48,61,3.9,8942,4,6,1,358,720
360,135,95,40,3.4,8943,6,3,2,128,8550
344,122,72,50,4.3,8944,10,5,3,140,1800
205,93,35,58,3.5,8945,1,5,1,351,1400
189,82,20,62,3.3,8946,9,5,2,57,600
532,187,183,4,3.3,8947,4,1,3,275,2745
322,119,68,51,3.9,8948,1,1,3,365,2720
563,171,161,10,3.4,8949,1,2,1,78,6440
174,85,19,66,4.4,8950,3,4,1,209,1140
195,84,26,58,4.1,8951,8,1,1,313,650
323,102,50,52,3.9,8952,2,4,2,146,1750
435,144,104,40,4.2,8953,5,2,3,40,2080
531,166,157,9,4.8,8954,6,6,3,338,14130
221,102,49,53,4.4,8955,4,6,3,102,735
328,127,79,48,4.7,8956,4,2,1,257,1185
397,129,86,43,3.1,8957,3,5,3,287,5160
223,93,39,54,4.5,8958,7,5,1,318,2730
153,77,17,60,3.1,8959,1,3,1,118,680
562,158,141,17,3.4,8960,3,4,2,313,8460
249,108,48,60,4.9,8961,8,4,1,365,1200
173,78,19,59,5.0,8962,4,1,1,181,285
472,142,107,35,3.5,8963,1,1,1,106,4280
172,87,30,57,4.3,8964,9,2,3,137,900
515,144,109,35,4.3,8965,10,6,1,16,2725
321,119,70,49,4.2,8966,7,6,1,339,4900
287,110,54,56,3.2,8967,6,6,1,274,4860
554,165,155,10,4.8,8968,8,3,1,299,3875
221,101,43,58,4.8,8969,8,4,2,83,1075
518,154,132,22,3.1,8970,6,1,2,17,11880
362,109,56,53,3.2,8971,3,5,1,227,3360
439,129,89,40,3.4,8972,4,2,1,65,1335
315,107,47,60,3.4,8973,6,2,1,205,4230
286,112,59,53,4.9,8974,6,1,3,149,5310
598,171,166,5,5.0,8975,7,5,1,129,11620
361,126,71,55,4.3,8976,7,4,1,276,4970
442,143,110,33,5.0,8977,6,5,2,41,9900
492,147,116,31,4.7,8978,1,6,3,62,4640
506,168,158,10,4.8,8979,8,6,1,185,3950
184,80,20,60,4.0,8980,10,4,2,250,500
166,83,18,65,4.4,8981,7,2,3,9,1260
545,150,126,24,3.9,8982,10,3,2,74,3150
359,119,66,53,3.8,8983,9,6,3,259,1980
360,128,84,44,3.7,8984,4,5,3,222,1260
366,123,68,55,4.6,8985,5,2,3,222,1360
566,163,148,15,4.2,8986,8,3,1,191,3700
257,109,59,50,4.1,8987,5,1,3,58,1180
525,184,184,0,4.1,8988,6,1,3,212,16560
553,165,154,11,3.2,8989,8,1,1,197,3850
205,98,37,61,4.0,8990,8,2,1,6,925
448,155,136,19,4.9,8991,5,5,3,154,2720
196,90,30,60,3.1,8992,3,5,2,207,1800
231,103,41,62,3.2,8993,9,3,1,353,1230
428,123,76,47,3.4,8994,3,1,2,23,4560
584,162,154,8,5.0,8995,8,2,3,254,3850
472,135,96,39,4.5,8996,10,6,2,355,2400
489,132,94,38,4.4,8997,9,6,2,38,2820
488,159,143,16,3.7,8998,4,5,1,123,2145
413,143,102,41,4.9,8999,8,4,1,308,2550
257,105,49,56,3.5,9000,2,3,2,47,1715
299,104,48,56,3.9,9001,10,6,1,171,1200
261,103,39,64,4.7,9002,10,2,1,216,975
599,186,183,3,4.3,9003,9,1,2,103,5490
250,105,41,64,3.2,9004,9,2,2,348,1230
160,82,16,66,4.9,9005,9,5,1,205,480
415,144,114,30,4.3,9006,8,5,1,142,2850
226,99,39,60,4.3,9007,10,2,3,10,975
335,119,61,58,3.1,9008,4,1,3,249,915
192,92,38,54,3.9,9009,10,1,3,157,950
587,156,131,25,4.4,9010,2,3,1,304,4585
198,90,25,65,4.8,9011,4,5,2,101,375
409,133,87,46,3.1,9012,5,1,2,141,1740
460,167,155,12,3.8,9013,6,2,3,325,13950
355,118,65,53,4.6,9014,10,6,2,96,1625
387,115,55,60,4.7,9015,7,2,2,93,3850
268,101,41,60,4.3,9016,10,4,1,86,1025
322,106,42,64,3.4,9017,2,4,1,288,1470
429,122,71,51,4.9,9018,3,4,2,72,4260
482,157,131,26,3.7,9019,3,1,2,169,7860
353,123,70,53,3.2,9020,1,5,2,23,2800
188,80,23,57,4.9,9021,7,6,2,231,1610
591,189,189,0,3.5,9022,2,6,1,194,6615
500,131,85,46,4.8,9023,3,2,1,89,5100
594,163,152,11,3.2,9024,10,6,3,3,3800
517,153,131,22,3.7,9025,6,1,2,31,11790
486,138,103,35,3.6,9026,9,4,1,207,3090
467,131,83,48,4.8,9027,5,4,2,322,1660
247,97,38,59,4.6,9028,1,1,1,169,1520
535,163,154,9,4.1,9029,10,2,3,267,3850
403,121,70,51,4.1,9030,10,6,1,174,1750
504,146,120,26,4.7,9031,6,3,1,293,10800
263,116,59,57,5.0,9032,7,2,3,8,4130
510,165,149,16,3.9,9033,2,4,2,349,5215
417,123,72,51,3.7,9034,6,6,1,228,6480
326,116,61,55,3.9,9035,4,5,1,364,915
432,146,113,33,4.1,9036,7,3,1,37,7910
377,118,72,46,4.6,9037,8,5,2,87,1800
290,101,44,57,4.5,9038,8,2,1,18,1100
531,144,110,34,3.2,9039,8,3,1,35,2750
174,85,20,65,3.6,9040,5,2,1,190,400
178,79,20,59,4.7,9041,2,5,2,130,700
440,126,80,46,3.7,9042,5,2,2,173,1600
452,153,134,19,4.4,9043,1,3,1,360,5360
301,100,41,59,4.2,9044,8,6,2,305,1025
519,152,121,31,4.2,9045,6,4,1,9,10890
375,146,118,28,4.8,9046,4,6,3,240,1770
581,147,118,29,4.4,9047,10,6,1,127,2950
552,170,166,4,4.3,9048,2,2,3,98,5810
422,138,102,36,3.9,9049,8,1,3,185,2550
412,122,67,55,3.2,9050,7,3,1,161,4690
522,160,141,19,3.9,9051,6,6,3,327,12690
309,112,59,53,3.2,9052,6,2,3,59,5310
253,101,39,62,5.0,9053,5,1,3,226,780
512,133,91,42,4.9,9054,1,4,2,192,3640
302,102,50,52,4.6,9055,10,5,2,149,1250
413,120,69,51,4.9,9056,5,4,2,275,1380
435,151,119,32,4.0,9057,6,5,2,339,10710
333,116,67,49,3.0,9058,5,6,1,119,1340
537,171,171,0,3.5,9059,3,1,2,39,10260
559,187,187,0,3.3,9060,1,1,3,311,7480
198,90,37,53,3.2,9061,9,3,1,161,1110
163,88,28,60,3.2,9062,3,1,1,273,1680
384,129,82,47,4.6,9063,4,5,2,348,1230
184,90,30,60,3.2,9064,9,1,3,321,900
557,157,141,16,3.7,9065,4,6,1,218,2115
377,139,95,44,5.0,9066,1,2,1,118,3800
491,145,110,35,3.2,9067,5,6,3,13,2200
460,152,120,32,4.6,9068,1,1,3,364,4800
440,139,98,41,3.3,9069,6,6,1,294,8820
526,155,129,26,3.0,9070,4,5,2,234,1935
482,128,76,52,3.3,9071,7,2,2,50,5320
598,147,113,34,3.5,9072,10,5,2,205,2825
397,130,91,39,4.9,9073,10,5,2,150,2275
558,183,183,0,4.0,9074,9,2,3,80,5490
500,153,132,21,4.3,9075,2,6,2,327,4620
365,121,65,56,3.2,9076,9,1,3,238,1950
184,89,31,58,4.4,9077,4,2,2,237,465
343,119,69,50,4.6,9078,7,3,3,193,4830
369,116,68,48,3.3,9079,10,3,1,233,1700
488,145,105,40,3.2,9080,4,4,1,19,1575
487,153,132,21,3.5,9081,7,5,1,237,9240
187,82,27,55,4.0,9082,10,3,1,87,675
420,145,105,40,4.3,9083,10,3,3,139,2625
267,108,51,57,4.8,9084,5,2,3,227,1020
463,130,82,48,3.7,9085,8,3,2,285,2050
595,173,164,9,3.2,9086,7,1,2,356,11480
355,109,52,57,4.3,9087,1,6,2,173,2080
501,155,138,17,3.4,9088,7,2,2,328,9660
266,100,46,54,4.7,9089,8,4,3,127,1150
244,89,25,64,4.0,9090,8,3,1,296,625
295,125,78,47,3.4,9091,8,5,3,191,1950
533,170,170,0,4.4,9092,2,4,3,282,5950
391,114,59,55,3.8,9093,1,6,1,134,2360
361,111,57,54,3.8,9094,1,4,2,145,2280
296,119,68,51,4.4,9095,8,6,3,54,1700
158,85,25,60,3.5,9096,7,4,3,28,1750
593,165,155,10,4.6,9097,3,6,3,48,9300
235,109,58,51,3.4,9098,6,1,3,314,5220
190,95,42,53,3.9,9099,7,6,3,338,2940
512,149,118,31,4.8,9100,8,2,2,265,2950
466,150,119,31,3.5,9101,2,5,3,14,4165
387,137,98,39,4.4,9102,5,6,2,132,1960
510,169,166,3,4.9,9103,2,4,2,145,5810
358,125,83,42,4.8,9104,6,6,1,102,7470
263,103,50,53,3.7,9105,2,3,1,220,1750
238,96,30,66,4.4,9106,8,3,1,191,750
561,178,178,0,3.1,9107,10,5,3,133,4450
168,83,23,60,3.3,9108,6,6,1,291,2070
312,115,56,59,3.6,9109,3,3,2,58,3360
261,106,54,52,3.1,9110,2,2,1,200,1890
567,182,176,6,4.3,9111,2,1,2,199,6160
591,163,145,18,4.9,9112,8,4,1,344,3625
317,128,86,42,3.1,9113,9,4,3,275,2580
413,141,99,42,3.1,9114,8,3,1,159,2475
475,130,78,52,3.3,9115,5,2,2,171,1560
339,116,68,48,3.9,9116,7,1,1,207,4760
183,92,28,64,4.7,9117,6,5,2,295,2520
298,117,65,52,3.0,9118,4,3,3,46,975
469,131,80,51,3.7,9119,6,3,1,299,7200
338,111,50,61,4.7,9120,9,4,2,194,1500
204,85,20,65,3.6,9121,9,2,1,235,600
267,103,41,62,4.2,9122,4,4,2,184,615
325,118,72,46,4.9,9123,9,3,3,319,2160
169,86,28,58,4.4,9124,10,5,3,293,700
468,150,124,26,3.2,9125,8,6,1,350,3100
515,153,131,22,3.5,9126,1,3,3,5,5240
196,83,29,54,3.2,9127,4,5,2,167,435
282,98,34,64,5.0,9128,10,6,1,4,850
412,128,86,42,4.0,9129,2,1,3,364,3010
197,98,38,60,3.8,9130,10,4,3,71,950
500,146,114,32,4.7,9131,2,4,1,41,3990
527,153,133,20,3.7,9132,5,4,2,105,2660
446,142,108,34,4.8,9133,1,1,2,101,4320
455,136,88,48,4.7,9134,7,6,2,62,6160
541,181,172,9,3.5,9135,4,5,3,63,2580
410,123,67,56,4.7,9136,1,1,1,8,2680
397,144,114,30,3.8,9137,4,4,3,69,1710
524,172,163,9,3.1,9138,10,5,2,181,4075
153,85,27,58,4.5,9139,5,1,2,82,540
295,105,46,59,4.7,9140,8,3,1,92,1150
282,112,52,60,3.9,9141,3,5,1,125,3120
177,89,33,56,3.1,9142,1,5,2,171,1320
481,136,96,40,3.6,9143,3,4,1,151,5760
256,95,38,57,4.7,9144,4,4,1,226,570
354,117,67,50,4.3,9145,9,6,1,186,2010
182,88,26,62,4.6,9146,5,1,3,195,520
175,85,22,63,4.7,9147,7,4,3,155,1540
181,91,30,61,3.2,9148,6,3,3,3,2700
587,165,152,13,3.8,9149,4,6,1,53,2280
168,88,24,64,3.6,9150,3,2,2,230,1440
392,124,71,53,3.9,9151,10,5,1,35,1775
512,169,168,1,3.1,9152,5,4,1,343,3360
542,171,171,0,4.2,9153,5,6,1,223,3420
445,134,88,46,4.7,9154,1,3,3,110,3520
201,88,24,64,4.3,9155,7,2,3,364,1680
544,146,116,30,3.6,9156,4,3,2,314,1740
493,144,110,34,3.6,9157,1,4,1,222,4400
168,84,20,64,3.3,9158,10,3,3,180,500
547,156,131,25,3.2,9159,9,1,1,279,3930
303,116,64,52,4.8,9160,5,1,2,60,1280
179,89,27,62,3.2,9161,6,2,3,335,2430
243,102,39,63,4.7,9162,6,5,3,138,3510
243,98,36,62,3.2,9163,2,6,1,97,1260
347,128,78,50,5.0,9164,9,5,3,17,2340
315,119,72,47,4.1,9165,6,2,2,313,6480
372,129,88,41,4.7,9166,4,5,2,6,1320
435,144,112,32,4.5,9167,2,6,2,62,3920
224,98,40,58,4.7,9168,10,5,1,145,1000
282,104,44,60,4.4,9169,6,2,3,34,3960
493,136,101,35,3.8,9170,5,2,2,180,2020
229,92,30,62,4.6,9171,3,1,1,108,1800
597,169,159,10,3.6,9172,7,2,2,39,11130
468,132,85,47,3.3,9173,6,3,2,109,7650
393,136,91,45,4.3,9174,10,3,1,59,2275
297,103,44,59,3.2,9175,4,3,1,84,660
218,96,33,63,4.0,9176,4,1,3,251,495
427,161,147,14,3.2,9177,7,3,3,121,10290
538,174,172,2,3.9,9178,2,2,2,117,6020
445,140,105,35,4.5,9179,2,4,3,290,3675
264,95,42,53,4.8,9180,5,2,1,273,840
201,88,27,61,4.9,9181,4,3,1,198,405
580,186,179,7,4.6,9182,3,6,3,90,10740
475,162,142,20,3.9,9183,9,2,2,249,4260
198,95,33,62,4.6,9184,9,2,2,222,990
488,132,81,51,3.7,9185,9,3,2,54,2430
290,105,47,58,3.8,9186,1,2,3,281,1880
311,122,71,51,3.3,9187,5,2,2,284,1420
257,106,52,54,3.7,9188,2,4,1,77,1820
370,110,52,58,4.0,9189,6,1,2,170,4680
389,133,93,40,3.2,9190,1,2,3,315,3720
499,164,147,17,3.8,9191,2,5,2,213,5145
257,109,57,52,3.8,9192,8,2,3,63,1425
324,111,51,60,4.5,9193,8,5,3,192,1275
173,90,31,59,4.0,9194,6,4,2,239,2790
215,93,36,57,4.2,9195,10,3,1,130,900
599,185,185,0,4.9,9196,9,4,3,60,5550
329,134,96,38,3.8,9197,1,5,3,247,3840
597,166,163,3,3.8,9198,3,1,1,236,9780
575,161,139,22,4.4,9199,9,2,1,294,4170
278,110,61,49,3.1,9200,2,3,2,90,2135
397,143,104,39,4.3,9201,7,6,1,198,7280
168,81,21,60,3.3,9202,10,6,2,217,525
496,142,100,42,3.5,9203,7,5,2,222,7000
474,159,142,17,3.6,9204,10,4,3,288,3550
344,119,74,45,4.1,9205,3,6,2,221,4440
450,123,76,47,3.8,9206,1,2,2,315,3040
541,171,171,0,3.7,9207,9,5,2,352,5130
457,161,144,17,3.6,9208,3,2,3,130,8640
538,159,145,14,4.6,9209,1,2,1,196,5800
594,176,174,2,4.9,9210,10,1,2,270,4350
592,185,177,8,4.7,9211,3,2,1,288,10620
472,128,85,43,4.7,9212,3,1,2,148,5100
418,132,86,46,3.4,9213,7,3,2,80,6020
299,111,51,60,4.5,9214,1,6,3,253,2040
374,110,61,49,3.1,9215,5,3,2,38,1220
183,93,33,60,4.3,9216,10,6,3,206,825
186,88,34,54,3.6,9217,7,2,2,212,2380
252,102,49,53,4.6,9218,10,5,3,33,1225
425,131,81,50,3.1,9219,3,4,2,61,4860
237,103,43,60,4.2,9220,5,4,2,236,860
585,169,165,4,3.1,9221,7,1,3,240,11550
300,112,61,51,3.2,9222,1,6,3,192,2440
271,111,59,52,3.5,9223,8,2,3,121,1475
447,141,100,41,4.8,9224,8,2,3,341,2500
594,166,158,8,5.0,9225,10,5,3,269,3950
400,126,80,46,3.1,9226,1,4,1,175,3200
464,158,139,19,4.3,9227,7,2,1,37,9730
447,150,117,33,3.8,9228,3,6,2,301,7020
404,134,86,48,4.7,9229,1,6,1,99,3440
522,178,175,3,3.2,9230,8,3,3,204,4375
462,165,149,16,3.4,9231,10,6,3,253,3725
164,83,26,57,4.2,9232,4,2,2,231,390
356,134,89,45,4.8,9233,7,2,2,169,6230
329,127,86,41,3.0,9234,5,2,2,351,1720
385,126,78,48,4.1,9235,8,1,1,87,1950
451,127,77,50,4.9,9236,9,2,1,103,2310
538,164,146,18,4.5,9237,8,6,1,258,3650
206,100,46,54,3.5,9238,9,1,3,269,1380
335,121,77,44,3.0,9239,4,3,3,57,1155
502,146,121,25,3.6,9240,5,1,1,109,2420
295,118,65,53,4.3,9241,5,2,1,169,1300
173,94,33,61,3.7,9242,5,3,3,122,660
162,85,30,55,3.3,9243,1,3,1,154,1200
213,105,45,60,4.6,9244,7,1,3,218,3150
151,77,19,58,4.3,9245,10,6,1,43,475
561,148,122,26,4.7,9246,3,2,2,9,7320
375,126,75,51,5.0,9247,10,5,3,153,1875
404,121,75,46,3.6,9248,5,2,2,26,1500
211,98,38,60,5.0,9249,8,4,1,151,950
466,156,135,21,3.9,9250,2,2,2,30,4725
356,116,68,48,4.7,9251,5,2,1,283,1360
593,163,142,21,4.2,9252,8,2,2,273,3550
367,110,60,50,3.3,9253,1,6,2,101,2400
286,113,51,62,3.4,9254,10,4,3,25,1275
373,130,82,48,4.1,9255,5,2,1,25,1640
309,120,69,51,3.6,9256,10,6,3,338,1725
376,120,66,54,4.0,9257,10,5,1,234,1650
270,115,66,49,3.8,9258,6,2,3,41,5940
564,155,133,22,4.2,9259,5,6,1,149,2660
465,139,98,41,3.4,9260,2,2,1,363,3430
230,96,34,62,3.0,9261,4,5,1,348,510
380,113,62,51,4.0,9262,5,2,1,243,1240
529,160,143,17,3.2,9263,3,2,3,159,8580
435,145,119,26,3.5,9264,7,3,1,111,8330
536,168,167,1,4.0,9265,5,4,1,323,3340
479,129,79,50,4.6,9266,7,3,2,113,5530
442,142,111,31,3.4,9267,5,5,1,140,2220
599,179,175,4,4.4,9268,9,3,2,185,5250
197,100,45,55,3.3,9269,1,4,3,321,1800
170,82,23,59,4.8,9270,10,3,2,7,575
518,150,123,27,4.6,9271,1,1,1,86,4920
445,129,88,41,4.5,9272,9,4,1,47,2640
166,83,23,60,4.4,9273,8,5,2,246,575
483,160,141,19,3.4,9274,6,1,2,69,12690
226,99,45,54,3.9,9275,5,3,2,99,900
176,89,27,62,4.9,9276,8,1,3,149,675
572,177,173,4,3.0,9277,1,3,3,132,6920
269,118,64,54,3.3,9278,8,6,3,254,1600
320,132,89,43,3.8,9279,7,3,3,150,6230
206,84,22,62,3.8,9280,5,2,2,131,440
327,121,68,53,3.0,9281,7,2,2,196,4760
254,94,38,56,3.9,9282,2,3,1,132,1330
460,144,112,32,4.3,9283,7,6,3,37,7840
249,101,38,63,3.5,9284,8,3,3,266,950
156,76,16,60,3.4,9285,2,5,2,188,560
429,137,99,38,4.4,9286,5,1,1,315,1980
291,125,77,48,4.4,9287,3,3,3,223,4620
295,114,58,56,4.5,9288,9,2,1,171,1740
387,138,103,35,4.9,9289,9,5,2,319,3090
565,151,120,31,4.5,9290,3,5,2,5,7200
318,124,72,52,4.7,9291,2,5,1,167,2520
495,177,176,1,4.5,9292,1,1,3,329,7040
250,103,45,58,3.4,9293,3,5,1,346,2700
531,149,121,28,3.3,9294,7,6,1,111,8470
458,143,110,33,3.1,9295,9,3,2,253,3300
315,102,43,59,3.8,9296,1,3,2,22,1720
218,94,28,66,3.8,9297,6,5,3,191,2520
169,82,29,53,3.3,9298,10,4,3,322,725
492,152,128,24,3.6,9299,6,6,1,300,11520
366,136,95,41,4.0,9300,10,2,3,253,2375
411,140,108,32,3.1,9301,3,5,2,291,6480
382,138,101,37,3.2,9302,3,1,1,55,6060
454,124,73,51,3.9,9303,10,3,2,28,1825
201,98,40,58,4.5,9304,3,2,3,292,2400
570,172,171,1,3.6,9305,8,5,3,244,4275
226,87,24,63,4.6,9306,3,2,1,358,1440
465,144,110,34,4.7,9307,4,6,2,144,1650
556,169,165,4,3.6,9308,2,1,1,240,5775
195,92,36,56,4.3,9309,6,4,1,92,3240
521,159,138,21,3.4,9310,3,1,2,66,8280
263,109,55,54,3.4,9311,7,4,1,308,3850
501,160,143,17,4.5,9312,1,6,1,1,5720
331,105,44,61,4.2,9313,6,4,1,108,3960
348,137,103,34,3.6,9314,8,4,3,3,2575
464,136,98,38,4.2,9315,3,1,2,180,5880
581,179,175,4,3.4,9316,9,2,3,262,5250
396,145,112,33,3.4,9317,3,6,3,156,6720
389,139,97,42,4.5,9318,5,5,3,312,1940
419,134,85,49,4.6,9319,7,5,1,260,5950
156,84,28,56,4.1,9320,7,5,3,286,1960
186,97,41,56,4.6,9321,8,2,3,338,1025
555,166,154,12,3.6,9322,2,1,3,148,5390
449,154,127,27,3.4,9323,10,3,3,323,3175
398,117,68,49,3.9,9324,8,6,1,178,1700
170,91,28,63,3.0,9325,7,4,3,16,1960
366,131,90,41,3.3,9326,1,3,1,181,3600
219,88,25,63,3.9,9327,6,5,1,86,2250
417,129,78,51,3.4,9328,8,4,3,37,1950
322,105,41,64,4.7,9329,6,2,1,355,3690
498,148,120,28,3.5,9330,9,4,3,312,3600
291,103,40,63,3.0,9331,6,3,2,227,3600
163,81,20,61,4.8,9332,8,3,1,23,500
402,142,111,31,3.8,9333,7,5,2,238,7770
238,99,38,61,4.1,9334,2,4,2,239,1330
416,125,76,49,4.0,9335,6,5,2,123,6840
330,115,59,56,3.6,9336,10,2,1,37,1475
480,159,146,13,4.4,9337,3,5,1,310,8760
384,124,80,44,3.0,9338,7,5,1,165,5600
436,126,72,54,3.4,9339,4,2,2,9,1080
509,160,146,14,3.6,9340,5,3,2,67,2920
320,131,88,43,4.1,9341,2,4,3,201,3080
250,98,44,54,4.1,9342,1,1,3,221,1760
434,149,122,27,4.5,9343,5,5,3,3,2440
364,131,88,43,4.0,9344,6,2,2,124,7920
221,97,37,60,3.5,9345,3,2,3,78,2220
514,166,151,15,4.3,9346,2,4,1,114,5285
198,89,25,64,4.4,9347,9,4,1,63,750
332,112,54,58,4.6,9348,2,4,2,34,1890
165,85,23,62,3.1,9349,7,4,1,312,1610
477,136,98,38,4.0,9350,10,4,1,90,2450
245,92,27,65,3.5,9351,1,2,2,333,1080
486,152,129,23,4.4,9352,1,2,2,282,5160
461,152,129,23,3.4,9353,9,3,2,315,3870
165,78,18,60,4.7,9354,4,5,2,292,270
297,116,62,54,4.5,9355,9,2,1,172,1860
392,123,69,54,3.5,9356,10,3,2,111,1725
390,134,87,47,3.2,9357,10,5,1,185,2175
232,107,48,59,4.4,9358,10,2,3,2,1200
195,100,37,63,4.5,9359,2,4,3,277,1295
373,126,73,53,4.0,9360,9,6,1,245,2190
392,123,69,54,4.4,9361,5,4,2,274,1380
403,123,67,56,4.8,9362,3,2,2,59,4020
262,103,43,60,4.9,9363,3,1,2,141,2580
214,100,38,62,4.9,9364,2,4,3,72,1330
493,154,132,22,3.0,9365,5,5,1,321,2640
380,136,97,39,4.0,9366,7,5,3,55,6790
186,81,16,65,4.1,9367,3,6,2,206,960
341,121,70,51,4.7,9368,1,4,3,362,2800
505,150,119,31,4.0,9369,5,1,2,256,2380
463,130,83,47,3.4,9370,10,2,1,309,2075
224,98,44,54,3.9,9371,4,2,1,355,660
509,147,115,32,4.6,9372,1,1,2,188,4600
600,183,183,0,3.7,9373,5,3,1,291,3660
416,129,85,44,3.7,9374,5,1,2,105,1700
285,102,39,63,3.5,9375,2,3,1,61,1365
452,128,87,41,4.5,9376,1,5,2,352,3480
598,175,169,6,3.0,9377,3,4,3,86,10140
307,100,44,56,3.5,9378,7,4,1,320,3080
432,141,109,32,3.9,9379,8,4,3,128,2725
249,103,50,53,4.8,9380,10,4,1,203,1250
203,89,27,62,3.6,9381,10,1,1,6,675
305,102,38,64,3.5,9382,4,1,1,197,570
554,146,114,32,3.8,9383,6,2,2,279,10260
352,120,74,46,3.4,9384,4,4,2,234,1110
387,144,106,38,3.8,9385,6,4,3,244,9540
358,120,68,52,3.2,9386,4,6,2,101,1020
468,164,152,12,4.7,9387,7,4,3,359,10640
279,121,64,57,3.8,9388,1,3,3,212,2560
328,105,51,54,3.7,9389,8,2,2,163,1275
590,175,167,8,4.3,9390,2,5,1,223,5845
498,159,138,21,3.9,9391,6,6,1,201,12420
251,101,48,53,4.5,9392,3,6,2,91,2880
436,142,106,36,3.4,9393,10,1,2,188,2650
195,92,26,66,3.4,9394,6,5,1,150,2340
583,172,164,8,3.4,9395,9,1,3,306,4920
162,87,24,63,4.7,9396,2,4,1,330,840
496,177,177,0,4.9,9397,8,5,3,346,4425
209,97,35,62,4.2,9398,5,4,3,142,700
409,126,73,53,3.1,9399,3,1,3,242,4380
196,87,27,60,3.8,9400,8,5,3,146,675
343,130,84,46,4.5,9401,9,6,3,279,2520
253,106,45,61,3.2,9402,7,2,3,102,3150
374,138,93,45,3.1,9403,6,1,2,95,8370
480,148,117,31,3.5,9404,3,1,3,228,7020
234,102,50,52,4.1,9405,5,4,3,218,1000
384,130,91,39,4.4,9406,8,2,1,96,2275
186,93,35,58,3.9,9407,7,2,1,284,2450
532,184,175,9,3.0,9408,6,4,3,251,15750
385,150,128,22,4.5,9409,9,2,3,294,3840
166,78,13,65,3.8,9410,10,5,2,303,325
168,88,21,67,3.2,9411,5,2,3,203,420
592,163,153,10,3.7,9412,8,1,3,182,3825
358,110,54,56,3.3,9413,9,5,2,197,1620
564,166,154,12,3.8,9414,5,3,3,346,3080
403,123,76,47,4.5,9415,7,6,2,62,5320
315,117,63,54,3.4,9416,2,4,1,229,2205
317,118,60,58,4.2,9417,3,1,1,306,3600
355,131,88,43,4.8,9418,9,2,3,166,2640
466,140,102,38,4.4,9419,4,3,2,142,1530
509,171,171,0,4.7,9420,10,5,3,314,4275
416,151,126,25,4.3,9421,9,5,3,121,3780
223,106,45,61,5.0,9422,7,5,3,29,3150
419,141,111,30,4.8,9423,6,4,2,1,9990
176,87,28,59,3.6,9424,5,1,1,58,560
305,103,50,53,4.8,9425,4,2,2,156,750
314,116,68,48,4.1,9426,3,3,2,338,4080
264,100,37,63,4.5,9427,9,1,2,67,1110
242,106,43,63,3.9,9428,9,4,1,125,1290
353,142,109,33,3.2,9429,1,5,3,331,4360
235,95,40,55,4.1,9430,2,1,3,49,1400
373,132,92,40,4.1,9431,7,6,2,146,6440
275,103,50,53,4.8,9432,8,2,2,110,1250
501,134,94,40,5.0,9433,7,1,2,179,6580
185,80,25,55,3.3,9434,5,2,1,202,500
208,98,40,58,3.6,9435,8,1,1,142,1000
466,160,145,15,3.3,9436,5,6,2,150,2900
292,109,49,60,3.6,9437,3,5,1,74,2940
277,111,62,49,3.9,9438,8,5,2,139,1550
522,173,170,3,4.6,9439,2,3,1,258,5950
291,106,45,61,4.0,9440,10,5,1,206,1125
239,89,35,54,3.4,9441,5,2,2,176,700
160,76,12,64,3.9,9442,4,6,1,240,180
349,112,54,58,3.4,9443,3,2,2,246,3240
281,109,56,53,4.9,9444,2,4,2,295,1960
230,97,38,59,3.3,9445,7,5,1,66,2660
514,151,131,20,4.4,9446,10,2,3,67,3275
446,137,94,43,4.9,9447,1,2,3,256,3760
459,147,122,25,3.5,9448,3,2,3,335,7320
264,115,61,54,3.7,9449,9,2,3,48,1830
239,97,42,55,4.6,9450,5,6,1,159,840
303,104,53,51,4.4,9451,4,1,1,276,795
550,180,174,6,3.6,9452,10,6,3,31,4350
345,115,61,54,3.1,9453,1,6,2,224,2440
580,150,121,29,4.0,9454,10,4,2,320,3025
372,133,90,43,4.5,9455,1,3,3,21,3600
430,137,102,35,4.0,9456,3,4,2,148,6120
572,184,177,7,3.2,9457,3,3,3,106,10620
464,129,85,44,4.0,9458,9,6,2,124,2550
445,130,89,41,3.6,9459,10,3,2,270,2225
318,113,59,54,3.4,9460,1,4,2,269,2360
380,121,66,55,4.2,9461,4,4,1,251,990
153,82,16,66,4.6,9462,9,1,2,169,480
566,168,164,4,4.9,9463,1,5,1,241,6560
161,76,19,57,4.6,9464,1,5,1,43,760
236,103,41,62,3.9,9465,10,4,2,184,1025
559,169,160,9,4.8,9466,7,2,3,83,11200
339,119,68,51,3.5,9467,5,1,3,43,1360
226,101,37,64,4.2,9468,6,3,3,287,3330
464,140,101,39,3.2,9469,7,4,2,317,7070
498,151,128,23,3.2,9470,4,4,3,20,1920
244,101,45,56,4.0,9471,3,3,1,137,2700
505,160,140,20,4.4,9472,5,1,3,276,2800
432,142,107,35,3.3,9473,9,2,1,252,3210
248,102,39,63,3.7,9474,6,6,1,238,3510
547,150,125,25,3.8,9475,8,6,1,42,3125
427,147,112,35,3.5,9476,1,1,2,331,4480
450,152,128,24,4.5,9477,1,3,2,92,5120
186,83,27,56,3.3,9478,4,1,1,155,405
423,143,103,40,3.8,9479,9,6,3,122,3090
393,118,62,56,4.8,9480,9,1,2,27,1860
305,101,43,58,4.1,9481,6,4,2,244,3870
522,179,179,0,4.9,9482,2,4,3,304,6265
300,120,66,54,4.3,9483,1,3,3,166,2640
347,123,68,55,4.4,9484,3,5,3,24,4080
187,81,25,56,4.1,9485,3,2,2,212,1500
563,190,182,8,4.8,9486,10,5,3,88,4550
179,84,25,59,4.9,9487,1,1,1,185,1000
186,94,28,66,4.3,9488,7,4,2,353,1960
599,187,187,0,4.9,9489,1,5,3,109,7480
202,95,31,64,5.0,9490,7,6,3,344,2170
556,144,110,34,4.9,9491,6,2,2,156,9900
393,139,97,42,4.6,9492,2,5,3,89,3395
403,134,97,37,4.9,9493,7,4,2,11,6790
330,109,51,58,4.6,9494,10,6,1,256,1275
422,122,74,48,3.5,9495,9,5,1,198,2220
437,156,137,19,4.6,9496,4,6,3,95,2055
358,120,68,52,3.9,9497,10,6,2,308,1700
581,167,156,11,4.5,9498,7,6,3,25,10920
405,144,105,39,3.4,9499,4,3,1,135,1575
225,100,44,56,3.6,9500,4,3,1,16,660
553,166,154,12,4.3,9501,8,1,3,133,3850
449,133,84,49,4.2,9502,2,3,2,61,2940
495,145,118,27,3.4,9503,3,2,2,312,7080
184,91,30,61,4.9,9504,1,4,3,33,1200
403,132,92,40,3.5,9505,10,6,2,48,2300
351,116,66,50,4.8,9506,2,5,3,94,2310
193,87,23,64,4.8,9507,6,3,3,128,2070
584,150,124,26,3.4,9508,7,5,1,290,8680
357,113,62,51,3.1,9509,10,3,1,123,1550
411,127,83,44,3.4,9510,5,4,1,128,1660
573,177,177,0,3.5,9511,5,1,3,162,3540
292,101,47,54,4.9,9512,2,1,1,33,1645
331,125,70,55,3.1,9513,1,4,2,103,2800
398,133,95,38,4.1,9514,9,2,2,129,2850
567,169,159,10,4.8,9515,1,4,1,181,6360
381,133,96,37,3.3,9516,2,1,1,268,3360
532,173,173,0,4.6,9517,8,6,2,248,4325
524,164,152,12,4.8,9518,1,3,1,246,6080
375,135,100,35,5.0,9519,1,4,3,226,4000
227,96,43,53,4.0,9520,9,5,3,35,1290
261,113,56,57,4.4,9521,10,5,3,98,1400
424,124,77,47,4.4,9522,10,3,2,336,1925
220,94,29,65,3.5,9523,6,4,1,91,2610
576,181,181,0,4.4,9524,7,5,3,331,12670
259,109,53,56,3.1,9525,7,5,2,25,3710
431,130,90,40,3.5,9526,6,3,2,54,8100
242,95,42,53,4.1,9527,3,3,2,355,2520
223,96,38,58,3.2,9528,3,2,2,292,2280
223,95,29,66,3.4,9529,8,6,2,311,725
384,118,66,52,4.6,9530,10,1,2,258,1650
432,139,94,45,4.3,9531,9,4,3,354,2820
198,98,43,55,4.4,9532,9,2,3,204,1290
463,152,125,27,4.3,9533,5,4,2,105,2500
529,163,148,15,3.5,9534,9,2,3,282,4440
411,130,84,46,4.9,9535,8,2,2,22,2100
405,122,74,48,4.6,9536,10,4,2,326,1850
310,119,61,58,4.3,9537,9,5,2,107,1830
195,97,35,62,4.7,9538,9,6,3,21,1050
222,93,32,61,4.6,9539,3,6,3,354,1920
187,90,34,56,3.4,9540,8,1,1,207,850
496,134,94,40,3.5,9541,4,1,2,181,1410
597,175,175,0,4.3,9542,2,1,2,342,6125
422,145,105,40,3.4,9543,5,1,1,169,2100
473,130,89,41,4.5,9544,7,6,1,21,6230
360,116,66,50,3.3,9545,2,2,1,2,2310
530,165,156,9,3.9,9546,6,5,2,320,14040
416,127,75,52,4.0,9547,2,5,1,277,2625
202,91,37,54,3.7,9548,1,4,2,332,1480
576,175,175,0,3.7,9549,6,4,1,182,15750
317,119,65,54,4.3,9550,4,1,1,89,975
500,148,118,30,3.4,9551,7,2,2,309,8260
226,96,40,56,3.6,9552,8,6,3,33,1000
426,143,111,32,3.9,9553,5,4,3,279,2220
274,109,56,53,4.3,9554,6,5,3,156,5040
584,187,178,9,3.2,9555,10,3,3,105,4450
387,139,103,36,4.2,9556,6,3,2,56,9270
442,136,90,46,3.3,9557,7,1,1,338,6300
493,143,103,40,4.8,9558,6,4,2,82,9270
239,108,46,62,4.1,9559,4,5,3,292,690
420,138,95,43,3.9,9560,9,5,2,332,2850
479,153,130,23,3.8,9561,7,6,3,323,9100
311,116,65,51,3.9,9562,10,5,1,311,1625
383,124,75,49,3.9,9563,5,6,1,192,1500
411,117,67,50,3.1,9564,5,6,2,318,1340
407,142,106,36,4.8,9565,4,1,2,356,1590
191,94,33,61,3.7,9566,4,6,1,77,495
336,116,64,52,4.0,9567,4,1,2,47,960
554,170,170,0,3.9,9568,9,1,1,96,5100
410,128,87,41,4.0,9569,3,2,2,213,5220
185,91,31,60,3.2,9570,4,3,3,321,465
415,156,127,29,3.5,9571,5,5,3,29,2540
446,142,102,40,3.9,9572,2,2,2,7,3570
415,136,97,39,4.6,9573,8,2,1,270,2425
540,143,115,28,3.1,9574,3,4,1,359,6900
275,109,51,58,3.1,9575,10,3,3,33,1275
377,148,114,34,4.7,9576,3,4,3,136,6840
467,147,118,29,3.5,9577,6,6,3,141,10620
569,180,171,9,4.1,9578,7,5,2,84,11970
572,181,176,5,3.9,9579,3,1,1,300,10560
188,92,26,66,3.5,9580,7,2,1,120,1820
463,149,118,31,4.8,9581,9,2,3,336,3540
339,124,80,44,3.5,9582,7,4,3,125,5600
193,88,30,58,4.6,9583,9,6,1,318,900
230,93,31,62,4.8,9584,9,4,2,191,930
584,174,174,0,3.1,9585,8,5,2,282,4350
484,141,103,38,4.0,9586,6,4,1,206,9270
255,93,38,55,3.1,9587,4,5,2,316,570
594,205,202,3,4.8,9588,5,1,3,270,4040
420,130,90,40,4.4,9589,1,5,3,83,3600
261,104,48,56,4.9,9590,5,1,3,95,960
318,109,50,59,3.3,9591,6,5,2,349,4500
218,95,36,59,3.7,9592,10,4,2,39,900
379,130,79,51,3.6,9593,9,6,2,356,2370
235,98,46,52,4.6,9594,2,5,1,56,1610
524,156,137,19,3.6,9595,2,3,2,338,4795
211,95,37,58,4.9,9596,1,5,3,65,1480
191,89,27,62,3.7,9597,5,1,3,179,540
494,145,115,30,3.1,9598,1,6,2,219,4600
395,133,86,47,4.9,9599,10,6,2,14,2150
556,162,141,21,4.8,9600,9,1,1,303,4230
458,142,112,30,4.9,9601,2,5,1,109,3920
509,168,163,5,4.5,9602,2,2,3,55,5705
381,128,87,41,3.8,9603,9,2,2,97,2610
206,84,26,58,3.1,9604,2,4,1,302,910
202,92,36,56,3.1,9605,8,1,3,218,900
410,131,80,51,4.8,9606,7,1,1,276,5600
317,101,37,64,4.5,9607,7,3,1,15,2590
156,86,28,58,4.2,9608,2,5,2,74,980
217,96,42,54,3.4,9609,3,4,1,225,2520
237,97,43,54,3.2,9610,2,6,3,357,1505
251,97,41,56,4.3,9611,6,2,2,141,3690
261,97,33,64,5.0,9612,1,1,1,356,1320
157,86,24,62,3.6,9613,2,4,2,14,840
459,128,75,53,4.7,9614,1,6,1,365,3000
156,80,20,60,4.0,9615,9,3,2,228,600
251,110,53,57,4.4,9616,3,1,3,329,3180
262,107,54,53,3.1,9617,6,1,2,73,4860
251,107,46,61,3.8,9618,3,3,1,267,2760
162,80,17,63,3.5,9619,7,1,2,324,1190
352,121,77,44,3.6,9620,5,5,1,226,1540
470,155,127,28,3.7,9621,10,5,2,26,3175
286,113,64,49,4.7,9622,3,6,1,77,3840
245,112,59,53,3.3,9623,3,5,3,336,3540
387,118,63,55,4.5,9624,9,2,1,74,1890
319,101,38,63,4.1,9625,10,2,2,124,950
155,79,20,59,4.7,9626,6,3,2,152,1800
473,158,137,21,4.2,9627,7,4,2,184,9590
538,145,106,39,3.4,9628,5,1,2,292,2120
299,114,55,59,3.4,9629,9,1,1,328,1650
261,107,57,50,3.5,9630,3,2,2,352,3420
298,112,56,56,3.0,9631,1,6,1,197,2240
251,101,49,52,4.0,9632,2,6,1,62,1715
236,94,28,66,3.0,9633,1,5,1,212,1120
332,106,48,58,3.0,9634,7,1,1,331,3360
567,153,129,24,4.0,9635,3,6,1,189,7740
585,160,141,19,4.2,9636,10,2,1,272,3525
270,115,62,53,3.8,9637,4,2,3,333,930
316,116,66,50,3.9,9638,8,5,2,297,1650
431,138,101,37,3.2,9639,6,6,3,149,9090
405,134,89,45,3.1,9640,3,4,1,192,5340
578,148,120,28,4.1,9641,5,1,1,308,2400
308,105,53,52,3.4,9642,9,5,2,240,1590
450,141,101,40,3.0,9643,9,1,1,64,3030
540,154,126,28,4.0,9644,9,3,2,46,3780
548,141,110,31,3.1,9645,9,1,2,75,3300
356,126,85,41,4.8,9646,5,4,2,112,1700
283,113,55,58,4.7,9647,4,3,2,362,825
387,130,89,41,3.1,9648,9,2,1,98,2670
430,125,73,52,4.3,9649,9,3,2,242,2190
154,79,21,58,4.4,9650,6,2,2,121,1890
266,97,42,55,4.9,9651,5,4,2,109,840
500,160,141,19,3.7,9652,6,4,1,192,12690
490,134,97,37,4.8,9653,7,4,1,293,6790
585,150,120,30,4.9,9654,7,5,2,148,8400
454,151,122,29,4.2,9655,10,6,3,78,3050
200,92,32,60,3.1,9656,4,1,3,30,480
298,107,55,52,4.0,9657,6,1,2,189,4950
500,132,91,41,4.0,9658,5,5,2,359,1820
521,138,99,39,4.9,9659,1,1,1,313,3960
547,177,177,0,4.5,9660,8,2,1,280,4425
562,143,110,33,4.1,9661,2,6,2,241,3850
303,115,68,47,3.7,9662,9,3,3,28,2040
242,106,52,54,3.8,9663,5,1,2,35,1040
192,97,32,65,3.9,9664,2,2,3,323,1120
310,113,58,55,3.9,9665,2,2,2,57,2030
358,119,68,51,3.8,9666,2,4,1,134,2380
500,139,102,37,3.9,9667,6,3,2,36,9180
328,126,84,42,4.8,9668,9,4,2,212,2520
505,159,134,25,4.1,9669,10,5,2,281,3350
251,102,50,52,3.9,9670,4,5,1,228,750
542,144,110,34,4.5,9671,4,1,1,228,1650
183,85,18,67,4.0,9672,4,1,1,345,270
507,168,162,6,3.3,9673,1,6,1,322,6480
307,116,62,54,3.4,9674,10,3,1,153,1550
549,153,132,21,3.2,9675,3,5,1,132,7920
296,104,40,64,4.6,9676,5,6,1,130,800
585,177,177,0,4.6,9677,7,4,1,58,12390
261,99,33,66,4.1,9678,6,6,1,287,2970
542,177,173,4,3.1,9679,2,6,2,102,6055
334,131,89,42,4.6,9680,5,3,3,51,1780
246,92,29,63,3.7,9681,9,4,1,162,870
364,131,91,40,4.3,9682,1,5,3,98,3640
352,113,61,52,3.2,9683,10,1,2,191,1525
549,146,110,36,3.6,9684,3,5,1,163,6600
450,148,123,25,3.2,9685,10,6,2,73,3075
180,81,20,61,4.7,9686,10,5,1,292,500
162,85,32,53,3.2,9687,2,2,1,185,1120
494,163,145,18,3.9,9688,2,3,1,351,5075
288,104,41,63,3.2,9689,2,2,2,301,1435
212,95,34,61,4.8,9690,10,4,2,9,850
338,115,63,52,4.9,9691,5,1,2,341,1260
475,150,119,31,4.5,9692,4,3,2,217,1785
152,85,21,64,4.0,9693,4,3,2,207,315
569,180,180,0,3.1,9694,10,1,3,244,4500
567,181,178,3,3.5,9695,5,6,1,91,3560
269,95,31,64,4.4,9696,5,2,1,344,620
373,119,68,51,4.8,9697,1,3,2,120,2720
531,147,118,29,3.9,9698,2,6,1,312,4130
170,80,21,59,4.2,9699,3,6,1,278,1260
412,132,88,44,3.8,9700,5,1,3,93,1760
294,121,75,46,4.5,9701,6,2,3,81,6750
581,171,161,10,3.8,9702,4,6,3,324,2415
172,84,24,60,3.4,9703,1,4,3,286,960
568,161,142,19,3.5,9704,1,3,3,120,5680
540,150,125,25,3.4,9705,3,6,1,140,7500
325,108,48,60,3.5,9706,7,5,2,246,3360
403,134,97,37,3.4,9707,5,1,3,323,1940
155,76,16,60,4.9,9708,1,1,1,331,640
164,78,12,66,4.3,9709,7,4,2,326,840
389,140,103,37,4.9,9710,9,5,3,165,3090
224,96,30,66,3.1,9711,9,2,1,77,900
458,128,81,47,4.1,9712,6,6,1,194,7290
580,164,148,16,4.2,9713,9,3,2,339,4440
281,108,51,57,4.3,9714,4,1,1,212,765
168,83,19,64,4.8,9715,4,2,2,79,285
432,126,76,50,3.4,9716,3,6,2,127,4560
219,96,32,64,4.5,9717,10,1,3,304,800
428,124,74,50,4.2,9718,5,3,1,304,1480
357,131,92,39,4.0,9719,10,4,3,160,2300
412,142,107,35,3.4,9720,1,3,1,122,4280
170,80,23,57,3.7,9721,1,4,1,337,920
342,113,64,49,4.2,9722,9,4,2,280,1920
587,179,171,8,4.1,9723,10,6,3,55,4275
151,87,25,62,4.3,9724,1,2,3,92,1000
426,130,81,49,3.1,9725,9,2,1,258,2430
505,146,110,36,3.6,9726,7,6,1,4,7700
300,113,53,60,3.6,9727,9,5,3,229,1590
416,145,118,27,4.6,9728,10,1,2,60,2950
546,146,112,34,4.0,9729,5,6,1,61,2240
508,159,145,14,3.5,9730,5,4,2,25,2900
495,158,141,17,3.4,9731,6,3,1,338,12690
283,110,56,54,3.0,9732,1,6,3,38,2240
185,92,38,54,3.6,9733,1,6,2,269,1520
190,84,20,64,3.6,9734,9,3,2,224,600
514,158,134,24,3.6,9735,10,1,3,19,3350
230,100,40,60,3.3,9736,5,5,2,26,800
232,95,37,58,3.8,9737,9,2,1,153,1110
499,157,132,25,3.7,9738,5,2,1,243,2640
243,104,47,57,3.0,9739,3,3,1,10,2820
557,160,148,12,3.4,9740,5,1,3,318,2960
464,156,140,16,3.7,9741,7,4,1,303,9800
583,156,137,19,5.0,9742,2,5,1,228,4795
331,128,81,47,3.3,9743,7,2,2,4,5670
206,96,35,61,3.4,9744,2,1,2,226,1225
561,180,172,8,3.9,9745,2,4,3,25,6020
181,88,31,57,4.1,9746,10,5,1,40,775
392,120,75,45,3.1,9747,3,5,2,154,4500
391,127,84,43,4.1,9748,8,1,2,100,2100
304,111,62,49,3.0,9749,9,4,1,5,1860
427,120,63,57,3.1,9750,5,4,2,157,1260
414,137,98,39,3.4,9751,7,1,3,263,6860
241,106,49,57,4.5,9752,1,2,1,345,1960
304,113,55,58,4.4,9753,7,5,2,246,3850
363,123,72,51,4.3,9754,5,4,1,290,1440
469,144,105,39,4.2,9755,1,6,3,174,4200
313,111,60,51,5.0,9756,9,2,3,65,1800
355,122,66,56,4.1,9757,6,4,2,72,5940
564,175,172,3,4.9,9758,8,2,1,242,4300
500,146,119,27,3.2,9759,8,1,3,330,2975
514,134,89,45,3.9,9760,9,4,2,324,2670
590,152,132,20,4.7,9761,1,1,1,88,5280
566,167,159,8,4.4,9762,10,4,1,285,3975
169,79,22,57,4.6,9763,2,6,2,2,770
508,163,150,13,4.9,9764,1,4,3,44,6000
371,124,74,50,4.8,9765,4,5,1,253,1110
445,165,158,7,3.2,9766,3,6,3,63,9480
591,186,178,8,4.0,9767,9,2,2,264,5340
554,157,132,25,4.4,9768,10,2,2,348,3300
326,125,76,49,3.2,9769,6,5,3,71,6840
283,108,53,55,3.6,9770,3,5,1,120,3180
559,181,175,6,4.1,9771,1,5,3,122,7000
588,175,172,3,3.7,9772,5,6,2,306,3440
426,123,76,47,4.3,9773,6,5,2,11,6840
464,127,75,52,3.7,9774,10,4,2,333,1875
475,155,125,30,3.3,9775,3,6,1,321,7500
558,154,135,19,4.6,9776,8,2,2,83,3375
554,162,149,13,3.9,9777,7,2,3,53,10430
593,167,158,9,3.2,9778,7,2,3,304,11060
229,96,32,64,3.0,9779,9,2,1,10,960
340,111,58,53,4.5,9780,8,1,1,59,1450
570,150,127,23,4.3,9781,4,5,2,347,1905
405,140,99,41,3.6,9782,2,1,3,29,3465
332,107,48,59,3.3,9783,5,4,1,205,960
202,99,39,60,4.6,9784,2,3,3,345,1365
523,147,122,25,4.1,9785,2,5,1,318,4270
518,170,163,7,3.1,9786,6,1,3,16,14670
348,108,58,50,4.3,9787,9,4,2,159,1740
582,170,170,0,4.5,9788,1,5,3,312,6800
362,112,51,61,4.8,9789,1,2,1,306,2040
371,143,106,37,3.4,9790,7,4,3,172,7420
467,151,121,30,4.9,9791,7,5,1,293,8470
372,123,75,48,4.2,9792,10,4,1,26,1875
273,111,54,57,4.9,9793,2,3,3,304,1890
591,160,147,13,4.0,9794,5,1,2,269,2940
224,89,34,55,3.4,9795,6,2,2,337,3060
558,141,101,40,3.6,9796,3,1,2,91,6060
217,97,33,64,4.3,9797,3,6,1,77,1980
399,146,112,34,3.4,9798,5,6,3,301,2240
599,178,173,5,3.8,9799,1,1,1,352,6920
274,96,34,62,4.2,9800,1,3,2,15,1360
269,105,47,58,4.5,9801,3,2,1,181,2820
225,98,35,63,3.2,9802,10,6,2,252,875
400,142,108,34,4.7,9803,4,1,2,160,1620
357,129,87,42,3.8,9804,8,2,2,251,2175
246,99,46,53,4.2,9805,1,2,2,171,1840
258,92,30,62,3.6,9806,4,3,1,191,450
187,93,30,63,5.0,9807,7,4,3,118,2100
570,172,171,1,4.8,9808,2,6,1,86,5985
461,141,108,33,3.1,9809,1,2,2,69,4320
245,101,48,53,3.2,9810,9,4,2,90,1440
404,154,131,23,3.9,9811,4,3,3,206,1965
229,101,47,54,4.5,9812,5,5,3,241,940
326,122,68,54,4.9,9813,5,4,3,268,1360
420,158,132,26,3.4,9814,2,5,3,324,4620
157,82,21,61,3.7,9815,9,2,1,203,630
312,108,51,57,3.5,9816,6,1,2,217,4590
585,153,121,32,3.5,9817,6,6,1,298,10890
309,108,49,59,3.6,9818,10,5,1,116,1225
444,139,96,43,3.8,9819,8,2,1,21,2400
280,107,46,61,3.8,9820,2,1,1,28,1610
166,84,19,65,3.1,9821,10,6,1,277,475
497,136,100,36,4.9,9822,5,2,2,267,2000
433,131,81,50,3.2,9823,7,1,1,89,5670
242,97,36,61,4.0,9824,6,2,3,229,3240
237,94,28,66,3.4,9825,3,3,2,175,1680
587,157,137,20,3.7,9826,10,2,2,62,3425
476,157,141,16,3.2,9827,8,4,3,297,3525
395,118,66,52,3.9,9828,5,3,1,142,1320
485,133,85,48,3.8,9829,6,4,2,69,7650
501,162,143,19,3.9,9830,7,3,2,234,10010
486,171,161,10,3.4,9831,8,6,3,153,4025
171,83,18,65,4.9,9832,5,2,3,342,360
160,82,26,56,5.0,9833,6,4,1,120,2340
303,107,45,62,4.5,9834,10,6,1,91,1125
215,99,43,56,4.7,9835,1,5,2,142,1720
363,135,93,42,3.3,9836,5,6,2,106,1860
176,80,20,60,4.3,9837,5,4,2,11,400
594,164,150,14,3.8,9838,10,3,3,92,3750
430,155,138,17,3.6,9839,6,4,3,81,12420
324,120,73,47,4.0,9840,6,5,1,131,6570
263,110,59,51,3.6,9841,7,3,3,27,4130
318,122,72,50,4.9,9842,4,5,1,17,1080
325,110,52,58,3.2,9843,5,1,1,228,1040
243,92,34,58,4.9,9844,3,2,2,68,2040
339,119,65,54,4.9,9845,9,5,3,245,1950
363,133,85,48,3.0,9846,7,3,2,255,5950
408,129,88,41,3.5,9847,4,6,2,319,1320
255,107,52,55,4.3,9848,8,1,3,266,1300
219,98,39,59,3.4,9849,7,1,1,15,2730
596,184,176,8,3.1,9850,9,1,3,266,5280
289,102,43,59,3.2,9851,9,3,1,258,1290
209,101,42,59,4.9,9852,10,2,3,326,1050
472,170,160,10,5.0,9853,10,2,3,240,4000
207,95,38,57,3.7,9854,5,6,3,325,760
548,145,117,28,3.4,9855,10,1,2,104,2925
272,114,63,51,3.9,9856,8,4,3,117,1575
307,110,57,53,4.9,9857,9,1,1,184,1710
417,127,80,47,3.2,9858,2,5,2,185,2800
556,173,169,4,4.8,9859,1,3,3,9,6760
298,116,61,55,4.9,9860,1,5,2,93,2440
415,134,97,37,4.6,9861,7,6,3,173,6790
371,115,68,47,4.8,9862,10,3,1,202,1700
556,162,153,9,3.5,9863,2,1,2,218,5355
390,127,73,54,4.2,9864,8,3,3,282,1825
531,149,113,36,4.9,9865,10,5,3,156,2825
281,115,56,59,4.9,9866,4,5,3,71,840
410,140,101,39,3.3,9867,5,3,3,32,2020
349,123,78,45,4.9,9868,5,1,1,8,1560
175,88,35,53,4.3,9869,9,6,1,5,1050
482,143,102,41,4.3,9870,9,1,3,264,3060
445,130,81,49,4.1,9871,7,4,2,320,5670
279,115,64,51,4.8,9872,9,5,2,288,1920
163,89,27,62,4.9,9873,10,1,3,103,675
500,157,139,18,4.5,9874,1,2,3,357,5560
526,170,169,1,4.8,9875,4,1,2,54,2535
370,139,103,36,3.1,9876,6,5,3,327,9270
242,103,41,62,3.8,9877,7,2,2,335,2870
424,128,82,46,3.8,9878,7,1,1,6,5740
565,160,141,19,4.8,9879,3,6,2,31,8460
530,164,144,20,4.3,9880,1,4,1,363,5760
329,118,71,47,4.2,9881,9,4,3,240,2130
445,141,106,35,3.8,9882,7,2,3,188,7420
429,134,85,49,4.3,9883,4,2,3,59,1275
349,117,68,49,4.0,9884,6,1,3,84,6120
323,113,62,51,4.3,9885,2,3,3,131,2170
268,111,51,60,4.1,9886,3,1,1,30,3060
476,147,115,32,3.4,9887,3,1,3,77,6900
341,119,70,49,3.1,9888,9,4,3,276,2100
246,96,43,53,4.2,9889,5,3,2,163,860
350,116,59,57,4.2,9890,10,1,1,32,1475
552,145,118,27,3.3,9891,5,5,2,216,2360
396,139,106,33,3.4,9892,7,1,1,231,7420
476,160,137,23,4.3,9893,1,1,3,19,5480
329,104,46,58,3.0,9894,7,1,2,359,3220
462,126,83,43,4.0,9895,3,3,2,176,4980
445,147,110,37,3.8,9896,6,5,2,274,9900
254,98,37,61,3.1,9897,8,6,3,234,925
546,192,192,0,3.8,9898,9,4,3,211,5760
274,97,35,62,3.0,9899,1,2,1,184,1400
436,140,109,31,4.3,9900,8,5,1,234,2725
257,96,36,60,4.0,9901,6,2,2,196,3240
591,146,111,35,3.5,9902,1,3,2,37,4440
185,87,32,55,4.9,9903,6,5,1,260,2880
599,174,170,4,5.0,9904,1,1,3,277,6800
173,80,23,57,3.7,9905,1,4,1,262,920
208,92,39,53,3.2,9906,2,6,3,198,1365
220,101,47,54,4.8,9907,4,3,1,235,705
546,161,139,22,3.6,9908,10,4,1,78,3475
262,105,46,59,3.8,9909,3,1,2,130,2760
304,120,70,50,4.9,9910,8,4,1,222,1750
402,126,72,54,3.5,9911,8,5,2,193,1800
513,167,161,6,3.9,9912,7,3,1,82,11270
436,124,76,48,5.0,9913,1,4,2,229,3040
465,146,116,30,3.6,9914,3,5,2,240,6960
564,142,100,42,3.4,9915,7,1,2,321,7000
181,81,28,53,3.5,9916,5,1,1,304,560
274,99,37,62,4.0,9917,5,6,2,83,740
444,148,122,26,4.3,9918,6,2,2,70,10980
460,150,116,34,3.1,9919,6,5,2,237,10440
353,129,78,51,4.7,9920,10,5,1,132,1950
552,151,117,34,4.5,9921,1,5,2,180,4680
507,137,91,46,4.1,9922,2,4,1,3,3185
463,133,92,41,4.2,9923,4,5,1,289,1380
225,95,35,60,3.3,9924,9,2,3,194,1050
420,130,85,45,4.6,9925,5,1,3,290,1700
324,125,81,44,4.6,9926,5,5,2,352,1620
573,185,180,5,3.4,9927,9,2,3,284,5400
457,133,86,47,4.2,9928,8,2,1,148,2150
548,154,132,22,4.7,9929,8,2,2,22,3300
572,164,149,15,4.7,9930,10,5,3,55,3725
442,132,83,49,3.9,9931,3,5,2,273,4980
152,82,26,56,3.5,9932,3,3,2,84,1560
296,98,43,55,3.3,9933,4,6,1,15,645
154,85,30,55,4.9,9934,6,4,2,26,2700
366,132,88,44,4.5,9935,10,1,3,49,2200
230,110,50,60,4.3,9936,3,6,3,147,3000
372,113,61,52,3.4,9937,7,4,2,264,4270
465,157,132,25,3.5,9938,7,2,1,305,9240
449,155,133,22,3.4,9939,1,2,1,239,5320
289,105,44,61,3.0,9940,4,4,1,308,660
368,124,80,44,3.6,9941,4,3,1,155,1200
350,123,80,43,3.7,9942,1,4,3,276,3200
398,145,105,40,3.0,9943,5,6,3,284,2100
253,108,49,59,4.6,9944,9,1,2,13,1470
393,147,120,27,4.0,9945,1,1,3,284,4800
514,143,102,41,3.0,9946,3,4,1,346,6120
421,143,102,41,3.4,9947,4,3,3,99,1530
342,117,68,49,3.3,9948,2,4,3,89,2380
358,135,93,42,4.1,9949,2,6,3,172,3255
269,112,54,58,4.7,9950,2,4,3,108,1890
562,171,166,5,3.3,9951,8,6,1,288,4150
334,127,81,46,3.1,9952,1,3,3,334,3240
211,90,29,61,3.6,9953,9,2,3,164,870
241,104,46,58,4.4,9954,5,4,3,73,920
411,121,64,57,4.6,9955,6,2,2,119,5760
403,128,83,45,4.5,9956,9,6,1,277,2490
395,137,101,36,4.8,9957,5,6,2,227,2020
456,162,151,11,4.6,9958,1,6,3,237,6040
241,93,29,64,3.8,9959,8,2,1,282,725
333,113,63,50,4.4,9960,10,1,1,311,1575
180,81,17,64,3.4,9961,8,6,1,58,425
481,130,87,43,3.5,9962,2,5,1,96,3045
223,99,34,65,3.3,9963,10,4,3,284,850
573,163,150,13,3.2,9964,2,4,2,271,5250
255,109,48,61,3.5,9965,3,6,3,185,2880
417,132,82,50,4.8,9966,5,2,1,84,1640
452,150,118,32,3.5,9967,4,4,1,182,1770
539,163,156,7,4.4,9968,5,4,2,203,3120
181,86,24,62,4.8,9969,7,2,1,116,1680
194,83,18,65,4.0,9970,8,3,2,9,450
195,89,27,62,4.8,9971,4,6,2,246,405
249,94,33,61,3.7,9972,1,5,1,253,1320
250,94,40,54,4.8,9973,7,3,2,152,2800
567,142,105,37,4.4,9974,7,1,2,189,7350
460,154,132,22,4.0,9975,1,2,1,296,5280
387,136,101,35,4.8,9976,4,5,2,230,1515
201,98,42,56,4.6,9977,1,6,3,145,1680
258,96,41,55,3.6,9978,8,6,1,277,1025
519,142,105,37,4.4,9979,10,4,2,70,2625
554,173,168,5,4.8,9980,1,5,3,199,6720
262,97,40,57,4.8,9981,4,6,1,141,600
467,130,90,40,4.9,9982,3,3,1,198,5400
368,126,80,46,3.8,9983,2,6,1,225,2800
247,96,31,65,3.7,9984,2,6,3,82,1085
185,93,35,58,4.7,9985,10,6,2,305,875
503,171,162,9,4.5,9986,3,4,3,279,9720
181,86,30,56,3.7,9987,8,6,1,163,750
477,127,75,52,3.6,9988,6,3,1,217,6750
157,78,20,58,4.8,9989,9,5,2,351,600
378,133,93,40,3.4,9990,7,3,2,122,6510
356,126,80,46,4.7,9991,6,3,1,150,7200
252,100,36,64,3.4,9992,4,3,2,281,540
519,179,170,9,3.6,9993,2,6,3,363,5950
554,179,174,5,3.3,9994,6,5,3,298,15660
196,84,22,62,3.2,9995,9,6,1,12,660
554,173,172,1,3.4,9996,4,6,3,57,2580
384,119,69,50,4.4,9997,2,2,1,95,2415
159,86,23,63,3.1,9998,4,2,3,184,345
514,165,151,14,5.0,9999,5,5,1,252,3020
309,109,57,52,4.3,10000,3,5,2,15,3420
